W0819 07:40:01.530000 1562094 site-packages/torch/distributed/run.py:766] 
W0819 07:40:01.530000 1562094 site-packages/torch/distributed/run.py:766] *****************************************
W0819 07:40:01.530000 1562094 site-packages/torch/distributed/run.py:766] Setting OMP_NUM_THREADS environment variable for each process to be 1 in default, to avoid your system being overloaded, please further tune the variable for optimal performance in your application as needed. 
W0819 07:40:01.530000 1562094 site-packages/torch/distributed/run.py:766] *****************************************
I20260819 07:40:05 1562207 dinov2 config.py:58] base_config: ssl_default_config
config_file: config.yaml
name: traveluav
opts: ['train.output_dir=/data1/Taohy/ModelReshow/modelReShow/MuM/checkpoints_traveluav']
output_dir: /data1/Taohy/ModelReshow/modelReShow/MuM/checkpoints_traveluav
track_wandb: True
I20260819 07:40:05 1562207 dinov2 config.py:27] checkpoint: null
dtype: bf16
train:
  steps: 60000
  warmup_steps: 2000
  checkpoint_steps: 6000
  visualization_steps: 10000
  img_size: 224
  lr: null
  blr: 0.00015
  min_lr: 0.0
  seed: 1337
  weight_decay: 0.1
  optimizer: adamw
  clip_grad_norm: 1.0
  eval_val_batches: 100
  output_dir: /data1/Taohy/ModelReshow/modelReShow/MuM/checkpoints_traveluav
loss:
  mask_ratio: 0.75
model:
  name: vit_base
  patch_embed: conv
  patch_size: 16
  norm_pix_loss: true
  drop_path_rate: 0.0
  layerscale: null
  ffn_layer: mlp
  ffn_ratio: 4.0
  qkv_bias: true
  proj_bias: true
  ffn_bias: true
  norm_layer: layernormbf16
  n_storage_tokens: 0
  in_chans: 3
  pos_embed_type: rope
  pos_embed_rope_base: 100.0
  pos_embed_rope_min_period: null
  pos_embed_rope_max_period: null
  pos_embed_rope_normalize_coords: separate
  pos_embed_rope_shift_coords: null
  pos_embed_rope_jitter_coords: null
  pos_embed_rope_rescale_coords: null
  pos_embed_rope_dtype: ${dtype}
  fp8_enabled: false
  fp8_filter: blocks
data:
  datasets:
  - TravelUAVDataset:DATA_DIR=/data2/student1_ly/datasets/OpenUAV-QA/TravelUAV_dataset:SPLIT=train:SPLIT_RATIO=0.95
  common_config:
    aspects:
    - 1.0
    - 1.0
    img_nums:
    - 3
    - 3
    img_size: ${train.img_size}
    patch_size: ${model.patch_size}
    rescale: true
    rescale_aug: true
    landscape_check: true
    debug: false
    training: true
    inside_random: true
    aug_scale:
    - 0.8
    - 1.2
    fix_img_num: true
    fix_aspect_ratio: true
  num_workers: 8
  shuffle: true
  pin_memory: true
  drop_last: true
  max_img_per_gpu: 48
  imagenet:
    prob: 0.0
    dataset_path: ImageNet:split=TRAIN:root=data/imagenet:extra=./extra
evals:
  fast:
    period: 25000
    final: true
    model_setup_script: model_loader.py
    eval_config:
      matchbench:
        file: eval_matchbench.py
        dataset: megadepth
        dataset_path: data/megadepth
        matcher: knn
  slow:
    period: 50000
    final: true
    model_setup_script: model_loader.py
    eval_config:
      matchbench:
        file: eval_matchbench.py
        dataset: megadepth
        dataset_path: data/megadepth
        matcher: linear
launcher:
  partition: alvis

wandb: Loading settings from /data1/Taohy/ModelReshow/modelReShow/MuM/wandb/settings
wandb: Loading settings from /data1/Taohy/ModelReshow/modelReShow/MuM/wandb/settings
wandb: [wandb.login()] Loaded credentials for https://api.wandb.ai from /home/user2/.netrc.
wandb: Currently logged in as: 3222703726 (3222703726-huazhong-university-of-science-and-technology) to https://api.wandb.ai. Use `wandb login --relogin` to force relogin
wandb: WARNING Using a boolean value for 'reinit' is deprecated. Use 'return_previous' or 'finish_previous' instead.
wandb: setting up run cnf2to02
wandb: Tracking run with wandb version 0.28.2
wandb: Run data is saved locally in /data1/Taohy/ModelReshow/modelReShow/MuM/wandb/run-20260819_074008-cnf2to02
wandb: Run `wandb offline` to turn off syncing.
wandb: Syncing run traveluav
wandb: ⭐️ View project at https://wandb.ai/3222703726-huazhong-university-of-science-and-technology/MuM
wandb: 🚀 View run at https://wandb.ai/3222703726-huazhong-university-of-science-and-technology/MuM/runs/cnf2to02
Ignored kwargs: {'name': 'vit_base', 'patch_embed': 'conv', 'drop_path_rate': 0.0, 'layerscale': None, 'ffn_layer': 'mlp', 'ffn_ratio': 4.0, 'qkv_bias': True, 'proj_bias': True, 'ffn_bias': True, 'pos_embed_type': 'rope', 'pos_embed_rope_base': 100.0, 'pos_embed_rope_min_period': None, 'pos_embed_rope_max_period': None, 'pos_embed_rope_normalize_coords': 'separate', 'pos_embed_rope_shift_coords': None, 'pos_embed_rope_jitter_coords': None, 'pos_embed_rope_rescale_coords': None, 'pos_embed_rope_dtype': 'bf16', 'fp8_enabled': False, 'fp8_filter': 'blocks'}
Building dynamic dataloader with seed: 42
Randomly sampling [3, 3] frames
TravelUAVDataset (train): 14581 scenes, 770573 frames (total 15348 scenes, split_ratio=0.95).
ComposedDataset created from 1 datasets: ['TravelUAVDataset:DATA_DIR=/data2/student1_ly/datasets/OpenUAV-QA/TravelUAV_dataset:SPLIT=train:SPLIT_RATIO=0.95']
Model = MuMAutoEncoder(
  (patch_embed): PatchEmbed(
    (proj): Conv2d(3, 768, kernel_size=(16, 16), stride=(16, 16))
    (norm): Identity()
  )
  (rope_embed): RopePositionEmbedding()
  (blocks): ModuleList(
    (0-11): 12 x SelfAttentionBlock(
      (norm1): LayerNorm((768,), eps=1e-05, elementwise_affine=True)
      (attn): SelfAttention(
        (qkv): Linear(in_features=768, out_features=2304, bias=True)
        (attn_drop): Dropout(p=0.0, inplace=False)
        (proj): Linear(in_features=768, out_features=768, bias=True)
        (proj_drop): Dropout(p=0.0, inplace=False)
      )
      (ls1): Identity()
      (norm2): LayerNorm((768,), eps=1e-05, elementwise_affine=True)
      (mlp): Mlp(
        (fc1): Linear(in_features=768, out_features=3072, bias=True)
        (act): GELU(approximate='none')
        (fc2): Linear(in_features=3072, out_features=768, bias=True)
        (drop): Dropout(p=0.0, inplace=False)
      )
      (ls2): Identity()
    )
  )
  (norm): LayerNorm((768,), eps=1e-05, elementwise_affine=True)
  (rope_embed_decoder): RopePositionEmbedding()
  (decoder_embed): Linear(in_features=768, out_features=512, bias=True)
  (decoder_frame_blocks): ModuleList(
    (0-3): 4 x SelfAttentionBlock(
      (norm1): LayerNorm((512,), eps=1e-05, elementwise_affine=True)
      (attn): SelfAttention(
        (qkv): Linear(in_features=512, out_features=1536, bias=True)
        (attn_drop): Dropout(p=0.0, inplace=False)
        (proj): Linear(in_features=512, out_features=512, bias=True)
        (proj_drop): Dropout(p=0.0, inplace=False)
      )
      (ls1): Identity()
      (norm2): LayerNorm((512,), eps=1e-05, elementwise_affine=True)
      (mlp): Mlp(
        (fc1): Linear(in_features=512, out_features=2048, bias=True)
        (act): GELU(approximate='none')
        (fc2): Linear(in_features=2048, out_features=512, bias=True)
        (drop): Dropout(p=0.0, inplace=False)
      )
      (ls2): Identity()
    )
  )
  (decoder_global_blocks): ModuleList(
    (0-3): 4 x SelfAttentionBlock(
      (norm1): LayerNorm((512,), eps=1e-05, elementwise_affine=True)
      (attn): SelfAttention(
        (qkv): Linear(in_features=512, out_features=1536, bias=True)
        (attn_drop): Dropout(p=0.0, inplace=False)
        (proj): Linear(in_features=512, out_features=512, bias=True)
        (proj_drop): Dropout(p=0.0, inplace=False)
      )
      (ls1): Identity()
      (norm2): LayerNorm((512,), eps=1e-05, elementwise_affine=True)
      (mlp): Mlp(
        (fc1): Linear(in_features=512, out_features=2048, bias=True)
        (act): GELU(approximate='none')
        (fc2): Linear(in_features=2048, out_features=512, bias=True)
        (drop): Dropout(p=0.0, inplace=False)
      )
      (ls2): Identity()
    )
  )
  (decoder_norm): LayerNorm((512,), eps=1e-05, elementwise_affine=True)
  (decoder_pred): Linear(in_features=512, out_features=768, bias=True)
)
base lr: 1.50e-04
actual lr: 5.62e-05
Param groups = {
  "decay": {
    "weight_decay": 0.1,
    "params": [
      "cls_token",
      "mask_token",
      "patch_embed.proj.weight",
      "blocks.0.attn.qkv.weight",
      "blocks.0.attn.proj.weight",
      "blocks.0.mlp.fc1.weight",
      "blocks.0.mlp.fc2.weight",
      "blocks.1.attn.qkv.weight",
      "blocks.1.attn.proj.weight",
      "blocks.1.mlp.fc1.weight",
      "blocks.1.mlp.fc2.weight",
      "blocks.2.attn.qkv.weight",
      "blocks.2.attn.proj.weight",
      "blocks.2.mlp.fc1.weight",
      "blocks.2.mlp.fc2.weight",
      "blocks.3.attn.qkv.weight",
      "blocks.3.attn.proj.weight",
      "blocks.3.mlp.fc1.weight",
      "blocks.3.mlp.fc2.weight",
      "blocks.4.attn.qkv.weight",
      "blocks.4.attn.proj.weight",
      "blocks.4.mlp.fc1.weight",
      "blocks.4.mlp.fc2.weight",
      "blocks.5.attn.qkv.weight",
      "blocks.5.attn.proj.weight",
      "blocks.5.mlp.fc1.weight",
      "blocks.5.mlp.fc2.weight",
      "blocks.6.attn.qkv.weight",
      "blocks.6.attn.proj.weight",
      "blocks.6.mlp.fc1.weight",
      "blocks.6.mlp.fc2.weight",
      "blocks.7.attn.qkv.weight",
      "blocks.7.attn.proj.weight",
      "blocks.7.mlp.fc1.weight",
      "blocks.7.mlp.fc2.weight",
      "blocks.8.attn.qkv.weight",
      "blocks.8.attn.proj.weight",
      "blocks.8.mlp.fc1.weight",
      "blocks.8.mlp.fc2.weight",
      "blocks.9.attn.qkv.weight",
      "blocks.9.attn.proj.weight",
      "blocks.9.mlp.fc1.weight",
      "blocks.9.mlp.fc2.weight",
      "blocks.10.attn.qkv.weight",
      "blocks.10.attn.proj.weight",
      "blocks.10.mlp.fc1.weight",
      "blocks.10.mlp.fc2.weight",
      "blocks.11.attn.qkv.weight",
      "blocks.11.attn.proj.weight",
      "blocks.11.mlp.fc1.weight",
      "blocks.11.mlp.fc2.weight",
      "decoder_embed.weight",
      "decoder_frame_blocks.0.attn.qkv.weight",
      "decoder_frame_blocks.0.attn.proj.weight",
      "decoder_frame_blocks.0.mlp.fc1.weight",
      "decoder_frame_blocks.0.mlp.fc2.weight",
      "decoder_frame_blocks.1.attn.qkv.weight",
      "decoder_frame_blocks.1.attn.proj.weight",
      "decoder_frame_blocks.1.mlp.fc1.weight",
      "decoder_frame_blocks.1.mlp.fc2.weight",
      "decoder_frame_blocks.2.attn.qkv.weight",
      "decoder_frame_blocks.2.attn.proj.weight",
      "decoder_frame_blocks.2.mlp.fc1.weight",
      "decoder_frame_blocks.2.mlp.fc2.weight",
      "decoder_frame_blocks.3.attn.qkv.weight",
      "decoder_frame_blocks.3.attn.proj.weight",
      "decoder_frame_blocks.3.mlp.fc1.weight",
      "decoder_frame_blocks.3.mlp.fc2.weight",
      "decoder_global_blocks.0.attn.qkv.weight",
      "decoder_global_blocks.0.attn.proj.weight",
      "decoder_global_blocks.0.mlp.fc1.weight",
      "decoder_global_blocks.0.mlp.fc2.weight",
      "decoder_global_blocks.1.attn.qkv.weight",
      "decoder_global_blocks.1.attn.proj.weight",
      "decoder_global_blocks.1.mlp.fc1.weight",
      "decoder_global_blocks.1.mlp.fc2.weight",
      "decoder_global_blocks.2.attn.qkv.weight",
      "decoder_global_blocks.2.attn.proj.weight",
      "decoder_global_blocks.2.mlp.fc1.weight",
      "decoder_global_blocks.2.mlp.fc2.weight",
      "decoder_global_blocks.3.attn.qkv.weight",
      "decoder_global_blocks.3.attn.proj.weight",
      "decoder_global_blocks.3.mlp.fc1.weight",
      "decoder_global_blocks.3.mlp.fc2.weight",
      "decoder_pred.weight"
    ],
    "lr_scale": 1.0
  },
  "no_decay": {
    "weight_decay": 0.0,
    "params": [
      "patch_embed.proj.bias",
      "blocks.0.norm1.weight",
      "blocks.0.norm1.bias",
      "blocks.0.attn.qkv.bias",
      "blocks.0.attn.proj.bias",
      "blocks.0.norm2.weight",
      "blocks.0.norm2.bias",
      "blocks.0.mlp.fc1.bias",
      "blocks.0.mlp.fc2.bias",
      "blocks.1.norm1.weight",
      "blocks.1.norm1.bias",
      "blocks.1.attn.qkv.bias",
      "blocks.1.attn.proj.bias",
      "blocks.1.norm2.weight",
      "blocks.1.norm2.bias",
      "blocks.1.mlp.fc1.bias",
      "blocks.1.mlp.fc2.bias",
      "blocks.2.norm1.weight",
      "blocks.2.norm1.bias",
      "blocks.2.attn.qkv.bias",
      "blocks.2.attn.proj.bias",
      "blocks.2.norm2.weight",
      "blocks.2.norm2.bias",
      "blocks.2.mlp.fc1.bias",
      "blocks.2.mlp.fc2.bias",
      "blocks.3.norm1.weight",
      "blocks.3.norm1.bias",
      "blocks.3.attn.qkv.bias",
      "blocks.3.attn.proj.bias",
      "blocks.3.norm2.weight",
      "blocks.3.norm2.bias",
      "blocks.3.mlp.fc1.bias",
      "blocks.3.mlp.fc2.bias",
      "blocks.4.norm1.weight",
      "blocks.4.norm1.bias",
      "blocks.4.attn.qkv.bias",
      "blocks.4.attn.proj.bias",
      "blocks.4.norm2.weight",
      "blocks.4.norm2.bias",
      "blocks.4.mlp.fc1.bias",
      "blocks.4.mlp.fc2.bias",
      "blocks.5.norm1.weight",
      "blocks.5.norm1.bias",
      "blocks.5.attn.qkv.bias",
      "blocks.5.attn.proj.bias",
      "blocks.5.norm2.weight",
      "blocks.5.norm2.bias",
      "blocks.5.mlp.fc1.bias",
      "blocks.5.mlp.fc2.bias",
      "blocks.6.norm1.weight",
      "blocks.6.norm1.bias",
      "blocks.6.attn.qkv.bias",
      "blocks.6.attn.proj.bias",
      "blocks.6.norm2.weight",
      "blocks.6.norm2.bias",
      "blocks.6.mlp.fc1.bias",
      "blocks.6.mlp.fc2.bias",
      "blocks.7.norm1.weight",
      "blocks.7.norm1.bias",
      "blocks.7.attn.qkv.bias",
      "blocks.7.attn.proj.bias",
      "blocks.7.norm2.weight",
      "blocks.7.norm2.bias",
      "blocks.7.mlp.fc1.bias",
      "blocks.7.mlp.fc2.bias",
      "blocks.8.norm1.weight",
      "blocks.8.norm1.bias",
      "blocks.8.attn.qkv.bias",
      "blocks.8.attn.proj.bias",
      "blocks.8.norm2.weight",
      "blocks.8.norm2.bias",
      "blocks.8.mlp.fc1.bias",
      "blocks.8.mlp.fc2.bias",
      "blocks.9.norm1.weight",
      "blocks.9.norm1.bias",
      "blocks.9.attn.qkv.bias",
      "blocks.9.attn.proj.bias",
      "blocks.9.norm2.weight",
      "blocks.9.norm2.bias",
      "blocks.9.mlp.fc1.bias",
      "blocks.9.mlp.fc2.bias",
      "blocks.10.norm1.weight",
      "blocks.10.norm1.bias",
      "blocks.10.attn.qkv.bias",
      "blocks.10.attn.proj.bias",
      "blocks.10.norm2.weight",
      "blocks.10.norm2.bias",
      "blocks.10.mlp.fc1.bias",
      "blocks.10.mlp.fc2.bias",
      "blocks.11.norm1.weight",
      "blocks.11.norm1.bias",
      "blocks.11.attn.qkv.bias",
      "blocks.11.attn.proj.bias",
      "blocks.11.norm2.weight",
      "blocks.11.norm2.bias",
      "blocks.11.mlp.fc1.bias",
      "blocks.11.mlp.fc2.bias",
      "norm.weight",
      "norm.bias",
      "decoder_embed.bias",
      "decoder_frame_blocks.0.norm1.weight",
      "decoder_frame_blocks.0.norm1.bias",
      "decoder_frame_blocks.0.attn.qkv.bias",
      "decoder_frame_blocks.0.attn.proj.bias",
      "decoder_frame_blocks.0.norm2.weight",
      "decoder_frame_blocks.0.norm2.bias",
      "decoder_frame_blocks.0.mlp.fc1.bias",
      "decoder_frame_blocks.0.mlp.fc2.bias",
      "decoder_frame_blocks.1.norm1.weight",
      "decoder_frame_blocks.1.norm1.bias",
      "decoder_frame_blocks.1.attn.qkv.bias",
      "decoder_frame_blocks.1.attn.proj.bias",
      "decoder_frame_blocks.1.norm2.weight",
      "decoder_frame_blocks.1.norm2.bias",
      "decoder_frame_blocks.1.mlp.fc1.bias",
      "decoder_frame_blocks.1.mlp.fc2.bias",
      "decoder_frame_blocks.2.norm1.weight",
      "decoder_frame_blocks.2.norm1.bias",
      "decoder_frame_blocks.2.attn.qkv.bias",
      "decoder_frame_blocks.2.attn.proj.bias",
      "decoder_frame_blocks.2.norm2.weight",
      "decoder_frame_blocks.2.norm2.bias",
      "decoder_frame_blocks.2.mlp.fc1.bias",
      "decoder_frame_blocks.2.mlp.fc2.bias",
      "decoder_frame_blocks.3.norm1.weight",
      "decoder_frame_blocks.3.norm1.bias",
      "decoder_frame_blocks.3.attn.qkv.bias",
      "decoder_frame_blocks.3.attn.proj.bias",
      "decoder_frame_blocks.3.norm2.weight",
      "decoder_frame_blocks.3.norm2.bias",
      "decoder_frame_blocks.3.mlp.fc1.bias",
      "decoder_frame_blocks.3.mlp.fc2.bias",
      "decoder_global_blocks.0.norm1.weight",
      "decoder_global_blocks.0.norm1.bias",
      "decoder_global_blocks.0.attn.qkv.bias",
      "decoder_global_blocks.0.attn.proj.bias",
      "decoder_global_blocks.0.norm2.weight",
      "decoder_global_blocks.0.norm2.bias",
      "decoder_global_blocks.0.mlp.fc1.bias",
      "decoder_global_blocks.0.mlp.fc2.bias",
      "decoder_global_blocks.1.norm1.weight",
      "decoder_global_blocks.1.norm1.bias",
      "decoder_global_blocks.1.attn.qkv.bias",
      "decoder_global_blocks.1.attn.proj.bias",
      "decoder_global_blocks.1.norm2.weight",
      "decoder_global_blocks.1.norm2.bias",
      "decoder_global_blocks.1.mlp.fc1.bias",
      "decoder_global_blocks.1.mlp.fc2.bias",
      "decoder_global_blocks.2.norm1.weight",
      "decoder_global_blocks.2.norm1.bias",
      "decoder_global_blocks.2.attn.qkv.bias",
      "decoder_global_blocks.2.attn.proj.bias",
      "decoder_global_blocks.2.norm2.weight",
      "decoder_global_blocks.2.norm2.bias",
      "decoder_global_blocks.2.mlp.fc1.bias",
      "decoder_global_blocks.2.mlp.fc2.bias",
      "decoder_global_blocks.3.norm1.weight",
      "decoder_global_blocks.3.norm1.bias",
      "decoder_global_blocks.3.attn.qkv.bias",
      "decoder_global_blocks.3.attn.proj.bias",
      "decoder_global_blocks.3.norm2.weight",
      "decoder_global_blocks.3.norm2.bias",
      "decoder_global_blocks.3.mlp.fc1.bias",
      "decoder_global_blocks.3.mlp.fc2.bias",
      "decoder_norm.weight",
      "decoder_norm.bias",
      "decoder_pred.bias"
    ],
    "lr_scale": 1.0
  }
}
Start training for 60000 steps from 0
I20260819 07:40:18 1562207 mum utils.py:218] Training  [    0/60000]  eta: 1 day, 18:39:49  loss: 1.2088 (1.2088)  grad: 3.0412 (3.0412)  batch_size: 16.0000 (16.0000)  lr: 0.0000 (0.0000)  time: 2.559821  data: 1.368172  max mem: 3844
I20260819 07:40:38 1562207 mum utils.py:218] Training  [   50/60000]  eta: 7:15:13  loss: 1.0353 (1.1185)  grad: 1.9458 (2.5970)  batch_size: 16.0000 (16.0000)  lr: 0.0000 (0.0000)  time: 0.377708  data: 0.000262  max mem: 4727
I20260819 07:40:57 1562207 mum utils.py:218] Training  [  100/60000]  eta: 6:45:55  loss: 0.8792 (1.0170)  grad: 0.6660 (1.7503)  batch_size: 16.0000 (16.0000)  lr: 0.0000 (0.0000)  time: 0.375758  data: 0.000259  max mem: 4727
I20260819 07:41:16 1562207 mum utils.py:218] Training  [  150/60000]  eta: 6:36:28  loss: 0.8131 (0.9562)  grad: 0.6744 (1.3806)  batch_size: 16.0000 (16.0000)  lr: 0.0000 (0.0000)  time: 0.378194  data: 0.000270  max mem: 4727
I20260819 07:41:34 1562207 mum utils.py:218] Training  [  200/60000]  eta: 6:31:32  loss: 0.7609 (0.9146)  grad: 0.9408 (1.2751)  batch_size: 16.0000 (16.0000)  lr: 0.0000 (0.0000)  time: 0.378401  data: 0.000264  max mem: 4727
I20260819 07:41:53 1562207 mum utils.py:218] Training  [  250/60000]  eta: 6:28:35  loss: 0.7430 (0.8800)  grad: 1.4228 (1.3089)  batch_size: 16.0000 (16.0000)  lr: 0.0000 (0.0000)  time: 0.378376  data: 0.000260  max mem: 4727
I20260819 07:42:13 1562207 mum utils.py:218] Training  [  300/60000]  eta: 6:27:19  loss: 0.6636 (0.8462)  grad: 1.4230 (1.3864)  batch_size: 16.0000 (16.0000)  lr: 0.0000 (0.0000)  time: 0.383306  data: 0.000296  max mem: 4727
I20260819 07:42:32 1562207 mum utils.py:218] Training  [  350/60000]  eta: 6:26:23  loss: 0.5910 (0.8134)  grad: 1.4065 (1.4303)  batch_size: 16.0000 (16.0000)  lr: 0.0000 (0.0000)  time: 0.383920  data: 0.000370  max mem: 4727
I20260819 07:42:51 1562207 mum utils.py:218] Training  [  400/60000]  eta: 6:25:24  loss: 0.5674 (0.7848)  grad: 1.4357 (1.4918)  batch_size: 16.0000 (16.0000)  lr: 0.0000 (0.0000)  time: 0.383864  data: 0.000331  max mem: 4727
I20260819 07:43:11 1562207 mum utils.py:218] Training  [  450/60000]  eta: 6:25:02  loss: 0.5598 (0.7617)  grad: 1.1927 (1.4866)  batch_size: 16.0000 (16.0000)  lr: 0.0000 (0.0000)  time: 0.383108  data: 0.000313  max mem: 4727
I20260819 07:43:30 1562207 mum utils.py:218] Training  [  500/60000]  eta: 6:24:07  loss: 0.5369 (0.7405)  grad: 1.0841 (1.4643)  batch_size: 16.0000 (16.0000)  lr: 0.0000 (0.0000)  time: 0.382436  data: 0.000292  max mem: 4727
I20260819 07:43:49 1562207 mum utils.py:218] Training  [  550/60000]  eta: 6:23:46  loss: 0.5443 (0.7232)  grad: 1.3110 (1.4608)  batch_size: 16.0000 (16.0000)  lr: 0.0000 (0.0000)  time: 0.388805  data: 0.000280  max mem: 4727
I20260819 07:44:08 1562207 mum utils.py:218] Training  [  600/60000]  eta: 6:23:01  loss: 0.5206 (0.7069)  grad: 1.0791 (1.4397)  batch_size: 16.0000 (16.0000)  lr: 0.0000 (0.0000)  time: 0.381457  data: 0.000290  max mem: 4727
I20260819 07:44:27 1562207 mum utils.py:218] Training  [  650/60000]  eta: 6:22:37  loss: 0.5375 (0.6936)  grad: 1.2723 (1.4316)  batch_size: 16.0000 (16.0000)  lr: 0.0000 (0.0000)  time: 0.383254  data: 0.000361  max mem: 4727
I20260819 07:44:47 1562207 mum utils.py:218] Training  [  700/60000]  eta: 6:22:06  loss: 0.5328 (0.6822)  grad: 0.7141 (1.3899)  batch_size: 16.0000 (16.0000)  lr: 0.0000 (0.0000)  time: 0.382124  data: 0.000286  max mem: 4727
I20260819 07:45:06 1562207 mum utils.py:218] Training  [  750/60000]  eta: 6:21:49  loss: 0.5265 (0.6716)  grad: 0.9891 (1.3680)  batch_size: 16.0000 (16.0000)  lr: 0.0000 (0.0000)  time: 0.383126  data: 0.000301  max mem: 4727
I20260819 07:45:25 1562207 mum utils.py:218] Training  [  800/60000]  eta: 6:21:17  loss: 0.5066 (0.6618)  grad: 0.6918 (1.3340)  batch_size: 16.0000 (16.0000)  lr: 0.0000 (0.0000)  time: 0.383281  data: 0.000299  max mem: 4727
I20260819 07:45:44 1562207 mum utils.py:218] Training  [  850/60000]  eta: 6:21:03  loss: 0.5192 (0.6535)  grad: 0.8916 (1.3112)  batch_size: 16.0000 (16.0000)  lr: 0.0000 (0.0000)  time: 0.383309  data: 0.000320  max mem: 4727
I20260819 07:46:04 1562207 mum utils.py:218] Training  [  900/60000]  eta: 6:20:33  loss: 0.4906 (0.6448)  grad: 0.7117 (1.2979)  batch_size: 16.0000 (16.0000)  lr: 0.0000 (0.0000)  time: 0.383578  data: 0.000270  max mem: 4727
I20260819 07:46:23 1562207 mum utils.py:218] Training  [  950/60000]  eta: 6:20:13  loss: 0.4887 (0.6370)  grad: 0.7966 (1.2750)  batch_size: 16.0000 (16.0000)  lr: 0.0000 (0.0000)  time: 0.382728  data: 0.000314  max mem: 4727
I20260819 07:46:42 1562207 mum utils.py:218] Training  [ 1000/60000]  eta: 6:19:52  loss: 0.4854 (0.6297)  grad: 0.9595 (1.2597)  batch_size: 16.0000 (16.0000)  lr: 0.0000 (0.0000)  time: 0.391632  data: 0.000314  max mem: 4727
I20260819 07:47:01 1562207 mum utils.py:218] Training  [ 1050/60000]  eta: 6:19:22  loss: 0.5015 (0.6230)  grad: 0.8185 (1.2399)  batch_size: 16.0000 (16.0000)  lr: 0.0000 (0.0000)  time: 0.382522  data: 0.000283  max mem: 4727
I20260819 07:47:21 1562207 mum utils.py:218] Training  [ 1100/60000]  eta: 6:18:55  loss: 0.4882 (0.6166)  grad: 0.8482 (1.2291)  batch_size: 16.0000 (16.0000)  lr: 0.0000 (0.0000)  time: 0.385241  data: 0.000320  max mem: 4727
I20260819 07:47:40 1562207 mum utils.py:218] Training  [ 1150/60000]  eta: 6:18:34  loss: 0.4851 (0.6106)  grad: 0.9555 (1.2197)  batch_size: 16.0000 (16.0000)  lr: 0.0000 (0.0000)  time: 0.382031  data: 0.000274  max mem: 4727
I20260819 07:47:59 1562207 mum utils.py:218] Training  [ 1200/60000]  eta: 6:18:09  loss: 0.4682 (0.6045)  grad: 0.7267 (1.2055)  batch_size: 16.0000 (16.0000)  lr: 0.0000 (0.0000)  time: 0.385438  data: 0.000349  max mem: 4727
I20260819 07:48:18 1562207 mum utils.py:218] Training  [ 1250/60000]  eta: 6:17:46  loss: 0.4605 (0.5993)  grad: 0.5742 (1.1929)  batch_size: 16.0000 (16.0000)  lr: 0.0000 (0.0000)  time: 0.382730  data: 0.000312  max mem: 4727
I20260819 07:48:37 1562207 mum utils.py:218] Training  [ 1300/60000]  eta: 6:17:18  loss: 0.4507 (0.5940)  grad: 0.7562 (1.1836)  batch_size: 16.0000 (16.0000)  lr: 0.0000 (0.0000)  time: 0.381779  data: 0.000299  max mem: 4727
I20260819 07:48:57 1562207 mum utils.py:218] Training  [ 1350/60000]  eta: 6:16:58  loss: 0.4508 (0.5890)  grad: 0.8404 (1.1713)  batch_size: 16.0000 (16.0000)  lr: 0.0000 (0.0000)  time: 0.382197  data: 0.000345  max mem: 4727
I20260819 07:49:16 1562207 mum utils.py:218] Training  [ 1400/60000]  eta: 6:16:32  loss: 0.4638 (0.5850)  grad: 0.8536 (1.1616)  batch_size: 16.0000 (16.0000)  lr: 0.0000 (0.0000)  time: 0.384886  data: 0.000314  max mem: 4727
I20260819 07:49:35 1562207 mum utils.py:218] Training  [ 1450/60000]  eta: 6:16:09  loss: 0.4615 (0.5807)  grad: 0.7992 (1.1492)  batch_size: 16.0000 (16.0000)  lr: 0.0000 (0.0000)  time: 0.381938  data: 0.000293  max mem: 4727
I20260819 07:49:54 1562207 mum utils.py:218] Training  [ 1500/60000]  eta: 6:15:45  loss: 0.4363 (0.5764)  grad: 0.8259 (1.1402)  batch_size: 16.0000 (16.0000)  lr: 0.0000 (0.0000)  time: 0.383602  data: 0.000276  max mem: 4727
I20260819 07:50:14 1562207 mum utils.py:218] Training  [ 1550/60000]  eta: 6:15:39  loss: 0.4313 (0.5725)  grad: 0.6444 (1.1274)  batch_size: 16.0000 (16.0000)  lr: 0.0000 (0.0000)  time: 0.398015  data: 0.000296  max mem: 4727
I20260819 07:50:33 1562207 mum utils.py:218] Training  [ 1600/60000]  eta: 6:15:14  loss: 0.4446 (0.5688)  grad: 0.6537 (1.1177)  batch_size: 16.0000 (16.0000)  lr: 0.0000 (0.0000)  time: 0.382226  data: 0.000292  max mem: 4727
I20260819 07:50:52 1562207 mum utils.py:218] Training  [ 1650/60000]  eta: 6:14:54  loss: 0.4433 (0.5651)  grad: 0.6982 (1.1074)  batch_size: 16.0000 (16.0000)  lr: 0.0000 (0.0000)  time: 0.383384  data: 0.000305  max mem: 4727
I20260819 07:51:11 1562207 mum utils.py:218] Training  [ 1700/60000]  eta: 6:14:37  loss: 0.4369 (0.5614)  grad: 0.8570 (1.0985)  batch_size: 16.0000 (16.0000)  lr: 0.0000 (0.0000)  time: 0.382926  data: 0.000288  max mem: 4727
I20260819 07:51:31 1562207 mum utils.py:218] Training  [ 1750/60000]  eta: 6:14:23  loss: 0.4310 (0.5583)  grad: 0.6576 (1.0883)  batch_size: 16.0000 (16.0000)  lr: 0.0000 (0.0000)  time: 0.390400  data: 0.000302  max mem: 4727
I20260819 07:51:50 1562207 mum utils.py:218] Training  [ 1800/60000]  eta: 6:14:01  loss: 0.4330 (0.5552)  grad: 0.6791 (1.0775)  batch_size: 16.0000 (16.0000)  lr: 0.0001 (0.0000)  time: 0.384735  data: 0.000322  max mem: 4727
I20260819 07:52:09 1562207 mum utils.py:218] Training  [ 1850/60000]  eta: 6:13:40  loss: 0.4354 (0.5520)  grad: 0.6784 (1.0701)  batch_size: 16.0000 (16.0000)  lr: 0.0001 (0.0000)  time: 0.382685  data: 0.000297  max mem: 4727
I20260819 07:52:28 1562207 mum utils.py:218] Training  [ 1900/60000]  eta: 6:13:19  loss: 0.4379 (0.5491)  grad: 0.7207 (1.0617)  batch_size: 16.0000 (16.0000)  lr: 0.0001 (0.0000)  time: 0.388437  data: 0.000324  max mem: 4727
I20260819 07:52:48 1562207 mum utils.py:218] Training  [ 1950/60000]  eta: 6:12:56  loss: 0.4153 (0.5463)  grad: 0.6619 (1.0535)  batch_size: 16.0000 (16.0000)  lr: 0.0001 (0.0000)  time: 0.382364  data: 0.000313  max mem: 4727
I20260819 07:53:07 1562207 mum utils.py:218] Training  [ 2000/60000]  eta: 6:12:36  loss: 0.4369 (0.5435)  grad: 0.6180 (1.0428)  batch_size: 16.0000 (16.0000)  lr: 0.0001 (0.0000)  time: 0.387123  data: 0.000293  max mem: 4727
I20260819 07:53:26 1562207 mum utils.py:218] Training  [ 2050/60000]  eta: 6:12:14  loss: 0.4211 (0.5408)  grad: 0.5426 (1.0336)  batch_size: 16.0000 (16.0000)  lr: 0.0001 (0.0000)  time: 0.383360  data: 0.000300  max mem: 4727
I20260819 07:53:45 1562207 mum utils.py:218] Training  [ 2100/60000]  eta: 6:11:54  loss: 0.4315 (0.5381)  grad: 0.6669 (1.0252)  batch_size: 16.0000 (16.0000)  lr: 0.0001 (0.0000)  time: 0.384032  data: 0.000332  max mem: 4727
I20260819 07:54:04 1562207 mum utils.py:218] Training  [ 2150/60000]  eta: 6:11:32  loss: 0.4343 (0.5357)  grad: 0.6436 (1.0166)  batch_size: 16.0000 (16.0000)  lr: 0.0001 (0.0000)  time: 0.381354  data: 0.000256  max mem: 4727
I20260819 07:54:24 1562207 mum utils.py:218] Training  [ 2200/60000]  eta: 6:11:11  loss: 0.4558 (0.5334)  grad: 0.5002 (1.0062)  batch_size: 16.0000 (16.0000)  lr: 0.0001 (0.0000)  time: 0.383185  data: 0.000292  max mem: 4727
I20260819 07:54:43 1562207 mum utils.py:218] Training  [ 2250/60000]  eta: 6:10:51  loss: 0.4441 (0.5310)  grad: 0.6008 (0.9979)  batch_size: 16.0000 (16.0000)  lr: 0.0001 (0.0000)  time: 0.383158  data: 0.000330  max mem: 4727
I20260819 07:55:02 1562207 mum utils.py:218] Training  [ 2300/60000]  eta: 6:10:31  loss: 0.4438 (0.5288)  grad: 0.5179 (0.9880)  batch_size: 16.0000 (16.0000)  lr: 0.0001 (0.0000)  time: 0.388917  data: 0.000307  max mem: 4727
I20260819 07:55:21 1562207 mum utils.py:218] Training  [ 2350/60000]  eta: 6:10:09  loss: 0.4235 (0.5265)  grad: 0.4576 (0.9788)  batch_size: 16.0000 (16.0000)  lr: 0.0001 (0.0000)  time: 0.379456  data: 0.000278  max mem: 4727
I20260819 07:55:41 1562207 mum utils.py:218] Training  [ 2400/60000]  eta: 6:09:52  loss: 0.4145 (0.5245)  grad: 0.4867 (0.9694)  batch_size: 16.0000 (16.0000)  lr: 0.0001 (0.0000)  time: 0.383042  data: 0.000274  max mem: 4727
I20260819 07:56:00 1562207 mum utils.py:218] Training  [ 2450/60000]  eta: 6:09:33  loss: 0.4274 (0.5224)  grad: 0.5282 (0.9638)  batch_size: 16.0000 (16.0000)  lr: 0.0001 (0.0000)  time: 0.382915  data: 0.000294  max mem: 4727
I20260819 07:56:19 1562207 mum utils.py:218] Training  [ 2500/60000]  eta: 6:09:10  loss: 0.4151 (0.5205)  grad: 0.4293 (0.9544)  batch_size: 16.0000 (16.0000)  lr: 0.0001 (0.0000)  time: 0.381654  data: 0.000255  max mem: 4727
I20260819 07:56:39 1562207 mum utils.py:218] Training  [ 2550/60000]  eta: 6:08:55  loss: 0.4087 (0.5185)  grad: 0.5208 (0.9457)  batch_size: 16.0000 (16.0000)  lr: 0.0001 (0.0000)  time: 0.384857  data: 0.000252  max mem: 4727
I20260819 07:56:58 1562207 mum utils.py:218] Training  [ 2600/60000]  eta: 6:08:34  loss: 0.4289 (0.5165)  grad: 0.3995 (0.9370)  batch_size: 16.0000 (16.0000)  lr: 0.0001 (0.0000)  time: 0.385994  data: 0.000310  max mem: 4727
I20260819 07:57:17 1562207 mum utils.py:218] Training  [ 2650/60000]  eta: 6:08:16  loss: 0.4097 (0.5146)  grad: 0.4067 (0.9284)  batch_size: 16.0000 (16.0000)  lr: 0.0001 (0.0000)  time: 0.384204  data: 0.000275  max mem: 4727
I20260819 07:57:36 1562207 mum utils.py:218] Training  [ 2700/60000]  eta: 6:07:56  loss: 0.4022 (0.5127)  grad: 0.5357 (0.9206)  batch_size: 16.0000 (16.0000)  lr: 0.0001 (0.0000)  time: 0.388768  data: 0.000362  max mem: 4727
I20260819 07:57:55 1562207 mum utils.py:218] Training  [ 2750/60000]  eta: 6:07:33  loss: 0.4047 (0.5109)  grad: 0.4714 (0.9126)  batch_size: 16.0000 (16.0000)  lr: 0.0001 (0.0000)  time: 0.382176  data: 0.000302  max mem: 4727
I20260819 07:58:15 1562207 mum utils.py:218] Training  [ 2800/60000]  eta: 6:07:13  loss: 0.4081 (0.5092)  grad: 0.3939 (0.9052)  batch_size: 16.0000 (16.0000)  lr: 0.0001 (0.0000)  time: 0.387677  data: 0.000386  max mem: 4727
I20260819 07:58:34 1562207 mum utils.py:218] Training  [ 2850/60000]  eta: 6:06:53  loss: 0.4067 (0.5076)  grad: 0.4073 (0.8970)  batch_size: 16.0000 (16.0000)  lr: 0.0001 (0.0000)  time: 0.381961  data: 0.000281  max mem: 4727
I20260819 07:58:53 1562207 mum utils.py:218] Training  [ 2900/60000]  eta: 6:06:34  loss: 0.4317 (0.5060)  grad: 0.4421 (0.8900)  batch_size: 16.0000 (16.0000)  lr: 0.0001 (0.0000)  time: 0.386445  data: 0.000335  max mem: 4727
I20260819 07:59:12 1562207 mum utils.py:218] Training  [ 2950/60000]  eta: 6:06:15  loss: 0.3980 (0.5043)  grad: 0.4419 (0.8855)  batch_size: 16.0000 (16.0000)  lr: 0.0001 (0.0000)  time: 0.390084  data: 0.000384  max mem: 4727
I20260819 07:59:32 1562207 mum utils.py:218] Training  [ 3000/60000]  eta: 6:05:56  loss: 0.4019 (0.5027)  grad: 0.3994 (0.8777)  batch_size: 16.0000 (16.0000)  lr: 0.0001 (0.0000)  time: 0.388563  data: 0.000320  max mem: 4727
I20260819 07:59:51 1562207 mum utils.py:218] Training  [ 3050/60000]  eta: 6:05:34  loss: 0.4162 (0.5011)  grad: 0.4309 (0.8715)  batch_size: 16.0000 (16.0000)  lr: 0.0001 (0.0000)  time: 0.382697  data: 0.000289  max mem: 4727
I20260819 08:00:10 1562207 mum utils.py:218] Training  [ 3100/60000]  eta: 6:05:17  loss: 0.3891 (0.4995)  grad: 0.3325 (0.8638)  batch_size: 16.0000 (16.0000)  lr: 0.0001 (0.0000)  time: 0.397556  data: 0.000388  max mem: 4727
I20260819 08:00:29 1562207 mum utils.py:218] Training  [ 3150/60000]  eta: 6:04:57  loss: 0.4091 (0.4980)  grad: 0.4190 (0.8575)  batch_size: 16.0000 (16.0000)  lr: 0.0001 (0.0000)  time: 0.384196  data: 0.000289  max mem: 4727
I20260819 08:00:49 1562207 mum utils.py:218] Training  [ 3200/60000]  eta: 6:04:48  loss: 0.4271 (0.4967)  grad: 0.5747 (0.8535)  batch_size: 16.0000 (16.0000)  lr: 0.0001 (0.0000)  time: 0.403974  data: 0.000383  max mem: 4727
I20260819 08:01:08 1562207 mum utils.py:218] Training  [ 3250/60000]  eta: 6:04:26  loss: 0.4045 (0.4953)  grad: 0.3995 (0.8474)  batch_size: 16.0000 (16.0000)  lr: 0.0001 (0.0000)  time: 0.382807  data: 0.000277  max mem: 4727
I20260819 08:01:28 1562207 mum utils.py:218] Training  [ 3300/60000]  eta: 6:04:06  loss: 0.4023 (0.4940)  grad: 0.3801 (0.8413)  batch_size: 16.0000 (16.0000)  lr: 0.0001 (0.0000)  time: 0.385507  data: 0.000318  max mem: 4727
I20260819 08:01:47 1562207 mum utils.py:218] Training  [ 3350/60000]  eta: 6:03:46  loss: 0.3893 (0.4926)  grad: 0.3371 (0.8344)  batch_size: 16.0000 (16.0000)  lr: 0.0001 (0.0000)  time: 0.382781  data: 0.000305  max mem: 4727
I20260819 08:02:06 1562207 mum utils.py:218] Training  [ 3400/60000]  eta: 6:03:31  loss: 0.3934 (0.4914)  grad: 0.4520 (0.8308)  batch_size: 16.0000 (16.0000)  lr: 0.0001 (0.0000)  time: 0.383389  data: 0.000265  max mem: 4727
I20260819 08:02:25 1562207 mum utils.py:218] Training  [ 3450/60000]  eta: 6:03:10  loss: 0.3970 (0.4901)  grad: 0.3525 (0.8239)  batch_size: 16.0000 (16.0000)  lr: 0.0001 (0.0000)  time: 0.382552  data: 0.000274  max mem: 4727
I20260819 08:02:45 1562207 mum utils.py:218] Training  [ 3500/60000]  eta: 6:02:50  loss: 0.4034 (0.4889)  grad: 0.3933 (0.8181)  batch_size: 16.0000 (16.0000)  lr: 0.0001 (0.0000)  time: 0.382805  data: 0.000314  max mem: 4727
I20260819 08:03:04 1562207 mum utils.py:218] Training  [ 3550/60000]  eta: 6:02:29  loss: 0.3875 (0.4875)  grad: 0.3687 (0.8119)  batch_size: 16.0000 (16.0000)  lr: 0.0001 (0.0000)  time: 0.383653  data: 0.000285  max mem: 4727
I20260819 08:03:23 1562207 mum utils.py:218] Training  [ 3600/60000]  eta: 6:02:09  loss: 0.4000 (0.4864)  grad: 0.3127 (0.8061)  batch_size: 16.0000 (16.0000)  lr: 0.0001 (0.0000)  time: 0.382798  data: 0.000273  max mem: 4727
I20260819 08:03:42 1562207 mum utils.py:218] Training  [ 3650/60000]  eta: 6:01:48  loss: 0.3859 (0.4853)  grad: 0.2849 (0.8004)  batch_size: 16.0000 (16.0000)  lr: 0.0001 (0.0000)  time: 0.386946  data: 0.000298  max mem: 4727
I20260819 08:04:01 1562207 mum utils.py:218] Training  [ 3700/60000]  eta: 6:01:27  loss: 0.3913 (0.4841)  grad: 0.3395 (0.7953)  batch_size: 16.0000 (16.0000)  lr: 0.0001 (0.0000)  time: 0.381145  data: 0.000262  max mem: 4727
I20260819 08:04:21 1562207 mum utils.py:218] Training  [ 3750/60000]  eta: 6:01:09  loss: 0.3820 (0.4830)  grad: 0.3100 (0.7894)  batch_size: 16.0000 (16.0000)  lr: 0.0001 (0.0000)  time: 0.388659  data: 0.000292  max mem: 4727
I20260819 08:04:40 1562207 mum utils.py:218] Training  [ 3800/60000]  eta: 6:00:52  loss: 0.4058 (0.4820)  grad: 0.3328 (0.7840)  batch_size: 16.0000 (16.0000)  lr: 0.0001 (0.0000)  time: 0.383883  data: 0.000314  max mem: 4727
I20260819 08:04:59 1562207 mum utils.py:218] Training  [ 3850/60000]  eta: 6:00:31  loss: 0.3995 (0.4809)  grad: 0.3039 (0.7783)  batch_size: 16.0000 (16.0000)  lr: 0.0001 (0.0000)  time: 0.383348  data: 0.000298  max mem: 4727
I20260819 08:05:18 1562207 mum utils.py:218] Training  [ 3900/60000]  eta: 6:00:11  loss: 0.4139 (0.4798)  grad: 0.3099 (0.7736)  batch_size: 16.0000 (16.0000)  lr: 0.0001 (0.0000)  time: 0.381994  data: 0.000348  max mem: 4727
I20260819 08:05:38 1562207 mum utils.py:218] Training  [ 3950/60000]  eta: 5:59:52  loss: 0.4036 (0.4787)  grad: 0.3534 (0.7684)  batch_size: 16.0000 (16.0000)  lr: 0.0001 (0.0000)  time: 0.381887  data: 0.000248  max mem: 4727
I20260819 08:05:57 1562207 mum utils.py:218] Training  [ 4000/60000]  eta: 5:59:34  loss: 0.3952 (0.4776)  grad: 0.4445 (0.7652)  batch_size: 16.0000 (16.0000)  lr: 0.0001 (0.0000)  time: 0.387295  data: 0.000281  max mem: 4727
I20260819 08:06:16 1562207 mum utils.py:218] Training  [ 4050/60000]  eta: 5:59:14  loss: 0.3893 (0.4766)  grad: 0.2997 (0.7600)  batch_size: 16.0000 (16.0000)  lr: 0.0001 (0.0000)  time: 0.382897  data: 0.000321  max mem: 4727
I20260819 08:06:35 1562207 mum utils.py:218] Training  [ 4100/60000]  eta: 5:58:54  loss: 0.3787 (0.4756)  grad: 0.3081 (0.7548)  batch_size: 16.0000 (16.0000)  lr: 0.0001 (0.0000)  time: 0.382823  data: 0.000266  max mem: 4727
I20260819 08:06:55 1562207 mum utils.py:218] Training  [ 4150/60000]  eta: 5:58:33  loss: 0.3744 (0.4746)  grad: 0.3165 (0.7515)  batch_size: 16.0000 (16.0000)  lr: 0.0001 (0.0000)  time: 0.384285  data: 0.000330  max mem: 4727
I20260819 08:07:14 1562207 mum utils.py:218] Training  [ 4200/60000]  eta: 5:58:12  loss: 0.3870 (0.4737)  grad: 0.3339 (0.7463)  batch_size: 16.0000 (16.0000)  lr: 0.0001 (0.0000)  time: 0.380754  data: 0.000272  max mem: 4727
I20260819 08:07:33 1562207 mum utils.py:218] Training  [ 4250/60000]  eta: 5:57:52  loss: 0.3907 (0.4727)  grad: 0.2715 (0.7412)  batch_size: 16.0000 (16.0000)  lr: 0.0001 (0.0000)  time: 0.385942  data: 0.000341  max mem: 4727
I20260819 08:07:52 1562207 mum utils.py:218] Training  [ 4300/60000]  eta: 5:57:31  loss: 0.3847 (0.4718)  grad: 0.2689 (0.7371)  batch_size: 16.0000 (16.0000)  lr: 0.0001 (0.0000)  time: 0.382630  data: 0.000368  max mem: 4727
I20260819 08:08:11 1562207 mum utils.py:218] Training  [ 4350/60000]  eta: 5:57:12  loss: 0.4080 (0.4710)  grad: 0.4411 (0.7359)  batch_size: 16.0000 (16.0000)  lr: 0.0001 (0.0000)  time: 0.386942  data: 0.000370  max mem: 4727
I20260819 08:08:30 1562207 mum utils.py:218] Training  [ 4400/60000]  eta: 5:56:51  loss: 0.3870 (0.4702)  grad: 0.2920 (0.7315)  batch_size: 16.0000 (16.0000)  lr: 0.0001 (0.0000)  time: 0.382037  data: 0.000294  max mem: 4727
I20260819 08:08:50 1562207 mum utils.py:218] Training  [ 4450/60000]  eta: 5:56:30  loss: 0.3998 (0.4694)  grad: 0.2801 (0.7269)  batch_size: 16.0000 (16.0000)  lr: 0.0001 (0.0000)  time: 0.385925  data: 0.000389  max mem: 4727
I20260819 08:09:09 1562207 mum utils.py:218] Training  [ 4500/60000]  eta: 5:56:13  loss: 0.3761 (0.4686)  grad: 0.4487 (0.7234)  batch_size: 16.0000 (16.0000)  lr: 0.0001 (0.0000)  time: 0.398243  data: 0.000354  max mem: 4727
I20260819 08:09:28 1562207 mum utils.py:218] Training  [ 4550/60000]  eta: 5:55:52  loss: 0.3826 (0.4678)  grad: 0.3533 (0.7192)  batch_size: 16.0000 (16.0000)  lr: 0.0001 (0.0000)  time: 0.383556  data: 0.000319  max mem: 4727
I20260819 08:09:47 1562207 mum utils.py:218] Training  [ 4600/60000]  eta: 5:55:33  loss: 0.3623 (0.4668)  grad: 0.3080 (0.7150)  batch_size: 16.0000 (16.0000)  lr: 0.0001 (0.0000)  time: 0.383176  data: 0.000311  max mem: 4727
I20260819 08:10:07 1562207 mum utils.py:218] Training  [ 4650/60000]  eta: 5:55:12  loss: 0.3943 (0.4660)  grad: 0.3168 (0.7110)  batch_size: 16.0000 (16.0000)  lr: 0.0001 (0.0000)  time: 0.381039  data: 0.000302  max mem: 4727
I20260819 08:10:26 1562207 mum utils.py:218] Training  [ 4700/60000]  eta: 5:54:51  loss: 0.3915 (0.4653)  grad: 0.2692 (0.7067)  batch_size: 16.0000 (16.0000)  lr: 0.0001 (0.0000)  time: 0.380726  data: 0.000293  max mem: 4727
I20260819 08:10:45 1562207 mum utils.py:218] Training  [ 4750/60000]  eta: 5:54:30  loss: 0.4027 (0.4645)  grad: 0.2796 (0.7026)  batch_size: 16.0000 (16.0000)  lr: 0.0001 (0.0000)  time: 0.382785  data: 0.000367  max mem: 4727
I20260819 08:11:04 1562207 mum utils.py:218] Training  [ 4800/60000]  eta: 5:54:12  loss: 0.3814 (0.4638)  grad: 0.3178 (0.6991)  batch_size: 16.0000 (16.0000)  lr: 0.0001 (0.0000)  time: 0.381604  data: 0.000276  max mem: 4727
I20260819 08:11:23 1562207 mum utils.py:218] Training  [ 4850/60000]  eta: 5:53:54  loss: 0.4054 (0.4630)  grad: 0.2699 (0.6949)  batch_size: 16.0000 (16.0000)  lr: 0.0001 (0.0000)  time: 0.385176  data: 0.000348  max mem: 4727
I20260819 08:11:43 1562207 mum utils.py:218] Training  [ 4900/60000]  eta: 5:53:34  loss: 0.3991 (0.4623)  grad: 0.3079 (0.6915)  batch_size: 16.0000 (16.0000)  lr: 0.0001 (0.0000)  time: 0.382069  data: 0.000295  max mem: 4727
I20260819 08:12:02 1562207 mum utils.py:218] Training  [ 4950/60000]  eta: 5:53:14  loss: 0.3946 (0.4616)  grad: 0.2785 (0.6881)  batch_size: 16.0000 (16.0000)  lr: 0.0001 (0.0000)  time: 0.386856  data: 0.000341  max mem: 4727
I20260819 08:12:21 1562207 mum utils.py:218] Training  [ 5000/60000]  eta: 5:52:55  loss: 0.3936 (0.4608)  grad: 0.2709 (0.6846)  batch_size: 16.0000 (16.0000)  lr: 0.0001 (0.0000)  time: 0.382449  data: 0.000323  max mem: 4727
I20260819 08:12:40 1562207 mum utils.py:218] Training  [ 5050/60000]  eta: 5:52:35  loss: 0.3745 (0.4601)  grad: 0.2555 (0.6809)  batch_size: 16.0000 (16.0000)  lr: 0.0001 (0.0000)  time: 0.387257  data: 0.000358  max mem: 4727
I20260819 08:13:00 1562207 mum utils.py:218] Training  [ 5100/60000]  eta: 5:52:16  loss: 0.3857 (0.4593)  grad: 0.3081 (0.6771)  batch_size: 16.0000 (16.0000)  lr: 0.0001 (0.0000)  time: 0.382626  data: 0.000309  max mem: 4727
I20260819 08:13:19 1562207 mum utils.py:218] Training  [ 5150/60000]  eta: 5:51:55  loss: 0.3675 (0.4586)  grad: 0.3347 (0.6750)  batch_size: 16.0000 (16.0000)  lr: 0.0001 (0.0000)  time: 0.383163  data: 0.000282  max mem: 4727
I20260819 08:13:38 1562207 mum utils.py:218] Training  [ 5200/60000]  eta: 5:51:36  loss: 0.3972 (0.4579)  grad: 0.2940 (0.6716)  batch_size: 16.0000 (16.0000)  lr: 0.0001 (0.0000)  time: 0.381741  data: 0.000296  max mem: 4727
I20260819 08:13:57 1562207 mum utils.py:218] Training  [ 5250/60000]  eta: 5:51:15  loss: 0.3859 (0.4572)  grad: 0.3129 (0.6678)  batch_size: 16.0000 (16.0000)  lr: 0.0001 (0.0000)  time: 0.380030  data: 0.000311  max mem: 4727
I20260819 08:14:16 1562207 mum utils.py:218] Training  [ 5300/60000]  eta: 5:50:57  loss: 0.3841 (0.4566)  grad: 0.3399 (0.6647)  batch_size: 16.0000 (16.0000)  lr: 0.0001 (0.0000)  time: 0.383335  data: 0.000294  max mem: 4727
I20260819 08:14:36 1562207 mum utils.py:218] Training  [ 5350/60000]  eta: 5:50:38  loss: 0.3875 (0.4560)  grad: 0.2273 (0.6612)  batch_size: 16.0000 (16.0000)  lr: 0.0001 (0.0000)  time: 0.391729  data: 0.000304  max mem: 4727
I20260819 08:14:55 1562207 mum utils.py:218] Training  [ 5400/60000]  eta: 5:50:19  loss: 0.3714 (0.4553)  grad: 0.3371 (0.6583)  batch_size: 16.0000 (16.0000)  lr: 0.0001 (0.0000)  time: 0.382497  data: 0.000277  max mem: 4727
I20260819 08:15:14 1562207 mum utils.py:218] Training  [ 5450/60000]  eta: 5:50:01  loss: 0.3787 (0.4547)  grad: 0.3099 (0.6553)  batch_size: 16.0000 (16.0000)  lr: 0.0001 (0.0000)  time: 0.381536  data: 0.000275  max mem: 4727
I20260819 08:15:34 1562207 mum utils.py:218] Training  [ 5500/60000]  eta: 5:49:42  loss: 0.3649 (0.4540)  grad: 0.2290 (0.6524)  batch_size: 16.0000 (16.0000)  lr: 0.0001 (0.0000)  time: 0.383568  data: 0.000282  max mem: 4727
I20260819 08:15:53 1562207 mum utils.py:218] Training  [ 5550/60000]  eta: 5:49:22  loss: 0.3821 (0.4534)  grad: 0.3203 (0.6493)  batch_size: 16.0000 (16.0000)  lr: 0.0001 (0.0000)  time: 0.383607  data: 0.000269  max mem: 4727
I20260819 08:16:12 1562207 mum utils.py:218] Training  [ 5600/60000]  eta: 5:49:02  loss: 0.3933 (0.4529)  grad: 0.2684 (0.6460)  batch_size: 16.0000 (16.0000)  lr: 0.0001 (0.0000)  time: 0.382323  data: 0.000300  max mem: 4727
I20260819 08:16:31 1562207 mum utils.py:218] Training  [ 5650/60000]  eta: 5:48:43  loss: 0.3885 (0.4523)  grad: 0.2599 (0.6428)  batch_size: 16.0000 (16.0000)  lr: 0.0001 (0.0000)  time: 0.387114  data: 0.000381  max mem: 4727
I20260819 08:16:50 1562207 mum utils.py:218] Training  [ 5700/60000]  eta: 5:48:22  loss: 0.3905 (0.4517)  grad: 0.2562 (0.6398)  batch_size: 16.0000 (16.0000)  lr: 0.0001 (0.0000)  time: 0.381932  data: 0.000286  max mem: 4727
I20260819 08:17:10 1562207 mum utils.py:218] Training  [ 5750/60000]  eta: 5:48:03  loss: 0.3788 (0.4511)  grad: 0.2627 (0.6367)  batch_size: 16.0000 (16.0000)  lr: 0.0001 (0.0000)  time: 0.386352  data: 0.000370  max mem: 4727
I20260819 08:17:29 1562207 mum utils.py:218] Training  [ 5800/60000]  eta: 5:47:43  loss: 0.3826 (0.4506)  grad: 0.3351 (0.6343)  batch_size: 16.0000 (16.0000)  lr: 0.0001 (0.0000)  time: 0.382466  data: 0.000307  max mem: 4727
I20260819 08:17:48 1562207 mum utils.py:218] Training  [ 5850/60000]  eta: 5:47:24  loss: 0.3760 (0.4500)  grad: 0.2941 (0.6315)  batch_size: 16.0000 (16.0000)  lr: 0.0001 (0.0000)  time: 0.386040  data: 0.000402  max mem: 4727
I20260819 08:18:07 1562207 mum utils.py:218] Training  [ 5900/60000]  eta: 5:47:04  loss: 0.3637 (0.4493)  grad: 0.2323 (0.6282)  batch_size: 16.0000 (16.0000)  lr: 0.0001 (0.0000)  time: 0.383065  data: 0.000313  max mem: 4727
I20260819 08:18:27 1562207 mum utils.py:218] Training  [ 5950/60000]  eta: 5:46:46  loss: 0.3925 (0.4488)  grad: 0.3410 (0.6257)  batch_size: 16.0000 (16.0000)  lr: 0.0001 (0.0000)  time: 0.382710  data: 0.000309  max mem: 4727
Building dynamic dataloader with seed: 42
Randomly sampling [3, 3] frames
TravelUAVDataset (val): 767 scenes, 39921 frames (total 15348 scenes, split_ratio=0.95).
ComposedDataset created from 1 datasets: ['TravelUAVDataset:DATA_DIR=/data2/student1_ly/datasets/OpenUAV-QA/TravelUAV_dataset:SPLIT=val']
[step 6000] val loss: 0.3909
I20260819 08:19:22 1562207 mum utils.py:218] Training  [ 6000/60000]  eta: 5:51:51  loss: 0.3848 (0.4483)  grad: 0.2666 (0.6229)  batch_size: 16.0000 (16.0000)  lr: 0.0001 (0.0000)  time: 2.179885  data: 0.000307  max mem: 4727
I20260819 08:19:41 1562207 mum utils.py:218] Training  [ 6050/60000]  eta: 5:51:28  loss: 0.3693 (0.4478)  grad: 0.2525 (0.6201)  batch_size: 16.0000 (16.0000)  lr: 0.0001 (0.0000)  time: 0.384333  data: 0.000331  max mem: 4727
I20260819 08:20:00 1562207 mum utils.py:218] Training  [ 6100/60000]  eta: 5:51:07  loss: 0.3895 (0.4472)  grad: 0.2792 (0.6175)  batch_size: 16.0000 (16.0000)  lr: 0.0001 (0.0000)  time: 0.392793  data: 0.000295  max mem: 4727
I20260819 08:20:20 1562207 mum utils.py:218] Training  [ 6150/60000]  eta: 5:50:45  loss: 0.3740 (0.4467)  grad: 0.2464 (0.6153)  batch_size: 16.0000 (16.0000)  lr: 0.0001 (0.0000)  time: 0.382985  data: 0.000296  max mem: 4727
I20260819 08:20:39 1562207 mum utils.py:218] Training  [ 6200/60000]  eta: 5:50:21  loss: 0.3888 (0.4462)  grad: 0.2449 (0.6126)  batch_size: 16.0000 (16.0000)  lr: 0.0001 (0.0000)  time: 0.382684  data: 0.000281  max mem: 4727
I20260819 08:20:58 1562207 mum utils.py:218] Training  [ 6250/60000]  eta: 5:49:59  loss: 0.3696 (0.4457)  grad: 0.2615 (0.6102)  batch_size: 16.0000 (16.0000)  lr: 0.0001 (0.0000)  time: 0.384611  data: 0.000337  max mem: 4727
I20260819 08:21:17 1562207 mum utils.py:218] Training  [ 6300/60000]  eta: 5:49:37  loss: 0.3713 (0.4451)  grad: 0.2741 (0.6076)  batch_size: 16.0000 (16.0000)  lr: 0.0001 (0.0000)  time: 0.383077  data: 0.000323  max mem: 4727
I20260819 08:21:36 1562207 mum utils.py:218] Training  [ 6350/60000]  eta: 5:49:15  loss: 0.3776 (0.4447)  grad: 0.2367 (0.6055)  batch_size: 16.0000 (16.0000)  lr: 0.0001 (0.0000)  time: 0.386576  data: 0.000367  max mem: 4727
I20260819 08:21:56 1562207 mum utils.py:218] Training  [ 6400/60000]  eta: 5:48:56  loss: 0.3867 (0.4442)  grad: 0.3011 (0.6031)  batch_size: 16.0000 (16.0000)  lr: 0.0001 (0.0000)  time: 0.381895  data: 0.000314  max mem: 4727
I20260819 08:22:15 1562207 mum utils.py:218] Training  [ 6450/60000]  eta: 5:48:35  loss: 0.3741 (0.4438)  grad: 0.2622 (0.6009)  batch_size: 16.0000 (16.0000)  lr: 0.0001 (0.0000)  time: 0.386824  data: 0.000344  max mem: 4727
I20260819 08:22:35 1562207 mum utils.py:218] Training  [ 6500/60000]  eta: 5:48:12  loss: 0.3722 (0.4433)  grad: 0.2496 (0.5991)  batch_size: 16.0000 (16.0000)  lr: 0.0001 (0.0000)  time: 0.382957  data: 0.000355  max mem: 4727
I20260819 08:22:54 1562207 mum utils.py:218] Training  [ 6550/60000]  eta: 5:47:50  loss: 0.3805 (0.4428)  grad: 0.2626 (0.5967)  batch_size: 16.0000 (16.0000)  lr: 0.0001 (0.0000)  time: 0.381733  data: 0.000269  max mem: 4727
I20260819 08:23:13 1562207 mum utils.py:218] Training  [ 6600/60000]  eta: 5:47:27  loss: 0.3793 (0.4424)  grad: 0.2336 (0.5941)  batch_size: 16.0000 (16.0000)  lr: 0.0001 (0.0000)  time: 0.383382  data: 0.000279  max mem: 4727
I20260819 08:23:32 1562207 mum utils.py:218] Training  [ 6650/60000]  eta: 5:47:05  loss: 0.4045 (0.4420)  grad: 0.2564 (0.5916)  batch_size: 16.0000 (16.0000)  lr: 0.0001 (0.0000)  time: 0.381648  data: 0.000333  max mem: 4727
I20260819 08:23:51 1562207 mum utils.py:218] Training  [ 6700/60000]  eta: 5:46:43  loss: 0.3721 (0.4415)  grad: 0.2194 (0.5892)  batch_size: 16.0000 (16.0000)  lr: 0.0001 (0.0000)  time: 0.382570  data: 0.000302  max mem: 4727
I20260819 08:24:10 1562207 mum utils.py:218] Training  [ 6750/60000]  eta: 5:46:21  loss: 0.4022 (0.4411)  grad: 0.2472 (0.5867)  batch_size: 16.0000 (16.0000)  lr: 0.0001 (0.0000)  time: 0.383710  data: 0.000347  max mem: 4727
I20260819 08:24:30 1562207 mum utils.py:218] Training  [ 6800/60000]  eta: 5:45:58  loss: 0.3946 (0.4407)  grad: 0.2692 (0.5848)  batch_size: 16.0000 (16.0000)  lr: 0.0001 (0.0000)  time: 0.383451  data: 0.000335  max mem: 4727
I20260819 08:24:49 1562207 mum utils.py:218] Training  [ 6850/60000]  eta: 5:45:36  loss: 0.3877 (0.4403)  grad: 0.2633 (0.5825)  batch_size: 16.0000 (16.0000)  lr: 0.0001 (0.0000)  time: 0.381237  data: 0.000271  max mem: 4727
I20260819 08:25:08 1562207 mum utils.py:218] Training  [ 6900/60000]  eta: 5:45:14  loss: 0.3567 (0.4398)  grad: 0.2602 (0.5801)  batch_size: 16.0000 (16.0000)  lr: 0.0001 (0.0000)  time: 0.385154  data: 0.000353  max mem: 4727
I20260819 08:25:27 1562207 mum utils.py:218] Training  [ 6950/60000]  eta: 5:44:51  loss: 0.3616 (0.4394)  grad: 0.3126 (0.5780)  batch_size: 16.0000 (16.0000)  lr: 0.0001 (0.0000)  time: 0.384366  data: 0.000314  max mem: 4727
I20260819 08:25:46 1562207 mum utils.py:218] Training  [ 7000/60000]  eta: 5:44:31  loss: 0.3705 (0.4389)  grad: 0.2835 (0.5761)  batch_size: 16.0000 (16.0000)  lr: 0.0001 (0.0000)  time: 0.385737  data: 0.000366  max mem: 4727
I20260819 08:26:05 1562207 mum utils.py:218] Training  [ 7050/60000]  eta: 5:44:08  loss: 0.3775 (0.4385)  grad: 0.2386 (0.5740)  batch_size: 16.0000 (16.0000)  lr: 0.0001 (0.0000)  time: 0.382892  data: 0.000305  max mem: 4727
I20260819 08:26:25 1562207 mum utils.py:218] Training  [ 7100/60000]  eta: 5:43:47  loss: 0.3940 (0.4381)  grad: 0.2257 (0.5718)  batch_size: 16.0000 (16.0000)  lr: 0.0001 (0.0000)  time: 0.386137  data: 0.000341  max mem: 4727
I20260819 08:26:44 1562207 mum utils.py:218] Training  [ 7150/60000]  eta: 5:43:25  loss: 0.3912 (0.4377)  grad: 0.2551 (0.5696)  batch_size: 16.0000 (16.0000)  lr: 0.0001 (0.0000)  time: 0.383249  data: 0.000306  max mem: 4727
I20260819 08:27:03 1562207 mum utils.py:218] Training  [ 7200/60000]  eta: 5:43:04  loss: 0.3678 (0.4373)  grad: 0.2576 (0.5674)  batch_size: 16.0000 (16.0000)  lr: 0.0001 (0.0000)  time: 0.385279  data: 0.000383  max mem: 4727
I20260819 08:27:22 1562207 mum utils.py:218] Training  [ 7250/60000]  eta: 5:42:41  loss: 0.3636 (0.4369)  grad: 0.2153 (0.5653)  batch_size: 16.0000 (16.0000)  lr: 0.0001 (0.0000)  time: 0.382220  data: 0.000315  max mem: 4727
I20260819 08:27:41 1562207 mum utils.py:218] Training  [ 7300/60000]  eta: 5:42:19  loss: 0.3801 (0.4365)  grad: 0.2690 (0.5631)  batch_size: 16.0000 (16.0000)  lr: 0.0001 (0.0000)  time: 0.383684  data: 0.000326  max mem: 4727
I20260819 08:28:00 1562207 mum utils.py:218] Training  [ 7350/60000]  eta: 5:41:57  loss: 0.3699 (0.4361)  grad: 0.2745 (0.5616)  batch_size: 16.0000 (16.0000)  lr: 0.0001 (0.0000)  time: 0.381955  data: 0.000320  max mem: 4727
I20260819 08:28:20 1562207 mum utils.py:218] Training  [ 7400/60000]  eta: 5:41:36  loss: 0.3751 (0.4356)  grad: 0.2756 (0.5596)  batch_size: 16.0000 (16.0000)  lr: 0.0001 (0.0000)  time: 0.386691  data: 0.000335  max mem: 4727
I20260819 08:28:39 1562207 mum utils.py:218] Training  [ 7450/60000]  eta: 5:41:14  loss: 0.3829 (0.4353)  grad: 0.2196 (0.5575)  batch_size: 16.0000 (16.0000)  lr: 0.0001 (0.0000)  time: 0.382117  data: 0.000300  max mem: 4727
I20260819 08:28:58 1562207 mum utils.py:218] Training  [ 7500/60000]  eta: 5:40:52  loss: 0.3822 (0.4349)  grad: 0.2567 (0.5560)  batch_size: 16.0000 (16.0000)  lr: 0.0001 (0.0000)  time: 0.384668  data: 0.000334  max mem: 4727
I20260819 08:29:18 1562207 mum utils.py:218] Training  [ 7550/60000]  eta: 5:40:34  loss: 0.3916 (0.4346)  grad: 0.2179 (0.5538)  batch_size: 16.0000 (16.0000)  lr: 0.0001 (0.0000)  time: 0.388898  data: 0.000337  max mem: 4727
I20260819 08:29:37 1562207 mum utils.py:218] Training  [ 7600/60000]  eta: 5:40:12  loss: 0.3705 (0.4342)  grad: 0.2041 (0.5518)  batch_size: 16.0000 (16.0000)  lr: 0.0001 (0.0000)  time: 0.381867  data: 0.000262  max mem: 4727
I20260819 08:29:56 1562207 mum utils.py:218] Training  [ 7650/60000]  eta: 5:39:50  loss: 0.4009 (0.4339)  grad: 0.2466 (0.5499)  batch_size: 16.0000 (16.0000)  lr: 0.0001 (0.0000)  time: 0.383704  data: 0.000314  max mem: 4727
I20260819 08:30:15 1562207 mum utils.py:218] Training  [ 7700/60000]  eta: 5:39:29  loss: 0.3710 (0.4336)  grad: 0.2288 (0.5480)  batch_size: 16.0000 (16.0000)  lr: 0.0001 (0.0000)  time: 0.383290  data: 0.000365  max mem: 4727
I20260819 08:30:34 1562207 mum utils.py:218] Training  [ 7750/60000]  eta: 5:39:08  loss: 0.3754 (0.4332)  grad: 0.2336 (0.5461)  batch_size: 16.0000 (16.0000)  lr: 0.0001 (0.0000)  time: 0.383333  data: 0.000301  max mem: 4727
I20260819 08:30:54 1562207 mum utils.py:218] Training  [ 7800/60000]  eta: 5:38:48  loss: 0.3812 (0.4328)  grad: 0.2630 (0.5442)  batch_size: 16.0000 (16.0000)  lr: 0.0001 (0.0000)  time: 0.389772  data: 0.000336  max mem: 4727
I20260819 08:31:13 1562207 mum utils.py:218] Training  [ 7850/60000]  eta: 5:38:27  loss: 0.3795 (0.4324)  grad: 0.2170 (0.5424)  batch_size: 16.0000 (16.0000)  lr: 0.0001 (0.0000)  time: 0.388284  data: 0.000328  max mem: 4727
I20260819 08:31:32 1562207 mum utils.py:218] Training  [ 7900/60000]  eta: 5:38:06  loss: 0.3702 (0.4321)  grad: 0.2596 (0.5408)  batch_size: 16.0000 (16.0000)  lr: 0.0001 (0.0000)  time: 0.384178  data: 0.000307  max mem: 4727
I20260819 08:31:51 1562207 mum utils.py:218] Training  [ 7950/60000]  eta: 5:37:45  loss: 0.3656 (0.4318)  grad: 0.2702 (0.5390)  batch_size: 16.0000 (16.0000)  lr: 0.0001 (0.0000)  time: 0.388777  data: 0.000387  max mem: 4727
I20260819 08:32:11 1562207 mum utils.py:218] Training  [ 8000/60000]  eta: 5:37:24  loss: 0.3562 (0.4314)  grad: 0.2360 (0.5371)  batch_size: 16.0000 (16.0000)  lr: 0.0001 (0.0000)  time: 0.382942  data: 0.000311  max mem: 4727
I20260819 08:32:30 1562207 mum utils.py:218] Training  [ 8050/60000]  eta: 5:37:04  loss: 0.3894 (0.4311)  grad: 0.2392 (0.5353)  batch_size: 16.0000 (16.0000)  lr: 0.0001 (0.0000)  time: 0.389679  data: 0.000334  max mem: 4727
I20260819 08:32:49 1562207 mum utils.py:218] Training  [ 8100/60000]  eta: 5:36:44  loss: 0.3669 (0.4307)  grad: 0.2145 (0.5337)  batch_size: 16.0000 (16.0000)  lr: 0.0001 (0.0000)  time: 0.386858  data: 0.000278  max mem: 4727
I20260819 08:33:09 1562207 mum utils.py:218] Training  [ 8150/60000]  eta: 5:36:22  loss: 0.3733 (0.4304)  grad: 0.2360 (0.5318)  batch_size: 16.0000 (16.0000)  lr: 0.0001 (0.0000)  time: 0.381815  data: 0.000263  max mem: 4727
I20260819 08:33:28 1562207 mum utils.py:218] Training  [ 8200/60000]  eta: 5:36:02  loss: 0.3677 (0.4300)  grad: 0.2139 (0.5303)  batch_size: 16.0000 (16.0000)  lr: 0.0001 (0.0000)  time: 0.386263  data: 0.000284  max mem: 4727
I20260819 08:33:47 1562207 mum utils.py:218] Training  [ 8250/60000]  eta: 5:35:40  loss: 0.3759 (0.4297)  grad: 0.2347 (0.5285)  batch_size: 16.0000 (16.0000)  lr: 0.0001 (0.0000)  time: 0.382674  data: 0.000293  max mem: 4727
I20260819 08:34:06 1562207 mum utils.py:218] Training  [ 8300/60000]  eta: 5:35:19  loss: 0.3768 (0.4294)  grad: 0.2878 (0.5270)  batch_size: 16.0000 (16.0000)  lr: 0.0001 (0.0000)  time: 0.381890  data: 0.000278  max mem: 4727
I20260819 08:34:26 1562207 mum utils.py:218] Training  [ 8350/60000]  eta: 5:34:59  loss: 0.3812 (0.4291)  grad: 0.2173 (0.5253)  batch_size: 16.0000 (16.0000)  lr: 0.0001 (0.0000)  time: 0.383380  data: 0.000275  max mem: 4727
I20260819 08:34:45 1562207 mum utils.py:218] Training  [ 8400/60000]  eta: 5:34:38  loss: 0.3689 (0.4288)  grad: 0.2144 (0.5253)  batch_size: 16.0000 (16.0000)  lr: 0.0001 (0.0000)  time: 0.383137  data: 0.000332  max mem: 4727
I20260819 08:35:03 1562207 mum utils.py:218] Training  [ 8450/60000]  eta: 5:34:13  loss: 0.3807 (0.4285)  grad: 0.2191 (0.5235)  batch_size: 16.0000 (16.0000)  lr: 0.0001 (0.0000)  time: 0.370588  data: 0.000307  max mem: 4727
I20260819 08:35:22 1562207 mum utils.py:218] Training  [ 8500/60000]  eta: 5:33:51  loss: 0.3733 (0.4282)  grad: 0.2351 (0.5219)  batch_size: 16.0000 (16.0000)  lr: 0.0001 (0.0000)  time: 0.382053  data: 0.000317  max mem: 4727
I20260819 08:35:41 1562207 mum utils.py:218] Training  [ 8550/60000]  eta: 5:33:28  loss: 0.3738 (0.4279)  grad: 0.2664 (0.5204)  batch_size: 16.0000 (16.0000)  lr: 0.0001 (0.0000)  time: 0.377906  data: 0.000271  max mem: 4727
I20260819 08:36:00 1562207 mum utils.py:218] Training  [ 8600/60000]  eta: 5:33:05  loss: 0.3788 (0.4277)  grad: 0.2157 (0.5189)  batch_size: 16.0000 (16.0000)  lr: 0.0001 (0.0000)  time: 0.381289  data: 0.000372  max mem: 4727
I20260819 08:36:19 1562207 mum utils.py:218] Training  [ 8650/60000]  eta: 5:32:42  loss: 0.3979 (0.4274)  grad: 0.2391 (0.5174)  batch_size: 16.0000 (16.0000)  lr: 0.0001 (0.0000)  time: 0.378177  data: 0.000283  max mem: 4727
I20260819 08:36:38 1562207 mum utils.py:218] Training  [ 8700/60000]  eta: 5:32:20  loss: 0.3645 (0.4271)  grad: 0.2295 (0.5158)  batch_size: 16.0000 (16.0000)  lr: 0.0001 (0.0000)  time: 0.380748  data: 0.000292  max mem: 4727
I20260819 08:36:57 1562207 mum utils.py:218] Training  [ 8750/60000]  eta: 5:31:57  loss: 0.3690 (0.4268)  grad: 0.2417 (0.5144)  batch_size: 16.0000 (16.0000)  lr: 0.0001 (0.0000)  time: 0.377991  data: 0.000321  max mem: 4727
I20260819 08:37:16 1562207 mum utils.py:218] Training  [ 8800/60000]  eta: 5:31:35  loss: 0.3622 (0.4265)  grad: 0.2201 (0.5129)  batch_size: 16.0000 (16.0000)  lr: 0.0001 (0.0000)  time: 0.385223  data: 0.000310  max mem: 4727
I20260819 08:37:35 1562207 mum utils.py:218] Training  [ 8850/60000]  eta: 5:31:12  loss: 0.3897 (0.4262)  grad: 0.2071 (0.5112)  batch_size: 16.0000 (16.0000)  lr: 0.0001 (0.0000)  time: 0.377854  data: 0.000273  max mem: 4727
I20260819 08:37:54 1562207 mum utils.py:218] Training  [ 8900/60000]  eta: 5:30:50  loss: 0.3642 (0.4259)  grad: 0.2252 (0.5099)  batch_size: 16.0000 (16.0000)  lr: 0.0001 (0.0000)  time: 0.381844  data: 0.000346  max mem: 4727
I20260819 08:38:13 1562207 mum utils.py:218] Training  [ 8950/60000]  eta: 5:30:30  loss: 0.3806 (0.4256)  grad: 0.2571 (0.5088)  batch_size: 16.0000 (16.0000)  lr: 0.0001 (0.0000)  time: 0.391193  data: 0.000329  max mem: 4727
I20260819 08:38:32 1562207 mum utils.py:218] Training  [ 9000/60000]  eta: 5:30:09  loss: 0.3722 (0.4253)  grad: 0.2143 (0.5072)  batch_size: 16.0000 (16.0000)  lr: 0.0001 (0.0000)  time: 0.383579  data: 0.000306  max mem: 4727
I20260819 08:38:51 1562207 mum utils.py:218] Training  [ 9050/60000]  eta: 5:29:48  loss: 0.3713 (0.4251)  grad: 0.2157 (0.5056)  batch_size: 16.0000 (16.0000)  lr: 0.0001 (0.0000)  time: 0.382355  data: 0.000243  max mem: 4727
I20260819 08:39:10 1562207 mum utils.py:218] Training  [ 9100/60000]  eta: 5:29:28  loss: 0.3647 (0.4248)  grad: 0.1872 (0.5040)  batch_size: 16.0000 (16.0000)  lr: 0.0001 (0.0000)  time: 0.387645  data: 0.000349  max mem: 4727
I20260819 08:39:30 1562207 mum utils.py:218] Training  [ 9150/60000]  eta: 5:29:07  loss: 0.3689 (0.4245)  grad: 0.2055 (0.5025)  batch_size: 16.0000 (16.0000)  lr: 0.0001 (0.0000)  time: 0.383911  data: 0.000276  max mem: 4727
I20260819 08:39:49 1562207 mum utils.py:218] Training  [ 9200/60000]  eta: 5:28:46  loss: 0.3680 (0.4242)  grad: 0.2127 (0.5010)  batch_size: 16.0000 (16.0000)  lr: 0.0001 (0.0000)  time: 0.385763  data: 0.000318  max mem: 4727
I20260819 08:40:08 1562207 mum utils.py:218] Training  [ 9250/60000]  eta: 5:28:27  loss: 0.3873 (0.4240)  grad: 0.2030 (0.4994)  batch_size: 16.0000 (16.0000)  lr: 0.0001 (0.0000)  time: 0.382181  data: 0.000303  max mem: 4727
I20260819 08:40:27 1562207 mum utils.py:218] Training  [ 9300/60000]  eta: 5:28:06  loss: 0.3729 (0.4237)  grad: 0.2405 (0.4981)  batch_size: 16.0000 (16.0000)  lr: 0.0001 (0.0000)  time: 0.382226  data: 0.000282  max mem: 4727
I20260819 08:40:47 1562207 mum utils.py:218] Training  [ 9350/60000]  eta: 5:27:45  loss: 0.3692 (0.4234)  grad: 0.2109 (0.4967)  batch_size: 16.0000 (16.0000)  lr: 0.0001 (0.0000)  time: 0.381075  data: 0.000279  max mem: 4727
I20260819 08:41:06 1562207 mum utils.py:218] Training  [ 9400/60000]  eta: 5:27:24  loss: 0.3704 (0.4232)  grad: 0.2290 (0.4955)  batch_size: 16.0000 (16.0000)  lr: 0.0001 (0.0000)  time: 0.382708  data: 0.000297  max mem: 4727
I20260819 08:41:25 1562207 mum utils.py:218] Training  [ 9450/60000]  eta: 5:27:04  loss: 0.3588 (0.4229)  grad: 0.2199 (0.4942)  batch_size: 16.0000 (16.0000)  lr: 0.0001 (0.0000)  time: 0.387006  data: 0.000284  max mem: 4727
I20260819 08:41:44 1562207 mum utils.py:218] Training  [ 9500/60000]  eta: 5:26:44  loss: 0.3797 (0.4227)  grad: 0.2252 (0.4929)  batch_size: 16.0000 (16.0000)  lr: 0.0001 (0.0000)  time: 0.386396  data: 0.000305  max mem: 4727
I20260819 08:42:04 1562207 mum utils.py:218] Training  [ 9550/60000]  eta: 5:26:25  loss: 0.3686 (0.4224)  grad: 0.2348 (0.4918)  batch_size: 16.0000 (16.0000)  lr: 0.0001 (0.0000)  time: 0.383839  data: 0.000281  max mem: 4727
I20260819 08:42:23 1562207 mum utils.py:218] Training  [ 9600/60000]  eta: 5:26:04  loss: 0.3605 (0.4221)  grad: 0.2030 (0.4907)  batch_size: 16.0000 (16.0000)  lr: 0.0001 (0.0000)  time: 0.383388  data: 0.000284  max mem: 4727
I20260819 08:42:42 1562207 mum utils.py:218] Training  [ 9650/60000]  eta: 5:25:43  loss: 0.3766 (0.4219)  grad: 0.2286 (0.4894)  batch_size: 16.0000 (16.0000)  lr: 0.0001 (0.0000)  time: 0.382782  data: 0.000255  max mem: 4727
I20260819 08:43:01 1562207 mum utils.py:218] Training  [ 9700/60000]  eta: 5:25:22  loss: 0.3786 (0.4217)  grad: 0.2100 (0.4881)  batch_size: 16.0000 (16.0000)  lr: 0.0001 (0.0000)  time: 0.383735  data: 0.000316  max mem: 4727
I20260819 08:43:21 1562207 mum utils.py:218] Training  [ 9750/60000]  eta: 5:25:03  loss: 0.3819 (0.4214)  grad: 0.2709 (0.4869)  batch_size: 16.0000 (16.0000)  lr: 0.0001 (0.0000)  time: 0.389154  data: 0.000286  max mem: 4727
I20260819 08:43:40 1562207 mum utils.py:218] Training  [ 9800/60000]  eta: 5:24:42  loss: 0.3727 (0.4211)  grad: 0.2418 (0.4859)  batch_size: 16.0000 (16.0000)  lr: 0.0001 (0.0000)  time: 0.381855  data: 0.000313  max mem: 4727
I20260819 08:43:59 1562207 mum utils.py:218] Training  [ 9850/60000]  eta: 5:24:22  loss: 0.3472 (0.4209)  grad: 0.1983 (0.4846)  batch_size: 16.0000 (16.0000)  lr: 0.0001 (0.0000)  time: 0.384313  data: 0.000298  max mem: 4727
I20260819 08:44:18 1562207 mum utils.py:218] Training  [ 9900/60000]  eta: 5:24:02  loss: 0.3795 (0.4206)  grad: 0.2207 (0.4833)  batch_size: 16.0000 (16.0000)  lr: 0.0001 (0.0000)  time: 0.383209  data: 0.000312  max mem: 4727
I20260819 08:44:37 1562207 mum utils.py:218] Training  [ 9950/60000]  eta: 5:23:41  loss: 0.3502 (0.4203)  grad: 0.1970 (0.4821)  batch_size: 16.0000 (16.0000)  lr: 0.0001 (0.0000)  time: 0.381984  data: 0.000272  max mem: 4727
I20260819 08:44:56 1562207 mum utils.py:218] Training  [10000/60000]  eta: 5:23:20  loss: 0.3791 (0.4200)  grad: 0.2436 (0.4809)  batch_size: 16.0000 (16.0000)  lr: 0.0001 (0.0000)  time: 0.387143  data: 0.000290  max mem: 4727
I20260819 08:45:16 1562207 mum utils.py:218] Training  [10050/60000]  eta: 5:23:00  loss: 0.3741 (0.4198)  grad: 0.2064 (0.4796)  batch_size: 16.0000 (16.0000)  lr: 0.0001 (0.0000)  time: 0.382856  data: 0.000289  max mem: 4727
I20260819 08:45:35 1562207 mum utils.py:218] Training  [10100/60000]  eta: 5:22:41  loss: 0.3816 (0.4196)  grad: 0.2255 (0.4783)  batch_size: 16.0000 (16.0000)  lr: 0.0001 (0.0000)  time: 0.384360  data: 0.000308  max mem: 4727
I20260819 08:45:54 1562207 mum utils.py:218] Training  [10150/60000]  eta: 5:22:20  loss: 0.3810 (0.4194)  grad: 0.2295 (0.4773)  batch_size: 16.0000 (16.0000)  lr: 0.0001 (0.0000)  time: 0.381834  data: 0.000280  max mem: 4727
I20260819 08:46:13 1562207 mum utils.py:218] Training  [10200/60000]  eta: 5:21:59  loss: 0.3706 (0.4191)  grad: 0.2025 (0.4761)  batch_size: 16.0000 (16.0000)  lr: 0.0001 (0.0000)  time: 0.386328  data: 0.000311  max mem: 4727
I20260819 08:46:32 1562207 mum utils.py:218] Training  [10250/60000]  eta: 5:21:38  loss: 0.3766 (0.4189)  grad: 0.2116 (0.4753)  batch_size: 16.0000 (16.0000)  lr: 0.0001 (0.0001)  time: 0.380711  data: 0.000326  max mem: 4727
I20260819 08:46:52 1562207 mum utils.py:218] Training  [10300/60000]  eta: 5:21:19  loss: 0.3719 (0.4187)  grad: 0.3035 (0.4745)  batch_size: 16.0000 (16.0000)  lr: 0.0001 (0.0001)  time: 0.397352  data: 0.001049  max mem: 4727
I20260819 08:47:11 1562207 mum utils.py:218] Training  [10350/60000]  eta: 5:20:59  loss: 0.3708 (0.4184)  grad: 0.1771 (0.4733)  batch_size: 16.0000 (16.0000)  lr: 0.0001 (0.0001)  time: 0.392527  data: 0.000301  max mem: 4727
I20260819 08:47:30 1562207 mum utils.py:218] Training  [10400/60000]  eta: 5:20:39  loss: 0.3654 (0.4182)  grad: 0.2231 (0.4722)  batch_size: 16.0000 (16.0000)  lr: 0.0001 (0.0001)  time: 0.387874  data: 0.000341  max mem: 4727
I20260819 08:47:50 1562207 mum utils.py:218] Training  [10450/60000]  eta: 5:20:18  loss: 0.3741 (0.4180)  grad: 0.2239 (0.4711)  batch_size: 16.0000 (16.0000)  lr: 0.0001 (0.0001)  time: 0.381403  data: 0.000293  max mem: 4727
I20260819 08:48:09 1562207 mum utils.py:218] Training  [10500/60000]  eta: 5:19:58  loss: 0.3646 (0.4178)  grad: 0.2231 (0.4700)  batch_size: 16.0000 (16.0000)  lr: 0.0001 (0.0001)  time: 0.388213  data: 0.000329  max mem: 4727
I20260819 08:48:28 1562207 mum utils.py:218] Training  [10550/60000]  eta: 5:19:37  loss: 0.3723 (0.4176)  grad: 0.2006 (0.4688)  batch_size: 16.0000 (16.0000)  lr: 0.0001 (0.0001)  time: 0.382074  data: 0.000300  max mem: 4727
I20260819 08:48:47 1562207 mum utils.py:218] Training  [10600/60000]  eta: 5:19:18  loss: 0.3756 (0.4174)  grad: 0.2045 (0.4677)  batch_size: 16.0000 (16.0000)  lr: 0.0001 (0.0001)  time: 0.388588  data: 0.000366  max mem: 4727
I20260819 08:49:06 1562207 mum utils.py:218] Training  [10650/60000]  eta: 5:18:58  loss: 0.3645 (0.4171)  grad: 0.2209 (0.4666)  batch_size: 16.0000 (16.0000)  lr: 0.0001 (0.0001)  time: 0.384535  data: 0.000274  max mem: 4727
I20260819 08:49:26 1562207 mum utils.py:218] Training  [10700/60000]  eta: 5:18:38  loss: 0.3640 (0.4169)  grad: 0.2383 (0.4656)  batch_size: 16.0000 (16.0000)  lr: 0.0001 (0.0001)  time: 0.383050  data: 0.000280  max mem: 4727
I20260819 08:49:45 1562207 mum utils.py:218] Training  [10750/60000]  eta: 5:18:17  loss: 0.3709 (0.4167)  grad: 0.1972 (0.4644)  batch_size: 16.0000 (16.0000)  lr: 0.0001 (0.0001)  time: 0.382007  data: 0.000285  max mem: 4727
I20260819 08:50:04 1562207 mum utils.py:218] Training  [10800/60000]  eta: 5:17:57  loss: 0.3599 (0.4164)  grad: 0.2670 (0.4636)  batch_size: 16.0000 (16.0000)  lr: 0.0001 (0.0001)  time: 0.381113  data: 0.000295  max mem: 4727
I20260819 08:50:23 1562207 mum utils.py:218] Training  [10850/60000]  eta: 5:17:37  loss: 0.3588 (0.4162)  grad: 0.2099 (0.4625)  batch_size: 16.0000 (16.0000)  lr: 0.0001 (0.0001)  time: 0.382897  data: 0.000366  max mem: 4727
I20260819 08:50:43 1562207 mum utils.py:218] Training  [10900/60000]  eta: 5:17:19  loss: 0.3656 (0.4160)  grad: 0.2051 (0.4614)  batch_size: 16.0000 (16.0000)  lr: 0.0001 (0.0001)  time: 0.388225  data: 0.000366  max mem: 4727
I20260819 08:51:02 1562207 mum utils.py:218] Training  [10950/60000]  eta: 5:16:58  loss: 0.3784 (0.4158)  grad: 0.2385 (0.4604)  batch_size: 16.0000 (16.0000)  lr: 0.0001 (0.0001)  time: 0.382095  data: 0.000241  max mem: 4727
I20260819 08:51:21 1562207 mum utils.py:218] Training  [11000/60000]  eta: 5:16:38  loss: 0.3621 (0.4156)  grad: 0.1957 (0.4592)  batch_size: 16.0000 (16.0000)  lr: 0.0001 (0.0001)  time: 0.385352  data: 0.000309  max mem: 4727
I20260819 08:51:40 1562207 mum utils.py:218] Training  [11050/60000]  eta: 5:16:17  loss: 0.3753 (0.4154)  grad: 0.1952 (0.4582)  batch_size: 16.0000 (16.0000)  lr: 0.0001 (0.0001)  time: 0.381660  data: 0.000297  max mem: 4727
I20260819 08:52:00 1562207 mum utils.py:218] Training  [11100/60000]  eta: 5:15:57  loss: 0.3619 (0.4152)  grad: 0.1833 (0.4572)  batch_size: 16.0000 (16.0000)  lr: 0.0001 (0.0001)  time: 0.386518  data: 0.000305  max mem: 4727
I20260819 08:52:19 1562207 mum utils.py:218] Training  [11150/60000]  eta: 5:15:36  loss: 0.3631 (0.4150)  grad: 0.2017 (0.4562)  batch_size: 16.0000 (16.0000)  lr: 0.0001 (0.0001)  time: 0.382927  data: 0.000305  max mem: 4727
I20260819 08:52:38 1562207 mum utils.py:218] Training  [11200/60000]  eta: 5:15:17  loss: 0.3847 (0.4148)  grad: 0.2321 (0.4552)  batch_size: 16.0000 (16.0000)  lr: 0.0001 (0.0001)  time: 0.391960  data: 0.000303  max mem: 4727
I20260819 08:52:57 1562207 mum utils.py:218] Training  [11250/60000]  eta: 5:14:56  loss: 0.3742 (0.4146)  grad: 0.2157 (0.4542)  batch_size: 16.0000 (16.0000)  lr: 0.0001 (0.0001)  time: 0.381082  data: 0.000241  max mem: 4727
I20260819 08:53:16 1562207 mum utils.py:218] Training  [11300/60000]  eta: 5:14:36  loss: 0.3638 (0.4144)  grad: 0.1925 (0.4532)  batch_size: 16.0000 (16.0000)  lr: 0.0001 (0.0001)  time: 0.386469  data: 0.000344  max mem: 4727
I20260819 08:53:35 1562207 mum utils.py:218] Training  [11350/60000]  eta: 5:14:16  loss: 0.3822 (0.4142)  grad: 0.1894 (0.4522)  batch_size: 16.0000 (16.0000)  lr: 0.0001 (0.0001)  time: 0.382614  data: 0.000301  max mem: 4727
I20260819 08:53:55 1562207 mum utils.py:218] Training  [11400/60000]  eta: 5:13:56  loss: 0.3773 (0.4140)  grad: 0.2443 (0.4512)  batch_size: 16.0000 (16.0000)  lr: 0.0001 (0.0001)  time: 0.385039  data: 0.000276  max mem: 4727
I20260819 08:54:14 1562207 mum utils.py:218] Training  [11450/60000]  eta: 5:13:35  loss: 0.3767 (0.4137)  grad: 0.2345 (0.4503)  batch_size: 16.0000 (16.0000)  lr: 0.0001 (0.0001)  time: 0.382954  data: 0.000337  max mem: 4727
I20260819 08:54:33 1562207 mum utils.py:218] Training  [11500/60000]  eta: 5:13:16  loss: 0.3743 (0.4135)  grad: 0.2100 (0.4493)  batch_size: 16.0000 (16.0000)  lr: 0.0001 (0.0001)  time: 0.384966  data: 0.000330  max mem: 4727
I20260819 08:54:52 1562207 mum utils.py:218] Training  [11550/60000]  eta: 5:12:55  loss: 0.3652 (0.4134)  grad: 0.2044 (0.4486)  batch_size: 16.0000 (16.0000)  lr: 0.0001 (0.0001)  time: 0.384177  data: 0.000366  max mem: 4727
I20260819 08:55:11 1562207 mum utils.py:218] Training  [11600/60000]  eta: 5:12:35  loss: 0.3740 (0.4132)  grad: 0.2054 (0.4477)  batch_size: 16.0000 (16.0000)  lr: 0.0001 (0.0001)  time: 0.382253  data: 0.000339  max mem: 4727
I20260819 08:55:31 1562207 mum utils.py:218] Training  [11650/60000]  eta: 5:12:15  loss: 0.3755 (0.4130)  grad: 0.1967 (0.4466)  batch_size: 16.0000 (16.0000)  lr: 0.0001 (0.0001)  time: 0.380805  data: 0.000235  max mem: 4727
I20260819 08:55:50 1562207 mum utils.py:218] Training  [11700/60000]  eta: 5:11:54  loss: 0.3590 (0.4128)  grad: 0.2282 (0.4457)  batch_size: 16.0000 (16.0000)  lr: 0.0001 (0.0001)  time: 0.381753  data: 0.000242  max mem: 4727
I20260819 08:56:09 1562207 mum utils.py:218] Training  [11750/60000]  eta: 5:11:34  loss: 0.3617 (0.4126)  grad: 0.2100 (0.4448)  batch_size: 16.0000 (16.0000)  lr: 0.0001 (0.0001)  time: 0.384629  data: 0.000309  max mem: 4727
I20260819 08:56:28 1562207 mum utils.py:218] Training  [11800/60000]  eta: 5:11:14  loss: 0.3589 (0.4124)  grad: 0.1851 (0.4439)  batch_size: 16.0000 (16.0000)  lr: 0.0001 (0.0001)  time: 0.381077  data: 0.000282  max mem: 4727
I20260819 08:56:47 1562207 mum utils.py:218] Training  [11850/60000]  eta: 5:10:54  loss: 0.3675 (0.4122)  grad: 0.1872 (0.4430)  batch_size: 16.0000 (16.0000)  lr: 0.0001 (0.0001)  time: 0.382730  data: 0.000307  max mem: 4727
I20260819 08:57:07 1562207 mum utils.py:218] Training  [11900/60000]  eta: 5:10:34  loss: 0.3706 (0.4120)  grad: 0.1985 (0.4420)  batch_size: 16.0000 (16.0000)  lr: 0.0001 (0.0001)  time: 0.380577  data: 0.000271  max mem: 4727
I20260819 08:57:26 1562207 mum utils.py:218] Training  [11950/60000]  eta: 5:10:14  loss: 0.3773 (0.4119)  grad: 0.1945 (0.4411)  batch_size: 16.0000 (16.0000)  lr: 0.0001 (0.0001)  time: 0.390394  data: 0.000493  max mem: 4727
Building dynamic dataloader with seed: 42
Randomly sampling [3, 3] frames
TravelUAVDataset (val): 767 scenes, 39921 frames (total 15348 scenes, split_ratio=0.95).
ComposedDataset created from 1 datasets: ['TravelUAVDataset:DATA_DIR=/data2/student1_ly/datasets/OpenUAV-QA/TravelUAV_dataset:SPLIT=val']
[step 12000] val loss: 0.3751
I20260819 08:58:10 1562207 mum utils.py:218] Training  [12000/60000]  eta: 5:11:32  loss: 0.3512 (0.4117)  grad: 0.2517 (0.4403)  batch_size: 16.0000 (16.0000)  lr: 0.0001 (0.0001)  time: 1.610744  data: 0.000286  max mem: 4727
I20260819 08:58:29 1562207 mum utils.py:218] Training  [12050/60000]  eta: 5:11:12  loss: 0.3767 (0.4115)  grad: 0.2170 (0.4394)  batch_size: 16.0000 (16.0000)  lr: 0.0001 (0.0001)  time: 0.381321  data: 0.000316  max mem: 4727
I20260819 08:58:48 1562207 mum utils.py:218] Training  [12100/60000]  eta: 5:10:51  loss: 0.3731 (0.4113)  grad: 0.2476 (0.4385)  batch_size: 16.0000 (16.0000)  lr: 0.0001 (0.0001)  time: 0.387184  data: 0.000344  max mem: 4727
I20260819 08:59:07 1562207 mum utils.py:218] Training  [12150/60000]  eta: 5:10:30  loss: 0.3708 (0.4112)  grad: 0.1896 (0.4376)  batch_size: 16.0000 (16.0000)  lr: 0.0001 (0.0001)  time: 0.382562  data: 0.000254  max mem: 4727
I20260819 08:59:26 1562207 mum utils.py:218] Training  [12200/60000]  eta: 5:10:10  loss: 0.3658 (0.4111)  grad: 0.1735 (0.4367)  batch_size: 16.0000 (16.0000)  lr: 0.0001 (0.0001)  time: 0.385231  data: 0.000265  max mem: 4727
I20260819 08:59:45 1562207 mum utils.py:218] Training  [12250/60000]  eta: 5:09:49  loss: 0.3685 (0.4109)  grad: 0.1883 (0.4357)  batch_size: 16.0000 (16.0000)  lr: 0.0001 (0.0001)  time: 0.383198  data: 0.000307  max mem: 4727
I20260819 09:00:05 1562207 mum utils.py:218] Training  [12300/60000]  eta: 5:09:29  loss: 0.3818 (0.4107)  grad: 0.1832 (0.4350)  batch_size: 16.0000 (16.0000)  lr: 0.0001 (0.0001)  time: 0.386141  data: 0.000326  max mem: 4727
I20260819 09:00:24 1562207 mum utils.py:218] Training  [12350/60000]  eta: 5:09:08  loss: 0.3568 (0.4105)  grad: 0.2166 (0.4343)  batch_size: 16.0000 (16.0000)  lr: 0.0001 (0.0001)  time: 0.380305  data: 0.000298  max mem: 4727
I20260819 09:00:43 1562207 mum utils.py:218] Training  [12400/60000]  eta: 5:08:48  loss: 0.3634 (0.4104)  grad: 0.1986 (0.4334)  batch_size: 16.0000 (16.0000)  lr: 0.0001 (0.0001)  time: 0.391428  data: 0.000339  max mem: 4727
I20260819 09:01:02 1562207 mum utils.py:218] Training  [12450/60000]  eta: 5:08:28  loss: 0.3635 (0.4102)  grad: 0.2000 (0.4325)  batch_size: 16.0000 (16.0000)  lr: 0.0001 (0.0001)  time: 0.382626  data: 0.000319  max mem: 4727
I20260819 09:01:22 1562207 mum utils.py:218] Training  [12500/60000]  eta: 5:08:08  loss: 0.3641 (0.4100)  grad: 0.1993 (0.4317)  batch_size: 16.0000 (16.0000)  lr: 0.0001 (0.0001)  time: 0.389092  data: 0.000383  max mem: 4727
I20260819 09:01:41 1562207 mum utils.py:218] Training  [12550/60000]  eta: 5:07:48  loss: 0.3662 (0.4098)  grad: 0.1922 (0.4308)  batch_size: 16.0000 (16.0000)  lr: 0.0001 (0.0001)  time: 0.389809  data: 0.000364  max mem: 4727
I20260819 09:02:00 1562207 mum utils.py:218] Training  [12600/60000]  eta: 5:07:27  loss: 0.3886 (0.4097)  grad: 0.1890 (0.4300)  batch_size: 16.0000 (16.0000)  lr: 0.0001 (0.0001)  time: 0.381877  data: 0.000327  max mem: 4727
I20260819 09:02:19 1562207 mum utils.py:218] Training  [12650/60000]  eta: 5:07:06  loss: 0.3590 (0.4095)  grad: 0.1935 (0.4292)  batch_size: 16.0000 (16.0000)  lr: 0.0001 (0.0001)  time: 0.381374  data: 0.000301  max mem: 4727
I20260819 09:02:38 1562207 mum utils.py:218] Training  [12700/60000]  eta: 5:06:46  loss: 0.3579 (0.4093)  grad: 0.1940 (0.4283)  batch_size: 16.0000 (16.0000)  lr: 0.0001 (0.0001)  time: 0.381185  data: 0.000304  max mem: 4727
I20260819 09:02:58 1562207 mum utils.py:218] Training  [12750/60000]  eta: 5:06:25  loss: 0.3531 (0.4091)  grad: 0.1926 (0.4274)  batch_size: 16.0000 (16.0000)  lr: 0.0001 (0.0001)  time: 0.380315  data: 0.000264  max mem: 4727
I20260819 09:03:17 1562207 mum utils.py:218] Training  [12800/60000]  eta: 5:06:05  loss: 0.3590 (0.4089)  grad: 0.2343 (0.4266)  batch_size: 16.0000 (16.0000)  lr: 0.0001 (0.0001)  time: 0.381391  data: 0.000265  max mem: 4727
I20260819 09:03:36 1562207 mum utils.py:218] Training  [12850/60000]  eta: 5:05:44  loss: 0.3726 (0.4088)  grad: 0.2365 (0.4258)  batch_size: 16.0000 (16.0000)  lr: 0.0001 (0.0001)  time: 0.382363  data: 0.000302  max mem: 4727
I20260819 09:03:55 1562207 mum utils.py:218] Training  [12900/60000]  eta: 5:05:23  loss: 0.3629 (0.4086)  grad: 0.2352 (0.4250)  batch_size: 16.0000 (16.0000)  lr: 0.0001 (0.0001)  time: 0.381717  data: 0.000271  max mem: 4727
I20260819 09:04:14 1562207 mum utils.py:218] Training  [12950/60000]  eta: 5:05:03  loss: 0.3730 (0.4084)  grad: 0.2166 (0.4242)  batch_size: 16.0000 (16.0000)  lr: 0.0001 (0.0001)  time: 0.385873  data: 0.000387  max mem: 4727
I20260819 09:04:33 1562207 mum utils.py:218] Training  [13000/60000]  eta: 5:04:43  loss: 0.3711 (0.4083)  grad: 0.1992 (0.4234)  batch_size: 16.0000 (16.0000)  lr: 0.0001 (0.0001)  time: 0.381721  data: 0.000256  max mem: 4727
I20260819 09:04:53 1562207 mum utils.py:218] Training  [13050/60000]  eta: 5:04:22  loss: 0.3784 (0.4081)  grad: 0.1887 (0.4225)  batch_size: 16.0000 (16.0000)  lr: 0.0001 (0.0001)  time: 0.382462  data: 0.000336  max mem: 4727
I20260819 09:05:12 1562207 mum utils.py:218] Training  [13100/60000]  eta: 5:04:02  loss: 0.3748 (0.4080)  grad: 0.2178 (0.4218)  batch_size: 16.0000 (16.0000)  lr: 0.0001 (0.0001)  time: 0.381278  data: 0.000291  max mem: 4727
I20260819 09:05:31 1562207 mum utils.py:218] Training  [13150/60000]  eta: 5:03:41  loss: 0.3445 (0.4078)  grad: 0.2154 (0.4211)  batch_size: 16.0000 (16.0000)  lr: 0.0001 (0.0001)  time: 0.383653  data: 0.000293  max mem: 4727
I20260819 09:05:50 1562207 mum utils.py:218] Training  [13200/60000]  eta: 5:03:21  loss: 0.3647 (0.4077)  grad: 0.1932 (0.4203)  batch_size: 16.0000 (16.0000)  lr: 0.0001 (0.0001)  time: 0.381102  data: 0.000260  max mem: 4727
I20260819 09:06:09 1562207 mum utils.py:218] Training  [13250/60000]  eta: 5:03:00  loss: 0.3744 (0.4075)  grad: 0.1966 (0.4196)  batch_size: 16.0000 (16.0000)  lr: 0.0001 (0.0001)  time: 0.381863  data: 0.000269  max mem: 4727
I20260819 09:06:28 1562207 mum utils.py:218] Training  [13300/60000]  eta: 5:02:39  loss: 0.3706 (0.4074)  grad: 0.1959 (0.4188)  batch_size: 16.0000 (16.0000)  lr: 0.0001 (0.0001)  time: 0.380497  data: 0.000241  max mem: 4727
I20260819 09:06:48 1562207 mum utils.py:218] Training  [13350/60000]  eta: 5:02:19  loss: 0.3450 (0.4072)  grad: 0.2043 (0.4181)  batch_size: 16.0000 (16.0000)  lr: 0.0001 (0.0001)  time: 0.387256  data: 0.000314  max mem: 4727
I20260819 09:07:07 1562207 mum utils.py:218] Training  [13400/60000]  eta: 5:01:59  loss: 0.3586 (0.4070)  grad: 0.1911 (0.4174)  batch_size: 16.0000 (16.0000)  lr: 0.0001 (0.0001)  time: 0.382571  data: 0.000334  max mem: 4727
I20260819 09:07:26 1562207 mum utils.py:218] Training  [13450/60000]  eta: 5:01:39  loss: 0.3724 (0.4069)  grad: 0.2308 (0.4167)  batch_size: 16.0000 (16.0000)  lr: 0.0001 (0.0001)  time: 0.386819  data: 0.000313  max mem: 4727
I20260819 09:07:45 1562207 mum utils.py:218] Training  [13500/60000]  eta: 5:01:18  loss: 0.3449 (0.4067)  grad: 0.2008 (0.4159)  batch_size: 16.0000 (16.0000)  lr: 0.0001 (0.0001)  time: 0.381070  data: 0.000383  max mem: 4727
I20260819 09:08:04 1562207 mum utils.py:218] Training  [13550/60000]  eta: 5:00:58  loss: 0.3585 (0.4066)  grad: 0.2079 (0.4152)  batch_size: 16.0000 (16.0000)  lr: 0.0001 (0.0001)  time: 0.382250  data: 0.000295  max mem: 4727
I20260819 09:08:23 1562207 mum utils.py:218] Training  [13600/60000]  eta: 5:00:38  loss: 0.3412 (0.4064)  grad: 0.1835 (0.4145)  batch_size: 16.0000 (16.0000)  lr: 0.0001 (0.0001)  time: 0.382081  data: 0.000274  max mem: 4727
I20260819 09:08:43 1562207 mum utils.py:218] Training  [13650/60000]  eta: 5:00:18  loss: 0.3568 (0.4062)  grad: 0.2127 (0.4137)  batch_size: 16.0000 (16.0000)  lr: 0.0001 (0.0001)  time: 0.381425  data: 0.000228  max mem: 4727
I20260819 09:09:02 1562207 mum utils.py:218] Training  [13700/60000]  eta: 4:59:57  loss: 0.3581 (0.4061)  grad: 0.1811 (0.4130)  batch_size: 16.0000 (16.0000)  lr: 0.0001 (0.0001)  time: 0.380560  data: 0.000261  max mem: 4727
I20260819 09:09:21 1562207 mum utils.py:218] Training  [13750/60000]  eta: 4:59:37  loss: 0.3690 (0.4059)  grad: 0.2134 (0.4123)  batch_size: 16.0000 (16.0000)  lr: 0.0001 (0.0001)  time: 0.379304  data: 0.000258  max mem: 4727
I20260819 09:09:40 1562207 mum utils.py:218] Training  [13800/60000]  eta: 4:59:16  loss: 0.3686 (0.4058)  grad: 0.1822 (0.4116)  batch_size: 16.0000 (16.0000)  lr: 0.0001 (0.0001)  time: 0.381179  data: 0.000235  max mem: 4727
I20260819 09:09:59 1562207 mum utils.py:218] Training  [13850/60000]  eta: 4:58:55  loss: 0.3865 (0.4056)  grad: 0.1941 (0.4109)  batch_size: 16.0000 (16.0000)  lr: 0.0001 (0.0001)  time: 0.381690  data: 0.000317  max mem: 4727
I20260819 09:10:18 1562207 mum utils.py:218] Training  [13900/60000]  eta: 4:58:35  loss: 0.3657 (0.4055)  grad: 0.1845 (0.4101)  batch_size: 16.0000 (16.0000)  lr: 0.0001 (0.0001)  time: 0.385931  data: 0.000304  max mem: 4727
I20260819 09:10:38 1562207 mum utils.py:218] Training  [13950/60000]  eta: 4:58:15  loss: 0.3504 (0.4054)  grad: 0.2535 (0.4094)  batch_size: 16.0000 (16.0000)  lr: 0.0001 (0.0001)  time: 0.382306  data: 0.000272  max mem: 4727
I20260819 09:10:57 1562207 mum utils.py:218] Training  [14000/60000]  eta: 4:57:55  loss: 0.3695 (0.4052)  grad: 0.1829 (0.4087)  batch_size: 16.0000 (16.0000)  lr: 0.0001 (0.0001)  time: 0.381878  data: 0.000287  max mem: 4727
I20260819 09:11:16 1562207 mum utils.py:218] Training  [14050/60000]  eta: 4:57:35  loss: 0.3573 (0.4051)  grad: 0.2161 (0.4080)  batch_size: 16.0000 (16.0000)  lr: 0.0001 (0.0001)  time: 0.394980  data: 0.000302  max mem: 4727
I20260819 09:11:35 1562207 mum utils.py:218] Training  [14100/60000]  eta: 4:57:15  loss: 0.3708 (0.4049)  grad: 0.2183 (0.4073)  batch_size: 16.0000 (16.0000)  lr: 0.0001 (0.0001)  time: 0.382721  data: 0.000260  max mem: 4727
I20260819 09:11:55 1562207 mum utils.py:218] Training  [14150/60000]  eta: 4:56:55  loss: 0.3572 (0.4048)  grad: 0.1846 (0.4066)  batch_size: 16.0000 (16.0000)  lr: 0.0001 (0.0001)  time: 0.382450  data: 0.000264  max mem: 4727
I20260819 09:12:14 1562207 mum utils.py:218] Training  [14200/60000]  eta: 4:56:35  loss: 0.3603 (0.4047)  grad: 0.1962 (0.4059)  batch_size: 16.0000 (16.0000)  lr: 0.0001 (0.0001)  time: 0.387886  data: 0.000303  max mem: 4727
I20260819 09:12:33 1562207 mum utils.py:218] Training  [14250/60000]  eta: 4:56:15  loss: 0.3487 (0.4045)  grad: 0.2007 (0.4052)  batch_size: 16.0000 (16.0000)  lr: 0.0001 (0.0001)  time: 0.386593  data: 0.000286  max mem: 4727
I20260819 09:12:52 1562207 mum utils.py:218] Training  [14300/60000]  eta: 4:55:55  loss: 0.3519 (0.4043)  grad: 0.2120 (0.4046)  batch_size: 16.0000 (16.0000)  lr: 0.0001 (0.0001)  time: 0.383046  data: 0.000318  max mem: 4727
I20260819 09:13:11 1562207 mum utils.py:218] Training  [14350/60000]  eta: 4:55:35  loss: 0.3527 (0.4042)  grad: 0.1855 (0.4038)  batch_size: 16.0000 (16.0000)  lr: 0.0001 (0.0001)  time: 0.382668  data: 0.000252  max mem: 4727
I20260819 09:13:31 1562207 mum utils.py:218] Training  [14400/60000]  eta: 4:55:15  loss: 0.3545 (0.4040)  grad: 0.2015 (0.4032)  batch_size: 16.0000 (16.0000)  lr: 0.0001 (0.0001)  time: 0.382826  data: 0.000309  max mem: 4727
I20260819 09:13:50 1562207 mum utils.py:218] Training  [14450/60000]  eta: 4:54:55  loss: 0.3646 (0.4039)  grad: 0.2023 (0.4025)  batch_size: 16.0000 (16.0000)  lr: 0.0001 (0.0001)  time: 0.386951  data: 0.000288  max mem: 4727
I20260819 09:14:09 1562207 mum utils.py:218] Training  [14500/60000]  eta: 4:54:35  loss: 0.3735 (0.4038)  grad: 0.1759 (0.4019)  batch_size: 16.0000 (16.0000)  lr: 0.0001 (0.0001)  time: 0.382084  data: 0.000251  max mem: 4727
I20260819 09:14:28 1562207 mum utils.py:218] Training  [14550/60000]  eta: 4:54:14  loss: 0.3537 (0.4036)  grad: 0.2111 (0.4012)  batch_size: 16.0000 (16.0000)  lr: 0.0001 (0.0001)  time: 0.386165  data: 0.000411  max mem: 4727
I20260819 09:14:48 1562207 mum utils.py:218] Training  [14600/60000]  eta: 4:53:55  loss: 0.3635 (0.4035)  grad: 0.2212 (0.4005)  batch_size: 16.0000 (16.0000)  lr: 0.0000 (0.0001)  time: 0.398076  data: 0.000331  max mem: 4727
I20260819 09:15:07 1562207 mum utils.py:218] Training  [14650/60000]  eta: 4:53:34  loss: 0.3642 (0.4033)  grad: 0.2020 (0.3999)  batch_size: 16.0000 (16.0000)  lr: 0.0000 (0.0001)  time: 0.381860  data: 0.000259  max mem: 4727
I20260819 09:15:26 1562207 mum utils.py:218] Training  [14700/60000]  eta: 4:53:14  loss: 0.3715 (0.4032)  grad: 0.2027 (0.3992)  batch_size: 16.0000 (16.0000)  lr: 0.0000 (0.0001)  time: 0.381602  data: 0.000271  max mem: 4727
I20260819 09:15:45 1562207 mum utils.py:218] Training  [14750/60000]  eta: 4:52:54  loss: 0.3787 (0.4031)  grad: 0.2119 (0.3986)  batch_size: 16.0000 (16.0000)  lr: 0.0000 (0.0001)  time: 0.385454  data: 0.000327  max mem: 4727
I20260819 09:16:04 1562207 mum utils.py:218] Training  [14800/60000]  eta: 4:52:33  loss: 0.3615 (0.4030)  grad: 0.1803 (0.3979)  batch_size: 16.0000 (16.0000)  lr: 0.0000 (0.0001)  time: 0.380877  data: 0.000271  max mem: 4727
I20260819 09:16:23 1562207 mum utils.py:218] Training  [14850/60000]  eta: 4:52:13  loss: 0.3674 (0.4028)  grad: 0.1964 (0.3973)  batch_size: 16.0000 (16.0000)  lr: 0.0000 (0.0001)  time: 0.381846  data: 0.000304  max mem: 4727
I20260819 09:16:42 1562207 mum utils.py:218] Training  [14900/60000]  eta: 4:51:53  loss: 0.3455 (0.4027)  grad: 0.2065 (0.3969)  batch_size: 16.0000 (16.0000)  lr: 0.0000 (0.0001)  time: 0.380830  data: 0.000255  max mem: 4727
I20260819 09:17:02 1562207 mum utils.py:218] Training  [14950/60000]  eta: 4:51:33  loss: 0.3460 (0.4025)  grad: 0.1876 (0.3963)  batch_size: 16.0000 (16.0000)  lr: 0.0000 (0.0001)  time: 0.381959  data: 0.000282  max mem: 4727
I20260819 09:17:21 1562207 mum utils.py:218] Training  [15000/60000]  eta: 4:51:13  loss: 0.3661 (0.4024)  grad: 0.1741 (0.3956)  batch_size: 16.0000 (16.0000)  lr: 0.0000 (0.0001)  time: 0.381791  data: 0.000269  max mem: 4727
I20260819 09:17:40 1562207 mum utils.py:218] Training  [15050/60000]  eta: 4:50:53  loss: 0.3532 (0.4022)  grad: 0.1873 (0.3950)  batch_size: 16.0000 (16.0000)  lr: 0.0000 (0.0001)  time: 0.390991  data: 0.000280  max mem: 4727
I20260819 09:17:59 1562207 mum utils.py:218] Training  [15100/60000]  eta: 4:50:33  loss: 0.3635 (0.4021)  grad: 0.1903 (0.3944)  batch_size: 16.0000 (16.0000)  lr: 0.0000 (0.0001)  time: 0.385498  data: 0.000367  max mem: 4727
I20260819 09:18:19 1562207 mum utils.py:218] Training  [15150/60000]  eta: 4:50:13  loss: 0.3691 (0.4020)  grad: 0.1800 (0.3937)  batch_size: 16.0000 (16.0000)  lr: 0.0000 (0.0001)  time: 0.381952  data: 0.000312  max mem: 4727
I20260819 09:18:38 1562207 mum utils.py:218] Training  [15200/60000]  eta: 4:49:53  loss: 0.3574 (0.4019)  grad: 0.1724 (0.3931)  batch_size: 16.0000 (16.0000)  lr: 0.0000 (0.0001)  time: 0.381882  data: 0.000220  max mem: 4727
I20260819 09:18:57 1562207 mum utils.py:218] Training  [15250/60000]  eta: 4:49:33  loss: 0.3593 (0.4017)  grad: 0.1780 (0.3924)  batch_size: 16.0000 (16.0000)  lr: 0.0000 (0.0001)  time: 0.381492  data: 0.000274  max mem: 4727
I20260819 09:19:16 1562207 mum utils.py:218] Training  [15300/60000]  eta: 4:49:12  loss: 0.3485 (0.4016)  grad: 0.1973 (0.3918)  batch_size: 16.0000 (16.0000)  lr: 0.0000 (0.0001)  time: 0.382152  data: 0.000294  max mem: 4727
I20260819 09:19:35 1562207 mum utils.py:218] Training  [15350/60000]  eta: 4:48:53  loss: 0.3782 (0.4015)  grad: 0.1811 (0.3912)  batch_size: 16.0000 (16.0000)  lr: 0.0000 (0.0001)  time: 0.381560  data: 0.000246  max mem: 4727
I20260819 09:19:55 1562207 mum utils.py:218] Training  [15400/60000]  eta: 4:48:33  loss: 0.3663 (0.4014)  grad: 0.1847 (0.3906)  batch_size: 16.0000 (16.0000)  lr: 0.0000 (0.0001)  time: 0.383356  data: 0.000337  max mem: 4727
I20260819 09:20:14 1562207 mum utils.py:218] Training  [15450/60000]  eta: 4:48:13  loss: 0.3695 (0.4012)  grad: 0.1873 (0.3900)  batch_size: 16.0000 (16.0000)  lr: 0.0000 (0.0001)  time: 0.382199  data: 0.000267  max mem: 4727
I20260819 09:20:33 1562207 mum utils.py:218] Training  [15500/60000]  eta: 4:47:53  loss: 0.3497 (0.4011)  grad: 0.1925 (0.3894)  batch_size: 16.0000 (16.0000)  lr: 0.0000 (0.0001)  time: 0.383420  data: 0.000293  max mem: 4727
I20260819 09:20:52 1562207 mum utils.py:218] Training  [15550/60000]  eta: 4:47:32  loss: 0.3574 (0.4010)  grad: 0.1932 (0.3887)  batch_size: 16.0000 (16.0000)  lr: 0.0000 (0.0001)  time: 0.381991  data: 0.000292  max mem: 4727
I20260819 09:21:11 1562207 mum utils.py:218] Training  [15600/60000]  eta: 4:47:13  loss: 0.3654 (0.4009)  grad: 0.2272 (0.3883)  batch_size: 16.0000 (16.0000)  lr: 0.0000 (0.0001)  time: 0.387032  data: 0.000311  max mem: 4727
I20260819 09:21:30 1562207 mum utils.py:218] Training  [15650/60000]  eta: 4:46:52  loss: 0.3668 (0.4007)  grad: 0.2027 (0.3877)  batch_size: 16.0000 (16.0000)  lr: 0.0000 (0.0001)  time: 0.380234  data: 0.000274  max mem: 4727
I20260819 09:21:50 1562207 mum utils.py:218] Training  [15700/60000]  eta: 4:46:33  loss: 0.3554 (0.4006)  grad: 0.2004 (0.3871)  batch_size: 16.0000 (16.0000)  lr: 0.0000 (0.0001)  time: 0.383172  data: 0.000310  max mem: 4727
I20260819 09:22:09 1562207 mum utils.py:218] Training  [15750/60000]  eta: 4:46:13  loss: 0.3461 (0.4004)  grad: 0.1751 (0.3865)  batch_size: 16.0000 (16.0000)  lr: 0.0000 (0.0001)  time: 0.382977  data: 0.000287  max mem: 4727
I20260819 09:22:28 1562207 mum utils.py:218] Training  [15800/60000]  eta: 4:45:53  loss: 0.3689 (0.4003)  grad: 0.1896 (0.3859)  batch_size: 16.0000 (16.0000)  lr: 0.0000 (0.0001)  time: 0.382539  data: 0.000292  max mem: 4727
I20260819 09:22:47 1562207 mum utils.py:218] Training  [15850/60000]  eta: 4:45:33  loss: 0.3452 (0.4002)  grad: 0.2228 (0.3853)  batch_size: 16.0000 (16.0000)  lr: 0.0000 (0.0001)  time: 0.381329  data: 0.000313  max mem: 4727
I20260819 09:23:07 1562207 mum utils.py:218] Training  [15900/60000]  eta: 4:45:13  loss: 0.3477 (0.4001)  grad: 0.1888 (0.3847)  batch_size: 16.0000 (16.0000)  lr: 0.0000 (0.0001)  time: 0.385946  data: 0.000345  max mem: 4727
I20260819 09:23:26 1562207 mum utils.py:218] Training  [15950/60000]  eta: 4:44:53  loss: 0.3552 (0.3999)  grad: 0.1801 (0.3841)  batch_size: 16.0000 (16.0000)  lr: 0.0000 (0.0001)  time: 0.384746  data: 0.000279  max mem: 4727
I20260819 09:23:45 1562207 mum utils.py:218] Training  [16000/60000]  eta: 4:44:33  loss: 0.3605 (0.3998)  grad: 0.2031 (0.3836)  batch_size: 16.0000 (16.0000)  lr: 0.0000 (0.0001)  time: 0.384804  data: 0.000305  max mem: 4727
I20260819 09:24:04 1562207 mum utils.py:218] Training  [16050/60000]  eta: 4:44:13  loss: 0.3361 (0.3997)  grad: 0.1926 (0.3830)  batch_size: 16.0000 (16.0000)  lr: 0.0000 (0.0001)  time: 0.381284  data: 0.000280  max mem: 4727
I20260819 09:24:23 1562207 mum utils.py:218] Training  [16100/60000]  eta: 4:43:53  loss: 0.3477 (0.3996)  grad: 0.2444 (0.3825)  batch_size: 16.0000 (16.0000)  lr: 0.0000 (0.0001)  time: 0.386135  data: 0.000290  max mem: 4727
I20260819 09:24:42 1562207 mum utils.py:218] Training  [16150/60000]  eta: 4:43:32  loss: 0.3520 (0.3994)  grad: 0.1881 (0.3819)  batch_size: 16.0000 (16.0000)  lr: 0.0000 (0.0001)  time: 0.381127  data: 0.000268  max mem: 4727
I20260819 09:25:02 1562207 mum utils.py:218] Training  [16200/60000]  eta: 4:43:13  loss: 0.3543 (0.3993)  grad: 0.1810 (0.3813)  batch_size: 16.0000 (16.0000)  lr: 0.0000 (0.0001)  time: 0.386627  data: 0.000296  max mem: 4727
I20260819 09:25:21 1562207 mum utils.py:218] Training  [16250/60000]  eta: 4:42:53  loss: 0.3621 (0.3992)  grad: 0.2169 (0.3808)  batch_size: 16.0000 (16.0000)  lr: 0.0000 (0.0001)  time: 0.384892  data: 0.000300  max mem: 4727
I20260819 09:25:40 1562207 mum utils.py:218] Training  [16300/60000]  eta: 4:42:33  loss: 0.3553 (0.3991)  grad: 0.1768 (0.3803)  batch_size: 16.0000 (16.0000)  lr: 0.0000 (0.0001)  time: 0.385254  data: 0.000293  max mem: 4727
I20260819 09:25:59 1562207 mum utils.py:218] Training  [16350/60000]  eta: 4:42:13  loss: 0.3556 (0.3989)  grad: 0.2332 (0.3798)  batch_size: 16.0000 (16.0000)  lr: 0.0000 (0.0001)  time: 0.383584  data: 0.000334  max mem: 4727
I20260819 09:26:18 1562207 mum utils.py:218] Training  [16400/60000]  eta: 4:41:53  loss: 0.3649 (0.3988)  grad: 0.1745 (0.3792)  batch_size: 16.0000 (16.0000)  lr: 0.0000 (0.0001)  time: 0.383261  data: 0.000284  max mem: 4727
I20260819 09:26:38 1562207 mum utils.py:218] Training  [16450/60000]  eta: 4:41:33  loss: 0.3572 (0.3987)  grad: 0.1895 (0.3787)  batch_size: 16.0000 (16.0000)  lr: 0.0000 (0.0001)  time: 0.386084  data: 0.000348  max mem: 4727
I20260819 09:26:57 1562207 mum utils.py:218] Training  [16500/60000]  eta: 4:41:13  loss: 0.3668 (0.3986)  grad: 0.1674 (0.3784)  batch_size: 16.0000 (16.0000)  lr: 0.0000 (0.0001)  time: 0.381157  data: 0.000256  max mem: 4727
I20260819 09:27:16 1562207 mum utils.py:218] Training  [16550/60000]  eta: 4:40:53  loss: 0.3596 (0.3985)  grad: 0.1983 (0.3778)  batch_size: 16.0000 (16.0000)  lr: 0.0000 (0.0001)  time: 0.382387  data: 0.000286  max mem: 4727
I20260819 09:27:35 1562207 mum utils.py:218] Training  [16600/60000]  eta: 4:40:33  loss: 0.3641 (0.3984)  grad: 0.2002 (0.3774)  batch_size: 16.0000 (16.0000)  lr: 0.0000 (0.0001)  time: 0.381125  data: 0.000283  max mem: 4727
I20260819 09:27:54 1562207 mum utils.py:218] Training  [16650/60000]  eta: 4:40:13  loss: 0.3626 (0.3982)  grad: 0.1915 (0.3769)  batch_size: 16.0000 (16.0000)  lr: 0.0000 (0.0001)  time: 0.379984  data: 0.000285  max mem: 4727
I20260819 09:28:13 1562207 mum utils.py:218] Training  [16700/60000]  eta: 4:39:53  loss: 0.3657 (0.3982)  grad: 0.1860 (0.3763)  batch_size: 16.0000 (16.0000)  lr: 0.0000 (0.0001)  time: 0.382368  data: 0.000288  max mem: 4727
I20260819 09:28:33 1562207 mum utils.py:218] Training  [16750/60000]  eta: 4:39:33  loss: 0.3456 (0.3980)  grad: 0.1631 (0.3757)  batch_size: 16.0000 (16.0000)  lr: 0.0000 (0.0001)  time: 0.382312  data: 0.000321  max mem: 4727
I20260819 09:28:52 1562207 mum utils.py:218] Training  [16800/60000]  eta: 4:39:14  loss: 0.3437 (0.3979)  grad: 0.1775 (0.3752)  batch_size: 16.0000 (16.0000)  lr: 0.0000 (0.0001)  time: 0.388054  data: 0.000261  max mem: 4727
I20260819 09:29:11 1562207 mum utils.py:218] Training  [16850/60000]  eta: 4:38:54  loss: 0.3499 (0.3978)  grad: 0.1693 (0.3748)  batch_size: 16.0000 (16.0000)  lr: 0.0000 (0.0001)  time: 0.382138  data: 0.000330  max mem: 4727
I20260819 09:29:30 1562207 mum utils.py:218] Training  [16900/60000]  eta: 4:38:34  loss: 0.3643 (0.3977)  grad: 0.1979 (0.3743)  batch_size: 16.0000 (16.0000)  lr: 0.0000 (0.0001)  time: 0.382505  data: 0.000272  max mem: 4727
I20260819 09:29:50 1562207 mum utils.py:218] Training  [16950/60000]  eta: 4:38:14  loss: 0.3338 (0.3975)  grad: 0.1761 (0.3737)  batch_size: 16.0000 (16.0000)  lr: 0.0000 (0.0001)  time: 0.380632  data: 0.000261  max mem: 4727
I20260819 09:30:09 1562207 mum utils.py:218] Training  [17000/60000]  eta: 4:37:54  loss: 0.3628 (0.3974)  grad: 0.1857 (0.3733)  batch_size: 16.0000 (16.0000)  lr: 0.0000 (0.0001)  time: 0.384444  data: 0.000383  max mem: 4727
I20260819 09:30:28 1562207 mum utils.py:218] Training  [17050/60000]  eta: 4:37:34  loss: 0.3556 (0.3973)  grad: 0.1899 (0.3727)  batch_size: 16.0000 (16.0000)  lr: 0.0000 (0.0001)  time: 0.382026  data: 0.000310  max mem: 4727
I20260819 09:30:47 1562207 mum utils.py:218] Training  [17100/60000]  eta: 4:37:14  loss: 0.3641 (0.3972)  grad: 0.1850 (0.3722)  batch_size: 16.0000 (16.0000)  lr: 0.0000 (0.0001)  time: 0.388969  data: 0.000308  max mem: 4727
I20260819 09:31:06 1562207 mum utils.py:218] Training  [17150/60000]  eta: 4:36:54  loss: 0.3579 (0.3971)  grad: 0.1968 (0.3718)  batch_size: 16.0000 (16.0000)  lr: 0.0000 (0.0001)  time: 0.378657  data: 0.000312  max mem: 4727
I20260819 09:31:25 1562207 mum utils.py:218] Training  [17200/60000]  eta: 4:36:33  loss: 0.3560 (0.3970)  grad: 0.2060 (0.3713)  batch_size: 16.0000 (16.0000)  lr: 0.0000 (0.0001)  time: 0.377545  data: 0.000270  max mem: 4727
I20260819 09:31:44 1562207 mum utils.py:218] Training  [17250/60000]  eta: 4:36:13  loss: 0.3512 (0.3969)  grad: 0.1758 (0.3708)  batch_size: 16.0000 (16.0000)  lr: 0.0000 (0.0001)  time: 0.378108  data: 0.000354  max mem: 4727
I20260819 09:32:03 1562207 mum utils.py:218] Training  [17300/60000]  eta: 4:35:52  loss: 0.3455 (0.3968)  grad: 0.1731 (0.3703)  batch_size: 16.0000 (16.0000)  lr: 0.0000 (0.0001)  time: 0.379758  data: 0.000362  max mem: 4727
I20260819 09:32:22 1562207 mum utils.py:218] Training  [17350/60000]  eta: 4:35:32  loss: 0.3510 (0.3966)  grad: 0.1775 (0.3698)  batch_size: 16.0000 (16.0000)  lr: 0.0000 (0.0001)  time: 0.376169  data: 0.000285  max mem: 4727
I20260819 09:32:41 1562207 mum utils.py:218] Training  [17400/60000]  eta: 4:35:11  loss: 0.3706 (0.3966)  grad: 0.1711 (0.3693)  batch_size: 16.0000 (16.0000)  lr: 0.0000 (0.0001)  time: 0.380964  data: 0.000316  max mem: 4727
I20260819 09:32:59 1562207 mum utils.py:218] Training  [17450/60000]  eta: 4:34:50  loss: 0.3646 (0.3965)  grad: 0.1832 (0.3688)  batch_size: 16.0000 (16.0000)  lr: 0.0000 (0.0001)  time: 0.376386  data: 0.000305  max mem: 4727
I20260819 09:33:19 1562207 mum utils.py:218] Training  [17500/60000]  eta: 4:34:30  loss: 0.3473 (0.3963)  grad: 0.1732 (0.3683)  batch_size: 16.0000 (16.0000)  lr: 0.0000 (0.0001)  time: 0.383766  data: 0.000328  max mem: 4727
I20260819 09:33:37 1562207 mum utils.py:218] Training  [17550/60000]  eta: 4:34:10  loss: 0.3611 (0.3963)  grad: 0.1697 (0.3678)  batch_size: 16.0000 (16.0000)  lr: 0.0000 (0.0001)  time: 0.378025  data: 0.000282  max mem: 4727
I20260819 09:33:57 1562207 mum utils.py:218] Training  [17600/60000]  eta: 4:33:50  loss: 0.3568 (0.3962)  grad: 0.1821 (0.3673)  batch_size: 16.0000 (16.0000)  lr: 0.0000 (0.0001)  time: 0.387459  data: 0.000377  max mem: 4727
I20260819 09:34:16 1562207 mum utils.py:218] Training  [17650/60000]  eta: 4:33:30  loss: 0.3546 (0.3961)  grad: 0.1884 (0.3669)  batch_size: 16.0000 (16.0000)  lr: 0.0000 (0.0001)  time: 0.382882  data: 0.000287  max mem: 4727
I20260819 09:34:35 1562207 mum utils.py:218] Training  [17700/60000]  eta: 4:33:11  loss: 0.3533 (0.3960)  grad: 0.1828 (0.3664)  batch_size: 16.0000 (16.0000)  lr: 0.0000 (0.0001)  time: 0.393540  data: 0.000328  max mem: 4727
I20260819 09:34:55 1562207 mum utils.py:218] Training  [17750/60000]  eta: 4:32:51  loss: 0.3539 (0.3958)  grad: 0.1748 (0.3658)  batch_size: 16.0000 (16.0000)  lr: 0.0000 (0.0001)  time: 0.382869  data: 0.000272  max mem: 4727
I20260819 09:35:14 1562207 mum utils.py:218] Training  [17800/60000]  eta: 4:32:32  loss: 0.3679 (0.3957)  grad: 0.1767 (0.3655)  batch_size: 16.0000 (16.0000)  lr: 0.0000 (0.0001)  time: 0.388009  data: 0.000360  max mem: 4727
I20260819 09:35:33 1562207 mum utils.py:218] Training  [17850/60000]  eta: 4:32:12  loss: 0.3636 (0.3956)  grad: 0.1812 (0.3649)  batch_size: 16.0000 (16.0000)  lr: 0.0000 (0.0001)  time: 0.387802  data: 0.000315  max mem: 4727
I20260819 09:35:53 1562207 mum utils.py:218] Training  [17900/60000]  eta: 4:31:53  loss: 0.3663 (0.3956)  grad: 0.1950 (0.3645)  batch_size: 16.0000 (16.0000)  lr: 0.0000 (0.0001)  time: 0.386291  data: 0.000316  max mem: 4727
I20260819 09:36:12 1562207 mum utils.py:218] Training  [17950/60000]  eta: 4:31:33  loss: 0.3641 (0.3955)  grad: 0.1990 (0.3641)  batch_size: 16.0000 (16.0000)  lr: 0.0000 (0.0001)  time: 0.381193  data: 0.000263  max mem: 4727
Building dynamic dataloader with seed: 42
Randomly sampling [3, 3] frames
TravelUAVDataset (val): 767 scenes, 39921 frames (total 15348 scenes, split_ratio=0.95).
ComposedDataset created from 1 datasets: ['TravelUAVDataset:DATA_DIR=/data2/student1_ly/datasets/OpenUAV-QA/TravelUAV_dataset:SPLIT=val']
[step 18000] val loss: 0.3645
I20260819 09:37:11 1562207 mum utils.py:218] Training  [18000/60000]  eta: 4:32:47  loss: 0.3477 (0.3953)  grad: 0.1738 (0.3636)  batch_size: 16.0000 (16.0000)  lr: 0.0000 (0.0001)  time: 2.400150  data: 0.000301  max mem: 4727
I20260819 09:37:31 1562207 mum utils.py:218] Training  [18050/60000]  eta: 4:32:27  loss: 0.3502 (0.3952)  grad: 0.1709 (0.3631)  batch_size: 16.0000 (16.0000)  lr: 0.0000 (0.0001)  time: 0.382424  data: 0.000264  max mem: 4727
I20260819 09:37:50 1562207 mum utils.py:218] Training  [18100/60000]  eta: 4:32:07  loss: 0.3475 (0.3951)  grad: 0.1714 (0.3626)  batch_size: 16.0000 (16.0000)  lr: 0.0000 (0.0001)  time: 0.386829  data: 0.000342  max mem: 4727
I20260819 09:38:09 1562207 mum utils.py:218] Training  [18150/60000]  eta: 4:31:47  loss: 0.3628 (0.3950)  grad: 0.1697 (0.3621)  batch_size: 16.0000 (16.0000)  lr: 0.0000 (0.0001)  time: 0.382602  data: 0.000257  max mem: 4727
I20260819 09:38:28 1562207 mum utils.py:218] Training  [18200/60000]  eta: 4:31:27  loss: 0.3556 (0.3949)  grad: 0.1786 (0.3617)  batch_size: 16.0000 (16.0000)  lr: 0.0000 (0.0001)  time: 0.388254  data: 0.000333  max mem: 4727
I20260819 09:38:47 1562207 mum utils.py:218] Training  [18250/60000]  eta: 4:31:07  loss: 0.3595 (0.3948)  grad: 0.1762 (0.3612)  batch_size: 16.0000 (16.0000)  lr: 0.0000 (0.0001)  time: 0.383720  data: 0.000297  max mem: 4727
I20260819 09:39:07 1562207 mum utils.py:218] Training  [18300/60000]  eta: 4:30:47  loss: 0.3475 (0.3947)  grad: 0.1753 (0.3607)  batch_size: 16.0000 (16.0000)  lr: 0.0000 (0.0001)  time: 0.391885  data: 0.000252  max mem: 4727
I20260819 09:39:26 1562207 mum utils.py:218] Training  [18350/60000]  eta: 4:30:27  loss: 0.3564 (0.3945)  grad: 0.1883 (0.3603)  batch_size: 16.0000 (16.0000)  lr: 0.0000 (0.0001)  time: 0.387305  data: 0.000239  max mem: 4727
I20260819 09:39:45 1562207 mum utils.py:218] Training  [18400/60000]  eta: 4:30:07  loss: 0.3617 (0.3945)  grad: 0.1877 (0.3599)  batch_size: 16.0000 (16.0000)  lr: 0.0000 (0.0001)  time: 0.386126  data: 0.000376  max mem: 4727
I20260819 09:40:04 1562207 mum utils.py:218] Training  [18450/60000]  eta: 4:29:47  loss: 0.3323 (0.3943)  grad: 0.1626 (0.3594)  batch_size: 16.0000 (16.0000)  lr: 0.0000 (0.0001)  time: 0.382088  data: 0.000288  max mem: 4727
I20260819 09:40:24 1562207 mum utils.py:218] Training  [18500/60000]  eta: 4:29:27  loss: 0.3617 (0.3942)  grad: 0.1686 (0.3590)  batch_size: 16.0000 (16.0000)  lr: 0.0000 (0.0000)  time: 0.387637  data: 0.000311  max mem: 4727
I20260819 09:40:43 1562207 mum utils.py:218] Training  [18550/60000]  eta: 4:29:06  loss: 0.3461 (0.3941)  grad: 0.1839 (0.3585)  batch_size: 16.0000 (16.0000)  lr: 0.0000 (0.0000)  time: 0.382726  data: 0.000305  max mem: 4727
I20260819 09:41:02 1562207 mum utils.py:218] Training  [18600/60000]  eta: 4:28:46  loss: 0.3679 (0.3940)  grad: 0.1879 (0.3581)  batch_size: 16.0000 (16.0000)  lr: 0.0000 (0.0000)  time: 0.387869  data: 0.000371  max mem: 4727
I20260819 09:41:21 1562207 mum utils.py:218] Training  [18650/60000]  eta: 4:28:27  loss: 0.3569 (0.3939)  grad: 0.1628 (0.3576)  batch_size: 16.0000 (16.0000)  lr: 0.0000 (0.0000)  time: 0.384543  data: 0.000302  max mem: 4727
I20260819 09:41:40 1562207 mum utils.py:218] Training  [18700/60000]  eta: 4:28:06  loss: 0.3517 (0.3938)  grad: 0.1919 (0.3572)  batch_size: 16.0000 (16.0000)  lr: 0.0000 (0.0000)  time: 0.384344  data: 0.000312  max mem: 4727
I20260819 09:42:00 1562207 mum utils.py:218] Training  [18750/60000]  eta: 4:27:47  loss: 0.3618 (0.3937)  grad: 0.1998 (0.3568)  batch_size: 16.0000 (16.0000)  lr: 0.0000 (0.0000)  time: 0.381776  data: 0.000262  max mem: 4727
I20260819 09:42:19 1562207 mum utils.py:218] Training  [18800/60000]  eta: 4:27:27  loss: 0.3326 (0.3936)  grad: 0.1715 (0.3563)  batch_size: 16.0000 (16.0000)  lr: 0.0000 (0.0000)  time: 0.383963  data: 0.000317  max mem: 4727
I20260819 09:42:38 1562207 mum utils.py:218] Training  [18850/60000]  eta: 4:27:07  loss: 0.3457 (0.3935)  grad: 0.1882 (0.3559)  batch_size: 16.0000 (16.0000)  lr: 0.0000 (0.0000)  time: 0.382829  data: 0.000295  max mem: 4727
I20260819 09:42:58 1562207 mum utils.py:218] Training  [18900/60000]  eta: 4:26:47  loss: 0.3505 (0.3934)  grad: 0.1796 (0.3554)  batch_size: 16.0000 (16.0000)  lr: 0.0000 (0.0000)  time: 0.388993  data: 0.000713  max mem: 4727
I20260819 09:43:17 1562207 mum utils.py:218] Training  [18950/60000]  eta: 4:26:27  loss: 0.3634 (0.3933)  grad: 0.1723 (0.3550)  batch_size: 16.0000 (16.0000)  lr: 0.0000 (0.0000)  time: 0.381839  data: 0.000261  max mem: 4727
I20260819 09:43:36 1562207 mum utils.py:218] Training  [19000/60000]  eta: 4:26:06  loss: 0.3508 (0.3932)  grad: 0.1935 (0.3546)  batch_size: 16.0000 (16.0000)  lr: 0.0000 (0.0000)  time: 0.382463  data: 0.000319  max mem: 4727
I20260819 09:43:55 1562207 mum utils.py:218] Training  [19050/60000]  eta: 4:25:47  loss: 0.3643 (0.3931)  grad: 0.1882 (0.3542)  batch_size: 16.0000 (16.0000)  lr: 0.0000 (0.0000)  time: 0.384207  data: 0.000352  max mem: 4727
I20260819 09:44:15 1562207 mum utils.py:218] Training  [19100/60000]  eta: 4:25:27  loss: 0.3628 (0.3931)  grad: 0.1681 (0.3538)  batch_size: 16.0000 (16.0000)  lr: 0.0000 (0.0000)  time: 0.389450  data: 0.000382  max mem: 4727
I20260819 09:44:34 1562207 mum utils.py:218] Training  [19150/60000]  eta: 4:25:07  loss: 0.3391 (0.3930)  grad: 0.1886 (0.3534)  batch_size: 16.0000 (16.0000)  lr: 0.0000 (0.0000)  time: 0.387930  data: 0.000295  max mem: 4727
I20260819 09:44:53 1562207 mum utils.py:218] Training  [19200/60000]  eta: 4:24:47  loss: 0.3601 (0.3929)  grad: 0.1855 (0.3530)  batch_size: 16.0000 (16.0000)  lr: 0.0000 (0.0000)  time: 0.388011  data: 0.000341  max mem: 4727
I20260819 09:45:12 1562207 mum utils.py:218] Training  [19250/60000]  eta: 4:24:27  loss: 0.3650 (0.3928)  grad: 0.1886 (0.3526)  batch_size: 16.0000 (16.0000)  lr: 0.0000 (0.0000)  time: 0.382737  data: 0.000261  max mem: 4727
I20260819 09:45:32 1562207 mum utils.py:218] Training  [19300/60000]  eta: 4:24:07  loss: 0.3579 (0.3927)  grad: 0.1755 (0.3521)  batch_size: 16.0000 (16.0000)  lr: 0.0000 (0.0000)  time: 0.397508  data: 0.000368  max mem: 4727
I20260819 09:45:51 1562207 mum utils.py:218] Training  [19350/60000]  eta: 4:23:47  loss: 0.3511 (0.3926)  grad: 0.2130 (0.3518)  batch_size: 16.0000 (16.0000)  lr: 0.0000 (0.0000)  time: 0.383773  data: 0.000270  max mem: 4727
I20260819 09:46:10 1562207 mum utils.py:218] Training  [19400/60000]  eta: 4:23:27  loss: 0.3606 (0.3925)  grad: 0.1682 (0.3513)  batch_size: 16.0000 (16.0000)  lr: 0.0000 (0.0000)  time: 0.388425  data: 0.000312  max mem: 4727
I20260819 09:46:29 1562207 mum utils.py:218] Training  [19450/60000]  eta: 4:23:07  loss: 0.3605 (0.3924)  grad: 0.2010 (0.3510)  batch_size: 16.0000 (16.0000)  lr: 0.0000 (0.0000)  time: 0.382062  data: 0.000282  max mem: 4727
I20260819 09:46:48 1562207 mum utils.py:218] Training  [19500/60000]  eta: 4:22:47  loss: 0.3561 (0.3923)  grad: 0.1781 (0.3506)  batch_size: 16.0000 (16.0000)  lr: 0.0000 (0.0000)  time: 0.386266  data: 0.000396  max mem: 4727
I20260819 09:47:07 1562207 mum utils.py:218] Training  [19550/60000]  eta: 4:22:27  loss: 0.3580 (0.3922)  grad: 0.1772 (0.3502)  batch_size: 16.0000 (16.0000)  lr: 0.0000 (0.0000)  time: 0.381331  data: 0.000304  max mem: 4727
I20260819 09:47:27 1562207 mum utils.py:218] Training  [19600/60000]  eta: 4:22:07  loss: 0.3407 (0.3921)  grad: 0.1835 (0.3498)  batch_size: 16.0000 (16.0000)  lr: 0.0000 (0.0000)  time: 0.387578  data: 0.000296  max mem: 4727
I20260819 09:47:46 1562207 mum utils.py:218] Training  [19650/60000]  eta: 4:21:47  loss: 0.3499 (0.3920)  grad: 0.1706 (0.3493)  batch_size: 16.0000 (16.0000)  lr: 0.0000 (0.0000)  time: 0.382695  data: 0.000247  max mem: 4727
I20260819 09:48:05 1562207 mum utils.py:218] Training  [19700/60000]  eta: 4:21:27  loss: 0.3573 (0.3919)  grad: 0.1815 (0.3489)  batch_size: 16.0000 (16.0000)  lr: 0.0000 (0.0000)  time: 0.389568  data: 0.000354  max mem: 4727
I20260819 09:48:24 1562207 mum utils.py:218] Training  [19750/60000]  eta: 4:21:07  loss: 0.3519 (0.3918)  grad: 0.1789 (0.3485)  batch_size: 16.0000 (16.0000)  lr: 0.0000 (0.0000)  time: 0.383439  data: 0.000313  max mem: 4727
I20260819 09:48:44 1562207 mum utils.py:218] Training  [19800/60000]  eta: 4:20:47  loss: 0.3578 (0.3917)  grad: 0.1927 (0.3482)  batch_size: 16.0000 (16.0000)  lr: 0.0000 (0.0000)  time: 0.387821  data: 0.000336  max mem: 4727
I20260819 09:49:03 1562207 mum utils.py:218] Training  [19850/60000]  eta: 4:20:27  loss: 0.3590 (0.3916)  grad: 0.1839 (0.3478)  batch_size: 16.0000 (16.0000)  lr: 0.0000 (0.0000)  time: 0.386706  data: 0.000285  max mem: 4727
I20260819 09:49:22 1562207 mum utils.py:218] Training  [19900/60000]  eta: 4:20:08  loss: 0.3474 (0.3915)  grad: 0.2058 (0.3475)  batch_size: 16.0000 (16.0000)  lr: 0.0000 (0.0000)  time: 0.382617  data: 0.000318  max mem: 4727
I20260819 09:49:41 1562207 mum utils.py:218] Training  [19950/60000]  eta: 4:19:47  loss: 0.3540 (0.3914)  grad: 0.1752 (0.3471)  batch_size: 16.0000 (16.0000)  lr: 0.0000 (0.0000)  time: 0.382063  data: 0.000226  max mem: 4727
I20260819 09:50:01 1562207 mum utils.py:218] Training  [20000/60000]  eta: 4:19:28  loss: 0.3514 (0.3914)  grad: 0.1745 (0.3467)  batch_size: 16.0000 (16.0000)  lr: 0.0000 (0.0000)  time: 0.388712  data: 0.000325  max mem: 4727
I20260819 09:50:20 1562207 mum utils.py:218] Training  [20050/60000]  eta: 4:19:07  loss: 0.3533 (0.3913)  grad: 0.1788 (0.3463)  batch_size: 16.0000 (16.0000)  lr: 0.0000 (0.0000)  time: 0.382062  data: 0.000255  max mem: 4727
I20260819 09:50:39 1562207 mum utils.py:218] Training  [20100/60000]  eta: 4:18:47  loss: 0.3573 (0.3912)  grad: 0.1721 (0.3459)  batch_size: 16.0000 (16.0000)  lr: 0.0000 (0.0000)  time: 0.382702  data: 0.000296  max mem: 4727
I20260819 09:50:58 1562207 mum utils.py:218] Training  [20150/60000]  eta: 4:18:28  loss: 0.3444 (0.3911)  grad: 0.1902 (0.3456)  batch_size: 16.0000 (16.0000)  lr: 0.0000 (0.0000)  time: 0.392311  data: 0.000301  max mem: 4727
I20260819 09:51:18 1562207 mum utils.py:218] Training  [20200/60000]  eta: 4:18:08  loss: 0.3472 (0.3910)  grad: 0.1732 (0.3453)  batch_size: 16.0000 (16.0000)  lr: 0.0000 (0.0000)  time: 0.382375  data: 0.000314  max mem: 4727
I20260819 09:51:37 1562207 mum utils.py:218] Training  [20250/60000]  eta: 4:17:48  loss: 0.3448 (0.3909)  grad: 0.1783 (0.3449)  batch_size: 16.0000 (16.0000)  lr: 0.0000 (0.0000)  time: 0.387047  data: 0.000301  max mem: 4727
I20260819 09:51:56 1562207 mum utils.py:218] Training  [20300/60000]  eta: 4:17:28  loss: 0.3558 (0.3908)  grad: 0.2018 (0.3445)  batch_size: 16.0000 (16.0000)  lr: 0.0000 (0.0000)  time: 0.382287  data: 0.000313  max mem: 4727
I20260819 09:52:15 1562207 mum utils.py:218] Training  [20350/60000]  eta: 4:17:08  loss: 0.3576 (0.3907)  grad: 0.1917 (0.3441)  batch_size: 16.0000 (16.0000)  lr: 0.0000 (0.0000)  time: 0.382235  data: 0.000313  max mem: 4727
I20260819 09:52:35 1562207 mum utils.py:218] Training  [20400/60000]  eta: 4:16:48  loss: 0.3608 (0.3907)  grad: 0.1894 (0.3438)  batch_size: 16.0000 (16.0000)  lr: 0.0000 (0.0000)  time: 0.385907  data: 0.000312  max mem: 4727
I20260819 09:52:54 1562207 mum utils.py:218] Training  [20450/60000]  eta: 4:16:29  loss: 0.3579 (0.3906)  grad: 0.1778 (0.3435)  batch_size: 16.0000 (16.0000)  lr: 0.0000 (0.0000)  time: 0.383964  data: 0.000273  max mem: 4727
I20260819 09:53:13 1562207 mum utils.py:218] Training  [20500/60000]  eta: 4:16:09  loss: 0.3459 (0.3905)  grad: 0.1866 (0.3431)  batch_size: 16.0000 (16.0000)  lr: 0.0000 (0.0000)  time: 0.383085  data: 0.000284  max mem: 4727
I20260819 09:53:32 1562207 mum utils.py:218] Training  [20550/60000]  eta: 4:15:49  loss: 0.3448 (0.3904)  grad: 0.1986 (0.3427)  batch_size: 16.0000 (16.0000)  lr: 0.0000 (0.0000)  time: 0.388099  data: 0.000323  max mem: 4727
I20260819 09:53:52 1562207 mum utils.py:218] Training  [20600/60000]  eta: 4:15:29  loss: 0.3555 (0.3903)  grad: 0.1890 (0.3424)  batch_size: 16.0000 (16.0000)  lr: 0.0000 (0.0000)  time: 0.383338  data: 0.000321  max mem: 4727
I20260819 09:54:11 1562207 mum utils.py:218] Training  [20650/60000]  eta: 4:15:10  loss: 0.3575 (0.3902)  grad: 0.1730 (0.3420)  batch_size: 16.0000 (16.0000)  lr: 0.0000 (0.0000)  time: 0.387947  data: 0.000362  max mem: 4727
I20260819 09:54:30 1562207 mum utils.py:218] Training  [20700/60000]  eta: 4:14:49  loss: 0.3464 (0.3901)  grad: 0.1987 (0.3417)  batch_size: 16.0000 (16.0000)  lr: 0.0000 (0.0000)  time: 0.382752  data: 0.000283  max mem: 4727
I20260819 09:54:50 1562207 mum utils.py:218] Training  [20750/60000]  eta: 4:14:30  loss: 0.3681 (0.3900)  grad: 0.1800 (0.3413)  batch_size: 16.0000 (16.0000)  lr: 0.0000 (0.0000)  time: 0.389386  data: 0.000341  max mem: 4727
I20260819 09:55:09 1562207 mum utils.py:218] Training  [20800/60000]  eta: 4:14:10  loss: 0.3557 (0.3900)  grad: 0.1699 (0.3409)  batch_size: 16.0000 (16.0000)  lr: 0.0000 (0.0000)  time: 0.382438  data: 0.000311  max mem: 4727
I20260819 09:55:28 1562207 mum utils.py:218] Training  [20850/60000]  eta: 4:13:50  loss: 0.3488 (0.3899)  grad: 0.1668 (0.3406)  batch_size: 16.0000 (16.0000)  lr: 0.0000 (0.0000)  time: 0.394792  data: 0.000368  max mem: 4727
I20260819 09:55:47 1562207 mum utils.py:218] Training  [20900/60000]  eta: 4:13:30  loss: 0.3639 (0.3898)  grad: 0.1788 (0.3403)  batch_size: 16.0000 (16.0000)  lr: 0.0000 (0.0000)  time: 0.382304  data: 0.000314  max mem: 4727
I20260819 09:56:07 1562207 mum utils.py:218] Training  [20950/60000]  eta: 4:13:11  loss: 0.3481 (0.3897)  grad: 0.1739 (0.3399)  batch_size: 16.0000 (16.0000)  lr: 0.0000 (0.0000)  time: 0.386339  data: 0.000292  max mem: 4727
I20260819 09:56:26 1562207 mum utils.py:218] Training  [21000/60000]  eta: 4:12:51  loss: 0.3564 (0.3896)  grad: 0.1755 (0.3395)  batch_size: 16.0000 (16.0000)  lr: 0.0000 (0.0000)  time: 0.393095  data: 0.000287  max mem: 4727
I20260819 09:56:45 1562207 mum utils.py:218] Training  [21050/60000]  eta: 4:12:31  loss: 0.3676 (0.3895)  grad: 0.1658 (0.3392)  batch_size: 16.0000 (16.0000)  lr: 0.0000 (0.0000)  time: 0.381051  data: 0.000282  max mem: 4727
I20260819 09:57:04 1562207 mum utils.py:218] Training  [21100/60000]  eta: 4:12:11  loss: 0.3578 (0.3895)  grad: 0.1918 (0.3388)  batch_size: 16.0000 (16.0000)  lr: 0.0000 (0.0000)  time: 0.382027  data: 0.000309  max mem: 4727
I20260819 09:57:24 1562207 mum utils.py:218] Training  [21150/60000]  eta: 4:11:51  loss: 0.3490 (0.3894)  grad: 0.1688 (0.3385)  batch_size: 16.0000 (16.0000)  lr: 0.0000 (0.0000)  time: 0.382633  data: 0.000273  max mem: 4727
I20260819 09:57:43 1562207 mum utils.py:218] Training  [21200/60000]  eta: 4:11:31  loss: 0.3513 (0.3893)  grad: 0.1721 (0.3381)  batch_size: 16.0000 (16.0000)  lr: 0.0000 (0.0000)  time: 0.381946  data: 0.000303  max mem: 4727
I20260819 09:58:02 1562207 mum utils.py:218] Training  [21250/60000]  eta: 4:11:11  loss: 0.3619 (0.3892)  grad: 0.1794 (0.3379)  batch_size: 16.0000 (16.0000)  lr: 0.0000 (0.0000)  time: 0.384021  data: 0.000312  max mem: 4727
I20260819 09:58:21 1562207 mum utils.py:218] Training  [21300/60000]  eta: 4:10:52  loss: 0.3458 (0.3891)  grad: 0.1731 (0.3375)  batch_size: 16.0000 (16.0000)  lr: 0.0000 (0.0000)  time: 0.384184  data: 0.000293  max mem: 4727
I20260819 09:58:40 1562207 mum utils.py:218] Training  [21350/60000]  eta: 4:10:32  loss: 0.3555 (0.3891)  grad: 0.1838 (0.3371)  batch_size: 16.0000 (16.0000)  lr: 0.0000 (0.0000)  time: 0.383290  data: 0.000284  max mem: 4727
I20260819 09:59:00 1562207 mum utils.py:218] Training  [21400/60000]  eta: 4:10:12  loss: 0.3531 (0.3890)  grad: 0.2195 (0.3369)  batch_size: 16.0000 (16.0000)  lr: 0.0000 (0.0000)  time: 0.387504  data: 0.000268  max mem: 4727
I20260819 09:59:19 1562207 mum utils.py:218] Training  [21450/60000]  eta: 4:09:52  loss: 0.3415 (0.3889)  grad: 0.1903 (0.3366)  batch_size: 16.0000 (16.0000)  lr: 0.0000 (0.0000)  time: 0.381820  data: 0.000273  max mem: 4727
I20260819 09:59:38 1562207 mum utils.py:218] Training  [21500/60000]  eta: 4:09:32  loss: 0.3445 (0.3888)  grad: 0.1553 (0.3362)  batch_size: 16.0000 (16.0000)  lr: 0.0000 (0.0000)  time: 0.382302  data: 0.000258  max mem: 4727
I20260819 09:59:57 1562207 mum utils.py:218] Training  [21550/60000]  eta: 4:09:12  loss: 0.3393 (0.3887)  grad: 0.1647 (0.3359)  batch_size: 16.0000 (16.0000)  lr: 0.0000 (0.0000)  time: 0.380508  data: 0.000307  max mem: 4727
I20260819 10:00:16 1562207 mum utils.py:218] Training  [21600/60000]  eta: 4:08:52  loss: 0.3476 (0.3886)  grad: 0.1868 (0.3357)  batch_size: 16.0000 (16.0000)  lr: 0.0000 (0.0000)  time: 0.382756  data: 0.000229  max mem: 4727
I20260819 10:00:36 1562207 mum utils.py:218] Training  [21650/60000]  eta: 4:08:33  loss: 0.3394 (0.3885)  grad: 0.1496 (0.3353)  batch_size: 16.0000 (16.0000)  lr: 0.0000 (0.0000)  time: 0.382553  data: 0.000243  max mem: 4727
I20260819 10:00:55 1562207 mum utils.py:218] Training  [21700/60000]  eta: 4:08:13  loss: 0.3548 (0.3885)  grad: 0.2345 (0.3351)  batch_size: 16.0000 (16.0000)  lr: 0.0000 (0.0000)  time: 0.383370  data: 0.000367  max mem: 4727
I20260819 10:01:14 1562207 mum utils.py:218] Training  [21750/60000]  eta: 4:07:53  loss: 0.3505 (0.3884)  grad: 0.2133 (0.3349)  batch_size: 16.0000 (16.0000)  lr: 0.0000 (0.0000)  time: 0.382110  data: 0.000275  max mem: 4727
I20260819 10:01:33 1562207 mum utils.py:218] Training  [21800/60000]  eta: 4:07:33  loss: 0.3580 (0.3883)  grad: 0.2042 (0.3346)  batch_size: 16.0000 (16.0000)  lr: 0.0000 (0.0000)  time: 0.383270  data: 0.000291  max mem: 4727
I20260819 10:01:52 1562207 mum utils.py:218] Training  [21850/60000]  eta: 4:07:13  loss: 0.3536 (0.3882)  grad: 0.1618 (0.3342)  batch_size: 16.0000 (16.0000)  lr: 0.0000 (0.0000)  time: 0.382191  data: 0.000313  max mem: 4727
I20260819 10:02:12 1562207 mum utils.py:218] Training  [21900/60000]  eta: 4:06:53  loss: 0.3618 (0.3881)  grad: 0.1985 (0.3340)  batch_size: 16.0000 (16.0000)  lr: 0.0000 (0.0000)  time: 0.382740  data: 0.000295  max mem: 4727
I20260819 10:02:31 1562207 mum utils.py:218] Training  [21950/60000]  eta: 4:06:33  loss: 0.3525 (0.3881)  grad: 0.1724 (0.3336)  batch_size: 16.0000 (16.0000)  lr: 0.0000 (0.0000)  time: 0.382838  data: 0.000291  max mem: 4727
I20260819 10:02:50 1562207 mum utils.py:218] Training  [22000/60000]  eta: 4:06:13  loss: 0.3427 (0.3880)  grad: 0.1879 (0.3333)  batch_size: 16.0000 (16.0000)  lr: 0.0000 (0.0000)  time: 0.380645  data: 0.000300  max mem: 4727
I20260819 10:03:09 1562207 mum utils.py:218] Training  [22050/60000]  eta: 4:05:53  loss: 0.3440 (0.3879)  grad: 0.1806 (0.3330)  batch_size: 16.0000 (16.0000)  lr: 0.0000 (0.0000)  time: 0.382615  data: 0.000224  max mem: 4727
I20260819 10:03:28 1562207 mum utils.py:218] Training  [22100/60000]  eta: 4:05:33  loss: 0.3442 (0.3878)  grad: 0.1735 (0.3327)  batch_size: 16.0000 (16.0000)  lr: 0.0000 (0.0000)  time: 0.383129  data: 0.000271  max mem: 4727
I20260819 10:03:48 1562207 mum utils.py:218] Training  [22150/60000]  eta: 4:05:14  loss: 0.3466 (0.3877)  grad: 0.1673 (0.3323)  batch_size: 16.0000 (16.0000)  lr: 0.0000 (0.0000)  time: 0.383696  data: 0.000327  max mem: 4727
I20260819 10:04:07 1562207 mum utils.py:218] Training  [22200/60000]  eta: 4:04:54  loss: 0.3346 (0.3877)  grad: 0.1590 (0.3320)  batch_size: 16.0000 (16.0000)  lr: 0.0000 (0.0000)  time: 0.382664  data: 0.000273  max mem: 4727
I20260819 10:04:26 1562207 mum utils.py:218] Training  [22250/60000]  eta: 4:04:34  loss: 0.3551 (0.3876)  grad: 0.1705 (0.3316)  batch_size: 16.0000 (16.0000)  lr: 0.0000 (0.0000)  time: 0.383310  data: 0.000304  max mem: 4727
I20260819 10:04:45 1562207 mum utils.py:218] Training  [22300/60000]  eta: 4:04:14  loss: 0.3497 (0.3875)  grad: 0.1639 (0.3313)  batch_size: 16.0000 (16.0000)  lr: 0.0000 (0.0000)  time: 0.382962  data: 0.000288  max mem: 4727
I20260819 10:05:04 1562207 mum utils.py:218] Training  [22350/60000]  eta: 4:03:54  loss: 0.3444 (0.3874)  grad: 0.1855 (0.3310)  batch_size: 16.0000 (16.0000)  lr: 0.0000 (0.0000)  time: 0.386261  data: 0.000322  max mem: 4727
I20260819 10:05:24 1562207 mum utils.py:218] Training  [22400/60000]  eta: 4:03:35  loss: 0.3599 (0.3873)  grad: 0.1875 (0.3307)  batch_size: 16.0000 (16.0000)  lr: 0.0000 (0.0000)  time: 0.383531  data: 0.000264  max mem: 4727
I20260819 10:05:43 1562207 mum utils.py:218] Training  [22450/60000]  eta: 4:03:15  loss: 0.3555 (0.3873)  grad: 0.1713 (0.3304)  batch_size: 16.0000 (16.0000)  lr: 0.0000 (0.0000)  time: 0.386451  data: 0.000280  max mem: 4727
I20260819 10:06:02 1562207 mum utils.py:218] Training  [22500/60000]  eta: 4:02:55  loss: 0.3456 (0.3872)  grad: 0.1648 (0.3301)  batch_size: 16.0000 (16.0000)  lr: 0.0000 (0.0000)  time: 0.382319  data: 0.000246  max mem: 4727
I20260819 10:06:21 1562207 mum utils.py:218] Training  [22550/60000]  eta: 4:02:35  loss: 0.3394 (0.3871)  grad: 0.1607 (0.3298)  batch_size: 16.0000 (16.0000)  lr: 0.0000 (0.0000)  time: 0.383129  data: 0.000303  max mem: 4727
I20260819 10:06:40 1562207 mum utils.py:218] Training  [22600/60000]  eta: 4:02:16  loss: 0.3457 (0.3870)  grad: 0.1918 (0.3295)  batch_size: 16.0000 (16.0000)  lr: 0.0000 (0.0000)  time: 0.382743  data: 0.000275  max mem: 4727
I20260819 10:07:00 1562207 mum utils.py:218] Training  [22650/60000]  eta: 4:01:56  loss: 0.3541 (0.3869)  grad: 0.1576 (0.3292)  batch_size: 16.0000 (16.0000)  lr: 0.0000 (0.0000)  time: 0.387468  data: 0.000318  max mem: 4727
I20260819 10:07:19 1562207 mum utils.py:218] Training  [22700/60000]  eta: 4:01:36  loss: 0.3546 (0.3869)  grad: 0.2279 (0.3289)  batch_size: 16.0000 (16.0000)  lr: 0.0000 (0.0000)  time: 0.391027  data: 0.000292  max mem: 4727
I20260819 10:07:38 1562207 mum utils.py:218] Training  [22750/60000]  eta: 4:01:16  loss: 0.3491 (0.3868)  grad: 0.1911 (0.3287)  batch_size: 16.0000 (16.0000)  lr: 0.0000 (0.0000)  time: 0.385681  data: 0.000309  max mem: 4727
I20260819 10:07:57 1562207 mum utils.py:218] Training  [22800/60000]  eta: 4:00:56  loss: 0.3478 (0.3867)  grad: 0.1895 (0.3284)  batch_size: 16.0000 (16.0000)  lr: 0.0000 (0.0000)  time: 0.381794  data: 0.000290  max mem: 4727
I20260819 10:08:17 1562207 mum utils.py:218] Training  [22850/60000]  eta: 4:00:37  loss: 0.3451 (0.3866)  grad: 0.1614 (0.3281)  batch_size: 16.0000 (16.0000)  lr: 0.0000 (0.0000)  time: 0.382708  data: 0.000263  max mem: 4727
I20260819 10:08:36 1562207 mum utils.py:218] Training  [22900/60000]  eta: 4:00:17  loss: 0.3554 (0.3865)  grad: 0.2354 (0.3279)  batch_size: 16.0000 (16.0000)  lr: 0.0000 (0.0000)  time: 0.381167  data: 0.000282  max mem: 4727
I20260819 10:08:55 1562207 mum utils.py:218] Training  [22950/60000]  eta: 3:59:57  loss: 0.3595 (0.3865)  grad: 0.1590 (0.3276)  batch_size: 16.0000 (16.0000)  lr: 0.0000 (0.0000)  time: 0.382067  data: 0.000321  max mem: 4727
I20260819 10:09:14 1562207 mum utils.py:218] Training  [23000/60000]  eta: 3:59:38  loss: 0.3565 (0.3864)  grad: 0.1643 (0.3273)  batch_size: 16.0000 (16.0000)  lr: 0.0000 (0.0000)  time: 0.383602  data: 0.000253  max mem: 4727
I20260819 10:09:34 1562207 mum utils.py:218] Training  [23050/60000]  eta: 3:59:18  loss: 0.3524 (0.3863)  grad: 0.1728 (0.3269)  batch_size: 16.0000 (16.0000)  lr: 0.0000 (0.0000)  time: 0.383650  data: 0.000281  max mem: 4727
I20260819 10:09:53 1562207 mum utils.py:218] Training  [23100/60000]  eta: 3:58:58  loss: 0.3503 (0.3862)  grad: 0.1808 (0.3266)  batch_size: 16.0000 (16.0000)  lr: 0.0000 (0.0000)  time: 0.385353  data: 0.000274  max mem: 4727
I20260819 10:10:12 1562207 mum utils.py:218] Training  [23150/60000]  eta: 3:58:38  loss: 0.3606 (0.3862)  grad: 0.1975 (0.3263)  batch_size: 16.0000 (16.0000)  lr: 0.0000 (0.0000)  time: 0.382137  data: 0.000297  max mem: 4727
I20260819 10:10:31 1562207 mum utils.py:218] Training  [23200/60000]  eta: 3:58:18  loss: 0.3554 (0.3861)  grad: 0.1805 (0.3261)  batch_size: 16.0000 (16.0000)  lr: 0.0000 (0.0000)  time: 0.382422  data: 0.000271  max mem: 4727
I20260819 10:10:50 1562207 mum utils.py:218] Training  [23250/60000]  eta: 3:57:59  loss: 0.3499 (0.3860)  grad: 0.1683 (0.3258)  batch_size: 16.0000 (16.0000)  lr: 0.0000 (0.0000)  time: 0.382044  data: 0.000286  max mem: 4727
I20260819 10:11:10 1562207 mum utils.py:218] Training  [23300/60000]  eta: 3:57:39  loss: 0.3282 (0.3859)  grad: 0.1964 (0.3255)  batch_size: 16.0000 (16.0000)  lr: 0.0000 (0.0000)  time: 0.381205  data: 0.000287  max mem: 4727
I20260819 10:11:29 1562207 mum utils.py:218] Training  [23350/60000]  eta: 3:57:19  loss: 0.3355 (0.3859)  grad: 0.1734 (0.3253)  batch_size: 16.0000 (16.0000)  lr: 0.0000 (0.0000)  time: 0.381805  data: 0.000293  max mem: 4727
I20260819 10:11:48 1562207 mum utils.py:218] Training  [23400/60000]  eta: 3:56:59  loss: 0.3313 (0.3858)  grad: 0.1698 (0.3249)  batch_size: 16.0000 (16.0000)  lr: 0.0000 (0.0000)  time: 0.382126  data: 0.000286  max mem: 4727
I20260819 10:12:07 1562207 mum utils.py:218] Training  [23450/60000]  eta: 3:56:39  loss: 0.3580 (0.3857)  grad: 0.1704 (0.3246)  batch_size: 16.0000 (16.0000)  lr: 0.0000 (0.0000)  time: 0.383482  data: 0.000308  max mem: 4727
I20260819 10:12:26 1562207 mum utils.py:218] Training  [23500/60000]  eta: 3:56:20  loss: 0.3572 (0.3856)  grad: 0.1909 (0.3244)  batch_size: 16.0000 (16.0000)  lr: 0.0000 (0.0000)  time: 0.384028  data: 0.000302  max mem: 4727
I20260819 10:12:46 1562207 mum utils.py:218] Training  [23550/60000]  eta: 3:56:00  loss: 0.3458 (0.3856)  grad: 0.1805 (0.3241)  batch_size: 16.0000 (16.0000)  lr: 0.0000 (0.0000)  time: 0.387290  data: 0.000290  max mem: 4727
I20260819 10:13:05 1562207 mum utils.py:218] Training  [23600/60000]  eta: 3:55:40  loss: 0.3520 (0.3855)  grad: 0.1717 (0.3238)  batch_size: 16.0000 (16.0000)  lr: 0.0000 (0.0000)  time: 0.384584  data: 0.000279  max mem: 4727
I20260819 10:13:24 1562207 mum utils.py:218] Training  [23650/60000]  eta: 3:55:20  loss: 0.3541 (0.3854)  grad: 0.2060 (0.3236)  batch_size: 16.0000 (16.0000)  lr: 0.0000 (0.0000)  time: 0.381571  data: 0.000334  max mem: 4727
I20260819 10:13:43 1562207 mum utils.py:218] Training  [23700/60000]  eta: 3:55:01  loss: 0.3553 (0.3853)  grad: 0.1730 (0.3233)  batch_size: 16.0000 (16.0000)  lr: 0.0000 (0.0000)  time: 0.382987  data: 0.000295  max mem: 4727
I20260819 10:14:02 1562207 mum utils.py:218] Training  [23750/60000]  eta: 3:54:41  loss: 0.3377 (0.3853)  grad: 0.1766 (0.3231)  batch_size: 16.0000 (16.0000)  lr: 0.0000 (0.0000)  time: 0.383039  data: 0.000292  max mem: 4727
I20260819 10:14:22 1562207 mum utils.py:218] Training  [23800/60000]  eta: 3:54:21  loss: 0.3629 (0.3852)  grad: 0.1853 (0.3228)  batch_size: 16.0000 (16.0000)  lr: 0.0000 (0.0000)  time: 0.383974  data: 0.000321  max mem: 4727
I20260819 10:14:41 1562207 mum utils.py:218] Training  [23850/60000]  eta: 3:54:01  loss: 0.3373 (0.3851)  grad: 0.1666 (0.3225)  batch_size: 16.0000 (16.0000)  lr: 0.0000 (0.0000)  time: 0.385902  data: 0.000267  max mem: 4727
I20260819 10:15:00 1562207 mum utils.py:218] Training  [23900/60000]  eta: 3:53:42  loss: 0.3386 (0.3850)  grad: 0.1902 (0.3222)  batch_size: 16.0000 (16.0000)  lr: 0.0000 (0.0000)  time: 0.382181  data: 0.000245  max mem: 4727
I20260819 10:15:19 1562207 mum utils.py:218] Training  [23950/60000]  eta: 3:53:22  loss: 0.3573 (0.3850)  grad: 0.1804 (0.3220)  batch_size: 16.0000 (16.0000)  lr: 0.0000 (0.0000)  time: 0.388608  data: 0.000315  max mem: 4727
Building dynamic dataloader with seed: 42
Randomly sampling [3, 3] frames
TravelUAVDataset (val): 767 scenes, 39921 frames (total 15348 scenes, split_ratio=0.95).
ComposedDataset created from 1 datasets: ['TravelUAVDataset:DATA_DIR=/data2/student1_ly/datasets/OpenUAV-QA/TravelUAV_dataset:SPLIT=val']
[step 24000] val loss: 0.3574
I20260819 10:16:02 1562207 mum utils.py:218] Training  [24000/60000]  eta: 3:53:37  loss: 0.3409 (0.3849)  grad: 0.2031 (0.3218)  batch_size: 16.0000 (16.0000)  lr: 0.0000 (0.0000)  time: 1.543849  data: 0.000322  max mem: 4727
I20260819 10:16:21 1562207 mum utils.py:218] Training  [24050/60000]  eta: 3:53:18  loss: 0.3637 (0.3848)  grad: 0.1764 (0.3215)  batch_size: 16.0000 (16.0000)  lr: 0.0000 (0.0000)  time: 0.383395  data: 0.000277  max mem: 4727
I20260819 10:16:41 1562207 mum utils.py:218] Training  [24100/60000]  eta: 3:52:58  loss: 0.3469 (0.3848)  grad: 0.1581 (0.3212)  batch_size: 16.0000 (16.0000)  lr: 0.0000 (0.0000)  time: 0.390024  data: 0.000372  max mem: 4727
I20260819 10:17:00 1562207 mum utils.py:218] Training  [24150/60000]  eta: 3:52:38  loss: 0.3559 (0.3847)  grad: 0.1832 (0.3209)  batch_size: 16.0000 (16.0000)  lr: 0.0000 (0.0000)  time: 0.381710  data: 0.000267  max mem: 4727
I20260819 10:17:19 1562207 mum utils.py:218] Training  [24200/60000]  eta: 3:52:18  loss: 0.3458 (0.3846)  grad: 0.1688 (0.3207)  batch_size: 16.0000 (16.0000)  lr: 0.0000 (0.0000)  time: 0.383210  data: 0.000245  max mem: 4727
I20260819 10:17:38 1562207 mum utils.py:218] Training  [24250/60000]  eta: 3:51:58  loss: 0.3589 (0.3846)  grad: 0.1708 (0.3204)  batch_size: 16.0000 (16.0000)  lr: 0.0000 (0.0000)  time: 0.381818  data: 0.000248  max mem: 4727
I20260819 10:17:57 1562207 mum utils.py:218] Training  [24300/60000]  eta: 3:51:38  loss: 0.3444 (0.3845)  grad: 0.1614 (0.3202)  batch_size: 16.0000 (16.0000)  lr: 0.0000 (0.0000)  time: 0.382555  data: 0.000285  max mem: 4727
I20260819 10:18:16 1562207 mum utils.py:218] Training  [24350/60000]  eta: 3:51:18  loss: 0.3475 (0.3844)  grad: 0.1699 (0.3199)  batch_size: 16.0000 (16.0000)  lr: 0.0000 (0.0000)  time: 0.386494  data: 0.000389  max mem: 4727
I20260819 10:18:36 1562207 mum utils.py:218] Training  [24400/60000]  eta: 3:50:59  loss: 0.3450 (0.3843)  grad: 0.1801 (0.3197)  batch_size: 16.0000 (16.0000)  lr: 0.0000 (0.0000)  time: 0.381880  data: 0.000289  max mem: 4727
I20260819 10:18:55 1562207 mum utils.py:218] Training  [24450/60000]  eta: 3:50:39  loss: 0.3539 (0.3843)  grad: 0.1632 (0.3194)  batch_size: 16.0000 (16.0000)  lr: 0.0000 (0.0000)  time: 0.384660  data: 0.000317  max mem: 4727
I20260819 10:19:14 1562207 mum utils.py:218] Training  [24500/60000]  eta: 3:50:19  loss: 0.3342 (0.3842)  grad: 0.1699 (0.3192)  batch_size: 16.0000 (16.0000)  lr: 0.0000 (0.0000)  time: 0.384597  data: 0.000302  max mem: 4727
I20260819 10:19:33 1562207 mum utils.py:218] Training  [24550/60000]  eta: 3:49:59  loss: 0.3527 (0.3841)  grad: 0.1720 (0.3189)  batch_size: 16.0000 (16.0000)  lr: 0.0000 (0.0000)  time: 0.381132  data: 0.000239  max mem: 4727
I20260819 10:19:52 1562207 mum utils.py:218] Training  [24600/60000]  eta: 3:49:39  loss: 0.3495 (0.3840)  grad: 0.1661 (0.3186)  batch_size: 16.0000 (16.0000)  lr: 0.0000 (0.0000)  time: 0.385289  data: 0.000285  max mem: 4727
I20260819 10:20:12 1562207 mum utils.py:218] Training  [24650/60000]  eta: 3:49:19  loss: 0.3584 (0.3840)  grad: 0.1749 (0.3183)  batch_size: 16.0000 (16.0000)  lr: 0.0000 (0.0000)  time: 0.381941  data: 0.000238  max mem: 4727
I20260819 10:20:31 1562207 mum utils.py:218] Training  [24700/60000]  eta: 3:48:59  loss: 0.3453 (0.3839)  grad: 0.1782 (0.3181)  batch_size: 16.0000 (16.0000)  lr: 0.0000 (0.0000)  time: 0.382904  data: 0.000247  max mem: 4727
I20260819 10:20:50 1562207 mum utils.py:218] Training  [24750/60000]  eta: 3:48:40  loss: 0.3464 (0.3839)  grad: 0.1659 (0.3178)  batch_size: 16.0000 (16.0000)  lr: 0.0000 (0.0000)  time: 0.387812  data: 0.000273  max mem: 4727
I20260819 10:21:09 1562207 mum utils.py:218] Training  [24800/60000]  eta: 3:48:20  loss: 0.3401 (0.3838)  grad: 0.1860 (0.3175)  batch_size: 16.0000 (16.0000)  lr: 0.0000 (0.0000)  time: 0.382871  data: 0.000296  max mem: 4727
I20260819 10:21:28 1562207 mum utils.py:218] Training  [24850/60000]  eta: 3:48:00  loss: 0.3506 (0.3837)  grad: 0.1600 (0.3173)  batch_size: 16.0000 (16.0000)  lr: 0.0000 (0.0000)  time: 0.383134  data: 0.000290  max mem: 4727
I20260819 10:21:47 1562207 mum utils.py:218] Training  [24900/60000]  eta: 3:47:40  loss: 0.3608 (0.3837)  grad: 0.1773 (0.3170)  batch_size: 16.0000 (16.0000)  lr: 0.0000 (0.0000)  time: 0.383455  data: 0.000266  max mem: 4727
I20260819 10:22:07 1562207 mum utils.py:218] Training  [24950/60000]  eta: 3:47:20  loss: 0.3485 (0.3836)  grad: 0.2026 (0.3168)  batch_size: 16.0000 (16.0000)  lr: 0.0000 (0.0000)  time: 0.382052  data: 0.000248  max mem: 4727
Launching eval: fast
Created dir /data1/Taohy/ModelReshow/modelReShow/MuM/checkpoints_traveluav/eval/training_24999/fast
I20260819 10:22:26 1562207 mum train.py:79] Saved eval cfg /data1/Taohy/ModelReshow/modelReShow/MuM/checkpoints_traveluav/eval/training_24999/fast/eval_cfg.yaml
I20260819 10:22:26 1562207 mum train.py:85] Launched eval fast
I20260819 10:22:27 1562207 mum utils.py:218] Training  [25000/60000]  eta: 3:47:01  loss: 0.3544 (0.3835)  grad: 0.1729 (0.3166)  batch_size: 16.0000 (16.0000)  lr: 0.0000 (0.0000)  time: 0.423080  data: 0.000300  max mem: 4727
I20260819 10:22:46 1562207 mum utils.py:218] Training  [25050/60000]  eta: 3:46:42  loss: 0.3414 (0.3835)  grad: 0.1769 (0.3163)  batch_size: 16.0000 (16.0000)  lr: 0.0000 (0.0000)  time: 0.387232  data: 0.000333  max mem: 4727
I20260819 10:23:05 1562207 mum utils.py:218] Training  [25100/60000]  eta: 3:46:22  loss: 0.3555 (0.3834)  grad: 0.1759 (0.3160)  batch_size: 16.0000 (16.0000)  lr: 0.0000 (0.0000)  time: 0.382986  data: 0.000312  max mem: 4727
I20260819 10:23:24 1562207 mum utils.py:218] Training  [25150/60000]  eta: 3:46:02  loss: 0.3440 (0.3833)  grad: 0.1676 (0.3158)  batch_size: 16.0000 (16.0000)  lr: 0.0000 (0.0000)  time: 0.386888  data: 0.000269  max mem: 4727
I20260819 10:23:44 1562207 mum utils.py:218] Training  [25200/60000]  eta: 3:45:42  loss: 0.3470 (0.3833)  grad: 0.1584 (0.3155)  batch_size: 16.0000 (16.0000)  lr: 0.0000 (0.0000)  time: 0.388700  data: 0.000309  max mem: 4727
I20260819 10:24:03 1562207 mum utils.py:218] Training  [25250/60000]  eta: 3:45:23  loss: 0.3338 (0.3832)  grad: 0.1708 (0.3152)  batch_size: 16.0000 (16.0000)  lr: 0.0000 (0.0000)  time: 0.386378  data: 0.000354  max mem: 4727
I20260819 10:24:22 1562207 mum utils.py:218] Training  [25300/60000]  eta: 3:45:03  loss: 0.3493 (0.3832)  grad: 0.1796 (0.3149)  batch_size: 16.0000 (16.0000)  lr: 0.0000 (0.0000)  time: 0.381580  data: 0.000323  max mem: 4727
I20260819 10:24:41 1562207 mum utils.py:218] Training  [25350/60000]  eta: 3:44:43  loss: 0.3541 (0.3831)  grad: 0.1774 (0.3147)  batch_size: 16.0000 (16.0000)  lr: 0.0000 (0.0000)  time: 0.383439  data: 0.000276  max mem: 4727
I20260819 10:25:00 1562207 mum utils.py:218] Training  [25400/60000]  eta: 3:44:23  loss: 0.3629 (0.3830)  grad: 0.1766 (0.3144)  batch_size: 16.0000 (16.0000)  lr: 0.0000 (0.0000)  time: 0.383229  data: 0.000316  max mem: 4727
I20260819 10:25:20 1562207 mum utils.py:218] Training  [25450/60000]  eta: 3:44:03  loss: 0.3493 (0.3830)  grad: 0.1736 (0.3142)  batch_size: 16.0000 (16.0000)  lr: 0.0000 (0.0000)  time: 0.383201  data: 0.000294  max mem: 4727
I20260819 10:25:39 1562207 mum utils.py:218] Training  [25500/60000]  eta: 3:43:44  loss: 0.3282 (0.3829)  grad: 0.1635 (0.3140)  batch_size: 16.0000 (16.0000)  lr: 0.0000 (0.0000)  time: 0.381125  data: 0.000238  max mem: 4727
I20260819 10:25:58 1562207 mum utils.py:218] Training  [25550/60000]  eta: 3:43:24  loss: 0.3395 (0.3829)  grad: 0.1778 (0.3137)  batch_size: 16.0000 (16.0000)  lr: 0.0000 (0.0000)  time: 0.382389  data: 0.000279  max mem: 4727
I20260819 10:26:18 1562207 mum utils.py:218] Training  [25600/60000]  eta: 3:43:04  loss: 0.3466 (0.3828)  grad: 0.2034 (0.3135)  batch_size: 16.0000 (16.0000)  lr: 0.0000 (0.0000)  time: 0.387059  data: 0.000284  max mem: 4727
I20260819 10:26:37 1562207 mum utils.py:218] Training  [25650/60000]  eta: 3:42:44  loss: 0.3505 (0.3827)  grad: 0.2031 (0.3132)  batch_size: 16.0000 (16.0000)  lr: 0.0000 (0.0000)  time: 0.380863  data: 0.000268  max mem: 4727
I20260819 10:26:56 1562207 mum utils.py:218] Training  [25700/60000]  eta: 3:42:24  loss: 0.3459 (0.3827)  grad: 0.2020 (0.3130)  batch_size: 16.0000 (16.0000)  lr: 0.0000 (0.0000)  time: 0.371492  data: 0.000268  max mem: 4727
I20260819 10:27:14 1562207 mum utils.py:218] Training  [25750/60000]  eta: 3:42:04  loss: 0.3484 (0.3826)  grad: 0.1750 (0.3128)  batch_size: 16.0000 (16.0000)  lr: 0.0000 (0.0000)  time: 0.377821  data: 0.000305  max mem: 4727
I20260819 10:27:33 1562207 mum utils.py:218] Training  [25800/60000]  eta: 3:41:44  loss: 0.3497 (0.3826)  grad: 0.1726 (0.3126)  batch_size: 16.0000 (16.0000)  lr: 0.0000 (0.0000)  time: 0.377858  data: 0.000306  max mem: 4727
I20260819 10:27:52 1562207 mum utils.py:218] Training  [25850/60000]  eta: 3:41:24  loss: 0.3447 (0.3825)  grad: 0.1735 (0.3123)  batch_size: 16.0000 (16.0000)  lr: 0.0000 (0.0000)  time: 0.375535  data: 0.000295  max mem: 4727
I20260819 10:28:11 1562207 mum utils.py:218] Training  [25900/60000]  eta: 3:41:03  loss: 0.3358 (0.3824)  grad: 0.1691 (0.3121)  batch_size: 16.0000 (16.0000)  lr: 0.0000 (0.0000)  time: 0.378188  data: 0.000288  max mem: 4727
I20260819 10:28:30 1562207 mum utils.py:218] Training  [25950/60000]  eta: 3:40:43  loss: 0.3536 (0.3824)  grad: 0.1819 (0.3118)  batch_size: 16.0000 (16.0000)  lr: 0.0000 (0.0000)  time: 0.377049  data: 0.000300  max mem: 4727
I20260819 10:28:49 1562207 mum utils.py:218] Training  [26000/60000]  eta: 3:40:23  loss: 0.3530 (0.3823)  grad: 0.1719 (0.3116)  batch_size: 16.0000 (16.0000)  lr: 0.0000 (0.0000)  time: 0.375962  data: 0.000261  max mem: 4727
I20260819 10:29:08 1562207 mum utils.py:218] Training  [26050/60000]  eta: 3:40:03  loss: 0.3522 (0.3823)  grad: 0.2128 (0.3114)  batch_size: 16.0000 (16.0000)  lr: 0.0000 (0.0000)  time: 0.381166  data: 0.000323  max mem: 4727
I20260819 10:29:26 1562207 mum utils.py:218] Training  [26100/60000]  eta: 3:39:42  loss: 0.3307 (0.3822)  grad: 0.1875 (0.3112)  batch_size: 16.0000 (16.0000)  lr: 0.0000 (0.0000)  time: 0.372869  data: 0.000331  max mem: 4727
I20260819 10:29:45 1562207 mum utils.py:218] Training  [26150/60000]  eta: 3:39:22  loss: 0.3541 (0.3821)  grad: 0.1684 (0.3110)  batch_size: 16.0000 (16.0000)  lr: 0.0000 (0.0000)  time: 0.377265  data: 0.000269  max mem: 4727
I20260819 10:30:04 1562207 mum utils.py:218] Training  [26200/60000]  eta: 3:39:02  loss: 0.3505 (0.3821)  grad: 0.2491 (0.3111)  batch_size: 16.0000 (16.0000)  lr: 0.0000 (0.0000)  time: 0.382239  data: 0.000336  max mem: 4727
I20260819 10:30:23 1562207 mum utils.py:218] Training  [26250/60000]  eta: 3:38:42  loss: 0.3589 (0.3820)  grad: 0.1812 (0.3109)  batch_size: 16.0000 (16.0000)  lr: 0.0000 (0.0000)  time: 0.381444  data: 0.000316  max mem: 4727
I20260819 10:30:42 1562207 mum utils.py:218] Training  [26300/60000]  eta: 3:38:22  loss: 0.3341 (0.3819)  grad: 0.1655 (0.3107)  batch_size: 16.0000 (16.0000)  lr: 0.0000 (0.0000)  time: 0.380347  data: 0.000234  max mem: 4727
I20260819 10:31:02 1562207 mum utils.py:218] Training  [26350/60000]  eta: 3:38:03  loss: 0.3467 (0.3819)  grad: 0.1672 (0.3104)  batch_size: 16.0000 (16.0000)  lr: 0.0000 (0.0000)  time: 0.385268  data: 0.000294  max mem: 4727
I20260819 10:31:21 1562207 mum utils.py:218] Training  [26400/60000]  eta: 3:37:43  loss: 0.3417 (0.3818)  grad: 0.1795 (0.3102)  batch_size: 16.0000 (16.0000)  lr: 0.0000 (0.0000)  time: 0.383629  data: 0.000352  max mem: 4727
I20260819 10:31:40 1562207 mum utils.py:218] Training  [26450/60000]  eta: 3:37:23  loss: 0.3452 (0.3818)  grad: 0.1784 (0.3100)  batch_size: 16.0000 (16.0000)  lr: 0.0000 (0.0000)  time: 0.381630  data: 0.000296  max mem: 4727
I20260819 10:31:59 1562207 mum utils.py:218] Training  [26500/60000]  eta: 3:37:03  loss: 0.3325 (0.3817)  grad: 0.1712 (0.3097)  batch_size: 16.0000 (16.0000)  lr: 0.0000 (0.0000)  time: 0.381588  data: 0.000317  max mem: 4727
I20260819 10:32:18 1562207 mum utils.py:218] Training  [26550/60000]  eta: 3:36:43  loss: 0.3520 (0.3816)  grad: 0.2209 (0.3095)  batch_size: 16.0000 (16.0000)  lr: 0.0000 (0.0000)  time: 0.380888  data: 0.000291  max mem: 4727
I20260819 10:32:37 1562207 mum utils.py:218] Training  [26600/60000]  eta: 3:36:24  loss: 0.3472 (0.3816)  grad: 0.1664 (0.3093)  batch_size: 16.0000 (16.0000)  lr: 0.0000 (0.0000)  time: 0.381347  data: 0.000292  max mem: 4727
I20260819 10:32:57 1562207 mum utils.py:218] Training  [26650/60000]  eta: 3:36:04  loss: 0.3443 (0.3815)  grad: 0.1790 (0.3091)  batch_size: 16.0000 (16.0000)  lr: 0.0000 (0.0000)  time: 0.382512  data: 0.000313  max mem: 4727
I20260819 10:33:16 1562207 mum utils.py:218] Training  [26700/60000]  eta: 3:35:44  loss: 0.3511 (0.3815)  grad: 0.2009 (0.3089)  batch_size: 16.0000 (16.0000)  lr: 0.0000 (0.0000)  time: 0.380826  data: 0.000263  max mem: 4727
I20260819 10:33:35 1562207 mum utils.py:218] Training  [26750/60000]  eta: 3:35:24  loss: 0.3566 (0.3814)  grad: 0.1785 (0.3087)  batch_size: 16.0000 (16.0000)  lr: 0.0000 (0.0000)  time: 0.389286  data: 0.000294  max mem: 4727
I20260819 10:33:54 1562207 mum utils.py:218] Training  [26800/60000]  eta: 3:35:04  loss: 0.3584 (0.3813)  grad: 0.1798 (0.3085)  batch_size: 16.0000 (16.0000)  lr: 0.0000 (0.0000)  time: 0.381922  data: 0.000306  max mem: 4727
I20260819 10:34:13 1562207 mum utils.py:218] Training  [26850/60000]  eta: 3:34:45  loss: 0.3433 (0.3813)  grad: 0.1687 (0.3082)  batch_size: 16.0000 (16.0000)  lr: 0.0000 (0.0000)  time: 0.382534  data: 0.000292  max mem: 4727
I20260819 10:34:32 1562207 mum utils.py:218] Training  [26900/60000]  eta: 3:34:25  loss: 0.3476 (0.3812)  grad: 0.1746 (0.3080)  batch_size: 16.0000 (16.0000)  lr: 0.0000 (0.0000)  time: 0.380976  data: 0.000318  max mem: 4727
I20260819 10:34:51 1562207 mum utils.py:218] Training  [26950/60000]  eta: 3:34:05  loss: 0.3426 (0.3812)  grad: 0.1690 (0.3078)  batch_size: 16.0000 (16.0000)  lr: 0.0000 (0.0000)  time: 0.382058  data: 0.000264  max mem: 4727
I20260819 10:35:11 1562207 mum utils.py:218] Training  [27000/60000]  eta: 3:33:45  loss: 0.3497 (0.3811)  grad: 0.1733 (0.3075)  batch_size: 16.0000 (16.0000)  lr: 0.0000 (0.0000)  time: 0.383692  data: 0.000321  max mem: 4727
I20260819 10:35:30 1562207 mum utils.py:218] Training  [27050/60000]  eta: 3:33:26  loss: 0.3511 (0.3810)  grad: 0.1748 (0.3073)  batch_size: 16.0000 (16.0000)  lr: 0.0000 (0.0000)  time: 0.381116  data: 0.000324  max mem: 4727
I20260819 10:35:49 1562207 mum utils.py:218] Training  [27100/60000]  eta: 3:33:06  loss: 0.3494 (0.3810)  grad: 0.1775 (0.3071)  batch_size: 16.0000 (16.0000)  lr: 0.0000 (0.0000)  time: 0.383166  data: 0.000298  max mem: 4727
I20260819 10:36:08 1562207 mum utils.py:218] Training  [27150/60000]  eta: 3:32:46  loss: 0.3439 (0.3809)  grad: 0.1769 (0.3069)  batch_size: 16.0000 (16.0000)  lr: 0.0000 (0.0000)  time: 0.379627  data: 0.000252  max mem: 4727
I20260819 10:36:27 1562207 mum utils.py:218] Training  [27200/60000]  eta: 3:32:26  loss: 0.3473 (0.3809)  grad: 0.1685 (0.3066)  batch_size: 16.0000 (16.0000)  lr: 0.0000 (0.0000)  time: 0.390644  data: 0.000315  max mem: 4727
I20260819 10:36:46 1562207 mum utils.py:218] Training  [27250/60000]  eta: 3:32:06  loss: 0.3488 (0.3808)  grad: 0.1780 (0.3065)  batch_size: 16.0000 (16.0000)  lr: 0.0000 (0.0000)  time: 0.381699  data: 0.000310  max mem: 4727
I20260819 10:37:06 1562207 mum utils.py:218] Training  [27300/60000]  eta: 3:31:47  loss: 0.3496 (0.3807)  grad: 0.1740 (0.3062)  batch_size: 16.0000 (16.0000)  lr: 0.0000 (0.0000)  time: 0.394034  data: 0.000315  max mem: 4727
I20260819 10:37:25 1562207 mum utils.py:218] Training  [27350/60000]  eta: 3:31:27  loss: 0.3511 (0.3807)  grad: 0.1905 (0.3060)  batch_size: 16.0000 (16.0000)  lr: 0.0000 (0.0000)  time: 0.381573  data: 0.000276  max mem: 4727
I20260819 10:37:44 1562207 mum utils.py:218] Training  [27400/60000]  eta: 3:31:07  loss: 0.3504 (0.3806)  grad: 0.1923 (0.3058)  batch_size: 16.0000 (16.0000)  lr: 0.0000 (0.0000)  time: 0.385651  data: 0.000325  max mem: 4727
I20260819 10:38:03 1562207 mum utils.py:218] Training  [27450/60000]  eta: 3:30:48  loss: 0.3445 (0.3806)  grad: 0.1819 (0.3056)  batch_size: 16.0000 (16.0000)  lr: 0.0000 (0.0000)  time: 0.381627  data: 0.000296  max mem: 4727
I20260819 10:38:23 1562207 mum utils.py:218] Training  [27500/60000]  eta: 3:30:28  loss: 0.3535 (0.3805)  grad: 0.1724 (0.3054)  batch_size: 16.0000 (16.0000)  lr: 0.0000 (0.0000)  time: 0.382671  data: 0.000287  max mem: 4727
I20260819 10:38:42 1562207 mum utils.py:218] Training  [27550/60000]  eta: 3:30:08  loss: 0.3525 (0.3805)  grad: 0.1632 (0.3052)  batch_size: 16.0000 (16.0000)  lr: 0.0000 (0.0000)  time: 0.382305  data: 0.000282  max mem: 4727
I20260819 10:39:01 1562207 mum utils.py:218] Training  [27600/60000]  eta: 3:29:49  loss: 0.3547 (0.3804)  grad: 0.1998 (0.3050)  batch_size: 16.0000 (16.0000)  lr: 0.0000 (0.0000)  time: 0.382144  data: 0.000277  max mem: 4727
I20260819 10:39:20 1562207 mum utils.py:218] Training  [27650/60000]  eta: 3:29:29  loss: 0.3400 (0.3803)  grad: 0.1715 (0.3048)  batch_size: 16.0000 (16.0000)  lr: 0.0000 (0.0000)  time: 0.382243  data: 0.000283  max mem: 4727
I20260819 10:39:39 1562207 mum utils.py:218] Training  [27700/60000]  eta: 3:29:09  loss: 0.3354 (0.3803)  grad: 0.1743 (0.3045)  batch_size: 16.0000 (16.0000)  lr: 0.0000 (0.0000)  time: 0.386574  data: 0.000332  max mem: 4727
I20260819 10:39:59 1562207 mum utils.py:218] Training  [27750/60000]  eta: 3:28:50  loss: 0.3418 (0.3802)  grad: 0.1784 (0.3043)  batch_size: 16.0000 (16.0000)  lr: 0.0000 (0.0000)  time: 0.382673  data: 0.000307  max mem: 4727
I20260819 10:40:18 1562207 mum utils.py:218] Training  [27800/60000]  eta: 3:28:30  loss: 0.3487 (0.3802)  grad: 0.1833 (0.3041)  batch_size: 16.0000 (16.0000)  lr: 0.0000 (0.0000)  time: 0.382588  data: 0.000297  max mem: 4727
I20260819 10:40:37 1562207 mum utils.py:218] Training  [27850/60000]  eta: 3:28:10  loss: 0.3558 (0.3801)  grad: 0.1570 (0.3039)  batch_size: 16.0000 (16.0000)  lr: 0.0000 (0.0000)  time: 0.381130  data: 0.000299  max mem: 4727
I20260819 10:40:56 1562207 mum utils.py:218] Training  [27900/60000]  eta: 3:27:51  loss: 0.3529 (0.3801)  grad: 0.1722 (0.3037)  batch_size: 16.0000 (16.0000)  lr: 0.0000 (0.0000)  time: 0.382685  data: 0.000279  max mem: 4727
I20260819 10:41:15 1562207 mum utils.py:218] Training  [27950/60000]  eta: 3:27:31  loss: 0.3616 (0.3800)  grad: 0.1775 (0.3035)  batch_size: 16.0000 (16.0000)  lr: 0.0000 (0.0000)  time: 0.382846  data: 0.000282  max mem: 4727
I20260819 10:41:35 1562207 mum utils.py:218] Training  [28000/60000]  eta: 3:27:11  loss: 0.3432 (0.3800)  grad: 0.1772 (0.3033)  batch_size: 16.0000 (16.0000)  lr: 0.0000 (0.0000)  time: 0.383500  data: 0.000277  max mem: 4727
I20260819 10:41:54 1562207 mum utils.py:218] Training  [28050/60000]  eta: 3:26:52  loss: 0.3353 (0.3799)  grad: 0.1737 (0.3030)  batch_size: 16.0000 (16.0000)  lr: 0.0000 (0.0000)  time: 0.389517  data: 0.000318  max mem: 4727
I20260819 10:42:13 1562207 mum utils.py:218] Training  [28100/60000]  eta: 3:26:32  loss: 0.3519 (0.3798)  grad: 0.1953 (0.3028)  batch_size: 16.0000 (16.0000)  lr: 0.0000 (0.0000)  time: 0.382126  data: 0.000317  max mem: 4727
I20260819 10:42:33 1562207 mum utils.py:218] Training  [28150/60000]  eta: 3:26:13  loss: 0.3428 (0.3798)  grad: 0.1721 (0.3026)  batch_size: 16.0000 (16.0000)  lr: 0.0000 (0.0000)  time: 0.395654  data: 0.000310  max mem: 4727
I20260819 10:42:52 1562207 mum utils.py:218] Training  [28200/60000]  eta: 3:25:53  loss: 0.3456 (0.3797)  grad: 0.1687 (0.3025)  batch_size: 16.0000 (16.0000)  lr: 0.0000 (0.0000)  time: 0.381422  data: 0.000306  max mem: 4727
I20260819 10:43:11 1562207 mum utils.py:218] Training  [28250/60000]  eta: 3:25:33  loss: 0.3619 (0.3797)  grad: 0.1755 (0.3022)  batch_size: 16.0000 (16.0000)  lr: 0.0000 (0.0000)  time: 0.388220  data: 0.000335  max mem: 4727
I20260819 10:43:30 1562207 mum utils.py:218] Training  [28300/60000]  eta: 3:25:14  loss: 0.3399 (0.3796)  grad: 0.1867 (0.3020)  batch_size: 16.0000 (16.0000)  lr: 0.0000 (0.0000)  time: 0.382885  data: 0.000245  max mem: 4727
I20260819 10:43:49 1562207 mum utils.py:218] Training  [28350/60000]  eta: 3:24:54  loss: 0.3621 (0.3795)  grad: 0.1862 (0.3018)  batch_size: 16.0000 (16.0000)  lr: 0.0000 (0.0000)  time: 0.386917  data: 0.000316  max mem: 4727
I20260819 10:44:09 1562207 mum utils.py:218] Training  [28400/60000]  eta: 3:24:34  loss: 0.3391 (0.3795)  grad: 0.1706 (0.3016)  batch_size: 16.0000 (16.0000)  lr: 0.0000 (0.0000)  time: 0.383587  data: 0.000310  max mem: 4727
I20260819 10:44:28 1562207 mum utils.py:218] Training  [28450/60000]  eta: 3:24:15  loss: 0.3399 (0.3794)  grad: 0.1742 (0.3014)  batch_size: 16.0000 (16.0000)  lr: 0.0000 (0.0000)  time: 0.384018  data: 0.000269  max mem: 4727
I20260819 10:44:47 1562207 mum utils.py:218] Training  [28500/60000]  eta: 3:23:55  loss: 0.3343 (0.3794)  grad: 0.1617 (0.3012)  batch_size: 16.0000 (16.0000)  lr: 0.0000 (0.0000)  time: 0.385708  data: 0.000292  max mem: 4727
I20260819 10:45:06 1562207 mum utils.py:218] Training  [28550/60000]  eta: 3:23:35  loss: 0.3446 (0.3793)  grad: 0.1701 (0.3010)  batch_size: 16.0000 (16.0000)  lr: 0.0000 (0.0000)  time: 0.382820  data: 0.000300  max mem: 4727
I20260819 10:45:25 1562207 mum utils.py:218] Training  [28600/60000]  eta: 3:23:15  loss: 0.3486 (0.3793)  grad: 0.1847 (0.3008)  batch_size: 16.0000 (16.0000)  lr: 0.0000 (0.0000)  time: 0.380901  data: 0.000322  max mem: 4727
I20260819 10:45:44 1562207 mum utils.py:218] Training  [28650/60000]  eta: 3:22:56  loss: 0.3567 (0.3792)  grad: 0.1978 (0.3006)  batch_size: 16.0000 (16.0000)  lr: 0.0000 (0.0000)  time: 0.381236  data: 0.000269  max mem: 4727
I20260819 10:46:03 1562207 mum utils.py:218] Training  [28700/60000]  eta: 3:22:36  loss: 0.3420 (0.3792)  grad: 0.1730 (0.3004)  batch_size: 16.0000 (16.0000)  lr: 0.0000 (0.0000)  time: 0.383035  data: 0.000290  max mem: 4727
I20260819 10:46:23 1562207 mum utils.py:218] Training  [28750/60000]  eta: 3:22:16  loss: 0.3588 (0.3791)  grad: 0.1711 (0.3002)  batch_size: 16.0000 (16.0000)  lr: 0.0000 (0.0000)  time: 0.381869  data: 0.000268  max mem: 4727
I20260819 10:46:42 1562207 mum utils.py:218] Training  [28800/60000]  eta: 3:21:57  loss: 0.3367 (0.3791)  grad: 0.1737 (0.3000)  batch_size: 16.0000 (16.0000)  lr: 0.0000 (0.0000)  time: 0.381957  data: 0.000281  max mem: 4727
I20260819 10:47:01 1562207 mum utils.py:218] Training  [28850/60000]  eta: 3:21:37  loss: 0.3434 (0.3790)  grad: 0.1751 (0.2998)  batch_size: 16.0000 (16.0000)  lr: 0.0000 (0.0000)  time: 0.381756  data: 0.000274  max mem: 4727
I20260819 10:47:20 1562207 mum utils.py:218] Training  [28900/60000]  eta: 3:21:17  loss: 0.3569 (0.3790)  grad: 0.1771 (0.2996)  batch_size: 16.0000 (16.0000)  lr: 0.0000 (0.0000)  time: 0.381428  data: 0.000300  max mem: 4727
I20260819 10:47:39 1562207 mum utils.py:218] Training  [28950/60000]  eta: 3:20:57  loss: 0.3315 (0.3789)  grad: 0.1791 (0.2994)  batch_size: 16.0000 (16.0000)  lr: 0.0000 (0.0000)  time: 0.381816  data: 0.000304  max mem: 4727
I20260819 10:47:59 1562207 mum utils.py:218] Training  [29000/60000]  eta: 3:20:38  loss: 0.3527 (0.3788)  grad: 0.1750 (0.2992)  batch_size: 16.0000 (16.0000)  lr: 0.0000 (0.0000)  time: 0.389123  data: 0.000270  max mem: 4727
I20260819 10:48:18 1562207 mum utils.py:218] Training  [29050/60000]  eta: 3:20:18  loss: 0.3539 (0.3788)  grad: 0.1728 (0.2990)  batch_size: 16.0000 (16.0000)  lr: 0.0000 (0.0000)  time: 0.382111  data: 0.000307  max mem: 4727
I20260819 10:48:37 1562207 mum utils.py:218] Training  [29100/60000]  eta: 3:19:58  loss: 0.3518 (0.3787)  grad: 0.1761 (0.2988)  batch_size: 16.0000 (16.0000)  lr: 0.0000 (0.0000)  time: 0.381365  data: 0.000282  max mem: 4727
I20260819 10:48:56 1562207 mum utils.py:218] Training  [29150/60000]  eta: 3:19:39  loss: 0.3458 (0.3787)  grad: 0.1759 (0.2986)  batch_size: 16.0000 (16.0000)  lr: 0.0000 (0.0000)  time: 0.381615  data: 0.000249  max mem: 4727
I20260819 10:49:15 1562207 mum utils.py:218] Training  [29200/60000]  eta: 3:19:19  loss: 0.3438 (0.3786)  grad: 0.1863 (0.2984)  batch_size: 16.0000 (16.0000)  lr: 0.0000 (0.0000)  time: 0.382020  data: 0.000337  max mem: 4727
I20260819 10:49:34 1562207 mum utils.py:218] Training  [29250/60000]  eta: 3:18:59  loss: 0.3241 (0.3786)  grad: 0.1930 (0.2982)  batch_size: 16.0000 (16.0000)  lr: 0.0000 (0.0000)  time: 0.383535  data: 0.000294  max mem: 4727
I20260819 10:49:53 1562207 mum utils.py:218] Training  [29300/60000]  eta: 3:18:39  loss: 0.3339 (0.3785)  grad: 0.1603 (0.2980)  batch_size: 16.0000 (16.0000)  lr: 0.0000 (0.0000)  time: 0.379865  data: 0.000282  max mem: 4727
I20260819 10:50:12 1562207 mum utils.py:218] Training  [29350/60000]  eta: 3:18:20  loss: 0.3558 (0.3784)  grad: 0.1696 (0.2978)  batch_size: 16.0000 (16.0000)  lr: 0.0000 (0.0000)  time: 0.383444  data: 0.000329  max mem: 4727
I20260819 10:50:32 1562207 mum utils.py:218] Training  [29400/60000]  eta: 3:18:00  loss: 0.3431 (0.3784)  grad: 0.1910 (0.2977)  batch_size: 16.0000 (16.0000)  lr: 0.0000 (0.0000)  time: 0.380147  data: 0.000303  max mem: 4727
I20260819 10:50:51 1562207 mum utils.py:218] Training  [29450/60000]  eta: 3:17:40  loss: 0.3466 (0.3784)  grad: 0.1688 (0.2974)  batch_size: 16.0000 (16.0000)  lr: 0.0000 (0.0000)  time: 0.382821  data: 0.000291  max mem: 4727
I20260819 10:51:10 1562207 mum utils.py:218] Training  [29500/60000]  eta: 3:17:21  loss: 0.3353 (0.3783)  grad: 0.1723 (0.2972)  batch_size: 16.0000 (16.0000)  lr: 0.0000 (0.0000)  time: 0.382420  data: 0.000264  max mem: 4727
I20260819 10:51:29 1562207 mum utils.py:218] Training  [29550/60000]  eta: 3:17:01  loss: 0.3530 (0.3783)  grad: 0.1997 (0.2971)  batch_size: 16.0000 (16.0000)  lr: 0.0000 (0.0000)  time: 0.388472  data: 0.000347  max mem: 4727
I20260819 10:51:48 1562207 mum utils.py:218] Training  [29600/60000]  eta: 3:16:41  loss: 0.3478 (0.3782)  grad: 0.1874 (0.2969)  batch_size: 16.0000 (16.0000)  lr: 0.0000 (0.0000)  time: 0.381500  data: 0.000248  max mem: 4727
I20260819 10:52:07 1562207 mum utils.py:218] Training  [29650/60000]  eta: 3:16:21  loss: 0.3495 (0.3782)  grad: 0.1850 (0.2967)  batch_size: 16.0000 (16.0000)  lr: 0.0000 (0.0000)  time: 0.383269  data: 0.000278  max mem: 4727
I20260819 10:52:26 1562207 mum utils.py:218] Training  [29700/60000]  eta: 3:16:02  loss: 0.3492 (0.3781)  grad: 0.1835 (0.2965)  batch_size: 16.0000 (16.0000)  lr: 0.0000 (0.0000)  time: 0.382906  data: 0.000289  max mem: 4727
I20260819 10:52:45 1562207 mum utils.py:218] Training  [29750/60000]  eta: 3:15:42  loss: 0.3402 (0.3781)  grad: 0.1691 (0.2963)  batch_size: 16.0000 (16.0000)  lr: 0.0000 (0.0000)  time: 0.383879  data: 0.000346  max mem: 4727
I20260819 10:53:04 1562207 mum utils.py:218] Training  [29800/60000]  eta: 3:15:22  loss: 0.3480 (0.3780)  grad: 0.1789 (0.2962)  batch_size: 16.0000 (16.0000)  lr: 0.0000 (0.0000)  time: 0.382681  data: 0.000285  max mem: 4727
I20260819 10:53:24 1562207 mum utils.py:218] Training  [29850/60000]  eta: 3:15:03  loss: 0.3531 (0.3780)  grad: 0.1834 (0.2960)  batch_size: 16.0000 (16.0000)  lr: 0.0000 (0.0000)  time: 0.386969  data: 0.000317  max mem: 4727
I20260819 10:53:43 1562207 mum utils.py:218] Training  [29900/60000]  eta: 3:14:43  loss: 0.3437 (0.3779)  grad: 0.1805 (0.2958)  batch_size: 16.0000 (16.0000)  lr: 0.0000 (0.0000)  time: 0.382075  data: 0.000326  max mem: 4727
I20260819 10:54:02 1562207 mum utils.py:218] Training  [29950/60000]  eta: 3:14:23  loss: 0.3507 (0.3779)  grad: 0.1777 (0.2957)  batch_size: 16.0000 (16.0000)  lr: 0.0000 (0.0000)  time: 0.382553  data: 0.000339  max mem: 4727
Building dynamic dataloader with seed: 42
Randomly sampling [3, 3] frames
TravelUAVDataset (val): 767 scenes, 39921 frames (total 15348 scenes, split_ratio=0.95).
ComposedDataset created from 1 datasets: ['TravelUAVDataset:DATA_DIR=/data2/student1_ly/datasets/OpenUAV-QA/TravelUAV_dataset:SPLIT=val']
[step 30000] val loss: 0.3523
I20260819 10:55:00 1562207 mum utils.py:218] Training  [30000/60000]  eta: 3:14:43  loss: 0.3399 (0.3778)  grad: 0.1783 (0.2955)  batch_size: 16.0000 (16.0000)  lr: 0.0000 (0.0000)  time: 2.346425  data: 0.000274  max mem: 4727
I20260819 10:55:20 1562207 mum utils.py:218] Training  [30050/60000]  eta: 3:14:23  loss: 0.3551 (0.3778)  grad: 0.1786 (0.2953)  batch_size: 16.0000 (16.0000)  lr: 0.0000 (0.0000)  time: 0.380938  data: 0.000260  max mem: 4727
I20260819 10:55:39 1562207 mum utils.py:218] Training  [30100/60000]  eta: 3:14:03  loss: 0.3506 (0.3777)  grad: 0.1739 (0.2951)  batch_size: 16.0000 (16.0000)  lr: 0.0000 (0.0000)  time: 0.381371  data: 0.000291  max mem: 4727
I20260819 10:55:58 1562207 mum utils.py:218] Training  [30150/60000]  eta: 3:13:44  loss: 0.3436 (0.3777)  grad: 0.1836 (0.2949)  batch_size: 16.0000 (16.0000)  lr: 0.0000 (0.0000)  time: 0.381770  data: 0.000294  max mem: 4727
I20260819 10:56:17 1562207 mum utils.py:218] Training  [30200/60000]  eta: 3:13:24  loss: 0.3482 (0.3776)  grad: 0.1848 (0.2948)  batch_size: 16.0000 (16.0000)  lr: 0.0000 (0.0000)  time: 0.380843  data: 0.000288  max mem: 4727
I20260819 10:56:36 1562207 mum utils.py:218] Training  [30250/60000]  eta: 3:13:04  loss: 0.3496 (0.3776)  grad: 0.1760 (0.2946)  batch_size: 16.0000 (16.0000)  lr: 0.0000 (0.0000)  time: 0.380560  data: 0.000276  max mem: 4727
I20260819 10:56:55 1562207 mum utils.py:218] Training  [30300/60000]  eta: 3:12:44  loss: 0.3500 (0.3775)  grad: 0.1799 (0.2944)  batch_size: 16.0000 (16.0000)  lr: 0.0000 (0.0000)  time: 0.380922  data: 0.000282  max mem: 4727
I20260819 10:57:14 1562207 mum utils.py:218] Training  [30350/60000]  eta: 3:12:24  loss: 0.3493 (0.3775)  grad: 0.1701 (0.2943)  batch_size: 16.0000 (16.0000)  lr: 0.0000 (0.0000)  time: 0.382849  data: 0.000301  max mem: 4727
I20260819 10:57:33 1562207 mum utils.py:218] Training  [30400/60000]  eta: 3:12:04  loss: 0.3513 (0.3774)  grad: 0.1987 (0.2941)  batch_size: 16.0000 (16.0000)  lr: 0.0000 (0.0000)  time: 0.381557  data: 0.000241  max mem: 4727
I20260819 10:57:52 1562207 mum utils.py:218] Training  [30450/60000]  eta: 3:11:44  loss: 0.3366 (0.3774)  grad: 0.1867 (0.2939)  batch_size: 16.0000 (16.0000)  lr: 0.0000 (0.0000)  time: 0.382772  data: 0.000308  max mem: 4727
I20260819 10:58:11 1562207 mum utils.py:218] Training  [30500/60000]  eta: 3:11:25  loss: 0.3512 (0.3773)  grad: 0.1685 (0.2938)  batch_size: 16.0000 (16.0000)  lr: 0.0000 (0.0000)  time: 0.380740  data: 0.000276  max mem: 4727
I20260819 10:58:30 1562207 mum utils.py:218] Training  [30550/60000]  eta: 3:11:05  loss: 0.3347 (0.3773)  grad: 0.1864 (0.2936)  batch_size: 16.0000 (16.0000)  lr: 0.0000 (0.0000)  time: 0.382634  data: 0.000279  max mem: 4727
I20260819 10:58:49 1562207 mum utils.py:218] Training  [30600/60000]  eta: 3:10:45  loss: 0.3546 (0.3772)  grad: 0.1981 (0.2934)  batch_size: 16.0000 (16.0000)  lr: 0.0000 (0.0000)  time: 0.374608  data: 0.000330  max mem: 4727
I20260819 10:59:08 1562207 mum utils.py:218] Training  [30650/60000]  eta: 3:10:25  loss: 0.3568 (0.3772)  grad: 0.1731 (0.2932)  batch_size: 16.0000 (16.0000)  lr: 0.0000 (0.0000)  time: 0.380547  data: 0.000250  max mem: 4727
I20260819 10:59:28 1562207 mum utils.py:218] Training  [30700/60000]  eta: 3:10:05  loss: 0.3487 (0.3771)  grad: 0.1905 (0.2931)  batch_size: 16.0000 (16.0000)  lr: 0.0000 (0.0000)  time: 0.382718  data: 0.000263  max mem: 4727
I20260819 10:59:47 1562207 mum utils.py:218] Training  [30750/60000]  eta: 3:09:45  loss: 0.3395 (0.3771)  grad: 0.1832 (0.2929)  batch_size: 16.0000 (16.0000)  lr: 0.0000 (0.0000)  time: 0.383938  data: 0.000274  max mem: 4727
I20260819 11:00:06 1562207 mum utils.py:218] Training  [30800/60000]  eta: 3:09:26  loss: 0.3549 (0.3770)  grad: 0.1877 (0.2928)  batch_size: 16.0000 (16.0000)  lr: 0.0000 (0.0000)  time: 0.385451  data: 0.000339  max mem: 4727
I20260819 11:00:25 1562207 mum utils.py:218] Training  [30850/60000]  eta: 3:09:06  loss: 0.3435 (0.3770)  grad: 0.1827 (0.2926)  batch_size: 16.0000 (16.0000)  lr: 0.0000 (0.0000)  time: 0.383242  data: 0.000309  max mem: 4727
I20260819 11:00:44 1562207 mum utils.py:218] Training  [30900/60000]  eta: 3:08:46  loss: 0.3430 (0.3769)  grad: 0.1736 (0.2924)  batch_size: 16.0000 (16.0000)  lr: 0.0000 (0.0000)  time: 0.379271  data: 0.000328  max mem: 4727
I20260819 11:01:03 1562207 mum utils.py:218] Training  [30950/60000]  eta: 3:08:26  loss: 0.3509 (0.3769)  grad: 0.1823 (0.2922)  batch_size: 16.0000 (16.0000)  lr: 0.0000 (0.0000)  time: 0.382582  data: 0.000311  max mem: 4727
I20260819 11:01:22 1562207 mum utils.py:218] Training  [31000/60000]  eta: 3:08:06  loss: 0.3497 (0.3768)  grad: 0.1771 (0.2921)  batch_size: 16.0000 (16.0000)  lr: 0.0000 (0.0000)  time: 0.381037  data: 0.000309  max mem: 4727
I20260819 11:01:41 1562207 mum utils.py:218] Training  [31050/60000]  eta: 3:07:46  loss: 0.3276 (0.3768)  grad: 0.1813 (0.2919)  batch_size: 16.0000 (16.0000)  lr: 0.0000 (0.0000)  time: 0.387981  data: 0.000385  max mem: 4727
I20260819 11:02:00 1562207 mum utils.py:218] Training  [31100/60000]  eta: 3:07:27  loss: 0.3423 (0.3767)  grad: 0.1901 (0.2917)  batch_size: 16.0000 (16.0000)  lr: 0.0000 (0.0000)  time: 0.383050  data: 0.000289  max mem: 4727
I20260819 11:02:19 1562207 mum utils.py:218] Training  [31150/60000]  eta: 3:07:07  loss: 0.3461 (0.3767)  grad: 0.1827 (0.2916)  batch_size: 16.0000 (16.0000)  lr: 0.0000 (0.0000)  time: 0.384732  data: 0.000306  max mem: 4727
I20260819 11:02:39 1562207 mum utils.py:218] Training  [31200/60000]  eta: 3:06:47  loss: 0.3371 (0.3766)  grad: 0.1675 (0.2914)  batch_size: 16.0000 (16.0000)  lr: 0.0000 (0.0000)  time: 0.380251  data: 0.000274  max mem: 4727
I20260819 11:02:58 1562207 mum utils.py:218] Training  [31250/60000]  eta: 3:06:27  loss: 0.3512 (0.3766)  grad: 0.1735 (0.2913)  batch_size: 16.0000 (16.0000)  lr: 0.0000 (0.0000)  time: 0.385909  data: 0.003772  max mem: 4727
I20260819 11:03:17 1562207 mum utils.py:218] Training  [31300/60000]  eta: 3:06:08  loss: 0.3524 (0.3765)  grad: 0.2073 (0.2911)  batch_size: 16.0000 (16.0000)  lr: 0.0000 (0.0000)  time: 0.382993  data: 0.000313  max mem: 4727
I20260819 11:03:36 1562207 mum utils.py:218] Training  [31350/60000]  eta: 3:05:48  loss: 0.3266 (0.3765)  grad: 0.1871 (0.2910)  batch_size: 16.0000 (16.0000)  lr: 0.0000 (0.0000)  time: 0.382534  data: 0.000278  max mem: 4727
I20260819 11:03:55 1562207 mum utils.py:218] Training  [31400/60000]  eta: 3:05:28  loss: 0.3418 (0.3764)  grad: 0.1942 (0.2909)  batch_size: 16.0000 (16.0000)  lr: 0.0000 (0.0000)  time: 0.381771  data: 0.000301  max mem: 4727
I20260819 11:04:14 1562207 mum utils.py:218] Training  [31450/60000]  eta: 3:05:08  loss: 0.3415 (0.3764)  grad: 0.1716 (0.2907)  batch_size: 16.0000 (16.0000)  lr: 0.0000 (0.0000)  time: 0.381449  data: 0.000296  max mem: 4727
I20260819 11:04:33 1562207 mum utils.py:218] Training  [31500/60000]  eta: 3:04:48  loss: 0.3450 (0.3763)  grad: 0.1801 (0.2905)  batch_size: 16.0000 (16.0000)  lr: 0.0000 (0.0000)  time: 0.375556  data: 0.000294  max mem: 4727
I20260819 11:04:52 1562207 mum utils.py:218] Training  [31550/60000]  eta: 3:04:29  loss: 0.3482 (0.3763)  grad: 0.1742 (0.2904)  batch_size: 16.0000 (16.0000)  lr: 0.0000 (0.0000)  time: 0.381820  data: 0.000257  max mem: 4727
I20260819 11:05:11 1562207 mum utils.py:218] Training  [31600/60000]  eta: 3:04:09  loss: 0.3529 (0.3763)  grad: 0.1841 (0.2902)  batch_size: 16.0000 (16.0000)  lr: 0.0000 (0.0000)  time: 0.381583  data: 0.000245  max mem: 4727
I20260819 11:05:31 1562207 mum utils.py:218] Training  [31650/60000]  eta: 3:03:49  loss: 0.3456 (0.3762)  grad: 0.1758 (0.2901)  batch_size: 16.0000 (16.0000)  lr: 0.0000 (0.0000)  time: 0.385708  data: 0.000297  max mem: 4727
I20260819 11:05:50 1562207 mum utils.py:218] Training  [31700/60000]  eta: 3:03:29  loss: 0.3399 (0.3762)  grad: 0.1947 (0.2899)  batch_size: 16.0000 (16.0000)  lr: 0.0000 (0.0000)  time: 0.380536  data: 0.000273  max mem: 4727
I20260819 11:06:09 1562207 mum utils.py:218] Training  [31750/60000]  eta: 3:03:10  loss: 0.3460 (0.3761)  grad: 0.1804 (0.2898)  batch_size: 16.0000 (16.0000)  lr: 0.0000 (0.0000)  time: 0.381094  data: 0.000272  max mem: 4727
I20260819 11:06:28 1562207 mum utils.py:218] Training  [31800/60000]  eta: 3:02:50  loss: 0.3343 (0.3761)  grad: 0.1670 (0.2896)  batch_size: 16.0000 (16.0000)  lr: 0.0000 (0.0000)  time: 0.382727  data: 0.000275  max mem: 4727
I20260819 11:06:47 1562207 mum utils.py:218] Training  [31850/60000]  eta: 3:02:30  loss: 0.3543 (0.3760)  grad: 0.1742 (0.2894)  batch_size: 16.0000 (16.0000)  lr: 0.0000 (0.0000)  time: 0.382708  data: 0.000304  max mem: 4727
I20260819 11:07:06 1562207 mum utils.py:218] Training  [31900/60000]  eta: 3:02:11  loss: 0.3543 (0.3760)  grad: 0.1976 (0.2893)  batch_size: 16.0000 (16.0000)  lr: 0.0000 (0.0000)  time: 0.385745  data: 0.000311  max mem: 4727
I20260819 11:07:26 1562207 mum utils.py:218] Training  [31950/60000]  eta: 3:01:51  loss: 0.3462 (0.3759)  grad: 0.1710 (0.2892)  batch_size: 16.0000 (16.0000)  lr: 0.0000 (0.0000)  time: 0.382235  data: 0.000298  max mem: 4727
I20260819 11:07:45 1562207 mum utils.py:218] Training  [32000/60000]  eta: 3:01:31  loss: 0.3457 (0.3759)  grad: 0.1782 (0.2890)  batch_size: 16.0000 (16.0000)  lr: 0.0000 (0.0000)  time: 0.383187  data: 0.000322  max mem: 4727
I20260819 11:08:04 1562207 mum utils.py:218] Training  [32050/60000]  eta: 3:01:12  loss: 0.3512 (0.3758)  grad: 0.1810 (0.2889)  batch_size: 16.0000 (16.0000)  lr: 0.0000 (0.0000)  time: 0.380221  data: 0.000260  max mem: 4727
I20260819 11:08:23 1562207 mum utils.py:218] Training  [32100/60000]  eta: 3:00:52  loss: 0.3454 (0.3758)  grad: 0.1718 (0.2887)  batch_size: 16.0000 (16.0000)  lr: 0.0000 (0.0000)  time: 0.385100  data: 0.000273  max mem: 4727
I20260819 11:08:42 1562207 mum utils.py:218] Training  [32150/60000]  eta: 3:00:32  loss: 0.3348 (0.3757)  grad: 0.1985 (0.2886)  batch_size: 16.0000 (16.0000)  lr: 0.0000 (0.0000)  time: 0.381964  data: 0.000278  max mem: 4727
I20260819 11:09:02 1562207 mum utils.py:218] Training  [32200/60000]  eta: 3:00:13  loss: 0.3563 (0.3757)  grad: 0.1976 (0.2884)  batch_size: 16.0000 (16.0000)  lr: 0.0000 (0.0000)  time: 0.381907  data: 0.000283  max mem: 4727
I20260819 11:09:21 1562207 mum utils.py:218] Training  [32250/60000]  eta: 2:59:53  loss: 0.3380 (0.3757)  grad: 0.1741 (0.2883)  batch_size: 16.0000 (16.0000)  lr: 0.0000 (0.0000)  time: 0.382655  data: 0.000279  max mem: 4727
I20260819 11:09:40 1562207 mum utils.py:218] Training  [32300/60000]  eta: 2:59:33  loss: 0.3328 (0.3756)  grad: 0.1663 (0.2881)  batch_size: 16.0000 (16.0000)  lr: 0.0000 (0.0000)  time: 0.381158  data: 0.000223  max mem: 4727
I20260819 11:09:59 1562207 mum utils.py:218] Training  [32350/60000]  eta: 2:59:14  loss: 0.3563 (0.3756)  grad: 0.1962 (0.2879)  batch_size: 16.0000 (16.0000)  lr: 0.0000 (0.0000)  time: 0.382457  data: 0.000270  max mem: 4727
I20260819 11:10:18 1562207 mum utils.py:218] Training  [32400/60000]  eta: 2:58:54  loss: 0.3492 (0.3755)  grad: 0.1792 (0.2878)  batch_size: 16.0000 (16.0000)  lr: 0.0000 (0.0000)  time: 0.382015  data: 0.000297  max mem: 4727
I20260819 11:10:37 1562207 mum utils.py:218] Training  [32450/60000]  eta: 2:58:34  loss: 0.3387 (0.3755)  grad: 0.1667 (0.2876)  batch_size: 16.0000 (16.0000)  lr: 0.0000 (0.0000)  time: 0.382425  data: 0.000272  max mem: 4727
I20260819 11:10:57 1562207 mum utils.py:218] Training  [32500/60000]  eta: 2:58:15  loss: 0.3384 (0.3754)  grad: 0.1765 (0.2875)  batch_size: 16.0000 (16.0000)  lr: 0.0000 (0.0000)  time: 0.385278  data: 0.000304  max mem: 4727
I20260819 11:11:16 1562207 mum utils.py:218] Training  [32550/60000]  eta: 2:57:55  loss: 0.3654 (0.3754)  grad: 0.1774 (0.2873)  batch_size: 16.0000 (16.0000)  lr: 0.0000 (0.0000)  time: 0.382603  data: 0.000271  max mem: 4727
I20260819 11:11:35 1562207 mum utils.py:218] Training  [32600/60000]  eta: 2:57:35  loss: 0.3417 (0.3753)  grad: 0.2204 (0.2872)  batch_size: 16.0000 (16.0000)  lr: 0.0000 (0.0000)  time: 0.387959  data: 0.000321  max mem: 4727
I20260819 11:11:54 1562207 mum utils.py:218] Training  [32650/60000]  eta: 2:57:16  loss: 0.3336 (0.3753)  grad: 0.1590 (0.2870)  batch_size: 16.0000 (16.0000)  lr: 0.0000 (0.0000)  time: 0.383899  data: 0.000279  max mem: 4727
I20260819 11:12:13 1562207 mum utils.py:218] Training  [32700/60000]  eta: 2:56:56  loss: 0.3426 (0.3753)  grad: 0.1746 (0.2869)  batch_size: 16.0000 (16.0000)  lr: 0.0000 (0.0000)  time: 0.385677  data: 0.000349  max mem: 4727
I20260819 11:12:32 1562207 mum utils.py:218] Training  [32750/60000]  eta: 2:56:36  loss: 0.3403 (0.3752)  grad: 0.1951 (0.2867)  batch_size: 16.0000 (16.0000)  lr: 0.0000 (0.0000)  time: 0.379029  data: 0.000261  max mem: 4727
I20260819 11:12:51 1562207 mum utils.py:218] Training  [32800/60000]  eta: 2:56:16  loss: 0.3438 (0.3752)  grad: 0.1709 (0.2866)  batch_size: 16.0000 (16.0000)  lr: 0.0000 (0.0000)  time: 0.383598  data: 0.000296  max mem: 4727
I20260819 11:13:10 1562207 mum utils.py:218] Training  [32850/60000]  eta: 2:55:57  loss: 0.3346 (0.3751)  grad: 0.1802 (0.2864)  batch_size: 16.0000 (16.0000)  lr: 0.0000 (0.0000)  time: 0.381559  data: 0.000260  max mem: 4727
I20260819 11:13:30 1562207 mum utils.py:218] Training  [32900/60000]  eta: 2:55:37  loss: 0.3313 (0.3751)  grad: 0.1747 (0.2863)  batch_size: 16.0000 (16.0000)  lr: 0.0000 (0.0000)  time: 0.387411  data: 0.000343  max mem: 4727
I20260819 11:13:49 1562207 mum utils.py:218] Training  [32950/60000]  eta: 2:55:17  loss: 0.3270 (0.3750)  grad: 0.1726 (0.2861)  batch_size: 16.0000 (16.0000)  lr: 0.0000 (0.0000)  time: 0.385715  data: 0.000336  max mem: 4727
I20260819 11:14:08 1562207 mum utils.py:218] Training  [33000/60000]  eta: 2:54:58  loss: 0.3572 (0.3750)  grad: 0.1788 (0.2860)  batch_size: 16.0000 (16.0000)  lr: 0.0000 (0.0000)  time: 0.386107  data: 0.000298  max mem: 4727
I20260819 11:14:27 1562207 mum utils.py:218] Training  [33050/60000]  eta: 2:54:38  loss: 0.3327 (0.3749)  grad: 0.1760 (0.2858)  batch_size: 16.0000 (16.0000)  lr: 0.0000 (0.0000)  time: 0.380078  data: 0.000295  max mem: 4727
I20260819 11:14:46 1562207 mum utils.py:218] Training  [33100/60000]  eta: 2:54:18  loss: 0.3439 (0.3749)  grad: 0.1812 (0.2857)  batch_size: 16.0000 (16.0000)  lr: 0.0000 (0.0000)  time: 0.381071  data: 0.000266  max mem: 4727
I20260819 11:15:05 1562207 mum utils.py:218] Training  [33150/60000]  eta: 2:53:59  loss: 0.3390 (0.3748)  grad: 0.1957 (0.2855)  batch_size: 16.0000 (16.0000)  lr: 0.0000 (0.0000)  time: 0.384462  data: 0.000300  max mem: 4727
I20260819 11:15:25 1562207 mum utils.py:218] Training  [33200/60000]  eta: 2:53:39  loss: 0.3381 (0.3748)  grad: 0.1694 (0.2854)  batch_size: 16.0000 (16.0000)  lr: 0.0000 (0.0000)  time: 0.382505  data: 0.000295  max mem: 4727
I20260819 11:15:44 1562207 mum utils.py:218] Training  [33250/60000]  eta: 2:53:19  loss: 0.3489 (0.3747)  grad: 0.1887 (0.2852)  batch_size: 16.0000 (16.0000)  lr: 0.0000 (0.0000)  time: 0.381716  data: 0.000295  max mem: 4727
I20260819 11:16:03 1562207 mum utils.py:218] Training  [33300/60000]  eta: 2:53:00  loss: 0.3395 (0.3747)  grad: 0.1645 (0.2851)  batch_size: 16.0000 (16.0000)  lr: 0.0000 (0.0000)  time: 0.383012  data: 0.000323  max mem: 4727
I20260819 11:16:22 1562207 mum utils.py:218] Training  [33350/60000]  eta: 2:52:40  loss: 0.3431 (0.3747)  grad: 0.1741 (0.2849)  batch_size: 16.0000 (16.0000)  lr: 0.0000 (0.0000)  time: 0.382108  data: 0.000301  max mem: 4727
I20260819 11:16:41 1562207 mum utils.py:218] Training  [33400/60000]  eta: 2:52:20  loss: 0.3320 (0.3746)  grad: 0.1903 (0.2848)  batch_size: 16.0000 (16.0000)  lr: 0.0000 (0.0000)  time: 0.380887  data: 0.000320  max mem: 4727
I20260819 11:17:00 1562207 mum utils.py:218] Training  [33450/60000]  eta: 2:52:01  loss: 0.3495 (0.3746)  grad: 0.1802 (0.2847)  batch_size: 16.0000 (16.0000)  lr: 0.0000 (0.0000)  time: 0.382372  data: 0.000281  max mem: 4727
I20260819 11:17:19 1562207 mum utils.py:218] Training  [33500/60000]  eta: 2:51:41  loss: 0.3427 (0.3745)  grad: 0.2027 (0.2846)  batch_size: 16.0000 (16.0000)  lr: 0.0000 (0.0000)  time: 0.377065  data: 0.000252  max mem: 4727
I20260819 11:17:39 1562207 mum utils.py:218] Training  [33550/60000]  eta: 2:51:21  loss: 0.3425 (0.3745)  grad: 0.1710 (0.2844)  batch_size: 16.0000 (16.0000)  lr: 0.0000 (0.0000)  time: 0.382255  data: 0.000265  max mem: 4727
I20260819 11:17:58 1562207 mum utils.py:218] Training  [33600/60000]  eta: 2:51:02  loss: 0.3389 (0.3744)  grad: 0.1716 (0.2843)  batch_size: 16.0000 (16.0000)  lr: 0.0000 (0.0000)  time: 0.382502  data: 0.000283  max mem: 4727
I20260819 11:18:17 1562207 mum utils.py:218] Training  [33650/60000]  eta: 2:50:42  loss: 0.3446 (0.3744)  grad: 0.2001 (0.2842)  batch_size: 16.0000 (16.0000)  lr: 0.0000 (0.0000)  time: 0.381561  data: 0.000260  max mem: 4727
I20260819 11:18:36 1562207 mum utils.py:218] Training  [33700/60000]  eta: 2:50:22  loss: 0.3425 (0.3743)  grad: 0.1947 (0.2841)  batch_size: 16.0000 (16.0000)  lr: 0.0000 (0.0000)  time: 0.382121  data: 0.000305  max mem: 4727
I20260819 11:18:55 1562207 mum utils.py:218] Training  [33750/60000]  eta: 2:50:03  loss: 0.3390 (0.3743)  grad: 0.1890 (0.2839)  batch_size: 16.0000 (16.0000)  lr: 0.0000 (0.0000)  time: 0.380729  data: 0.000265  max mem: 4727
I20260819 11:19:14 1562207 mum utils.py:218] Training  [33800/60000]  eta: 2:49:43  loss: 0.3291 (0.3743)  grad: 0.1752 (0.2838)  batch_size: 16.0000 (16.0000)  lr: 0.0000 (0.0000)  time: 0.386308  data: 0.000288  max mem: 4727
I20260819 11:19:34 1562207 mum utils.py:218] Training  [33850/60000]  eta: 2:49:23  loss: 0.3482 (0.3742)  grad: 0.1768 (0.2836)  batch_size: 16.0000 (16.0000)  lr: 0.0000 (0.0000)  time: 0.381150  data: 0.000273  max mem: 4727
I20260819 11:19:53 1562207 mum utils.py:218] Training  [33900/60000]  eta: 2:49:04  loss: 0.3375 (0.3742)  grad: 0.1813 (0.2835)  batch_size: 16.0000 (16.0000)  lr: 0.0000 (0.0000)  time: 0.383633  data: 0.000238  max mem: 4727
I20260819 11:20:12 1562207 mum utils.py:218] Training  [33950/60000]  eta: 2:48:44  loss: 0.3605 (0.3741)  grad: 0.1829 (0.2833)  batch_size: 16.0000 (16.0000)  lr: 0.0000 (0.0000)  time: 0.382602  data: 0.000273  max mem: 4727
I20260819 11:20:31 1562207 mum utils.py:218] Training  [34000/60000]  eta: 2:48:24  loss: 0.3482 (0.3741)  grad: 0.1809 (0.2832)  batch_size: 16.0000 (16.0000)  lr: 0.0000 (0.0000)  time: 0.385691  data: 0.000390  max mem: 4727
I20260819 11:20:50 1562207 mum utils.py:218] Training  [34050/60000]  eta: 2:48:05  loss: 0.3367 (0.3740)  grad: 0.1902 (0.2831)  batch_size: 16.0000 (16.0000)  lr: 0.0000 (0.0000)  time: 0.385706  data: 0.000289  max mem: 4727
I20260819 11:21:09 1562207 mum utils.py:218] Training  [34100/60000]  eta: 2:47:45  loss: 0.3442 (0.3740)  grad: 0.1777 (0.2829)  batch_size: 16.0000 (16.0000)  lr: 0.0000 (0.0000)  time: 0.385236  data: 0.000343  max mem: 4727
I20260819 11:21:28 1562207 mum utils.py:218] Training  [34150/60000]  eta: 2:47:25  loss: 0.3350 (0.3740)  grad: 0.1908 (0.2828)  batch_size: 16.0000 (16.0000)  lr: 0.0000 (0.0000)  time: 0.382644  data: 0.000311  max mem: 4727
I20260819 11:21:48 1562207 mum utils.py:218] Training  [34200/60000]  eta: 2:47:06  loss: 0.3419 (0.3739)  grad: 0.1905 (0.2826)  batch_size: 16.0000 (16.0000)  lr: 0.0000 (0.0000)  time: 0.385302  data: 0.000293  max mem: 4727
I20260819 11:22:07 1562207 mum utils.py:218] Training  [34250/60000]  eta: 2:46:46  loss: 0.3313 (0.3739)  grad: 0.1887 (0.2825)  batch_size: 16.0000 (16.0000)  lr: 0.0000 (0.0000)  time: 0.381259  data: 0.000287  max mem: 4727
I20260819 11:22:26 1562207 mum utils.py:218] Training  [34300/60000]  eta: 2:46:26  loss: 0.3268 (0.3738)  grad: 0.2095 (0.2824)  batch_size: 16.0000 (16.0000)  lr: 0.0000 (0.0000)  time: 0.381505  data: 0.000307  max mem: 4727
I20260819 11:22:45 1562207 mum utils.py:218] Training  [34350/60000]  eta: 2:46:07  loss: 0.3428 (0.3738)  grad: 0.1890 (0.2823)  batch_size: 16.0000 (16.0000)  lr: 0.0000 (0.0000)  time: 0.378090  data: 0.000265  max mem: 4727
I20260819 11:23:04 1562207 mum utils.py:218] Training  [34400/60000]  eta: 2:45:47  loss: 0.3472 (0.3737)  grad: 0.1938 (0.2821)  batch_size: 16.0000 (16.0000)  lr: 0.0000 (0.0000)  time: 0.378415  data: 0.000309  max mem: 4727
I20260819 11:23:23 1562207 mum utils.py:218] Training  [34450/60000]  eta: 2:45:27  loss: 0.3466 (0.3737)  grad: 0.2032 (0.2820)  batch_size: 16.0000 (16.0000)  lr: 0.0000 (0.0000)  time: 0.380982  data: 0.000277  max mem: 4727
I20260819 11:23:42 1562207 mum utils.py:218] Training  [34500/60000]  eta: 2:45:07  loss: 0.3410 (0.3736)  grad: 0.1753 (0.2819)  batch_size: 16.0000 (16.0000)  lr: 0.0000 (0.0000)  time: 0.378761  data: 0.000278  max mem: 4727
I20260819 11:24:01 1562207 mum utils.py:218] Training  [34550/60000]  eta: 2:44:48  loss: 0.3383 (0.3736)  grad: 0.1927 (0.2818)  batch_size: 16.0000 (16.0000)  lr: 0.0000 (0.0000)  time: 0.375472  data: 0.000301  max mem: 4727
I20260819 11:24:20 1562207 mum utils.py:218] Training  [34600/60000]  eta: 2:44:28  loss: 0.3492 (0.3735)  grad: 0.1853 (0.2816)  batch_size: 16.0000 (16.0000)  lr: 0.0000 (0.0000)  time: 0.377709  data: 0.000285  max mem: 4727
I20260819 11:24:38 1562207 mum utils.py:218] Training  [34650/60000]  eta: 2:44:08  loss: 0.3578 (0.3735)  grad: 0.1931 (0.2815)  batch_size: 16.0000 (16.0000)  lr: 0.0000 (0.0000)  time: 0.377378  data: 0.000270  max mem: 4727
I20260819 11:24:57 1562207 mum utils.py:218] Training  [34700/60000]  eta: 2:43:48  loss: 0.3316 (0.3734)  grad: 0.1874 (0.2814)  batch_size: 16.0000 (16.0000)  lr: 0.0000 (0.0000)  time: 0.374638  data: 0.000273  max mem: 4727
I20260819 11:25:16 1562207 mum utils.py:218] Training  [34750/60000]  eta: 2:43:28  loss: 0.3498 (0.3734)  grad: 0.1894 (0.2813)  batch_size: 16.0000 (16.0000)  lr: 0.0000 (0.0000)  time: 0.381819  data: 0.000273  max mem: 4727
I20260819 11:25:35 1562207 mum utils.py:218] Training  [34800/60000]  eta: 2:43:08  loss: 0.3318 (0.3734)  grad: 0.1988 (0.2811)  batch_size: 16.0000 (16.0000)  lr: 0.0000 (0.0000)  time: 0.375851  data: 0.000238  max mem: 4727
I20260819 11:25:54 1562207 mum utils.py:218] Training  [34850/60000]  eta: 2:42:49  loss: 0.3437 (0.3733)  grad: 0.1837 (0.2810)  batch_size: 16.0000 (16.0000)  lr: 0.0000 (0.0000)  time: 0.383140  data: 0.000333  max mem: 4727
I20260819 11:26:13 1562207 mum utils.py:218] Training  [34900/60000]  eta: 2:42:29  loss: 0.3366 (0.3733)  grad: 0.1918 (0.2809)  batch_size: 16.0000 (16.0000)  lr: 0.0000 (0.0000)  time: 0.383187  data: 0.000288  max mem: 4727
I20260819 11:26:32 1562207 mum utils.py:218] Training  [34950/60000]  eta: 2:42:09  loss: 0.3485 (0.3732)  grad: 0.1690 (0.2807)  batch_size: 16.0000 (16.0000)  lr: 0.0000 (0.0000)  time: 0.382871  data: 0.000299  max mem: 4727
I20260819 11:26:52 1562207 mum utils.py:218] Training  [35000/60000]  eta: 2:41:50  loss: 0.3406 (0.3732)  grad: 0.1813 (0.2806)  batch_size: 16.0000 (16.0000)  lr: 0.0000 (0.0000)  time: 0.381586  data: 0.000240  max mem: 4727
I20260819 11:27:11 1562207 mum utils.py:218] Training  [35050/60000]  eta: 2:41:30  loss: 0.3365 (0.3731)  grad: 0.1877 (0.2805)  batch_size: 16.0000 (16.0000)  lr: 0.0000 (0.0000)  time: 0.382172  data: 0.000259  max mem: 4727
I20260819 11:27:30 1562207 mum utils.py:218] Training  [35100/60000]  eta: 2:41:11  loss: 0.3560 (0.3731)  grad: 0.1910 (0.2804)  batch_size: 16.0000 (16.0000)  lr: 0.0000 (0.0000)  time: 0.382302  data: 0.000276  max mem: 4727
I20260819 11:27:49 1562207 mum utils.py:218] Training  [35150/60000]  eta: 2:40:51  loss: 0.3442 (0.3730)  grad: 0.1833 (0.2802)  batch_size: 16.0000 (16.0000)  lr: 0.0000 (0.0000)  time: 0.382634  data: 0.000258  max mem: 4727
I20260819 11:28:08 1562207 mum utils.py:218] Training  [35200/60000]  eta: 2:40:31  loss: 0.3309 (0.3730)  grad: 0.2135 (0.2801)  batch_size: 16.0000 (16.0000)  lr: 0.0000 (0.0000)  time: 0.381604  data: 0.000266  max mem: 4727
I20260819 11:28:27 1562207 mum utils.py:218] Training  [35250/60000]  eta: 2:40:12  loss: 0.3416 (0.3729)  grad: 0.1830 (0.2800)  batch_size: 16.0000 (16.0000)  lr: 0.0000 (0.0000)  time: 0.383105  data: 0.000277  max mem: 4727
I20260819 11:28:47 1562207 mum utils.py:218] Training  [35300/60000]  eta: 2:39:52  loss: 0.3374 (0.3729)  grad: 0.2098 (0.2799)  batch_size: 16.0000 (16.0000)  lr: 0.0000 (0.0000)  time: 0.386026  data: 0.000317  max mem: 4727
I20260819 11:29:06 1562207 mum utils.py:218] Training  [35350/60000]  eta: 2:39:33  loss: 0.3408 (0.3729)  grad: 0.1946 (0.2798)  batch_size: 16.0000 (16.0000)  lr: 0.0000 (0.0000)  time: 0.383031  data: 0.000276  max mem: 4727
I20260819 11:29:25 1562207 mum utils.py:218] Training  [35400/60000]  eta: 2:39:13  loss: 0.3316 (0.3728)  grad: 0.1705 (0.2796)  batch_size: 16.0000 (16.0000)  lr: 0.0000 (0.0000)  time: 0.382841  data: 0.000306  max mem: 4727
I20260819 11:29:44 1562207 mum utils.py:218] Training  [35450/60000]  eta: 2:38:54  loss: 0.3396 (0.3728)  grad: 0.1774 (0.2795)  batch_size: 16.0000 (16.0000)  lr: 0.0000 (0.0000)  time: 0.382573  data: 0.000292  max mem: 4727
I20260819 11:30:03 1562207 mum utils.py:218] Training  [35500/60000]  eta: 2:38:34  loss: 0.3446 (0.3727)  grad: 0.1786 (0.2794)  batch_size: 16.0000 (16.0000)  lr: 0.0000 (0.0000)  time: 0.388432  data: 0.000289  max mem: 4727
I20260819 11:30:23 1562207 mum utils.py:218] Training  [35550/60000]  eta: 2:38:14  loss: 0.3236 (0.3727)  grad: 0.1798 (0.2793)  batch_size: 16.0000 (16.0000)  lr: 0.0000 (0.0000)  time: 0.382500  data: 0.000283  max mem: 4727
I20260819 11:30:42 1562207 mum utils.py:218] Training  [35600/60000]  eta: 2:37:55  loss: 0.3442 (0.3726)  grad: 0.1849 (0.2791)  batch_size: 16.0000 (16.0000)  lr: 0.0000 (0.0000)  time: 0.385705  data: 0.000323  max mem: 4727
I20260819 11:31:01 1562207 mum utils.py:218] Training  [35650/60000]  eta: 2:37:35  loss: 0.3454 (0.3726)  grad: 0.2013 (0.2790)  batch_size: 16.0000 (16.0000)  lr: 0.0000 (0.0000)  time: 0.380313  data: 0.000302  max mem: 4727
I20260819 11:31:20 1562207 mum utils.py:218] Training  [35700/60000]  eta: 2:37:16  loss: 0.3346 (0.3725)  grad: 0.1987 (0.2789)  batch_size: 16.0000 (16.0000)  lr: 0.0000 (0.0000)  time: 0.386447  data: 0.000294  max mem: 4727
I20260819 11:31:39 1562207 mum utils.py:218] Training  [35750/60000]  eta: 2:36:56  loss: 0.3444 (0.3725)  grad: 0.1907 (0.2788)  batch_size: 16.0000 (16.0000)  lr: 0.0000 (0.0000)  time: 0.382392  data: 0.000273  max mem: 4727
I20260819 11:31:59 1562207 mum utils.py:218] Training  [35800/60000]  eta: 2:36:37  loss: 0.3403 (0.3725)  grad: 0.1792 (0.2786)  batch_size: 16.0000 (16.0000)  lr: 0.0000 (0.0000)  time: 0.384604  data: 0.000274  max mem: 4727
I20260819 11:32:18 1562207 mum utils.py:218] Training  [35850/60000]  eta: 2:36:17  loss: 0.3556 (0.3724)  grad: 0.1908 (0.2785)  batch_size: 16.0000 (16.0000)  lr: 0.0000 (0.0000)  time: 0.382254  data: 0.000268  max mem: 4727
I20260819 11:32:37 1562207 mum utils.py:218] Training  [35900/60000]  eta: 2:35:57  loss: 0.3431 (0.3724)  grad: 0.1712 (0.2784)  batch_size: 16.0000 (16.0000)  lr: 0.0000 (0.0000)  time: 0.385279  data: 0.000306  max mem: 4727
I20260819 11:32:56 1562207 mum utils.py:218] Training  [35950/60000]  eta: 2:35:38  loss: 0.3246 (0.3723)  grad: 0.1834 (0.2783)  batch_size: 16.0000 (16.0000)  lr: 0.0000 (0.0000)  time: 0.381615  data: 0.000285  max mem: 4727
Building dynamic dataloader with seed: 42
Randomly sampling [3, 3] frames
TravelUAVDataset (val): 767 scenes, 39921 frames (total 15348 scenes, split_ratio=0.95).
ComposedDataset created from 1 datasets: ['TravelUAVDataset:DATA_DIR=/data2/student1_ly/datasets/OpenUAV-QA/TravelUAV_dataset:SPLIT=val']
[step 36000] val loss: 0.3484
I20260819 11:33:50 1562207 mum utils.py:218] Training  [36000/60000]  eta: 2:35:42  loss: 0.3518 (0.3723)  grad: 0.1992 (0.2782)  batch_size: 16.0000 (16.0000)  lr: 0.0000 (0.0000)  time: 2.151901  data: 0.000295  max mem: 4727
I20260819 11:34:10 1562207 mum utils.py:218] Training  [36050/60000]  eta: 2:35:22  loss: 0.3453 (0.3723)  grad: 0.1932 (0.2781)  batch_size: 16.0000 (16.0000)  lr: 0.0000 (0.0000)  time: 0.382994  data: 0.000307  max mem: 4727
I20260819 11:34:29 1562207 mum utils.py:218] Training  [36100/60000]  eta: 2:35:02  loss: 0.3319 (0.3722)  grad: 0.1698 (0.2779)  batch_size: 16.0000 (16.0000)  lr: 0.0000 (0.0000)  time: 0.385428  data: 0.000293  max mem: 4727
I20260819 11:34:48 1562207 mum utils.py:218] Training  [36150/60000]  eta: 2:34:43  loss: 0.3429 (0.3722)  grad: 0.1788 (0.2778)  batch_size: 16.0000 (16.0000)  lr: 0.0000 (0.0000)  time: 0.383134  data: 0.000264  max mem: 4727
I20260819 11:35:07 1562207 mum utils.py:218] Training  [36200/60000]  eta: 2:34:23  loss: 0.3310 (0.3721)  grad: 0.1856 (0.2777)  batch_size: 16.0000 (16.0000)  lr: 0.0000 (0.0000)  time: 0.382233  data: 0.000274  max mem: 4727
I20260819 11:35:26 1562207 mum utils.py:218] Training  [36250/60000]  eta: 2:34:03  loss: 0.3499 (0.3721)  grad: 0.1906 (0.2776)  batch_size: 16.0000 (16.0000)  lr: 0.0000 (0.0000)  time: 0.385297  data: 0.000274  max mem: 4727
I20260819 11:35:45 1562207 mum utils.py:218] Training  [36300/60000]  eta: 2:33:44  loss: 0.3436 (0.3721)  grad: 0.1820 (0.2774)  batch_size: 16.0000 (16.0000)  lr: 0.0000 (0.0000)  time: 0.382850  data: 0.000302  max mem: 4727
I20260819 11:36:04 1562207 mum utils.py:218] Training  [36350/60000]  eta: 2:33:24  loss: 0.3224 (0.3720)  grad: 0.1764 (0.2773)  batch_size: 16.0000 (16.0000)  lr: 0.0000 (0.0000)  time: 0.380325  data: 0.000243  max mem: 4727
I20260819 11:36:24 1562207 mum utils.py:218] Training  [36400/60000]  eta: 2:33:04  loss: 0.3217 (0.3720)  grad: 0.1761 (0.2772)  batch_size: 16.0000 (16.0000)  lr: 0.0000 (0.0000)  time: 0.379392  data: 0.000259  max mem: 4727
I20260819 11:36:43 1562207 mum utils.py:218] Training  [36450/60000]  eta: 2:32:45  loss: 0.3577 (0.3719)  grad: 0.1809 (0.2771)  batch_size: 16.0000 (16.0000)  lr: 0.0000 (0.0000)  time: 0.380744  data: 0.000291  max mem: 4727
I20260819 11:37:02 1562207 mum utils.py:218] Training  [36500/60000]  eta: 2:32:25  loss: 0.3408 (0.3719)  grad: 0.1760 (0.2769)  batch_size: 16.0000 (16.0000)  lr: 0.0000 (0.0000)  time: 0.381186  data: 0.000253  max mem: 4727
I20260819 11:37:21 1562207 mum utils.py:218] Training  [36550/60000]  eta: 2:32:05  loss: 0.3329 (0.3718)  grad: 0.1737 (0.2768)  batch_size: 16.0000 (16.0000)  lr: 0.0000 (0.0000)  time: 0.381540  data: 0.000256  max mem: 4727
I20260819 11:37:40 1562207 mum utils.py:218] Training  [36600/60000]  eta: 2:31:46  loss: 0.3414 (0.3718)  grad: 0.1825 (0.2767)  batch_size: 16.0000 (16.0000)  lr: 0.0000 (0.0000)  time: 0.382520  data: 0.000257  max mem: 4727
I20260819 11:37:59 1562207 mum utils.py:218] Training  [36650/60000]  eta: 2:31:26  loss: 0.3495 (0.3718)  grad: 0.1954 (0.2766)  batch_size: 16.0000 (16.0000)  lr: 0.0000 (0.0000)  time: 0.383163  data: 0.000284  max mem: 4727
I20260819 11:38:18 1562207 mum utils.py:218] Training  [36700/60000]  eta: 2:31:06  loss: 0.3372 (0.3717)  grad: 0.1893 (0.2765)  batch_size: 16.0000 (16.0000)  lr: 0.0000 (0.0000)  time: 0.382856  data: 0.000275  max mem: 4727
I20260819 11:38:37 1562207 mum utils.py:218] Training  [36750/60000]  eta: 2:30:47  loss: 0.3460 (0.3717)  grad: 0.1867 (0.2764)  batch_size: 16.0000 (16.0000)  lr: 0.0000 (0.0000)  time: 0.380886  data: 0.000277  max mem: 4727
I20260819 11:38:57 1562207 mum utils.py:218] Training  [36800/60000]  eta: 2:30:27  loss: 0.3253 (0.3716)  grad: 0.1810 (0.2762)  batch_size: 16.0000 (16.0000)  lr: 0.0000 (0.0000)  time: 0.390607  data: 0.000311  max mem: 4727
I20260819 11:39:16 1562207 mum utils.py:218] Training  [36850/60000]  eta: 2:30:08  loss: 0.3428 (0.3716)  grad: 0.1821 (0.2761)  batch_size: 16.0000 (16.0000)  lr: 0.0000 (0.0000)  time: 0.382704  data: 0.000272  max mem: 4727
I20260819 11:39:35 1562207 mum utils.py:218] Training  [36900/60000]  eta: 2:29:48  loss: 0.3379 (0.3715)  grad: 0.1773 (0.2760)  batch_size: 16.0000 (16.0000)  lr: 0.0000 (0.0000)  time: 0.382075  data: 0.000265  max mem: 4727
I20260819 11:39:54 1562207 mum utils.py:218] Training  [36950/60000]  eta: 2:29:28  loss: 0.3501 (0.3715)  grad: 0.2218 (0.2759)  batch_size: 16.0000 (16.0000)  lr: 0.0000 (0.0000)  time: 0.384698  data: 0.000271  max mem: 4727
I20260819 11:40:13 1562207 mum utils.py:218] Training  [37000/60000]  eta: 2:29:09  loss: 0.3178 (0.3714)  grad: 0.1712 (0.2758)  batch_size: 16.0000 (16.0000)  lr: 0.0000 (0.0000)  time: 0.382981  data: 0.000303  max mem: 4727
I20260819 11:40:33 1562207 mum utils.py:218] Training  [37050/60000]  eta: 2:28:49  loss: 0.3396 (0.3714)  grad: 0.1777 (0.2757)  batch_size: 16.0000 (16.0000)  lr: 0.0000 (0.0000)  time: 0.384171  data: 0.000275  max mem: 4727
I20260819 11:40:52 1562207 mum utils.py:218] Training  [37100/60000]  eta: 2:28:29  loss: 0.3277 (0.3714)  grad: 0.1767 (0.2755)  batch_size: 16.0000 (16.0000)  lr: 0.0000 (0.0000)  time: 0.382880  data: 0.000280  max mem: 4727
I20260819 11:41:11 1562207 mum utils.py:218] Training  [37150/60000]  eta: 2:28:10  loss: 0.3366 (0.3713)  grad: 0.2176 (0.2754)  batch_size: 16.0000 (16.0000)  lr: 0.0000 (0.0000)  time: 0.384781  data: 0.000293  max mem: 4727
I20260819 11:41:30 1562207 mum utils.py:218] Training  [37200/60000]  eta: 2:27:50  loss: 0.3421 (0.3713)  grad: 0.1823 (0.2753)  batch_size: 16.0000 (16.0000)  lr: 0.0000 (0.0000)  time: 0.381753  data: 0.000293  max mem: 4727
I20260819 11:41:49 1562207 mum utils.py:218] Training  [37250/60000]  eta: 2:27:30  loss: 0.3256 (0.3712)  grad: 0.1917 (0.2752)  batch_size: 16.0000 (16.0000)  lr: 0.0000 (0.0000)  time: 0.383395  data: 0.000304  max mem: 4727
I20260819 11:42:08 1562207 mum utils.py:218] Training  [37300/60000]  eta: 2:27:11  loss: 0.3426 (0.3712)  grad: 0.1872 (0.2751)  batch_size: 16.0000 (16.0000)  lr: 0.0000 (0.0000)  time: 0.379572  data: 0.000283  max mem: 4727
I20260819 11:42:27 1562207 mum utils.py:218] Training  [37350/60000]  eta: 2:26:51  loss: 0.3332 (0.3712)  grad: 0.1772 (0.2750)  batch_size: 16.0000 (16.0000)  lr: 0.0000 (0.0000)  time: 0.381803  data: 0.000297  max mem: 4727
I20260819 11:42:47 1562207 mum utils.py:218] Training  [37400/60000]  eta: 2:26:31  loss: 0.3545 (0.3711)  grad: 0.1788 (0.2749)  batch_size: 16.0000 (16.0000)  lr: 0.0000 (0.0000)  time: 0.383050  data: 0.000272  max mem: 4727
I20260819 11:43:06 1562207 mum utils.py:218] Training  [37450/60000]  eta: 2:26:12  loss: 0.3369 (0.3711)  grad: 0.1772 (0.2748)  batch_size: 16.0000 (16.0000)  lr: 0.0000 (0.0000)  time: 0.383617  data: 0.000302  max mem: 4727
I20260819 11:43:25 1562207 mum utils.py:218] Training  [37500/60000]  eta: 2:25:52  loss: 0.3436 (0.3710)  grad: 0.2049 (0.2747)  batch_size: 16.0000 (16.0000)  lr: 0.0000 (0.0000)  time: 0.383320  data: 0.000285  max mem: 4727
I20260819 11:43:44 1562207 mum utils.py:218] Training  [37550/60000]  eta: 2:25:32  loss: 0.3361 (0.3710)  grad: 0.1935 (0.2746)  batch_size: 16.0000 (16.0000)  lr: 0.0000 (0.0000)  time: 0.381730  data: 0.000238  max mem: 4727
I20260819 11:44:03 1562207 mum utils.py:218] Training  [37600/60000]  eta: 2:25:13  loss: 0.3413 (0.3710)  grad: 0.1791 (0.2744)  batch_size: 16.0000 (16.0000)  lr: 0.0000 (0.0000)  time: 0.382733  data: 0.000259  max mem: 4727
I20260819 11:44:22 1562207 mum utils.py:218] Training  [37650/60000]  eta: 2:24:53  loss: 0.3421 (0.3709)  grad: 0.1772 (0.2743)  batch_size: 16.0000 (16.0000)  lr: 0.0000 (0.0000)  time: 0.381447  data: 0.000293  max mem: 4727
I20260819 11:44:41 1562207 mum utils.py:218] Training  [37700/60000]  eta: 2:24:34  loss: 0.3473 (0.3709)  grad: 0.1873 (0.2742)  batch_size: 16.0000 (16.0000)  lr: 0.0000 (0.0000)  time: 0.378851  data: 0.000304  max mem: 4727
I20260819 11:45:01 1562207 mum utils.py:218] Training  [37750/60000]  eta: 2:24:14  loss: 0.3380 (0.3708)  grad: 0.1714 (0.2741)  batch_size: 16.0000 (16.0000)  lr: 0.0000 (0.0000)  time: 0.382913  data: 0.000263  max mem: 4727
I20260819 11:45:20 1562207 mum utils.py:218] Training  [37800/60000]  eta: 2:23:54  loss: 0.3409 (0.3708)  grad: 0.1801 (0.2740)  batch_size: 16.0000 (16.0000)  lr: 0.0000 (0.0000)  time: 0.382606  data: 0.000266  max mem: 4727
I20260819 11:45:39 1562207 mum utils.py:218] Training  [37850/60000]  eta: 2:23:35  loss: 0.3355 (0.3707)  grad: 0.1908 (0.2739)  batch_size: 16.0000 (16.0000)  lr: 0.0000 (0.0000)  time: 0.381813  data: 0.000290  max mem: 4727
I20260819 11:45:58 1562207 mum utils.py:218] Training  [37900/60000]  eta: 2:23:15  loss: 0.3256 (0.3707)  grad: 0.1864 (0.2738)  batch_size: 16.0000 (16.0000)  lr: 0.0000 (0.0000)  time: 0.381400  data: 0.000265  max mem: 4727
I20260819 11:46:17 1562207 mum utils.py:218] Training  [37950/60000]  eta: 2:22:56  loss: 0.3181 (0.3707)  grad: 0.1805 (0.2736)  batch_size: 16.0000 (16.0000)  lr: 0.0000 (0.0000)  time: 0.382832  data: 0.000325  max mem: 4727
I20260819 11:46:36 1562207 mum utils.py:218] Training  [38000/60000]  eta: 2:22:36  loss: 0.3366 (0.3706)  grad: 0.2054 (0.2735)  batch_size: 16.0000 (16.0000)  lr: 0.0000 (0.0000)  time: 0.382503  data: 0.000290  max mem: 4727
I20260819 11:46:56 1562207 mum utils.py:218] Training  [38050/60000]  eta: 2:22:16  loss: 0.3643 (0.3706)  grad: 0.1800 (0.2735)  batch_size: 16.0000 (16.0000)  lr: 0.0000 (0.0000)  time: 0.382251  data: 0.000268  max mem: 4727
I20260819 11:47:15 1562207 mum utils.py:218] Training  [38100/60000]  eta: 2:21:57  loss: 0.3515 (0.3706)  grad: 0.1802 (0.2733)  batch_size: 16.0000 (16.0000)  lr: 0.0000 (0.0000)  time: 0.382633  data: 0.000272  max mem: 4727
I20260819 11:47:34 1562207 mum utils.py:218] Training  [38150/60000]  eta: 2:21:37  loss: 0.3428 (0.3705)  grad: 0.1992 (0.2732)  batch_size: 16.0000 (16.0000)  lr: 0.0000 (0.0000)  time: 0.383398  data: 0.000265  max mem: 4727
I20260819 11:47:53 1562207 mum utils.py:218] Training  [38200/60000]  eta: 2:21:17  loss: 0.3444 (0.3705)  grad: 0.1847 (0.2731)  batch_size: 16.0000 (16.0000)  lr: 0.0000 (0.0000)  time: 0.381369  data: 0.000295  max mem: 4727
I20260819 11:48:12 1562207 mum utils.py:218] Training  [38250/60000]  eta: 2:20:58  loss: 0.3297 (0.3704)  grad: 0.1813 (0.2730)  batch_size: 16.0000 (16.0000)  lr: 0.0000 (0.0000)  time: 0.383347  data: 0.000289  max mem: 4727
I20260819 11:48:32 1562207 mum utils.py:218] Training  [38300/60000]  eta: 2:20:38  loss: 0.3376 (0.3704)  grad: 0.1969 (0.2729)  batch_size: 16.0000 (16.0000)  lr: 0.0000 (0.0000)  time: 0.382150  data: 0.000286  max mem: 4727
I20260819 11:48:51 1562207 mum utils.py:218] Training  [38350/60000]  eta: 2:20:19  loss: 0.3335 (0.3703)  grad: 0.1784 (0.2728)  batch_size: 16.0000 (16.0000)  lr: 0.0000 (0.0000)  time: 0.383526  data: 0.000280  max mem: 4727
I20260819 11:49:10 1562207 mum utils.py:218] Training  [38400/60000]  eta: 2:19:59  loss: 0.3426 (0.3703)  grad: 0.1943 (0.2727)  batch_size: 16.0000 (16.0000)  lr: 0.0000 (0.0000)  time: 0.384990  data: 0.000318  max mem: 4727
I20260819 11:49:29 1562207 mum utils.py:218] Training  [38450/60000]  eta: 2:19:40  loss: 0.3294 (0.3703)  grad: 0.1741 (0.2726)  batch_size: 16.0000 (16.0000)  lr: 0.0000 (0.0000)  time: 0.386670  data: 0.000363  max mem: 4727
I20260819 11:49:48 1562207 mum utils.py:218] Training  [38500/60000]  eta: 2:19:20  loss: 0.3455 (0.3702)  grad: 0.1796 (0.2725)  batch_size: 16.0000 (16.0000)  lr: 0.0000 (0.0000)  time: 0.382988  data: 0.000299  max mem: 4727
I20260819 11:50:08 1562207 mum utils.py:218] Training  [38550/60000]  eta: 2:19:01  loss: 0.3499 (0.3702)  grad: 0.1850 (0.2724)  batch_size: 16.0000 (16.0000)  lr: 0.0000 (0.0000)  time: 0.387117  data: 0.000345  max mem: 4727
I20260819 11:50:27 1562207 mum utils.py:218] Training  [38600/60000]  eta: 2:18:41  loss: 0.3344 (0.3702)  grad: 0.1783 (0.2723)  batch_size: 16.0000 (16.0000)  lr: 0.0000 (0.0000)  time: 0.381206  data: 0.000279  max mem: 4727
I20260819 11:50:46 1562207 mum utils.py:218] Training  [38650/60000]  eta: 2:18:21  loss: 0.3434 (0.3701)  grad: 0.1791 (0.2722)  batch_size: 16.0000 (16.0000)  lr: 0.0000 (0.0000)  time: 0.384355  data: 0.000316  max mem: 4727
I20260819 11:51:05 1562207 mum utils.py:218] Training  [38700/60000]  eta: 2:18:02  loss: 0.3251 (0.3701)  grad: 0.1853 (0.2721)  batch_size: 16.0000 (16.0000)  lr: 0.0000 (0.0000)  time: 0.381852  data: 0.000291  max mem: 4727
I20260819 11:51:24 1562207 mum utils.py:218] Training  [38750/60000]  eta: 2:17:42  loss: 0.3352 (0.3700)  grad: 0.1747 (0.2719)  batch_size: 16.0000 (16.0000)  lr: 0.0000 (0.0000)  time: 0.388207  data: 0.000324  max mem: 4727
I20260819 11:52:11 1562207 mum utils.py:218] Training  [38800/60000]  eta: 2:17:38  loss: 0.3457 (0.3700)  grad: 0.1729 (0.2719)  batch_size: 16.0000 (16.0000)  lr: 0.0000 (0.0000)  time: 1.150444  data: 0.000318  max mem: 4727
I20260819 11:53:07 1562207 mum utils.py:218] Training  [38850/60000]  eta: 2:17:38  loss: 0.3419 (0.3700)  grad: 0.1961 (0.2718)  batch_size: 16.0000 (16.0000)  lr: 0.0000 (0.0000)  time: 1.128888  data: 0.000396  max mem: 4727
I20260819 11:53:48 1562207 mum utils.py:218] Training  [38900/60000]  eta: 2:17:30  loss: 0.3255 (0.3699)  grad: 0.1840 (0.2716)  batch_size: 16.0000 (16.0000)  lr: 0.0000 (0.0000)  time: 0.963282  data: 0.000366  max mem: 4727
I20260819 11:54:44 1562207 mum utils.py:218] Training  [38950/60000]  eta: 2:17:30  loss: 0.3458 (0.3699)  grad: 0.1805 (0.2715)  batch_size: 16.0000 (16.0000)  lr: 0.0000 (0.0000)  time: 1.129827  data: 0.000365  max mem: 4727
I20260819 11:55:27 1562207 mum utils.py:218] Training  [39000/60000]  eta: 2:17:23  loss: 0.3416 (0.3698)  grad: 0.1762 (0.2714)  batch_size: 16.0000 (16.0000)  lr: 0.0000 (0.0000)  time: 0.680246  data: 0.000373  max mem: 4727
I20260819 11:56:22 1562207 mum utils.py:218] Training  [39050/60000]  eta: 2:17:23  loss: 0.3160 (0.3698)  grad: 0.1933 (0.2713)  batch_size: 16.0000 (16.0000)  lr: 0.0000 (0.0000)  time: 1.140019  data: 0.000335  max mem: 4727
I20260819 11:57:12 1562207 mum utils.py:218] Training  [39100/60000]  eta: 2:17:19  loss: 0.3400 (0.3698)  grad: 0.1899 (0.2712)  batch_size: 16.0000 (16.0000)  lr: 0.0000 (0.0000)  time: 0.794208  data: 0.000328  max mem: 4727
I20260819 11:58:00 1562207 mum utils.py:218] Training  [39150/60000]  eta: 2:17:14  loss: 0.3324 (0.3697)  grad: 0.1877 (0.2711)  batch_size: 16.0000 (16.0000)  lr: 0.0000 (0.0000)  time: 1.135012  data: 0.000326  max mem: 4727
I20260819 11:58:56 1562207 mum utils.py:218] Training  [39200/60000]  eta: 2:17:14  loss: 0.3397 (0.3697)  grad: 0.1783 (0.2710)  batch_size: 16.0000 (16.0000)  lr: 0.0000 (0.0000)  time: 1.093248  data: 0.000374  max mem: 4727
I20260819 11:59:37 1562207 mum utils.py:218] Training  [39250/60000]  eta: 2:17:05  loss: 0.3364 (0.3697)  grad: 0.1852 (0.2709)  batch_size: 16.0000 (16.0000)  lr: 0.0000 (0.0000)  time: 0.981729  data: 0.000372  max mem: 4727
I20260819 12:00:33 1562207 mum utils.py:218] Training  [39300/60000]  eta: 2:17:05  loss: 0.3336 (0.3696)  grad: 0.1873 (0.2708)  batch_size: 16.0000 (16.0000)  lr: 0.0000 (0.0000)  time: 1.129240  data: 0.000348  max mem: 4727
I20260819 12:01:15 1562207 mum utils.py:218] Training  [39350/60000]  eta: 2:16:57  loss: 0.3430 (0.3696)  grad: 0.1859 (0.2707)  batch_size: 16.0000 (16.0000)  lr: 0.0000 (0.0000)  time: 0.703410  data: 0.000366  max mem: 4727
I20260819 12:02:10 1562207 mum utils.py:218] Training  [39400/60000]  eta: 2:16:55  loss: 0.3517 (0.3695)  grad: 0.1952 (0.2706)  batch_size: 16.0000 (16.0000)  lr: 0.0000 (0.0000)  time: 1.128240  data: 0.000363  max mem: 4727
I20260819 12:03:00 1562207 mum utils.py:218] Training  [39450/60000]  eta: 2:16:50  loss: 0.3452 (0.3695)  grad: 0.1895 (0.2705)  batch_size: 16.0000 (16.0000)  lr: 0.0000 (0.0000)  time: 0.749130  data: 0.000333  max mem: 4727
I20260819 12:03:47 1562207 mum utils.py:218] Training  [39500/60000]  eta: 2:16:45  loss: 0.3401 (0.3695)  grad: 0.1833 (0.2704)  batch_size: 16.0000 (16.0000)  lr: 0.0000 (0.0000)  time: 1.129168  data: 0.000322  max mem: 4727
I20260819 12:04:43 1562207 mum utils.py:218] Training  [39550/60000]  eta: 2:16:43  loss: 0.3484 (0.3694)  grad: 0.1918 (0.2703)  batch_size: 16.0000 (16.0000)  lr: 0.0000 (0.0000)  time: 1.114318  data: 0.000304  max mem: 4727
I20260819 12:05:24 1562207 mum utils.py:218] Training  [39600/60000]  eta: 2:16:34  loss: 0.3496 (0.3694)  grad: 0.1867 (0.2702)  batch_size: 16.0000 (16.0000)  lr: 0.0000 (0.0000)  time: 0.967464  data: 0.000379  max mem: 4727
I20260819 12:06:21 1562207 mum utils.py:218] Training  [39650/60000]  eta: 2:16:33  loss: 0.3246 (0.3694)  grad: 0.1819 (0.2701)  batch_size: 16.0000 (16.0000)  lr: 0.0000 (0.0000)  time: 1.139879  data: 0.000305  max mem: 4727
I20260819 12:07:03 1562207 mum utils.py:218] Training  [39700/60000]  eta: 2:16:24  loss: 0.3417 (0.3693)  grad: 0.1859 (0.2700)  batch_size: 16.0000 (16.0000)  lr: 0.0000 (0.0000)  time: 0.669712  data: 0.000317  max mem: 4727
I20260819 12:07:57 1562207 mum utils.py:218] Training  [39750/60000]  eta: 2:16:21  loss: 0.3459 (0.3693)  grad: 0.1891 (0.2699)  batch_size: 16.0000 (16.0000)  lr: 0.0000 (0.0000)  time: 1.141951  data: 0.000384  max mem: 4727
I20260819 12:08:47 1562207 mum utils.py:218] Training  [39800/60000]  eta: 2:16:16  loss: 0.3457 (0.3693)  grad: 0.2044 (0.2698)  batch_size: 16.0000 (16.0000)  lr: 0.0000 (0.0000)  time: 0.810492  data: 0.000343  max mem: 4727
I20260819 12:09:33 1562207 mum utils.py:218] Training  [39850/60000]  eta: 2:16:08  loss: 0.3235 (0.3692)  grad: 0.1831 (0.2697)  batch_size: 16.0000 (16.0000)  lr: 0.0000 (0.0000)  time: 1.146824  data: 0.000384  max mem: 4727
I20260819 12:10:29 1562207 mum utils.py:218] Training  [39900/60000]  eta: 2:16:07  loss: 0.3368 (0.3692)  grad: 0.1972 (0.2696)  batch_size: 16.0000 (16.0000)  lr: 0.0000 (0.0000)  time: 1.141949  data: 0.000351  max mem: 4727
I20260819 12:11:09 1562207 mum utils.py:218] Training  [39950/60000]  eta: 2:15:56  loss: 0.3460 (0.3691)  grad: 0.1854 (0.2695)  batch_size: 16.0000 (16.0000)  lr: 0.0000 (0.0000)  time: 0.922264  data: 0.000381  max mem: 4727
I20260819 12:12:06 1562207 mum utils.py:218] Training  [40000/60000]  eta: 2:15:54  loss: 0.3412 (0.3691)  grad: 0.1827 (0.2694)  batch_size: 16.0000 (16.0000)  lr: 0.0000 (0.0000)  time: 1.139089  data: 0.000405  max mem: 4727
I20260819 12:12:47 1562207 mum utils.py:218] Training  [40050/60000]  eta: 2:15:44  loss: 0.3405 (0.3691)  grad: 0.1871 (0.2693)  batch_size: 16.0000 (16.0000)  lr: 0.0000 (0.0000)  time: 0.561903  data: 0.000516  max mem: 4727
I20260819 12:13:36 1562207 mum utils.py:218] Training  [40100/60000]  eta: 2:15:38  loss: 0.3367 (0.3690)  grad: 0.1838 (0.2693)  batch_size: 16.0000 (16.0000)  lr: 0.0000 (0.0000)  time: 1.136804  data: 0.000406  max mem: 4727
I20260819 12:14:33 1562207 mum utils.py:218] Training  [40150/60000]  eta: 2:15:35  loss: 0.3297 (0.3690)  grad: 0.1826 (0.2691)  batch_size: 16.0000 (16.0000)  lr: 0.0000 (0.0000)  time: 1.134844  data: 0.000362  max mem: 4727
I20260819 12:15:12 1562207 mum utils.py:218] Training  [40200/60000]  eta: 2:15:24  loss: 0.3352 (0.3690)  grad: 0.1815 (0.2691)  batch_size: 16.0000 (16.0000)  lr: 0.0000 (0.0000)  time: 1.015260  data: 0.000360  max mem: 4727
I20260819 12:16:09 1562207 mum utils.py:218] Training  [40250/60000]  eta: 2:15:21  loss: 0.3456 (0.3689)  grad: 0.1839 (0.2689)  batch_size: 16.0000 (16.0000)  lr: 0.0000 (0.0000)  time: 1.139096  data: 0.000305  max mem: 4727
I20260819 12:16:51 1562207 mum utils.py:218] Training  [40300/60000]  eta: 2:15:11  loss: 0.3462 (0.3689)  grad: 0.1842 (0.2688)  batch_size: 16.0000 (16.0000)  lr: 0.0000 (0.0000)  time: 0.527938  data: 0.000294  max mem: 4727
I20260819 12:17:46 1562207 mum utils.py:218] Training  [40350/60000]  eta: 2:15:07  loss: 0.3296 (0.3689)  grad: 0.1938 (0.2688)  batch_size: 16.0000 (16.0000)  lr: 0.0000 (0.0000)  time: 1.132239  data: 0.000388  max mem: 4727
I20260819 12:18:40 1562207 mum utils.py:218] Training  [40400/60000]  eta: 2:15:03  loss: 0.3289 (0.3688)  grad: 0.1823 (0.2687)  batch_size: 16.0000 (16.0000)  lr: 0.0000 (0.0000)  time: 1.000297  data: 0.000360  max mem: 4727
I20260819 12:19:22 1562207 mum utils.py:218] Training  [40450/60000]  eta: 2:14:53  loss: 0.3492 (0.3688)  grad: 0.1909 (0.2686)  batch_size: 16.0000 (16.0000)  lr: 0.0000 (0.0000)  time: 1.106972  data: 0.000383  max mem: 4727
I20260819 12:20:18 1562207 mum utils.py:218] Training  [40500/60000]  eta: 2:14:49  loss: 0.3462 (0.3687)  grad: 0.1887 (0.2685)  batch_size: 16.0000 (16.0000)  lr: 0.0000 (0.0000)  time: 1.111660  data: 0.000324  max mem: 4727
I20260819 12:20:58 1562207 mum utils.py:218] Training  [40550/60000]  eta: 2:14:37  loss: 0.3419 (0.3687)  grad: 0.1900 (0.2684)  batch_size: 16.0000 (16.0000)  lr: 0.0000 (0.0000)  time: 0.775695  data: 0.000334  max mem: 4727
I20260819 12:21:54 1562207 mum utils.py:218] Training  [40600/60000]  eta: 2:14:33  loss: 0.3393 (0.3687)  grad: 0.1875 (0.2683)  batch_size: 16.0000 (16.0000)  lr: 0.0000 (0.0000)  time: 1.109259  data: 0.000362  max mem: 4727
I20260819 12:22:41 1562207 mum utils.py:218] Training  [40650/60000]  eta: 2:14:25  loss: 0.3328 (0.3686)  grad: 0.1850 (0.2682)  batch_size: 16.0000 (16.0000)  lr: 0.0000 (0.0000)  time: 0.651580  data: 0.000322  max mem: 4727
I20260819 12:23:30 1562207 mum utils.py:218] Training  [40700/60000]  eta: 2:14:17  loss: 0.3368 (0.3686)  grad: 0.1822 (0.2681)  batch_size: 16.0000 (16.0000)  lr: 0.0000 (0.0000)  time: 1.124382  data: 0.000337  max mem: 4727
I20260819 12:24:26 1562207 mum utils.py:218] Training  [40750/60000]  eta: 2:14:13  loss: 0.3365 (0.3686)  grad: 0.1867 (0.2680)  batch_size: 16.0000 (16.0000)  lr: 0.0000 (0.0000)  time: 1.140988  data: 0.000419  max mem: 4727
I20260819 12:25:06 1562207 mum utils.py:218] Training  [40800/60000]  eta: 2:14:01  loss: 0.3421 (0.3685)  grad: 0.1946 (0.2679)  batch_size: 16.0000 (16.0000)  lr: 0.0000 (0.0000)  time: 0.990532  data: 0.000384  max mem: 4727
I20260819 12:26:03 1562207 mum utils.py:218] Training  [40850/60000]  eta: 2:13:57  loss: 0.3398 (0.3685)  grad: 0.1844 (0.2678)  batch_size: 16.0000 (16.0000)  lr: 0.0000 (0.0000)  time: 1.136309  data: 0.000320  max mem: 4727
I20260819 12:26:46 1562207 mum utils.py:218] Training  [40900/60000]  eta: 2:13:46  loss: 0.3511 (0.3685)  grad: 0.1852 (0.2677)  batch_size: 16.0000 (16.0000)  lr: 0.0000 (0.0000)  time: 0.628517  data: 0.000337  max mem: 4727
I20260819 12:27:40 1562207 mum utils.py:218] Training  [40950/60000]  eta: 2:13:41  loss: 0.3411 (0.3684)  grad: 0.1911 (0.2676)  batch_size: 16.0000 (16.0000)  lr: 0.0000 (0.0000)  time: 1.124825  data: 0.000363  max mem: 4727
I20260819 12:28:33 1562207 mum utils.py:218] Training  [41000/60000]  eta: 2:13:34  loss: 0.3481 (0.3684)  grad: 0.2022 (0.2675)  batch_size: 16.0000 (16.0000)  lr: 0.0000 (0.0000)  time: 0.906315  data: 0.000328  max mem: 4727
I20260819 12:29:17 1562207 mum utils.py:218] Training  [41050/60000]  eta: 2:13:24  loss: 0.3253 (0.3684)  grad: 0.1873 (0.2675)  batch_size: 16.0000 (16.0000)  lr: 0.0000 (0.0000)  time: 1.128455  data: 0.000371  max mem: 4727
I20260819 12:30:14 1562207 mum utils.py:218] Training  [41100/60000]  eta: 2:13:20  loss: 0.3410 (0.3683)  grad: 0.1858 (0.2674)  batch_size: 16.0000 (16.0000)  lr: 0.0000 (0.0000)  time: 1.136761  data: 0.000397  max mem: 4727
I20260819 12:30:57 1562207 mum utils.py:218] Training  [41150/60000]  eta: 2:13:08  loss: 0.3329 (0.3683)  grad: 0.1932 (0.2673)  batch_size: 16.0000 (16.0000)  lr: 0.0000 (0.0000)  time: 0.934106  data: 0.000413  max mem: 4727
I20260819 12:31:54 1562207 mum utils.py:218] Training  [41200/60000]  eta: 2:13:03  loss: 0.3522 (0.3683)  grad: 0.1885 (0.2672)  batch_size: 16.0000 (16.0000)  lr: 0.0000 (0.0000)  time: 1.153083  data: 0.000425  max mem: 4727
I20260819 12:32:39 1562207 mum utils.py:218] Training  [41250/60000]  eta: 2:12:53  loss: 0.3237 (0.3682)  grad: 0.1896 (0.2671)  batch_size: 16.0000 (16.0000)  lr: 0.0000 (0.0000)  time: 0.772163  data: 0.000334  max mem: 4727
I20260819 12:33:34 1562207 mum utils.py:218] Training  [41300/60000]  eta: 2:12:47  loss: 0.3481 (0.3682)  grad: 0.2132 (0.2670)  batch_size: 16.0000 (16.0000)  lr: 0.0000 (0.0000)  time: 1.138510  data: 0.000349  max mem: 4727
I20260819 12:34:24 1562207 mum utils.py:218] Training  [41350/60000]  eta: 2:12:38  loss: 0.3433 (0.3682)  grad: 0.1790 (0.2670)  batch_size: 16.0000 (16.0000)  lr: 0.0000 (0.0000)  time: 0.784561  data: 0.000363  max mem: 4727
I20260819 12:35:12 1562207 mum utils.py:218] Training  [41400/60000]  eta: 2:12:29  loss: 0.3464 (0.3681)  grad: 0.1997 (0.2669)  batch_size: 16.0000 (16.0000)  lr: 0.0000 (0.0000)  time: 1.129145  data: 0.000379  max mem: 4727
I20260819 12:36:08 1562207 mum utils.py:218] Training  [41450/60000]  eta: 2:12:24  loss: 0.3388 (0.3681)  grad: 0.1838 (0.2668)  batch_size: 16.0000 (16.0000)  lr: 0.0000 (0.0000)  time: 1.092233  data: 0.000328  max mem: 4727
I20260819 12:36:52 1562207 mum utils.py:218] Training  [41500/60000]  eta: 2:12:12  loss: 0.3381 (0.3681)  grad: 0.1981 (0.2667)  batch_size: 16.0000 (16.0000)  lr: 0.0000 (0.0000)  time: 1.044683  data: 0.000304  max mem: 4727
I20260819 12:37:49 1562207 mum utils.py:218] Training  [41550/60000]  eta: 2:12:07  loss: 0.3215 (0.3680)  grad: 0.1934 (0.2666)  batch_size: 16.0000 (16.0000)  lr: 0.0000 (0.0000)  time: 1.143283  data: 0.000364  max mem: 4727
I20260819 12:38:32 1562207 mum utils.py:218] Training  [41600/60000]  eta: 2:11:54  loss: 0.3367 (0.3680)  grad: 0.1874 (0.2665)  batch_size: 16.0000 (16.0000)  lr: 0.0000 (0.0000)  time: 0.752333  data: 0.000404  max mem: 4727
I20260819 12:39:29 1562207 mum utils.py:218] Training  [41650/60000]  eta: 2:11:48  loss: 0.3279 (0.3680)  grad: 0.1939 (0.2664)  batch_size: 16.0000 (16.0000)  lr: 0.0000 (0.0000)  time: 1.140123  data: 0.000333  max mem: 4727
I20260819 12:40:16 1562207 mum utils.py:218] Training  [41700/60000]  eta: 2:11:38  loss: 0.3345 (0.3679)  grad: 0.1918 (0.2664)  batch_size: 16.0000 (16.0000)  lr: 0.0000 (0.0000)  time: 0.728190  data: 0.000346  max mem: 4727
I20260819 12:41:08 1562207 mum utils.py:218] Training  [41750/60000]  eta: 2:11:30  loss: 0.3418 (0.3679)  grad: 0.2046 (0.2663)  batch_size: 16.0000 (16.0000)  lr: 0.0000 (0.0000)  time: 1.150509  data: 0.000400  max mem: 4727
I20260819 12:42:02 1562207 mum utils.py:218] Training  [41800/60000]  eta: 2:11:22  loss: 0.3449 (0.3678)  grad: 0.1937 (0.2662)  batch_size: 16.0000 (16.0000)  lr: 0.0000 (0.0000)  time: 0.988829  data: 0.000381  max mem: 4727
I20260819 12:42:47 1562207 mum utils.py:218] Training  [41850/60000]  eta: 2:11:11  loss: 0.3285 (0.3678)  grad: 0.1850 (0.2661)  batch_size: 16.0000 (16.0000)  lr: 0.0000 (0.0000)  time: 1.141317  data: 0.000398  max mem: 4727
I20260819 12:43:44 1562207 mum utils.py:218] Training  [41900/60000]  eta: 2:11:04  loss: 0.3386 (0.3678)  grad: 0.1945 (0.2660)  batch_size: 16.0000 (16.0000)  lr: 0.0000 (0.0000)  time: 1.133857  data: 0.000437  max mem: 4727
I20260819 12:44:23 1562207 mum utils.py:218] Training  [41950/60000]  eta: 2:10:50  loss: 0.3313 (0.3677)  grad: 0.2081 (0.2659)  batch_size: 16.0000 (16.0000)  lr: 0.0000 (0.0000)  time: 0.761737  data: 0.000319  max mem: 4727
Building dynamic dataloader with seed: 42
Randomly sampling [3, 3] frames
TravelUAVDataset (val): 767 scenes, 39921 frames (total 15348 scenes, split_ratio=0.95).
ComposedDataset created from 1 datasets: ['TravelUAVDataset:DATA_DIR=/data2/student1_ly/datasets/OpenUAV-QA/TravelUAV_dataset:SPLIT=val']
[step 42000] val loss: 0.3460
I20260819 12:45:47 1562207 mum utils.py:218] Training  [42000/60000]  eta: 2:10:55  loss: 0.3476 (0.3677)  grad: 0.1871 (0.2659)  batch_size: 16.0000 (16.0000)  lr: 0.0000 (0.0000)  time: 2.480897  data: 0.000387  max mem: 4727
I20260819 12:46:24 1562207 mum utils.py:218] Training  [42050/60000]  eta: 2:10:40  loss: 0.3251 (0.3677)  grad: 0.1906 (0.2658)  batch_size: 16.0000 (16.0000)  lr: 0.0000 (0.0000)  time: 1.087073  data: 0.000334  max mem: 4727
I20260819 12:47:21 1562207 mum utils.py:218] Training  [42100/60000]  eta: 2:10:33  loss: 0.3429 (0.3676)  grad: 0.1848 (0.2657)  batch_size: 16.0000 (16.0000)  lr: 0.0000 (0.0000)  time: 1.135599  data: 0.000339  max mem: 4727
I20260819 12:47:59 1562207 mum utils.py:218] Training  [42150/60000]  eta: 2:10:18  loss: 0.3331 (0.3676)  grad: 0.1801 (0.2656)  batch_size: 16.0000 (16.0000)  lr: 0.0000 (0.0000)  time: 0.412979  data: 0.000332  max mem: 4727
I20260819 12:48:52 1562207 mum utils.py:218] Training  [42200/60000]  eta: 2:10:09  loss: 0.3371 (0.3676)  grad: 0.1826 (0.2655)  batch_size: 16.0000 (16.0000)  lr: 0.0000 (0.0000)  time: 1.144927  data: 0.000366  max mem: 4727
I20260819 12:49:48 1562207 mum utils.py:218] Training  [42250/60000]  eta: 2:10:01  loss: 0.3510 (0.3675)  grad: 0.2215 (0.2654)  batch_size: 16.0000 (16.0000)  lr: 0.0000 (0.0000)  time: 1.096480  data: 0.000329  max mem: 4727
I20260819 12:50:18 1562207 mum utils.py:218] Training  [42300/60000]  eta: 2:09:43  loss: 0.3427 (0.3675)  grad: 0.1830 (0.2653)  batch_size: 16.0000 (16.0000)  lr: 0.0000 (0.0000)  time: 0.827181  data: 0.000362  max mem: 4727
I20260819 12:51:15 1562207 mum utils.py:218] Training  [42350/60000]  eta: 2:09:35  loss: 0.3486 (0.3675)  grad: 0.1806 (0.2653)  batch_size: 16.0000 (16.0000)  lr: 0.0000 (0.0000)  time: 1.143098  data: 0.000373  max mem: 4727
I20260819 12:52:00 1562207 mum utils.py:218] Training  [42400/60000]  eta: 2:09:23  loss: 0.3448 (0.3674)  grad: 0.1891 (0.2652)  batch_size: 16.0000 (16.0000)  lr: 0.0000 (0.0000)  time: 0.531132  data: 0.000316  max mem: 4727
I20260819 12:52:41 1562207 mum utils.py:218] Training  [42450/60000]  eta: 2:09:09  loss: 0.3354 (0.3674)  grad: 0.1847 (0.2651)  batch_size: 16.0000 (16.0000)  lr: 0.0000 (0.0000)  time: 1.132552  data: 0.000476  max mem: 4727
I20260819 12:53:38 1562207 mum utils.py:218] Training  [42500/60000]  eta: 2:09:01  loss: 0.3509 (0.3674)  grad: 0.1938 (0.2650)  batch_size: 16.0000 (16.0000)  lr: 0.0000 (0.0000)  time: 1.139635  data: 0.000337  max mem: 4727
I20260819 12:54:14 1562207 mum utils.py:218] Training  [42550/60000]  eta: 2:08:45  loss: 0.3500 (0.3674)  grad: 0.1950 (0.2649)  batch_size: 16.0000 (16.0000)  lr: 0.0000 (0.0000)  time: 0.581413  data: 0.000286  max mem: 4727
I20260819 12:55:11 1562207 mum utils.py:218] Training  [42600/60000]  eta: 2:08:37  loss: 0.3348 (0.3673)  grad: 0.2106 (0.2648)  batch_size: 16.0000 (16.0000)  lr: 0.0000 (0.0000)  time: 1.139490  data: 0.000367  max mem: 4727
I20260819 12:56:03 1562207 mum utils.py:218] Training  [42650/60000]  eta: 2:08:26  loss: 0.3244 (0.3673)  grad: 0.1955 (0.2648)  batch_size: 16.0000 (16.0000)  lr: 0.0000 (0.0000)  time: 0.876180  data: 0.000369  max mem: 4727
I20260819 12:56:45 1562207 mum utils.py:218] Training  [42700/60000]  eta: 2:08:13  loss: 0.3472 (0.3673)  grad: 0.1949 (0.2647)  batch_size: 16.0000 (16.0000)  lr: 0.0000 (0.0000)  time: 1.129401  data: 0.000349  max mem: 4727
I20260819 12:57:42 1562207 mum utils.py:218] Training  [42750/60000]  eta: 2:08:04  loss: 0.3304 (0.3672)  grad: 0.1876 (0.2646)  batch_size: 16.0000 (16.0000)  lr: 0.0000 (0.0000)  time: 1.135806  data: 0.000329  max mem: 4727
I20260819 12:58:20 1562207 mum utils.py:218] Training  [42800/60000]  eta: 2:07:48  loss: 0.3441 (0.3672)  grad: 0.1878 (0.2645)  batch_size: 16.0000 (16.0000)  lr: 0.0000 (0.0000)  time: 0.604330  data: 0.000431  max mem: 4727
I20260819 12:59:17 1562207 mum utils.py:218] Training  [42850/60000]  eta: 2:07:40  loss: 0.3312 (0.3672)  grad: 0.1918 (0.2644)  batch_size: 16.0000 (16.0000)  lr: 0.0000 (0.0000)  time: 1.149101  data: 0.000337  max mem: 4727
I20260819 13:00:08 1562207 mum utils.py:218] Training  [42900/60000]  eta: 2:07:29  loss: 0.3256 (0.3671)  grad: 0.1863 (0.2644)  batch_size: 16.0000 (16.0000)  lr: 0.0000 (0.0000)  time: 0.838613  data: 0.000448  max mem: 4727
I20260819 13:00:50 1562207 mum utils.py:218] Training  [42950/60000]  eta: 2:07:14  loss: 0.3293 (0.3671)  grad: 0.1819 (0.2643)  batch_size: 16.0000 (16.0000)  lr: 0.0000 (0.0000)  time: 1.132800  data: 0.000413  max mem: 4727
I20260819 13:01:47 1562207 mum utils.py:218] Training  [43000/60000]  eta: 2:07:06  loss: 0.3393 (0.3670)  grad: 0.1961 (0.2642)  batch_size: 16.0000 (16.0000)  lr: 0.0000 (0.0000)  time: 1.143954  data: 0.000315  max mem: 4727
I20260819 13:02:25 1562207 mum utils.py:218] Training  [43050/60000]  eta: 2:06:49  loss: 0.3230 (0.3670)  grad: 0.1964 (0.2641)  batch_size: 16.0000 (16.0000)  lr: 0.0000 (0.0000)  time: 0.604490  data: 0.000306  max mem: 4727
I20260819 13:03:22 1562207 mum utils.py:218] Training  [43100/60000]  eta: 2:06:40  loss: 0.3501 (0.3670)  grad: 0.1935 (0.2640)  batch_size: 16.0000 (16.0000)  lr: 0.0000 (0.0000)  time: 1.138996  data: 0.000363  max mem: 4727
I20260819 13:04:13 1562207 mum utils.py:218] Training  [43150/60000]  eta: 2:06:29  loss: 0.3491 (0.3670)  grad: 0.1973 (0.2640)  batch_size: 16.0000 (16.0000)  lr: 0.0000 (0.0000)  time: 0.844757  data: 0.000581  max mem: 4727
I20260819 13:04:48 1562207 mum utils.py:218] Training  [43200/60000]  eta: 2:06:11  loss: 0.3394 (0.3669)  grad: 0.1895 (0.2639)  batch_size: 16.0000 (16.0000)  lr: 0.0000 (0.0000)  time: 1.023316  data: 0.000375  max mem: 4727
I20260819 13:05:45 1562207 mum utils.py:218] Training  [43250/60000]  eta: 2:06:02  loss: 0.3441 (0.3669)  grad: 0.1975 (0.2638)  batch_size: 16.0000 (16.0000)  lr: 0.0000 (0.0000)  time: 1.142388  data: 0.000335  max mem: 4727
I20260819 13:06:27 1562207 mum utils.py:218] Training  [43300/60000]  eta: 2:05:47  loss: 0.3279 (0.3669)  grad: 0.2005 (0.2637)  batch_size: 16.0000 (16.0000)  lr: 0.0000 (0.0000)  time: 0.488663  data: 0.000307  max mem: 4727
I20260819 13:07:19 1562207 mum utils.py:218] Training  [43350/60000]  eta: 2:05:36  loss: 0.3364 (0.3668)  grad: 0.1913 (0.2636)  batch_size: 16.0000 (16.0000)  lr: 0.0000 (0.0000)  time: 1.126668  data: 0.000338  max mem: 4727
I20260819 13:08:16 1562207 mum utils.py:218] Training  [43400/60000]  eta: 2:05:26  loss: 0.3294 (0.3668)  grad: 0.1946 (0.2636)  batch_size: 16.0000 (16.0000)  lr: 0.0000 (0.0000)  time: 1.138488  data: 0.000339  max mem: 4727
I20260819 13:08:53 1562207 mum utils.py:218] Training  [43450/60000]  eta: 2:05:09  loss: 0.3493 (0.3668)  grad: 0.1940 (0.2635)  batch_size: 16.0000 (16.0000)  lr: 0.0000 (0.0000)  time: 1.043033  data: 0.000335  max mem: 4727
I20260819 13:09:50 1562207 mum utils.py:218] Training  [43500/60000]  eta: 2:04:59  loss: 0.3469 (0.3667)  grad: 0.1899 (0.2634)  batch_size: 16.0000 (16.0000)  lr: 0.0000 (0.0000)  time: 1.133147  data: 0.000394  max mem: 4727
I20260819 13:10:31 1562207 mum utils.py:218] Training  [43550/60000]  eta: 2:04:44  loss: 0.3456 (0.3667)  grad: 0.1966 (0.2633)  batch_size: 16.0000 (16.0000)  lr: 0.0000 (0.0000)  time: 0.457781  data: 0.000365  max mem: 4727
I20260819 13:11:20 1562207 mum utils.py:218] Training  [43600/60000]  eta: 2:04:31  loss: 0.3182 (0.3667)  grad: 0.1875 (0.2633)  batch_size: 16.0000 (16.0000)  lr: 0.0000 (0.0000)  time: 1.143802  data: 0.000395  max mem: 4727
I20260819 13:12:17 1562207 mum utils.py:218] Training  [43650/60000]  eta: 2:04:21  loss: 0.3421 (0.3667)  grad: 0.1923 (0.2632)  batch_size: 16.0000 (16.0000)  lr: 0.0000 (0.0000)  time: 1.140921  data: 0.000340  max mem: 4727
I20260819 13:12:48 1562207 mum utils.py:218] Training  [43700/60000]  eta: 2:04:01  loss: 0.3342 (0.3666)  grad: 0.1981 (0.2631)  batch_size: 16.0000 (16.0000)  lr: 0.0000 (0.0000)  time: 0.724301  data: 0.000408  max mem: 4727
I20260819 13:13:45 1562207 mum utils.py:218] Training  [43750/60000]  eta: 2:03:51  loss: 0.3362 (0.3666)  grad: 0.1980 (0.2630)  batch_size: 16.0000 (16.0000)  lr: 0.0000 (0.0000)  time: 1.149269  data: 0.000343  max mem: 4727
I20260819 13:14:32 1562207 mum utils.py:218] Training  [43800/60000]  eta: 2:03:37  loss: 0.3335 (0.3666)  grad: 0.1959 (0.2629)  batch_size: 16.0000 (16.0000)  lr: 0.0000 (0.0000)  time: 0.672237  data: 0.000319  max mem: 4727
I20260819 13:15:17 1562207 mum utils.py:218] Training  [43850/60000]  eta: 2:03:22  loss: 0.3456 (0.3665)  grad: 0.2052 (0.2629)  batch_size: 16.0000 (16.0000)  lr: 0.0000 (0.0000)  time: 1.118119  data: 0.000419  max mem: 4727
I20260819 13:16:13 1562207 mum utils.py:218] Training  [43900/60000]  eta: 2:03:11  loss: 0.3333 (0.3665)  grad: 0.1936 (0.2628)  batch_size: 16.0000 (16.0000)  lr: 0.0000 (0.0000)  time: 1.113714  data: 0.000351  max mem: 4727
I20260819 13:16:45 1562207 mum utils.py:218] Training  [43950/60000]  eta: 2:02:52  loss: 0.3284 (0.3665)  grad: 0.1898 (0.2627)  batch_size: 16.0000 (16.0000)  lr: 0.0000 (0.0000)  time: 0.466551  data: 0.000343  max mem: 4727
I20260819 13:17:40 1562207 mum utils.py:218] Training  [44000/60000]  eta: 2:02:41  loss: 0.3158 (0.3664)  grad: 0.1974 (0.2627)  batch_size: 16.0000 (16.0000)  lr: 0.0000 (0.0000)  time: 1.127515  data: 0.000359  max mem: 4727
I20260819 13:18:32 1562207 mum utils.py:218] Training  [44050/60000]  eta: 2:02:28  loss: 0.3423 (0.3664)  grad: 0.1897 (0.2626)  batch_size: 16.0000 (16.0000)  lr: 0.0000 (0.0000)  time: 0.928772  data: 0.000316  max mem: 4727
I20260819 13:19:08 1562207 mum utils.py:218] Training  [44100/60000]  eta: 2:02:10  loss: 0.3407 (0.3664)  grad: 0.1982 (0.2625)  batch_size: 16.0000 (16.0000)  lr: 0.0000 (0.0000)  time: 1.130933  data: 0.000333  max mem: 4727
I20260819 13:20:04 1562207 mum utils.py:218] Training  [44150/60000]  eta: 2:01:58  loss: 0.3363 (0.3663)  grad: 0.1823 (0.2624)  batch_size: 16.0000 (16.0000)  lr: 0.0000 (0.0000)  time: 1.133289  data: 0.000349  max mem: 4727
I20260819 13:20:44 1562207 mum utils.py:218] Training  [44200/60000]  eta: 2:01:41  loss: 0.3400 (0.3663)  grad: 0.1939 (0.2624)  batch_size: 16.0000 (16.0000)  lr: 0.0000 (0.0000)  time: 0.474252  data: 0.000352  max mem: 4727
I20260819 13:21:37 1562207 mum utils.py:218] Training  [44250/60000]  eta: 2:01:29  loss: 0.3360 (0.3662)  grad: 0.1985 (0.2623)  batch_size: 16.0000 (16.0000)  lr: 0.0000 (0.0000)  time: 1.138327  data: 0.000405  max mem: 4727
I20260819 13:22:34 1562207 mum utils.py:218] Training  [44300/60000]  eta: 2:01:18  loss: 0.3224 (0.3662)  grad: 0.1920 (0.2622)  batch_size: 16.0000 (16.0000)  lr: 0.0000 (0.0000)  time: 1.116085  data: 0.000411  max mem: 4727
I20260819 13:23:12 1562207 mum utils.py:218] Training  [44350/60000]  eta: 2:01:00  loss: 0.3383 (0.3662)  grad: 0.1907 (0.2621)  batch_size: 16.0000 (16.0000)  lr: 0.0000 (0.0000)  time: 1.111310  data: 0.000331  max mem: 4727
I20260819 13:24:09 1562207 mum utils.py:218] Training  [44400/60000]  eta: 2:00:48  loss: 0.3408 (0.3662)  grad: 0.1845 (0.2621)  batch_size: 16.0000 (16.0000)  lr: 0.0000 (0.0000)  time: 1.147516  data: 0.000430  max mem: 4727
I20260819 13:24:50 1562207 mum utils.py:218] Training  [44450/60000]  eta: 2:00:31  loss: 0.3415 (0.3661)  grad: 0.1913 (0.2620)  batch_size: 16.0000 (16.0000)  lr: 0.0000 (0.0000)  time: 0.519392  data: 0.000334  max mem: 4727
I20260819 13:25:45 1562207 mum utils.py:218] Training  [44500/60000]  eta: 2:00:19  loss: 0.3504 (0.3661)  grad: 0.1899 (0.2619)  batch_size: 16.0000 (16.0000)  lr: 0.0000 (0.0000)  time: 1.168031  data: 0.000430  max mem: 4727
I20260819 13:26:39 1562207 mum utils.py:218] Training  [44550/60000]  eta: 2:00:07  loss: 0.3307 (0.3661)  grad: 0.1901 (0.2618)  batch_size: 16.0000 (16.0000)  lr: 0.0000 (0.0000)  time: 0.977173  data: 0.000315  max mem: 4727
I20260819 13:27:22 1562207 mum utils.py:218] Training  [44600/60000]  eta: 1:59:50  loss: 0.3399 (0.3660)  grad: 0.1955 (0.2618)  batch_size: 16.0000 (16.0000)  lr: 0.0000 (0.0000)  time: 1.138730  data: 0.000320  max mem: 4727
I20260819 13:28:19 1562207 mum utils.py:218] Training  [44650/60000]  eta: 1:59:38  loss: 0.3387 (0.3660)  grad: 0.1954 (0.2617)  batch_size: 16.0000 (16.0000)  lr: 0.0000 (0.0000)  time: 1.134054  data: 0.000404  max mem: 4727
I20260819 13:29:00 1562207 mum utils.py:218] Training  [44700/60000]  eta: 1:59:21  loss: 0.3324 (0.3660)  grad: 0.2083 (0.2616)  batch_size: 16.0000 (16.0000)  lr: 0.0000 (0.0000)  time: 0.838592  data: 0.000300  max mem: 4727
I20260819 13:29:57 1562207 mum utils.py:218] Training  [44750/60000]  eta: 1:59:09  loss: 0.3338 (0.3660)  grad: 0.1954 (0.2616)  batch_size: 16.0000 (16.0000)  lr: 0.0000 (0.0000)  time: 1.132765  data: 0.000381  max mem: 4727
I20260819 13:30:42 1562207 mum utils.py:218] Training  [44800/60000]  eta: 1:58:53  loss: 0.3281 (0.3659)  grad: 0.1929 (0.2615)  batch_size: 16.0000 (16.0000)  lr: 0.0000 (0.0000)  time: 0.579424  data: 0.000298  max mem: 4727
I20260819 13:31:35 1562207 mum utils.py:218] Training  [44850/60000]  eta: 1:58:39  loss: 0.3373 (0.3659)  grad: 0.1938 (0.2614)  batch_size: 16.0000 (16.0000)  lr: 0.0000 (0.0000)  time: 1.140772  data: 0.000393  max mem: 4727
I20260819 13:32:31 1562207 mum utils.py:218] Training  [44900/60000]  eta: 1:58:27  loss: 0.3365 (0.3659)  grad: 0.1953 (0.2613)  batch_size: 16.0000 (16.0000)  lr: 0.0000 (0.0000)  time: 1.099276  data: 0.000387  max mem: 4727
I20260819 13:33:11 1562207 mum utils.py:218] Training  [44950/60000]  eta: 1:58:09  loss: 0.3382 (0.3658)  grad: 0.1941 (0.2613)  batch_size: 16.0000 (16.0000)  lr: 0.0000 (0.0000)  time: 1.111117  data: 0.000374  max mem: 4727
I20260819 13:34:08 1562207 mum utils.py:218] Training  [45000/60000]  eta: 1:57:57  loss: 0.3512 (0.3658)  grad: 0.2022 (0.2612)  batch_size: 16.0000 (16.0000)  lr: 0.0000 (0.0000)  time: 1.145898  data: 0.000349  max mem: 4727
I20260819 13:34:49 1562207 mum utils.py:218] Training  [45050/60000]  eta: 1:57:38  loss: 0.3461 (0.3658)  grad: 0.1919 (0.2611)  batch_size: 16.0000 (16.0000)  lr: 0.0000 (0.0000)  time: 0.619164  data: 0.000419  max mem: 4727
I20260819 13:35:44 1562207 mum utils.py:218] Training  [45100/60000]  eta: 1:57:25  loss: 0.3338 (0.3657)  grad: 0.1947 (0.2610)  batch_size: 16.0000 (16.0000)  lr: 0.0000 (0.0000)  time: 1.138148  data: 0.000362  max mem: 4727
I20260819 13:36:35 1562207 mum utils.py:218] Training  [45150/60000]  eta: 1:57:11  loss: 0.3280 (0.3657)  grad: 0.1877 (0.2610)  batch_size: 16.0000 (16.0000)  lr: 0.0000 (0.0000)  time: 0.838566  data: 0.000327  max mem: 4727
I20260819 13:37:22 1562207 mum utils.py:218] Training  [45200/60000]  eta: 1:56:55  loss: 0.3416 (0.3657)  grad: 0.1981 (0.2609)  batch_size: 16.0000 (16.0000)  lr: 0.0000 (0.0000)  time: 1.139114  data: 0.000336  max mem: 4727
I20260819 13:38:19 1562207 mum utils.py:218] Training  [45250/60000]  eta: 1:56:42  loss: 0.3127 (0.3656)  grad: 0.2024 (0.2608)  batch_size: 16.0000 (16.0000)  lr: 0.0000 (0.0000)  time: 1.148181  data: 0.000422  max mem: 4727
I20260819 13:39:00 1562207 mum utils.py:218] Training  [45300/60000]  eta: 1:56:24  loss: 0.3384 (0.3656)  grad: 0.1928 (0.2608)  batch_size: 16.0000 (16.0000)  lr: 0.0000 (0.0000)  time: 0.995430  data: 0.000367  max mem: 4727
I20260819 13:39:57 1562207 mum utils.py:218] Training  [45350/60000]  eta: 1:56:11  loss: 0.3422 (0.3656)  grad: 0.1948 (0.2607)  batch_size: 16.0000 (16.0000)  lr: 0.0000 (0.0000)  time: 1.141937  data: 0.000369  max mem: 4727
I20260819 13:40:40 1562207 mum utils.py:218] Training  [45400/60000]  eta: 1:55:53  loss: 0.3274 (0.3655)  grad: 0.2034 (0.2606)  batch_size: 16.0000 (16.0000)  lr: 0.0000 (0.0000)  time: 0.594911  data: 0.000361  max mem: 4727
I20260819 13:41:35 1562207 mum utils.py:218] Training  [45450/60000]  eta: 1:55:39  loss: 0.3248 (0.3655)  grad: 0.1862 (0.2606)  batch_size: 16.0000 (16.0000)  lr: 0.0000 (0.0000)  time: 1.137617  data: 0.000313  max mem: 4727
I20260819 13:42:28 1562207 mum utils.py:218] Training  [45500/60000]  eta: 1:55:25  loss: 0.3296 (0.3655)  grad: 0.1866 (0.2605)  batch_size: 16.0000 (16.0000)  lr: 0.0000 (0.0000)  time: 0.955029  data: 0.000396  max mem: 4727
I20260819 13:43:08 1562207 mum utils.py:218] Training  [45550/60000]  eta: 1:55:06  loss: 0.3368 (0.3654)  grad: 0.1870 (0.2604)  batch_size: 16.0000 (16.0000)  lr: 0.0000 (0.0000)  time: 1.076930  data: 0.000329  max mem: 4727
I20260819 13:44:05 1562207 mum utils.py:218] Training  [45600/60000]  eta: 1:54:52  loss: 0.3396 (0.3654)  grad: 0.1925 (0.2603)  batch_size: 16.0000 (16.0000)  lr: 0.0000 (0.0000)  time: 1.149364  data: 0.000358  max mem: 4727
I20260819 13:44:46 1562207 mum utils.py:218] Training  [45650/60000]  eta: 1:54:34  loss: 0.3384 (0.3654)  grad: 0.1974 (0.2603)  batch_size: 16.0000 (16.0000)  lr: 0.0000 (0.0000)  time: 0.704217  data: 0.000359  max mem: 4727
I20260819 13:45:43 1562207 mum utils.py:218] Training  [45700/60000]  eta: 1:54:20  loss: 0.3335 (0.3654)  grad: 0.1908 (0.2602)  batch_size: 16.0000 (16.0000)  lr: 0.0000 (0.0000)  time: 1.153168  data: 0.000364  max mem: 4727
I20260819 13:46:29 1562207 mum utils.py:218] Training  [45750/60000]  eta: 1:54:03  loss: 0.3452 (0.3653)  grad: 0.1913 (0.2601)  batch_size: 16.0000 (16.0000)  lr: 0.0000 (0.0000)  time: 0.659253  data: 0.000340  max mem: 4727
I20260819 13:47:18 1562207 mum utils.py:218] Training  [45800/60000]  eta: 1:53:47  loss: 0.3354 (0.3653)  grad: 0.1918 (0.2601)  batch_size: 16.0000 (16.0000)  lr: 0.0000 (0.0000)  time: 1.140054  data: 0.000405  max mem: 4727
I20260819 13:48:14 1562207 mum utils.py:218] Training  [45850/60000]  eta: 1:53:33  loss: 0.3363 (0.3653)  grad: 0.1937 (0.2600)  batch_size: 16.0000 (16.0000)  lr: 0.0000 (0.0000)  time: 1.120652  data: 0.000328  max mem: 4727
I20260819 13:48:53 1562207 mum utils.py:218] Training  [45900/60000]  eta: 1:53:13  loss: 0.3461 (0.3652)  grad: 0.1982 (0.2599)  batch_size: 16.0000 (16.0000)  lr: 0.0000 (0.0000)  time: 0.982482  data: 0.000342  max mem: 4727
I20260819 13:49:50 1562207 mum utils.py:218] Training  [45950/60000]  eta: 1:52:59  loss: 0.3363 (0.3652)  grad: 0.1989 (0.2599)  batch_size: 16.0000 (16.0000)  lr: 0.0000 (0.0000)  time: 1.146955  data: 0.000307  max mem: 4727
I20260819 13:50:32 1562207 mum utils.py:218] Training  [46000/60000]  eta: 1:52:40  loss: 0.3376 (0.3652)  grad: 0.1887 (0.2598)  batch_size: 16.0000 (16.0000)  lr: 0.0000 (0.0000)  time: 0.612705  data: 0.000358  max mem: 4727
I20260819 13:51:26 1562207 mum utils.py:218] Training  [46050/60000]  eta: 1:52:25  loss: 0.3309 (0.3651)  grad: 0.1857 (0.2597)  batch_size: 16.0000 (16.0000)  lr: 0.0000 (0.0000)  time: 1.134896  data: 0.000413  max mem: 4727
I20260819 13:52:18 1562207 mum utils.py:218] Training  [46100/60000]  eta: 1:52:09  loss: 0.3290 (0.3651)  grad: 0.1988 (0.2597)  batch_size: 16.0000 (16.0000)  lr: 0.0000 (0.0000)  time: 0.862119  data: 0.000496  max mem: 4727
I20260819 13:53:01 1562207 mum utils.py:218] Training  [46150/60000]  eta: 1:51:51  loss: 0.3416 (0.3651)  grad: 0.1942 (0.2596)  batch_size: 16.0000 (16.0000)  lr: 0.0000 (0.0000)  time: 1.128664  data: 0.000386  max mem: 4727
I20260819 13:53:58 1562207 mum utils.py:218] Training  [46200/60000]  eta: 1:51:37  loss: 0.3346 (0.3650)  grad: 0.2057 (0.2595)  batch_size: 16.0000 (16.0000)  lr: 0.0000 (0.0000)  time: 1.135457  data: 0.000396  max mem: 4727
I20260819 13:54:38 1562207 mum utils.py:218] Training  [46250/60000]  eta: 1:51:17  loss: 0.3248 (0.3650)  grad: 0.2085 (0.2595)  batch_size: 16.0000 (16.0000)  lr: 0.0000 (0.0000)  time: 0.808212  data: 0.000414  max mem: 4727
I20260819 13:55:35 1562207 mum utils.py:218] Training  [46300/60000]  eta: 1:51:02  loss: 0.3335 (0.3650)  grad: 0.1887 (0.2594)  batch_size: 16.0000 (16.0000)  lr: 0.0000 (0.0000)  time: 1.139041  data: 0.000361  max mem: 4727
I20260819 13:56:19 1562207 mum utils.py:218] Training  [46350/60000]  eta: 1:50:44  loss: 0.3216 (0.3650)  grad: 0.1878 (0.2593)  batch_size: 16.0000 (16.0000)  lr: 0.0000 (0.0000)  time: 0.584836  data: 0.000279  max mem: 4727
I20260819 13:57:10 1562207 mum utils.py:218] Training  [46400/60000]  eta: 1:50:27  loss: 0.3332 (0.3649)  grad: 0.1987 (0.2593)  batch_size: 16.0000 (16.0000)  lr: 0.0000 (0.0000)  time: 1.141912  data: 0.000313  max mem: 4727
I20260819 13:58:05 1562207 mum utils.py:218] Training  [46450/60000]  eta: 1:50:12  loss: 0.3368 (0.3649)  grad: 0.1965 (0.2592)  batch_size: 16.0000 (16.0000)  lr: 0.0000 (0.0000)  time: 1.057483  data: 0.000331  max mem: 4727
I20260819 13:58:45 1562207 mum utils.py:218] Training  [46500/60000]  eta: 1:49:52  loss: 0.3319 (0.3649)  grad: 0.1947 (0.2591)  batch_size: 16.0000 (16.0000)  lr: 0.0000 (0.0000)  time: 1.045040  data: 0.000325  max mem: 4727
I20260819 13:59:42 1562207 mum utils.py:218] Training  [46550/60000]  eta: 1:49:37  loss: 0.3311 (0.3648)  grad: 0.1974 (0.2591)  batch_size: 16.0000 (16.0000)  lr: 0.0000 (0.0000)  time: 1.138736  data: 0.000326  max mem: 4727
I20260819 14:00:22 1562207 mum utils.py:218] Training  [46600/60000]  eta: 1:49:17  loss: 0.3267 (0.3648)  grad: 0.1899 (0.2590)  batch_size: 16.0000 (16.0000)  lr: 0.0000 (0.0000)  time: 0.571741  data: 0.000360  max mem: 4727
I20260819 14:01:16 1562207 mum utils.py:218] Training  [46650/60000]  eta: 1:49:01  loss: 0.3233 (0.3648)  grad: 0.1976 (0.2590)  batch_size: 16.0000 (16.0000)  lr: 0.0000 (0.0000)  time: 1.134230  data: 0.000319  max mem: 4727
I20260819 14:02:08 1562207 mum utils.py:218] Training  [46700/60000]  eta: 1:48:44  loss: 0.3393 (0.3647)  grad: 0.1911 (0.2589)  batch_size: 16.0000 (16.0000)  lr: 0.0000 (0.0000)  time: 0.882436  data: 0.000411  max mem: 4727
I20260819 14:02:50 1562207 mum utils.py:218] Training  [46750/60000]  eta: 1:48:25  loss: 0.3328 (0.3647)  grad: 0.1987 (0.2588)  batch_size: 16.0000 (16.0000)  lr: 0.0000 (0.0000)  time: 1.135809  data: 0.000397  max mem: 4727
I20260819 14:03:47 1562207 mum utils.py:218] Training  [46800/60000]  eta: 1:48:09  loss: 0.3192 (0.3647)  grad: 0.1904 (0.2588)  batch_size: 16.0000 (16.0000)  lr: 0.0000 (0.0000)  time: 1.134862  data: 0.000341  max mem: 4727
I20260819 14:04:27 1562207 mum utils.py:218] Training  [46850/60000]  eta: 1:47:49  loss: 0.3208 (0.3647)  grad: 0.1953 (0.2587)  batch_size: 16.0000 (16.0000)  lr: 0.0000 (0.0000)  time: 0.765967  data: 0.000319  max mem: 4727
I20260819 14:05:23 1562207 mum utils.py:218] Training  [46900/60000]  eta: 1:47:33  loss: 0.3338 (0.3646)  grad: 0.1976 (0.2586)  batch_size: 16.0000 (16.0000)  lr: 0.0000 (0.0000)  time: 1.130802  data: 0.000402  max mem: 4727
I20260819 14:06:10 1562207 mum utils.py:218] Training  [46950/60000]  eta: 1:47:15  loss: 0.3350 (0.3646)  grad: 0.1971 (0.2586)  batch_size: 16.0000 (16.0000)  lr: 0.0000 (0.0000)  time: 0.645952  data: 0.000352  max mem: 4727
I20260819 14:07:01 1562207 mum utils.py:218] Training  [47000/60000]  eta: 1:46:58  loss: 0.3333 (0.3646)  grad: 0.1900 (0.2585)  batch_size: 16.0000 (16.0000)  lr: 0.0000 (0.0000)  time: 1.126807  data: 0.000400  max mem: 4727
I20260819 14:07:57 1562207 mum utils.py:218] Training  [47050/60000]  eta: 1:46:41  loss: 0.3413 (0.3645)  grad: 0.2062 (0.2584)  batch_size: 16.0000 (16.0000)  lr: 0.0000 (0.0000)  time: 1.088374  data: 0.000434  max mem: 4727
I20260819 14:08:39 1562207 mum utils.py:218] Training  [47100/60000]  eta: 1:46:21  loss: 0.3413 (0.3645)  grad: 0.1956 (0.2584)  batch_size: 16.0000 (16.0000)  lr: 0.0000 (0.0000)  time: 1.092133  data: 0.000350  max mem: 4727
I20260819 14:09:36 1562207 mum utils.py:218] Training  [47150/60000]  eta: 1:46:05  loss: 0.3223 (0.3645)  grad: 0.1972 (0.2583)  batch_size: 16.0000 (16.0000)  lr: 0.0000 (0.0000)  time: 1.132775  data: 0.000405  max mem: 4727
I20260819 14:10:17 1562207 mum utils.py:218] Training  [47200/60000]  eta: 1:45:45  loss: 0.3229 (0.3644)  grad: 0.1996 (0.2583)  batch_size: 16.0000 (16.0000)  lr: 0.0000 (0.0000)  time: 0.717186  data: 0.000424  max mem: 4727
I20260819 14:11:14 1562207 mum utils.py:218] Training  [47250/60000]  eta: 1:45:29  loss: 0.3287 (0.3644)  grad: 0.1990 (0.2582)  batch_size: 16.0000 (16.0000)  lr: 0.0000 (0.0000)  time: 1.140692  data: 0.000306  max mem: 4727
I20260819 14:12:01 1562207 mum utils.py:218] Training  [47300/60000]  eta: 1:45:10  loss: 0.3272 (0.3644)  grad: 0.1971 (0.2581)  batch_size: 16.0000 (16.0000)  lr: 0.0000 (0.0000)  time: 0.690792  data: 0.000302  max mem: 4727
I20260819 14:12:50 1562207 mum utils.py:218] Training  [47350/60000]  eta: 1:44:52  loss: 0.3400 (0.3644)  grad: 0.1942 (0.2581)  batch_size: 16.0000 (16.0000)  lr: 0.0000 (0.0000)  time: 1.099625  data: 0.000384  max mem: 4727
I20260819 14:13:45 1562207 mum utils.py:218] Training  [47400/60000]  eta: 1:44:35  loss: 0.3407 (0.3643)  grad: 0.2004 (0.2580)  batch_size: 16.0000 (16.0000)  lr: 0.0000 (0.0000)  time: 1.091830  data: 0.000381  max mem: 4727
I20260819 14:14:26 1562207 mum utils.py:218] Training  [47450/60000]  eta: 1:44:14  loss: 0.3393 (0.3643)  grad: 0.1940 (0.2580)  batch_size: 16.0000 (16.0000)  lr: 0.0000 (0.0000)  time: 1.021378  data: 0.000314  max mem: 4727
I20260819 14:15:23 1562207 mum utils.py:218] Training  [47500/60000]  eta: 1:43:58  loss: 0.3381 (0.3643)  grad: 0.1960 (0.2579)  batch_size: 16.0000 (16.0000)  lr: 0.0000 (0.0000)  time: 1.138721  data: 0.000351  max mem: 4727
I20260819 14:16:05 1562207 mum utils.py:218] Training  [47550/60000]  eta: 1:43:37  loss: 0.3193 (0.3642)  grad: 0.1965 (0.2578)  batch_size: 16.0000 (16.0000)  lr: 0.0000 (0.0000)  time: 0.661354  data: 0.000349  max mem: 4727
I20260819 14:17:01 1562207 mum utils.py:218] Training  [47600/60000]  eta: 1:43:20  loss: 0.3316 (0.3642)  grad: 0.2018 (0.2578)  batch_size: 16.0000 (16.0000)  lr: 0.0000 (0.0000)  time: 1.145094  data: 0.000334  max mem: 4727
I20260819 14:17:51 1562207 mum utils.py:218] Training  [47650/60000]  eta: 1:43:02  loss: 0.3335 (0.3642)  grad: 0.1978 (0.2577)  batch_size: 16.0000 (16.0000)  lr: 0.0000 (0.0000)  time: 0.804282  data: 0.000419  max mem: 4727
I20260819 14:18:39 1562207 mum utils.py:218] Training  [47700/60000]  eta: 1:42:43  loss: 0.3417 (0.3641)  grad: 0.1898 (0.2577)  batch_size: 16.0000 (16.0000)  lr: 0.0000 (0.0000)  time: 1.138186  data: 0.000338  max mem: 4727
I20260819 14:19:35 1562207 mum utils.py:218] Training  [47750/60000]  eta: 1:42:26  loss: 0.3255 (0.3641)  grad: 0.2053 (0.2576)  batch_size: 16.0000 (16.0000)  lr: 0.0000 (0.0000)  time: 1.139199  data: 0.000306  max mem: 4727
I20260819 14:20:16 1562207 mum utils.py:218] Training  [47800/60000]  eta: 1:42:05  loss: 0.3358 (0.3641)  grad: 0.2027 (0.2575)  batch_size: 16.0000 (16.0000)  lr: 0.0000 (0.0000)  time: 0.995833  data: 0.000341  max mem: 4727
I20260819 14:21:12 1562207 mum utils.py:218] Training  [47850/60000]  eta: 1:41:47  loss: 0.3274 (0.3641)  grad: 0.2056 (0.2575)  batch_size: 16.0000 (16.0000)  lr: 0.0000 (0.0000)  time: 1.128174  data: 0.000399  max mem: 4727
I20260819 14:21:55 1562207 mum utils.py:218] Training  [47900/60000]  eta: 1:41:27  loss: 0.3490 (0.3640)  grad: 0.1968 (0.2574)  batch_size: 16.0000 (16.0000)  lr: 0.0000 (0.0000)  time: 0.564372  data: 0.000395  max mem: 4727
I20260819 14:22:50 1562207 mum utils.py:218] Training  [47950/60000]  eta: 1:41:09  loss: 0.3384 (0.3640)  grad: 0.2021 (0.2574)  batch_size: 16.0000 (16.0000)  lr: 0.0000 (0.0000)  time: 1.134439  data: 0.000337  max mem: 4727
Building dynamic dataloader with seed: 42
Randomly sampling [3, 3] frames
TravelUAVDataset (val): 767 scenes, 39921 frames (total 15348 scenes, split_ratio=0.95).
ComposedDataset created from 1 datasets: ['TravelUAVDataset:DATA_DIR=/data2/student1_ly/datasets/OpenUAV-QA/TravelUAV_dataset:SPLIT=val']
[step 48000] val loss: 0.3425
I20260819 14:24:13 1562207 mum utils.py:218] Training  [48000/60000]  eta: 1:40:58  loss: 0.3360 (0.3640)  grad: 0.1970 (0.2573)  batch_size: 16.0000 (16.0000)  lr: 0.0000 (0.0000)  time: 2.458808  data: 0.000292  max mem: 4727
I20260819 14:25:10 1562207 mum utils.py:218] Training  [48050/60000]  eta: 1:40:41  loss: 0.3455 (0.3640)  grad: 0.2011 (0.2573)  batch_size: 16.0000 (16.0000)  lr: 0.0000 (0.0000)  time: 1.146700  data: 0.000338  max mem: 4727
I20260819 14:25:52 1562207 mum utils.py:218] Training  [48100/60000]  eta: 1:40:20  loss: 0.3269 (0.3639)  grad: 0.1973 (0.2572)  batch_size: 16.0000 (16.0000)  lr: 0.0000 (0.0000)  time: 0.772073  data: 0.000325  max mem: 4727
I20260819 14:26:49 1562207 mum utils.py:218] Training  [48150/60000]  eta: 1:40:02  loss: 0.3343 (0.3639)  grad: 0.2013 (0.2571)  batch_size: 16.0000 (16.0000)  lr: 0.0000 (0.0000)  time: 1.149956  data: 0.000672  max mem: 4727
I20260819 14:27:36 1562207 mum utils.py:218] Training  [48200/60000]  eta: 1:39:42  loss: 0.3351 (0.3639)  grad: 0.2044 (0.2571)  batch_size: 16.0000 (16.0000)  lr: 0.0000 (0.0000)  time: 0.658809  data: 0.000393  max mem: 4727
I20260819 14:28:28 1562207 mum utils.py:218] Training  [48250/60000]  eta: 1:39:23  loss: 0.3438 (0.3638)  grad: 0.1984 (0.2570)  batch_size: 16.0000 (16.0000)  lr: 0.0000 (0.0000)  time: 1.139566  data: 0.000614  max mem: 4727
I20260819 14:29:23 1562207 mum utils.py:218] Training  [48300/60000]  eta: 1:39:05  loss: 0.3312 (0.3638)  grad: 0.1931 (0.2570)  batch_size: 16.0000 (16.0000)  lr: 0.0000 (0.0000)  time: 1.035908  data: 0.000319  max mem: 4727
I20260819 14:30:07 1562207 mum utils.py:218] Training  [48350/60000]  eta: 1:38:44  loss: 0.3290 (0.3638)  grad: 0.1999 (0.2569)  batch_size: 16.0000 (16.0000)  lr: 0.0000 (0.0000)  time: 1.125611  data: 0.000359  max mem: 4727
I20260819 14:31:03 1562207 mum utils.py:218] Training  [48400/60000]  eta: 1:38:26  loss: 0.3235 (0.3638)  grad: 0.1901 (0.2568)  batch_size: 16.0000 (16.0000)  lr: 0.0000 (0.0000)  time: 1.131776  data: 0.000336  max mem: 4727
I20260819 14:31:44 1562207 mum utils.py:218] Training  [48450/60000]  eta: 1:38:05  loss: 0.3338 (0.3637)  grad: 0.1966 (0.2568)  batch_size: 16.0000 (16.0000)  lr: 0.0000 (0.0000)  time: 0.789192  data: 0.000315  max mem: 4727
I20260819 14:32:41 1562207 mum utils.py:218] Training  [48500/60000]  eta: 1:37:46  loss: 0.3298 (0.3637)  grad: 0.2008 (0.2567)  batch_size: 16.0000 (16.0000)  lr: 0.0000 (0.0000)  time: 1.140630  data: 0.000395  max mem: 4727
I20260819 14:33:28 1562207 mum utils.py:218] Training  [48550/60000]  eta: 1:37:26  loss: 0.3361 (0.3637)  grad: 0.1915 (0.2567)  batch_size: 16.0000 (16.0000)  lr: 0.0000 (0.0000)  time: 0.681555  data: 0.000427  max mem: 4727
I20260819 14:34:19 1562207 mum utils.py:218] Training  [48600/60000]  eta: 1:37:07  loss: 0.3251 (0.3636)  grad: 0.1903 (0.2566)  batch_size: 16.0000 (16.0000)  lr: 0.0000 (0.0000)  time: 1.142415  data: 0.000362  max mem: 4727
I20260819 14:35:13 1562207 mum utils.py:218] Training  [48650/60000]  eta: 1:36:48  loss: 0.3433 (0.3636)  grad: 0.1968 (0.2566)  batch_size: 16.0000 (16.0000)  lr: 0.0000 (0.0000)  time: 0.995088  data: 0.000405  max mem: 4727
I20260819 14:35:56 1562207 mum utils.py:218] Training  [48700/60000]  eta: 1:36:26  loss: 0.3589 (0.3636)  grad: 0.2005 (0.2565)  batch_size: 16.0000 (16.0000)  lr: 0.0000 (0.0000)  time: 1.080140  data: 0.000384  max mem: 4727
I20260819 14:36:52 1562207 mum utils.py:218] Training  [48750/60000]  eta: 1:36:08  loss: 0.3257 (0.3636)  grad: 0.2029 (0.2565)  batch_size: 16.0000 (16.0000)  lr: 0.0000 (0.0000)  time: 1.140965  data: 0.000372  max mem: 4727
I20260819 14:37:35 1562207 mum utils.py:218] Training  [48800/60000]  eta: 1:35:46  loss: 0.3292 (0.3635)  grad: 0.1853 (0.2564)  batch_size: 16.0000 (16.0000)  lr: 0.0000 (0.0000)  time: 0.798995  data: 0.000330  max mem: 4727
I20260819 14:38:32 1562207 mum utils.py:218] Training  [48850/60000]  eta: 1:35:27  loss: 0.3470 (0.3635)  grad: 0.2095 (0.2563)  batch_size: 16.0000 (16.0000)  lr: 0.0000 (0.0000)  time: 1.142234  data: 0.000353  max mem: 4727
I20260819 14:39:18 1562207 mum utils.py:218] Training  [48900/60000]  eta: 1:35:06  loss: 0.3323 (0.3635)  grad: 0.1947 (0.2563)  batch_size: 16.0000 (16.0000)  lr: 0.0000 (0.0000)  time: 0.729565  data: 0.000394  max mem: 4727
I20260819 14:40:10 1562207 mum utils.py:218] Training  [48950/60000]  eta: 1:34:46  loss: 0.3151 (0.3635)  grad: 0.1948 (0.2562)  batch_size: 16.0000 (16.0000)  lr: 0.0000 (0.0000)  time: 1.139024  data: 0.000353  max mem: 4727
I20260819 14:41:03 1562207 mum utils.py:218] Training  [49000/60000]  eta: 1:34:27  loss: 0.3338 (0.3634)  grad: 0.1937 (0.2562)  batch_size: 16.0000 (16.0000)  lr: 0.0000 (0.0000)  time: 0.924790  data: 0.000323  max mem: 4727
I20260819 14:41:48 1562207 mum utils.py:218] Training  [49050/60000]  eta: 1:34:05  loss: 0.3518 (0.3634)  grad: 0.1990 (0.2561)  batch_size: 16.0000 (16.0000)  lr: 0.0000 (0.0000)  time: 1.136783  data: 0.000382  max mem: 4727
I20260819 14:42:45 1562207 mum utils.py:218] Training  [49100/60000]  eta: 1:33:47  loss: 0.3320 (0.3634)  grad: 0.2203 (0.2561)  batch_size: 16.0000 (16.0000)  lr: 0.0000 (0.0000)  time: 1.153388  data: 0.000302  max mem: 4727
I20260819 14:43:24 1562207 mum utils.py:218] Training  [49150/60000]  eta: 1:33:24  loss: 0.3342 (0.3634)  grad: 0.1928 (0.2560)  batch_size: 16.0000 (16.0000)  lr: 0.0000 (0.0000)  time: 0.854507  data: 0.000316  max mem: 4727
I20260819 14:44:21 1562207 mum utils.py:218] Training  [49200/60000]  eta: 1:33:05  loss: 0.3391 (0.3633)  grad: 0.1937 (0.2559)  batch_size: 16.0000 (16.0000)  lr: 0.0000 (0.0000)  time: 1.138895  data: 0.000382  max mem: 4727
I20260819 14:45:06 1562207 mum utils.py:218] Training  [49250/60000]  eta: 1:32:43  loss: 0.3254 (0.3633)  grad: 0.1927 (0.2559)  batch_size: 16.0000 (16.0000)  lr: 0.0000 (0.0000)  time: 0.687023  data: 0.000382  max mem: 4727
I20260819 14:45:58 1562207 mum utils.py:218] Training  [49300/60000]  eta: 1:32:23  loss: 0.3451 (0.3633)  grad: 0.1934 (0.2558)  batch_size: 16.0000 (16.0000)  lr: 0.0000 (0.0000)  time: 1.134812  data: 0.000335  max mem: 4727
I20260819 14:46:51 1562207 mum utils.py:218] Training  [49350/60000]  eta: 1:32:03  loss: 0.3412 (0.3633)  grad: 0.1957 (0.2558)  batch_size: 16.0000 (16.0000)  lr: 0.0000 (0.0000)  time: 0.951472  data: 0.000338  max mem: 4727
I20260819 14:47:35 1562207 mum utils.py:218] Training  [49400/60000]  eta: 1:31:41  loss: 0.3279 (0.3632)  grad: 0.2022 (0.2557)  batch_size: 16.0000 (16.0000)  lr: 0.0000 (0.0000)  time: 1.138213  data: 0.000535  max mem: 4727
I20260819 14:48:33 1562207 mum utils.py:218] Training  [49450/60000]  eta: 1:31:21  loss: 0.3294 (0.3632)  grad: 0.1963 (0.2557)  batch_size: 16.0000 (16.0000)  lr: 0.0000 (0.0000)  time: 1.138174  data: 0.000317  max mem: 4727
I20260819 14:49:13 1562207 mum utils.py:218] Training  [49500/60000]  eta: 1:30:59  loss: 0.3405 (0.3632)  grad: 0.1990 (0.2556)  batch_size: 16.0000 (16.0000)  lr: 0.0000 (0.0000)  time: 0.799492  data: 0.000443  max mem: 4727
I20260819 14:50:10 1562207 mum utils.py:218] Training  [49550/60000]  eta: 1:30:39  loss: 0.3356 (0.3631)  grad: 0.1977 (0.2555)  batch_size: 16.0000 (16.0000)  lr: 0.0000 (0.0000)  time: 1.142824  data: 0.000321  max mem: 4727
I20260819 14:50:57 1562207 mum utils.py:218] Training  [49600/60000]  eta: 1:30:17  loss: 0.3242 (0.3631)  grad: 0.1928 (0.2555)  batch_size: 16.0000 (16.0000)  lr: 0.0000 (0.0000)  time: 0.750530  data: 0.000337  max mem: 4727
I20260819 14:51:48 1562207 mum utils.py:218] Training  [49650/60000]  eta: 1:29:57  loss: 0.3372 (0.3631)  grad: 0.2094 (0.2554)  batch_size: 16.0000 (16.0000)  lr: 0.0000 (0.0000)  time: 1.142580  data: 0.000348  max mem: 4727
I20260819 14:52:41 1562207 mum utils.py:218] Training  [49700/60000]  eta: 1:29:36  loss: 0.3340 (0.3630)  grad: 0.2021 (0.2554)  batch_size: 16.0000 (16.0000)  lr: 0.0000 (0.0000)  time: 0.919942  data: 0.000328  max mem: 4727
I20260819 14:53:28 1562207 mum utils.py:218] Training  [49750/60000]  eta: 1:29:14  loss: 0.3360 (0.3630)  grad: 0.2035 (0.2553)  batch_size: 16.0000 (16.0000)  lr: 0.0000 (0.0000)  time: 1.137381  data: 0.000334  max mem: 4727
I20260819 14:54:25 1562207 mum utils.py:218] Training  [49800/60000]  eta: 1:28:54  loss: 0.3296 (0.3630)  grad: 0.1988 (0.2553)  batch_size: 16.0000 (16.0000)  lr: 0.0000 (0.0000)  time: 1.136585  data: 0.000420  max mem: 4727
I20260819 14:54:54 1562207 mum utils.py:218] Training  [49850/60000]  eta: 1:28:29  loss: 0.3483 (0.3630)  grad: 0.2038 (0.2552)  batch_size: 16.0000 (16.0000)  lr: 0.0000 (0.0000)  time: 0.411367  data: 0.000335  max mem: 4727
I20260819 14:55:37 1562207 mum utils.py:218] Training  [49900/60000]  eta: 1:28:06  loss: 0.3333 (0.3630)  grad: 0.1931 (0.2552)  batch_size: 16.0000 (16.0000)  lr: 0.0000 (0.0000)  time: 1.115027  data: 0.000317  max mem: 4727
I20260819 14:56:33 1562207 mum utils.py:218] Training  [49950/60000]  eta: 1:27:46  loss: 0.3157 (0.3629)  grad: 0.2002 (0.2551)  batch_size: 16.0000 (16.0000)  lr: 0.0000 (0.0000)  time: 1.138886  data: 0.000326  max mem: 4727
Launching eval: fast
Created dir /data1/Taohy/ModelReshow/modelReShow/MuM/checkpoints_traveluav/eval/training_49999/fast
I20260819 14:57:16 1562207 mum train.py:79] Saved eval cfg /data1/Taohy/ModelReshow/modelReShow/MuM/checkpoints_traveluav/eval/training_49999/fast/eval_cfg.yaml
I20260819 14:57:16 1562207 mum train.py:85] Launched eval fast
Launching eval: slow
Created dir /data1/Taohy/ModelReshow/modelReShow/MuM/checkpoints_traveluav/eval/training_49999/slow
I20260819 14:57:17 1562207 mum train.py:79] Saved eval cfg /data1/Taohy/ModelReshow/modelReShow/MuM/checkpoints_traveluav/eval/training_49999/slow/eval_cfg.yaml
I20260819 14:57:17 1562207 mum train.py:85] Launched eval slow
I20260819 14:57:18 1562207 mum utils.py:218] Training  [50000/60000]  eta: 1:27:24  loss: 0.3361 (0.3629)  grad: 0.1940 (0.2551)  batch_size: 16.0000 (16.0000)  lr: 0.0000 (0.0000)  time: 0.961884  data: 0.000391  max mem: 4727
I20260819 14:58:15 1562207 mum utils.py:218] Training  [50050/60000]  eta: 1:27:03  loss: 0.3298 (0.3629)  grad: 0.2107 (0.2550)  batch_size: 16.0000 (16.0000)  lr: 0.0000 (0.0000)  time: 1.132681  data: 0.000396  max mem: 4727
I20260819 14:59:00 1562207 mum utils.py:218] Training  [50100/60000]  eta: 1:26:41  loss: 0.3343 (0.3629)  grad: 0.1984 (0.2550)  batch_size: 16.0000 (16.0000)  lr: 0.0000 (0.0000)  time: 0.867865  data: 0.000377  max mem: 4727
I20260819 14:59:54 1562207 mum utils.py:218] Training  [50150/60000]  eta: 1:26:20  loss: 0.3251 (0.3628)  grad: 0.1897 (0.2549)  batch_size: 16.0000 (16.0000)  lr: 0.0000 (0.0000)  time: 1.145970  data: 0.000428  max mem: 4727
I20260819 15:00:45 1562207 mum utils.py:218] Training  [50200/60000]  eta: 1:25:59  loss: 0.3356 (0.3628)  grad: 0.1988 (0.2548)  batch_size: 16.0000 (16.0000)  lr: 0.0000 (0.0000)  time: 0.921675  data: 0.000310  max mem: 4727
I20260819 15:01:34 1562207 mum utils.py:218] Training  [50250/60000]  eta: 1:25:37  loss: 0.3388 (0.3628)  grad: 0.2000 (0.2548)  batch_size: 16.0000 (16.0000)  lr: 0.0000 (0.0000)  time: 1.134749  data: 0.000404  max mem: 4727
I20260819 15:02:26 1562207 mum utils.py:218] Training  [50300/60000]  eta: 1:25:15  loss: 0.3221 (0.3628)  grad: 0.1969 (0.2547)  batch_size: 16.0000 (16.0000)  lr: 0.0000 (0.0000)  time: 0.905229  data: 0.000322  max mem: 4727
I20260819 15:03:14 1562207 mum utils.py:218] Training  [50350/60000]  eta: 1:24:53  loss: 0.3259 (0.3627)  grad: 0.1979 (0.2547)  batch_size: 16.0000 (16.0000)  lr: 0.0000 (0.0000)  time: 1.068457  data: 0.000376  max mem: 4727
I20260819 15:04:11 1562207 mum utils.py:218] Training  [50400/60000]  eta: 1:24:33  loss: 0.3236 (0.3627)  grad: 0.1972 (0.2546)  batch_size: 16.0000 (16.0000)  lr: 0.0000 (0.0000)  time: 1.142561  data: 0.000315  max mem: 4727
I20260819 15:04:54 1562207 mum utils.py:218] Training  [50450/60000]  eta: 1:24:09  loss: 0.3479 (0.3627)  grad: 0.1946 (0.2546)  batch_size: 16.0000 (16.0000)  lr: 0.0000 (0.0000)  time: 0.847058  data: 0.000306  max mem: 4727
I20260819 15:05:50 1562207 mum utils.py:218] Training  [50500/60000]  eta: 1:23:48  loss: 0.3355 (0.3627)  grad: 0.2023 (0.2545)  batch_size: 16.0000 (16.0000)  lr: 0.0000 (0.0000)  time: 1.136202  data: 0.000358  max mem: 4727
I20260819 15:06:37 1562207 mum utils.py:218] Training  [50550/60000]  eta: 1:23:26  loss: 0.3431 (0.3626)  grad: 0.2009 (0.2545)  batch_size: 16.0000 (16.0000)  lr: 0.0000 (0.0000)  time: 0.860443  data: 0.000334  max mem: 4727
I20260819 15:07:30 1562207 mum utils.py:218] Training  [50600/60000]  eta: 1:23:04  loss: 0.3385 (0.3626)  grad: 0.2040 (0.2544)  batch_size: 16.0000 (16.0000)  lr: 0.0000 (0.0000)  time: 1.141966  data: 0.000337  max mem: 4727
I20260819 15:08:19 1562207 mum utils.py:218] Training  [50650/60000]  eta: 1:22:42  loss: 0.3459 (0.3626)  grad: 0.2133 (0.2544)  batch_size: 16.0000 (16.0000)  lr: 0.0000 (0.0000)  time: 0.791451  data: 0.000298  max mem: 4727
I20260819 15:09:08 1562207 mum utils.py:218] Training  [50700/60000]  eta: 1:22:19  loss: 0.3214 (0.3625)  grad: 0.1862 (0.2543)  batch_size: 16.0000 (16.0000)  lr: 0.0000 (0.0000)  time: 1.105363  data: 0.000366  max mem: 4727
I20260819 15:10:02 1562207 mum utils.py:218] Training  [50750/60000]  eta: 1:21:58  loss: 0.3242 (0.3625)  grad: 0.2044 (0.2543)  batch_size: 16.0000 (16.0000)  lr: 0.0000 (0.0000)  time: 1.020467  data: 0.000305  max mem: 4727
I20260819 15:10:45 1562207 mum utils.py:218] Training  [50800/60000]  eta: 1:21:34  loss: 0.3237 (0.3625)  grad: 0.2000 (0.2542)  batch_size: 16.0000 (16.0000)  lr: 0.0000 (0.0000)  time: 0.955133  data: 0.000336  max mem: 4727
I20260819 15:11:42 1562207 mum utils.py:218] Training  [50850/60000]  eta: 1:21:13  loss: 0.3306 (0.3625)  grad: 0.2061 (0.2542)  batch_size: 16.0000 (16.0000)  lr: 0.0000 (0.0000)  time: 1.129989  data: 0.000328  max mem: 4727
I20260819 15:12:25 1562207 mum utils.py:218] Training  [50900/60000]  eta: 1:20:49  loss: 0.3240 (0.3624)  grad: 0.2036 (0.2541)  batch_size: 16.0000 (16.0000)  lr: 0.0000 (0.0000)  time: 0.839710  data: 0.000420  max mem: 4727
I20260819 15:13:20 1562207 mum utils.py:218] Training  [50950/60000]  eta: 1:20:28  loss: 0.3339 (0.3624)  grad: 0.2016 (0.2541)  batch_size: 16.0000 (16.0000)  lr: 0.0000 (0.0000)  time: 1.137114  data: 0.000404  max mem: 4727
I20260819 15:14:09 1562207 mum utils.py:218] Training  [51000/60000]  eta: 1:20:05  loss: 0.3444 (0.3624)  grad: 0.1976 (0.2540)  batch_size: 16.0000 (16.0000)  lr: 0.0000 (0.0000)  time: 0.903107  data: 0.000377  max mem: 4727
I20260819 15:14:59 1562207 mum utils.py:218] Training  [51050/60000]  eta: 1:19:42  loss: 0.3319 (0.3624)  grad: 0.2081 (0.2540)  batch_size: 16.0000 (16.0000)  lr: 0.0000 (0.0000)  time: 1.123289  data: 0.000333  max mem: 4727
I20260819 15:15:51 1562207 mum utils.py:218] Training  [51100/60000]  eta: 1:19:20  loss: 0.3165 (0.3623)  grad: 0.1881 (0.2539)  batch_size: 16.0000 (16.0000)  lr: 0.0000 (0.0000)  time: 0.913802  data: 0.000321  max mem: 4727
I20260819 15:16:39 1562207 mum utils.py:218] Training  [51150/60000]  eta: 1:18:57  loss: 0.3357 (0.3623)  grad: 0.2081 (0.2539)  batch_size: 16.0000 (16.0000)  lr: 0.0000 (0.0000)  time: 1.081522  data: 0.000376  max mem: 4727
I20260819 15:17:36 1562207 mum utils.py:218] Training  [51200/60000]  eta: 1:18:35  loss: 0.3291 (0.3623)  grad: 0.2008 (0.2538)  batch_size: 16.0000 (16.0000)  lr: 0.0000 (0.0000)  time: 1.120464  data: 0.000350  max mem: 4727
I20260819 15:18:19 1562207 mum utils.py:218] Training  [51250/60000]  eta: 1:18:11  loss: 0.3326 (0.3622)  grad: 0.2021 (0.2538)  batch_size: 16.0000 (16.0000)  lr: 0.0000 (0.0000)  time: 0.832524  data: 0.000299  max mem: 4727
I20260819 15:19:15 1562207 mum utils.py:218] Training  [51300/60000]  eta: 1:17:50  loss: 0.3306 (0.3622)  grad: 0.1890 (0.2537)  batch_size: 16.0000 (16.0000)  lr: 0.0000 (0.0000)  time: 1.134086  data: 0.000371  max mem: 4727
I20260819 15:20:01 1562207 mum utils.py:218] Training  [51350/60000]  eta: 1:17:26  loss: 0.3409 (0.3622)  grad: 0.1881 (0.2537)  batch_size: 16.0000 (16.0000)  lr: 0.0000 (0.0000)  time: 0.909712  data: 0.000335  max mem: 4727
I20260819 15:20:54 1562207 mum utils.py:218] Training  [51400/60000]  eta: 1:17:04  loss: 0.3262 (0.3622)  grad: 0.1889 (0.2536)  batch_size: 16.0000 (16.0000)  lr: 0.0000 (0.0000)  time: 1.133634  data: 0.000350  max mem: 4727
I20260819 15:21:44 1562207 mum utils.py:218] Training  [51450/60000]  eta: 1:16:40  loss: 0.3221 (0.3621)  grad: 0.2026 (0.2536)  batch_size: 16.0000 (16.0000)  lr: 0.0000 (0.0000)  time: 0.838442  data: 0.000328  max mem: 4727
I20260819 15:22:34 1562207 mum utils.py:218] Training  [51500/60000]  eta: 1:16:17  loss: 0.3338 (0.3621)  grad: 0.2016 (0.2535)  batch_size: 16.0000 (16.0000)  lr: 0.0000 (0.0000)  time: 1.131902  data: 0.000342  max mem: 4727
I20260819 15:23:28 1562207 mum utils.py:218] Training  [51550/60000]  eta: 1:15:55  loss: 0.3233 (0.3621)  grad: 0.1944 (0.2535)  batch_size: 16.0000 (16.0000)  lr: 0.0000 (0.0000)  time: 0.966109  data: 0.000305  max mem: 4727
I20260819 15:24:13 1562207 mum utils.py:218] Training  [51600/60000]  eta: 1:15:31  loss: 0.3208 (0.3620)  grad: 0.1914 (0.2534)  batch_size: 16.0000 (16.0000)  lr: 0.0000 (0.0000)  time: 1.017333  data: 0.000352  max mem: 4727
I20260819 15:25:09 1562207 mum utils.py:218] Training  [51650/60000]  eta: 1:15:09  loss: 0.3368 (0.3620)  grad: 0.2013 (0.2534)  batch_size: 16.0000 (16.0000)  lr: 0.0000 (0.0000)  time: 1.123241  data: 0.000347  max mem: 4727
I20260819 15:25:52 1562207 mum utils.py:218] Training  [51700/60000]  eta: 1:14:44  loss: 0.3184 (0.3620)  grad: 0.2066 (0.2533)  batch_size: 16.0000 (16.0000)  lr: 0.0000 (0.0000)  time: 0.800229  data: 0.000380  max mem: 4727
I20260819 15:26:48 1562207 mum utils.py:218] Training  [51750/60000]  eta: 1:14:22  loss: 0.3369 (0.3620)  grad: 0.2011 (0.2533)  batch_size: 16.0000 (16.0000)  lr: 0.0000 (0.0000)  time: 1.133641  data: 0.000346  max mem: 4727
I20260819 15:27:35 1562207 mum utils.py:218] Training  [51800/60000]  eta: 1:13:58  loss: 0.3382 (0.3619)  grad: 0.2021 (0.2532)  batch_size: 16.0000 (16.0000)  lr: 0.0000 (0.0000)  time: 0.808612  data: 0.000346  max mem: 4727
I20260819 15:28:27 1562207 mum utils.py:218] Training  [51850/60000]  eta: 1:13:35  loss: 0.3512 (0.3619)  grad: 0.2110 (0.2532)  batch_size: 16.0000 (16.0000)  lr: 0.0000 (0.0000)  time: 1.144252  data: 0.000370  max mem: 4727
I20260819 15:29:19 1562207 mum utils.py:218] Training  [51900/60000]  eta: 1:13:11  loss: 0.3393 (0.3619)  grad: 0.1984 (0.2531)  batch_size: 16.0000 (16.0000)  lr: 0.0000 (0.0000)  time: 0.873309  data: 0.000363  max mem: 4727
I20260819 15:30:06 1562207 mum utils.py:218] Training  [51950/60000]  eta: 1:12:48  loss: 0.3338 (0.3619)  grad: 0.2016 (0.2531)  batch_size: 16.0000 (16.0000)  lr: 0.0000 (0.0000)  time: 1.132703  data: 0.000314  max mem: 4727
I20260819 15:31:03 1562207 mum utils.py:218] Training  [52000/60000]  eta: 1:12:25  loss: 0.3363 (0.3618)  grad: 0.1970 (0.2530)  batch_size: 16.0000 (16.0000)  lr: 0.0000 (0.0000)  time: 1.133175  data: 0.000362  max mem: 4727
I20260819 15:31:45 1562207 mum utils.py:218] Training  [52050/60000]  eta: 1:12:00  loss: 0.3304 (0.3618)  grad: 0.1972 (0.2530)  batch_size: 16.0000 (16.0000)  lr: 0.0000 (0.0000)  time: 0.936941  data: 0.000348  max mem: 4727
I20260819 15:32:43 1562207 mum utils.py:218] Training  [52100/60000]  eta: 1:11:37  loss: 0.3369 (0.3618)  grad: 0.2068 (0.2529)  batch_size: 16.0000 (16.0000)  lr: 0.0000 (0.0000)  time: 1.152917  data: 0.000283  max mem: 4727
I20260819 15:33:27 1562207 mum utils.py:218] Training  [52150/60000]  eta: 1:11:13  loss: 0.3315 (0.3618)  grad: 0.1987 (0.2529)  batch_size: 16.0000 (16.0000)  lr: 0.0000 (0.0000)  time: 0.757945  data: 0.000341  max mem: 4727
I20260819 15:34:23 1562207 mum utils.py:218] Training  [52200/60000]  eta: 1:10:50  loss: 0.3178 (0.3617)  grad: 0.1823 (0.2528)  batch_size: 16.0000 (16.0000)  lr: 0.0000 (0.0000)  time: 1.160613  data: 0.000323  max mem: 4727
I20260819 15:35:12 1562207 mum utils.py:218] Training  [52250/60000]  eta: 1:10:26  loss: 0.3329 (0.3617)  grad: 0.2013 (0.2528)  batch_size: 16.0000 (16.0000)  lr: 0.0000 (0.0000)  time: 0.742043  data: 0.000333  max mem: 4727
I20260819 15:36:02 1562207 mum utils.py:218] Training  [52300/60000]  eta: 1:10:02  loss: 0.3462 (0.3617)  grad: 0.2050 (0.2527)  batch_size: 16.0000 (16.0000)  lr: 0.0000 (0.0000)  time: 1.134507  data: 0.000310  max mem: 4727
I20260819 15:36:56 1562207 mum utils.py:218] Training  [52350/60000]  eta: 1:09:39  loss: 0.3417 (0.3617)  grad: 0.2129 (0.2527)  batch_size: 16.0000 (16.0000)  lr: 0.0000 (0.0000)  time: 1.036803  data: 0.000342  max mem: 4727
I20260819 15:37:39 1562207 mum utils.py:218] Training  [52400/60000]  eta: 1:09:14  loss: 0.3361 (0.3616)  grad: 0.1970 (0.2526)  batch_size: 16.0000 (16.0000)  lr: 0.0000 (0.0000)  time: 1.046206  data: 0.000394  max mem: 4727
I20260819 15:38:36 1562207 mum utils.py:218] Training  [52450/60000]  eta: 1:08:51  loss: 0.3385 (0.3616)  grad: 0.1983 (0.2526)  batch_size: 16.0000 (16.0000)  lr: 0.0000 (0.0000)  time: 1.147651  data: 0.000346  max mem: 4727
I20260819 15:39:18 1562207 mum utils.py:218] Training  [52500/60000]  eta: 1:08:25  loss: 0.3398 (0.3616)  grad: 0.2112 (0.2525)  batch_size: 16.0000 (16.0000)  lr: 0.0000 (0.0000)  time: 0.744476  data: 0.000392  max mem: 4727
I20260819 15:40:14 1562207 mum utils.py:218] Training  [52550/60000]  eta: 1:08:02  loss: 0.3514 (0.3616)  grad: 0.2049 (0.2525)  batch_size: 16.0000 (16.0000)  lr: 0.0000 (0.0000)  time: 1.130076  data: 0.000386  max mem: 4727
I20260819 15:41:02 1562207 mum utils.py:218] Training  [52600/60000]  eta: 1:07:37  loss: 0.3251 (0.3616)  grad: 0.1964 (0.2525)  batch_size: 16.0000 (16.0000)  lr: 0.0000 (0.0000)  time: 0.768212  data: 0.000322  max mem: 4727
I20260819 15:41:53 1562207 mum utils.py:218] Training  [52650/60000]  eta: 1:07:13  loss: 0.3400 (0.3615)  grad: 0.1971 (0.2524)  batch_size: 16.0000 (16.0000)  lr: 0.0000 (0.0000)  time: 1.138278  data: 0.000374  max mem: 4727
I20260819 15:42:47 1562207 mum utils.py:218] Training  [52700/60000]  eta: 1:06:50  loss: 0.3309 (0.3615)  grad: 0.1867 (0.2523)  batch_size: 16.0000 (16.0000)  lr: 0.0000 (0.0000)  time: 0.962651  data: 0.000349  max mem: 4727
I20260819 15:43:32 1562207 mum utils.py:218] Training  [52750/60000]  eta: 1:06:25  loss: 0.3301 (0.3615)  grad: 0.2019 (0.2523)  batch_size: 16.0000 (16.0000)  lr: 0.0000 (0.0000)  time: 1.137432  data: 0.000407  max mem: 4727
I20260819 15:44:29 1562207 mum utils.py:218] Training  [52800/60000]  eta: 1:06:01  loss: 0.3288 (0.3614)  grad: 0.1972 (0.2523)  batch_size: 16.0000 (16.0000)  lr: 0.0000 (0.0000)  time: 1.133033  data: 0.000308  max mem: 4727
I20260819 15:45:10 1562207 mum utils.py:218] Training  [52850/60000]  eta: 1:05:35  loss: 0.3515 (0.3614)  grad: 0.1938 (0.2522)  batch_size: 16.0000 (16.0000)  lr: 0.0000 (0.0000)  time: 0.857772  data: 0.000362  max mem: 4727
I20260819 15:46:06 1562207 mum utils.py:218] Training  [52900/60000]  eta: 1:05:12  loss: 0.3341 (0.3614)  grad: 0.1998 (0.2522)  batch_size: 16.0000 (16.0000)  lr: 0.0000 (0.0000)  time: 1.134602  data: 0.000318  max mem: 4727
I20260819 15:46:50 1562207 mum utils.py:218] Training  [52950/60000]  eta: 1:04:46  loss: 0.3335 (0.3614)  grad: 0.1948 (0.2521)  batch_size: 16.0000 (16.0000)  lr: 0.0000 (0.0000)  time: 0.630772  data: 0.000349  max mem: 4727
I20260819 15:47:43 1562207 mum utils.py:218] Training  [53000/60000]  eta: 1:04:22  loss: 0.3306 (0.3614)  grad: 0.1965 (0.2521)  batch_size: 16.0000 (16.0000)  lr: 0.0000 (0.0000)  time: 1.142351  data: 0.000335  max mem: 4727
I20260819 15:48:36 1562207 mum utils.py:218] Training  [53050/60000]  eta: 1:03:58  loss: 0.3351 (0.3613)  grad: 0.1992 (0.2520)  batch_size: 16.0000 (16.0000)  lr: 0.0000 (0.0000)  time: 0.969181  data: 0.000328  max mem: 4727
I20260819 15:49:19 1562207 mum utils.py:218] Training  [53100/60000]  eta: 1:03:32  loss: 0.3290 (0.3613)  grad: 0.2033 (0.2520)  batch_size: 16.0000 (16.0000)  lr: 0.0000 (0.0000)  time: 1.089811  data: 0.000327  max mem: 4727
I20260819 15:50:16 1562207 mum utils.py:218] Training  [53150/60000]  eta: 1:03:08  loss: 0.3179 (0.3613)  grad: 0.1922 (0.2519)  batch_size: 16.0000 (16.0000)  lr: 0.0000 (0.0000)  time: 1.127303  data: 0.000491  max mem: 4727
I20260819 15:50:56 1562207 mum utils.py:218] Training  [53200/60000]  eta: 1:02:42  loss: 0.3362 (0.3613)  grad: 0.2035 (0.2519)  batch_size: 16.0000 (16.0000)  lr: 0.0000 (0.0000)  time: 0.779316  data: 0.000363  max mem: 4727
I20260819 15:51:53 1562207 mum utils.py:218] Training  [53250/60000]  eta: 1:02:18  loss: 0.3409 (0.3612)  grad: 0.1967 (0.2518)  batch_size: 16.0000 (16.0000)  lr: 0.0000 (0.0000)  time: 1.134841  data: 0.000349  max mem: 4727
I20260819 15:52:39 1562207 mum utils.py:218] Training  [53300/60000]  eta: 1:01:53  loss: 0.3166 (0.3612)  grad: 0.1950 (0.2518)  batch_size: 16.0000 (16.0000)  lr: 0.0000 (0.0000)  time: 0.704945  data: 0.000409  max mem: 4727
I20260819 15:53:31 1562207 mum utils.py:218] Training  [53350/60000]  eta: 1:01:28  loss: 0.3379 (0.3612)  grad: 0.1966 (0.2517)  batch_size: 16.0000 (16.0000)  lr: 0.0000 (0.0000)  time: 1.141408  data: 0.000333  max mem: 4727
I20260819 15:54:26 1562207 mum utils.py:218] Training  [53400/60000]  eta: 1:01:04  loss: 0.3511 (0.3611)  grad: 0.2054 (0.2517)  batch_size: 16.0000 (16.0000)  lr: 0.0000 (0.0000)  time: 0.994984  data: 0.000362  max mem: 4727
I20260819 15:55:11 1562207 mum utils.py:218] Training  [53450/60000]  eta: 1:00:38  loss: 0.3508 (0.3611)  grad: 0.2114 (0.2516)  batch_size: 16.0000 (16.0000)  lr: 0.0000 (0.0000)  time: 1.147264  data: 0.000394  max mem: 4727
I20260819 15:56:08 1562207 mum utils.py:218] Training  [53500/60000]  eta: 1:00:14  loss: 0.3206 (0.3611)  grad: 0.1972 (0.2516)  batch_size: 16.0000 (16.0000)  lr: 0.0000 (0.0000)  time: 1.133938  data: 0.000398  max mem: 4727
I20260819 15:56:48 1562207 mum utils.py:218] Training  [53550/60000]  eta: 0:59:48  loss: 0.3337 (0.3611)  grad: 0.1976 (0.2515)  batch_size: 16.0000 (16.0000)  lr: 0.0000 (0.0000)  time: 0.850492  data: 0.000356  max mem: 4727
I20260819 15:57:45 1562207 mum utils.py:218] Training  [53600/60000]  eta: 0:59:23  loss: 0.3388 (0.3610)  grad: 0.2142 (0.2515)  batch_size: 16.0000 (16.0000)  lr: 0.0000 (0.0000)  time: 1.134101  data: 0.000440  max mem: 4727
I20260819 15:58:31 1562207 mum utils.py:218] Training  [53650/60000]  eta: 0:58:58  loss: 0.3402 (0.3610)  grad: 0.1984 (0.2514)  batch_size: 16.0000 (16.0000)  lr: 0.0000 (0.0000)  time: 0.709576  data: 0.000316  max mem: 4727
I20260819 15:59:23 1562207 mum utils.py:218] Training  [53700/60000]  eta: 0:58:33  loss: 0.3276 (0.3610)  grad: 0.2015 (0.2514)  batch_size: 16.0000 (16.0000)  lr: 0.0000 (0.0000)  time: 1.135647  data: 0.000347  max mem: 4727
I20260819 16:00:16 1562207 mum utils.py:218] Training  [53750/60000]  eta: 0:58:08  loss: 0.3334 (0.3610)  grad: 0.2064 (0.2514)  batch_size: 16.0000 (16.0000)  lr: 0.0000 (0.0000)  time: 0.933410  data: 0.000304  max mem: 4727
I20260819 16:01:03 1562207 mum utils.py:218] Training  [53800/60000]  eta: 0:57:42  loss: 0.3455 (0.3610)  grad: 0.2045 (0.2513)  batch_size: 16.0000 (16.0000)  lr: 0.0000 (0.0000)  time: 1.143569  data: 0.000345  max mem: 4727
I20260819 16:02:00 1562207 mum utils.py:218] Training  [53850/60000]  eta: 0:57:17  loss: 0.3445 (0.3610)  grad: 0.2103 (0.2513)  batch_size: 16.0000 (16.0000)  lr: 0.0000 (0.0000)  time: 1.139778  data: 0.000463  max mem: 4727
I20260819 16:02:43 1562207 mum utils.py:218] Training  [53900/60000]  eta: 0:56:51  loss: 0.3377 (0.3609)  grad: 0.2071 (0.2512)  batch_size: 16.0000 (16.0000)  lr: 0.0000 (0.0000)  time: 0.940725  data: 0.000352  max mem: 4727
I20260819 16:03:40 1562207 mum utils.py:218] Training  [53950/60000]  eta: 0:56:26  loss: 0.3369 (0.3609)  grad: 0.1975 (0.2512)  batch_size: 16.0000 (16.0000)  lr: 0.0000 (0.0000)  time: 1.152608  data: 0.000320  max mem: 4727
Building dynamic dataloader with seed: 42
Randomly sampling [3, 3] frames
TravelUAVDataset (val): 767 scenes, 39921 frames (total 15348 scenes, split_ratio=0.95).
ComposedDataset created from 1 datasets: ['TravelUAVDataset:DATA_DIR=/data2/student1_ly/datasets/OpenUAV-QA/TravelUAV_dataset:SPLIT=val']
[step 54000] val loss: 0.3409
I20260819 16:04:57 1562207 mum utils.py:218] Training  [54000/60000]  eta: 0:56:04  loss: 0.3397 (0.3609)  grad: 0.1948 (0.2511)  batch_size: 16.0000 (16.0000)  lr: 0.0000 (0.0000)  time: 2.468446  data: 0.000362  max mem: 4727
I20260819 16:05:47 1562207 mum utils.py:218] Training  [54050/60000]  eta: 0:55:38  loss: 0.3483 (0.3609)  grad: 0.2056 (0.2511)  batch_size: 16.0000 (16.0000)  lr: 0.0000 (0.0000)  time: 0.832645  data: 0.000346  max mem: 4727
I20260819 16:06:35 1562207 mum utils.py:218] Training  [54100/60000]  eta: 0:55:12  loss: 0.3443 (0.3608)  grad: 0.1974 (0.2511)  batch_size: 16.0000 (16.0000)  lr: 0.0000 (0.0000)  time: 1.112931  data: 0.000371  max mem: 4727
I20260819 16:07:31 1562207 mum utils.py:218] Training  [54150/60000]  eta: 0:54:47  loss: 0.3142 (0.3608)  grad: 0.2005 (0.2510)  batch_size: 16.0000 (16.0000)  lr: 0.0000 (0.0000)  time: 1.100578  data: 0.000330  max mem: 4727
I20260819 16:08:15 1562207 mum utils.py:218] Training  [54200/60000]  eta: 0:54:21  loss: 0.3368 (0.3608)  grad: 0.1972 (0.2510)  batch_size: 16.0000 (16.0000)  lr: 0.0000 (0.0000)  time: 0.975255  data: 0.000357  max mem: 4727
I20260819 16:09:11 1562207 mum utils.py:218] Training  [54250/60000]  eta: 0:53:56  loss: 0.3410 (0.3608)  grad: 0.2065 (0.2509)  batch_size: 16.0000 (16.0000)  lr: 0.0000 (0.0000)  time: 1.140273  data: 0.000307  max mem: 4727
I20260819 16:09:56 1562207 mum utils.py:218] Training  [54300/60000]  eta: 0:53:29  loss: 0.3296 (0.3607)  grad: 0.1955 (0.2509)  batch_size: 16.0000 (16.0000)  lr: 0.0000 (0.0000)  time: 0.827116  data: 0.000298  max mem: 4727
I20260819 16:10:52 1562207 mum utils.py:218] Training  [54350/60000]  eta: 0:53:04  loss: 0.3311 (0.3607)  grad: 0.2049 (0.2508)  batch_size: 16.0000 (16.0000)  lr: 0.0000 (0.0000)  time: 1.130427  data: 0.000337  max mem: 4727
I20260819 16:11:39 1562207 mum utils.py:218] Training  [54400/60000]  eta: 0:52:38  loss: 0.3355 (0.3607)  grad: 0.1922 (0.2508)  batch_size: 16.0000 (16.0000)  lr: 0.0000 (0.0000)  time: 0.779305  data: 0.000366  max mem: 4727
I20260819 16:12:31 1562207 mum utils.py:218] Training  [54450/60000]  eta: 0:52:12  loss: 0.3265 (0.3607)  grad: 0.1889 (0.2508)  batch_size: 16.0000 (16.0000)  lr: 0.0000 (0.0000)  time: 1.139011  data: 0.000313  max mem: 4727
I20260819 16:13:24 1562207 mum utils.py:218] Training  [54500/60000]  eta: 0:51:46  loss: 0.3097 (0.3606)  grad: 0.1974 (0.2507)  batch_size: 16.0000 (16.0000)  lr: 0.0000 (0.0000)  time: 0.954781  data: 0.000317  max mem: 4727
I20260819 16:14:09 1562207 mum utils.py:218] Training  [54550/60000]  eta: 0:51:20  loss: 0.3418 (0.3606)  grad: 0.1984 (0.2507)  batch_size: 16.0000 (16.0000)  lr: 0.0000 (0.0000)  time: 1.130175  data: 0.000462  max mem: 4727
I20260819 16:15:06 1562207 mum utils.py:218] Training  [54600/60000]  eta: 0:50:54  loss: 0.3346 (0.3606)  grad: 0.2000 (0.2506)  batch_size: 16.0000 (16.0000)  lr: 0.0000 (0.0000)  time: 1.140549  data: 0.000342  max mem: 4727
I20260819 16:15:48 1562207 mum utils.py:218] Training  [54650/60000]  eta: 0:50:27  loss: 0.3416 (0.3606)  grad: 0.1962 (0.2506)  batch_size: 16.0000 (16.0000)  lr: 0.0000 (0.0000)  time: 0.863773  data: 0.000295  max mem: 4727
I20260819 16:16:44 1562207 mum utils.py:218] Training  [54700/60000]  eta: 0:50:02  loss: 0.3223 (0.3605)  grad: 0.1988 (0.2505)  batch_size: 16.0000 (16.0000)  lr: 0.0000 (0.0000)  time: 1.127565  data: 0.000340  max mem: 4727
I20260819 16:17:30 1562207 mum utils.py:218] Training  [54750/60000]  eta: 0:49:35  loss: 0.3331 (0.3605)  grad: 0.1932 (0.2505)  batch_size: 16.0000 (16.0000)  lr: 0.0000 (0.0000)  time: 0.690933  data: 0.000351  max mem: 4727
I20260819 16:18:24 1562207 mum utils.py:218] Training  [54800/60000]  eta: 0:49:09  loss: 0.3289 (0.3605)  grad: 0.2033 (0.2504)  batch_size: 16.0000 (16.0000)  lr: 0.0000 (0.0000)  time: 1.126992  data: 0.000426  max mem: 4727
I20260819 16:19:17 1562207 mum utils.py:218] Training  [54850/60000]  eta: 0:48:43  loss: 0.3490 (0.3605)  grad: 0.2069 (0.2504)  batch_size: 16.0000 (16.0000)  lr: 0.0000 (0.0000)  time: 0.952800  data: 0.000410  max mem: 4727
I20260819 16:20:02 1562207 mum utils.py:218] Training  [54900/60000]  eta: 0:48:16  loss: 0.3316 (0.3605)  grad: 0.2010 (0.2504)  batch_size: 16.0000 (16.0000)  lr: 0.0000 (0.0000)  time: 1.126452  data: 0.000324  max mem: 4727
I20260819 16:20:58 1562207 mum utils.py:218] Training  [54950/60000]  eta: 0:47:51  loss: 0.3321 (0.3604)  grad: 0.1915 (0.2503)  batch_size: 16.0000 (16.0000)  lr: 0.0000 (0.0000)  time: 1.131151  data: 0.000489  max mem: 4727
I20260819 16:21:41 1562207 mum utils.py:218] Training  [55000/60000]  eta: 0:47:23  loss: 0.3233 (0.3604)  grad: 0.1937 (0.2503)  batch_size: 16.0000 (16.0000)  lr: 0.0000 (0.0000)  time: 0.922748  data: 0.000313  max mem: 4727
I20260819 16:22:38 1562207 mum utils.py:218] Training  [55050/60000]  eta: 0:46:58  loss: 0.3154 (0.3604)  grad: 0.1964 (0.2502)  batch_size: 16.0000 (16.0000)  lr: 0.0000 (0.0000)  time: 1.136157  data: 0.000356  max mem: 4727
I20260819 16:23:22 1562207 mum utils.py:218] Training  [55100/60000]  eta: 0:46:30  loss: 0.3334 (0.3603)  grad: 0.2003 (0.2502)  batch_size: 16.0000 (16.0000)  lr: 0.0000 (0.0000)  time: 0.672139  data: 0.000346  max mem: 4727
I20260819 16:24:16 1562207 mum utils.py:218] Training  [55150/60000]  eta: 0:46:04  loss: 0.3305 (0.3603)  grad: 0.1988 (0.2501)  batch_size: 16.0000 (16.0000)  lr: 0.0000 (0.0000)  time: 1.137759  data: 0.000312  max mem: 4727
I20260819 16:25:08 1562207 mum utils.py:218] Training  [55200/60000]  eta: 0:45:38  loss: 0.3258 (0.3603)  grad: 0.1977 (0.2501)  batch_size: 16.0000 (16.0000)  lr: 0.0000 (0.0000)  time: 0.915854  data: 0.000368  max mem: 4727
I20260819 16:25:54 1562207 mum utils.py:218] Training  [55250/60000]  eta: 0:45:11  loss: 0.3289 (0.3603)  grad: 0.1995 (0.2500)  batch_size: 16.0000 (16.0000)  lr: 0.0000 (0.0000)  time: 1.128810  data: 0.000335  max mem: 4727
I20260819 16:26:51 1562207 mum utils.py:218] Training  [55300/60000]  eta: 0:44:45  loss: 0.3213 (0.3602)  grad: 0.2093 (0.2500)  batch_size: 16.0000 (16.0000)  lr: 0.0000 (0.0000)  time: 1.134975  data: 0.000391  max mem: 4727
I20260819 16:27:33 1562207 mum utils.py:218] Training  [55350/60000]  eta: 0:44:17  loss: 0.3421 (0.3602)  grad: 0.1983 (0.2500)  batch_size: 16.0000 (16.0000)  lr: 0.0000 (0.0000)  time: 0.960803  data: 0.000345  max mem: 4727
I20260819 16:28:29 1562207 mum utils.py:218] Training  [55400/60000]  eta: 0:43:51  loss: 0.3224 (0.3602)  grad: 0.1960 (0.2499)  batch_size: 16.0000 (16.0000)  lr: 0.0000 (0.0000)  time: 1.130270  data: 0.000443  max mem: 4727
I20260819 16:29:13 1562207 mum utils.py:218] Training  [55450/60000]  eta: 0:43:24  loss: 0.3268 (0.3602)  grad: 0.1904 (0.2499)  batch_size: 16.0000 (16.0000)  lr: 0.0000 (0.0000)  time: 0.673839  data: 0.000370  max mem: 4727
I20260819 16:30:08 1562207 mum utils.py:218] Training  [55500/60000]  eta: 0:42:57  loss: 0.3488 (0.3601)  grad: 0.2103 (0.2498)  batch_size: 16.0000 (16.0000)  lr: 0.0000 (0.0000)  time: 1.143895  data: 0.000369  max mem: 4727
I20260819 16:31:00 1562207 mum utils.py:218] Training  [55550/60000]  eta: 0:42:30  loss: 0.3358 (0.3601)  grad: 0.1962 (0.2498)  batch_size: 16.0000 (16.0000)  lr: 0.0000 (0.0000)  time: 0.878745  data: 0.000264  max mem: 4727
I20260819 16:31:47 1562207 mum utils.py:218] Training  [55600/60000]  eta: 0:42:03  loss: 0.3354 (0.3601)  grad: 0.2019 (0.2497)  batch_size: 16.0000 (16.0000)  lr: 0.0000 (0.0000)  time: 1.137342  data: 0.000348  max mem: 4727
I20260819 16:32:44 1562207 mum utils.py:218] Training  [55650/60000]  eta: 0:41:37  loss: 0.3220 (0.3601)  grad: 0.1921 (0.2497)  batch_size: 16.0000 (16.0000)  lr: 0.0000 (0.0000)  time: 1.135982  data: 0.000345  max mem: 4727
I20260819 16:33:26 1562207 mum utils.py:218] Training  [55700/60000]  eta: 0:41:09  loss: 0.3286 (0.3600)  grad: 0.1873 (0.2496)  batch_size: 16.0000 (16.0000)  lr: 0.0000 (0.0000)  time: 1.010108  data: 0.000324  max mem: 4727
I20260819 16:34:23 1562207 mum utils.py:218] Training  [55750/60000]  eta: 0:40:42  loss: 0.3354 (0.3600)  grad: 0.1961 (0.2496)  batch_size: 16.0000 (16.0000)  lr: 0.0000 (0.0000)  time: 1.142414  data: 0.000321  max mem: 4727
I20260819 16:35:06 1562207 mum utils.py:218] Training  [55800/60000]  eta: 0:40:15  loss: 0.3218 (0.3600)  grad: 0.2018 (0.2496)  batch_size: 16.0000 (16.0000)  lr: 0.0000 (0.0000)  time: 0.676114  data: 0.000367  max mem: 4727
I20260819 16:36:02 1562207 mum utils.py:218] Training  [55850/60000]  eta: 0:39:48  loss: 0.3375 (0.3600)  grad: 0.2025 (0.2495)  batch_size: 16.0000 (16.0000)  lr: 0.0000 (0.0000)  time: 1.135434  data: 0.000369  max mem: 4727
I20260819 16:36:52 1562207 mum utils.py:218] Training  [55900/60000]  eta: 0:39:21  loss: 0.3222 (0.3600)  grad: 0.2027 (0.2495)  batch_size: 16.0000 (16.0000)  lr: 0.0000 (0.0000)  time: 0.739579  data: 0.000302  max mem: 4727
I20260819 16:37:41 1562207 mum utils.py:218] Training  [55950/60000]  eta: 0:38:53  loss: 0.3220 (0.3599)  grad: 0.1943 (0.2494)  batch_size: 16.0000 (16.0000)  lr: 0.0000 (0.0000)  time: 1.141053  data: 0.000368  max mem: 4727
I20260819 16:38:37 1562207 mum utils.py:218] Training  [56000/60000]  eta: 0:38:27  loss: 0.3546 (0.3599)  grad: 0.1988 (0.2494)  batch_size: 16.0000 (16.0000)  lr: 0.0000 (0.0000)  time: 1.101421  data: 0.000330  max mem: 4727
I20260819 16:39:20 1562207 mum utils.py:218] Training  [56050/60000]  eta: 0:37:59  loss: 0.3353 (0.3599)  grad: 0.1946 (0.2493)  batch_size: 16.0000 (16.0000)  lr: 0.0000 (0.0000)  time: 1.073992  data: 0.000338  max mem: 4727
I20260819 16:40:16 1562207 mum utils.py:218] Training  [56100/60000]  eta: 0:37:32  loss: 0.3320 (0.3599)  grad: 0.2051 (0.2493)  batch_size: 16.0000 (16.0000)  lr: 0.0000 (0.0000)  time: 1.130899  data: 0.000300  max mem: 4727
I20260819 16:40:58 1562207 mum utils.py:218] Training  [56150/60000]  eta: 0:37:04  loss: 0.3299 (0.3598)  grad: 0.2057 (0.2493)  batch_size: 16.0000 (16.0000)  lr: 0.0000 (0.0000)  time: 0.670287  data: 0.000330  max mem: 4727
I20260819 16:41:55 1562207 mum utils.py:218] Training  [56200/60000]  eta: 0:36:37  loss: 0.3462 (0.3598)  grad: 0.2009 (0.2492)  batch_size: 16.0000 (16.0000)  lr: 0.0000 (0.0000)  time: 1.141581  data: 0.000402  max mem: 4727
I20260819 16:42:43 1562207 mum utils.py:218] Training  [56250/60000]  eta: 0:36:09  loss: 0.3387 (0.3598)  grad: 0.1988 (0.2492)  batch_size: 16.0000 (16.0000)  lr: 0.0000 (0.0000)  time: 0.728306  data: 0.000300  max mem: 4727
I20260819 16:43:31 1562207 mum utils.py:218] Training  [56300/60000]  eta: 0:35:42  loss: 0.3351 (0.3598)  grad: 0.2109 (0.2491)  batch_size: 16.0000 (16.0000)  lr: 0.0000 (0.0000)  time: 1.135647  data: 0.000339  max mem: 4727
I20260819 16:44:27 1562207 mum utils.py:218] Training  [56350/60000]  eta: 0:35:14  loss: 0.3236 (0.3598)  grad: 0.2036 (0.2491)  batch_size: 16.0000 (16.0000)  lr: 0.0000 (0.0000)  time: 1.119679  data: 0.000422  max mem: 4727
I20260819 16:45:02 1562207 mum utils.py:218] Training  [56400/60000]  eta: 0:34:46  loss: 0.3344 (0.3597)  grad: 0.2038 (0.2491)  batch_size: 16.0000 (16.0000)  lr: 0.0000 (0.0000)  time: 0.750710  data: 0.000342  max mem: 4727
I20260819 16:45:47 1562207 mum utils.py:218] Training  [56450/60000]  eta: 0:34:18  loss: 0.3358 (0.3597)  grad: 0.1980 (0.2490)  batch_size: 16.0000 (16.0000)  lr: 0.0000 (0.0000)  time: 1.101201  data: 0.000376  max mem: 4727
I20260819 16:46:36 1562207 mum utils.py:218] Training  [56500/60000]  eta: 0:33:50  loss: 0.3247 (0.3597)  grad: 0.2027 (0.2490)  batch_size: 16.0000 (16.0000)  lr: 0.0000 (0.0000)  time: 0.919290  data: 0.000335  max mem: 4727
I20260819 16:47:26 1562207 mum utils.py:218] Training  [56550/60000]  eta: 0:33:22  loss: 0.3274 (0.3597)  grad: 0.2056 (0.2490)  batch_size: 16.0000 (16.0000)  lr: 0.0000 (0.0000)  time: 0.855374  data: 0.000369  max mem: 4727
I20260819 16:48:18 1562207 mum utils.py:218] Training  [56600/60000]  eta: 0:32:55  loss: 0.3336 (0.3596)  grad: 0.2029 (0.2489)  batch_size: 16.0000 (16.0000)  lr: 0.0000 (0.0000)  time: 0.899331  data: 0.000319  max mem: 4727
I20260819 16:49:09 1562207 mum utils.py:218] Training  [56650/60000]  eta: 0:32:27  loss: 0.3300 (0.3596)  grad: 0.1961 (0.2489)  batch_size: 16.0000 (16.0000)  lr: 0.0000 (0.0000)  time: 0.943540  data: 0.000355  max mem: 4727
I20260819 16:50:02 1562207 mum utils.py:218] Training  [56700/60000]  eta: 0:31:59  loss: 0.3256 (0.3596)  grad: 0.2006 (0.2488)  batch_size: 16.0000 (16.0000)  lr: 0.0000 (0.0000)  time: 1.139259  data: 0.000305  max mem: 4727
I20260819 16:50:52 1562207 mum utils.py:218] Training  [56750/60000]  eta: 0:31:31  loss: 0.3339 (0.3596)  grad: 0.1963 (0.2488)  batch_size: 16.0000 (16.0000)  lr: 0.0000 (0.0000)  time: 1.128978  data: 0.000333  max mem: 4727
I20260819 16:51:42 1562207 mum utils.py:218] Training  [56800/60000]  eta: 0:31:03  loss: 0.3393 (0.3596)  grad: 0.2029 (0.2488)  batch_size: 16.0000 (16.0000)  lr: 0.0000 (0.0000)  time: 1.139333  data: 0.000413  max mem: 4727
I20260819 16:52:32 1562207 mum utils.py:218] Training  [56850/60000]  eta: 0:30:35  loss: 0.3389 (0.3595)  grad: 0.2009 (0.2487)  batch_size: 16.0000 (16.0000)  lr: 0.0000 (0.0000)  time: 1.101945  data: 0.000316  max mem: 4727
I20260819 16:53:21 1562207 mum utils.py:218] Training  [56900/60000]  eta: 0:30:07  loss: 0.3497 (0.3595)  grad: 0.2051 (0.2487)  batch_size: 16.0000 (16.0000)  lr: 0.0000 (0.0000)  time: 0.978763  data: 0.000344  max mem: 4727
I20260819 16:54:11 1562207 mum utils.py:218] Training  [56950/60000]  eta: 0:29:39  loss: 0.3237 (0.3595)  grad: 0.1973 (0.2486)  batch_size: 16.0000 (16.0000)  lr: 0.0000 (0.0000)  time: 0.866680  data: 0.000370  max mem: 4727
I20260819 16:55:02 1562207 mum utils.py:218] Training  [57000/60000]  eta: 0:29:11  loss: 0.3170 (0.3595)  grad: 0.2005 (0.2486)  batch_size: 16.0000 (16.0000)  lr: 0.0000 (0.0000)  time: 0.832758  data: 0.000352  max mem: 4727
I20260819 16:55:54 1562207 mum utils.py:218] Training  [57050/60000]  eta: 0:28:43  loss: 0.3369 (0.3595)  grad: 0.1971 (0.2486)  batch_size: 16.0000 (16.0000)  lr: 0.0000 (0.0000)  time: 0.935300  data: 0.000300  max mem: 4727
I20260819 16:56:47 1562207 mum utils.py:218] Training  [57100/60000]  eta: 0:28:15  loss: 0.3411 (0.3594)  grad: 0.1935 (0.2485)  batch_size: 16.0000 (16.0000)  lr: 0.0000 (0.0000)  time: 1.062532  data: 0.000310  max mem: 4727
I20260819 16:57:39 1562207 mum utils.py:218] Training  [57150/60000]  eta: 0:27:47  loss: 0.3488 (0.3594)  grad: 0.2067 (0.2485)  batch_size: 16.0000 (16.0000)  lr: 0.0000 (0.0000)  time: 1.141459  data: 0.000314  max mem: 4727
I20260819 16:58:29 1562207 mum utils.py:218] Training  [57200/60000]  eta: 0:27:19  loss: 0.3368 (0.3594)  grad: 0.1969 (0.2484)  batch_size: 16.0000 (16.0000)  lr: 0.0000 (0.0000)  time: 1.130417  data: 0.000305  max mem: 4727
I20260819 16:59:18 1562207 mum utils.py:218] Training  [57250/60000]  eta: 0:26:51  loss: 0.3417 (0.3594)  grad: 0.2081 (0.2484)  batch_size: 16.0000 (16.0000)  lr: 0.0000 (0.0000)  time: 1.127532  data: 0.000390  max mem: 4727
I20260819 17:00:07 1562207 mum utils.py:218] Training  [57300/60000]  eta: 0:26:22  loss: 0.3384 (0.3594)  grad: 0.2019 (0.2484)  batch_size: 16.0000 (16.0000)  lr: 0.0000 (0.0000)  time: 1.024695  data: 0.000339  max mem: 4727
I20260819 17:00:56 1562207 mum utils.py:218] Training  [57350/60000]  eta: 0:25:54  loss: 0.3324 (0.3594)  grad: 0.2005 (0.2483)  batch_size: 16.0000 (16.0000)  lr: 0.0000 (0.0000)  time: 0.908201  data: 0.000286  max mem: 4727
I20260819 17:01:46 1562207 mum utils.py:218] Training  [57400/60000]  eta: 0:25:25  loss: 0.3297 (0.3593)  grad: 0.1923 (0.2483)  batch_size: 16.0000 (16.0000)  lr: 0.0000 (0.0000)  time: 0.815062  data: 0.000314  max mem: 4727
I20260819 17:02:36 1562207 mum utils.py:218] Training  [57450/60000]  eta: 0:24:57  loss: 0.3293 (0.3593)  grad: 0.2024 (0.2482)  batch_size: 16.0000 (16.0000)  lr: 0.0000 (0.0000)  time: 0.901315  data: 0.000319  max mem: 4727
I20260819 17:03:29 1562207 mum utils.py:218] Training  [57500/60000]  eta: 0:24:29  loss: 0.3254 (0.3593)  grad: 0.2090 (0.2482)  batch_size: 16.0000 (16.0000)  lr: 0.0000 (0.0000)  time: 1.084668  data: 0.000368  max mem: 4727
I20260819 17:04:19 1562207 mum utils.py:218] Training  [57550/60000]  eta: 0:24:00  loss: 0.3380 (0.3593)  grad: 0.2028 (0.2482)  batch_size: 16.0000 (16.0000)  lr: 0.0000 (0.0000)  time: 1.136726  data: 0.000309  max mem: 4727
I20260819 17:05:08 1562207 mum utils.py:218] Training  [57600/60000]  eta: 0:23:32  loss: 0.3300 (0.3592)  grad: 0.2088 (0.2481)  batch_size: 16.0000 (16.0000)  lr: 0.0000 (0.0000)  time: 1.123903  data: 0.000323  max mem: 4727
I20260819 17:05:58 1562207 mum utils.py:218] Training  [57650/60000]  eta: 0:23:03  loss: 0.3286 (0.3592)  grad: 0.2028 (0.2481)  batch_size: 16.0000 (16.0000)  lr: 0.0000 (0.0000)  time: 1.073210  data: 0.000389  max mem: 4727
I20260819 17:06:49 1562207 mum utils.py:218] Training  [57700/60000]  eta: 0:22:34  loss: 0.3480 (0.3592)  grad: 0.2037 (0.2480)  batch_size: 16.0000 (16.0000)  lr: 0.0000 (0.0000)  time: 1.085835  data: 0.000330  max mem: 4727
I20260819 17:07:39 1562207 mum utils.py:218] Training  [57750/60000]  eta: 0:22:06  loss: 0.3434 (0.3592)  grad: 0.2069 (0.2480)  batch_size: 16.0000 (16.0000)  lr: 0.0000 (0.0000)  time: 0.845073  data: 0.000333  max mem: 4727
I20260819 17:08:29 1562207 mum utils.py:218] Training  [57800/60000]  eta: 0:21:37  loss: 0.3443 (0.3592)  grad: 0.1930 (0.2480)  batch_size: 16.0000 (16.0000)  lr: 0.0000 (0.0000)  time: 0.865566  data: 0.000342  max mem: 4727
I20260819 17:09:22 1562207 mum utils.py:218] Training  [57850/60000]  eta: 0:21:08  loss: 0.3465 (0.3591)  grad: 0.2115 (0.2479)  batch_size: 16.0000 (16.0000)  lr: 0.0000 (0.0000)  time: 0.958750  data: 0.000361  max mem: 4727
I20260819 17:10:11 1562207 mum utils.py:218] Training  [57900/60000]  eta: 0:20:40  loss: 0.3304 (0.3591)  grad: 0.1971 (0.2479)  batch_size: 16.0000 (16.0000)  lr: 0.0000 (0.0000)  time: 0.938765  data: 0.000352  max mem: 4727
I20260819 17:11:05 1562207 mum utils.py:218] Training  [57950/60000]  eta: 0:20:11  loss: 0.3434 (0.3591)  grad: 0.2053 (0.2479)  batch_size: 16.0000 (16.0000)  lr: 0.0000 (0.0000)  time: 1.135124  data: 0.000349  max mem: 4727
I20260819 17:11:55 1562207 mum utils.py:218] Training  [58000/60000]  eta: 0:19:42  loss: 0.3419 (0.3591)  grad: 0.2044 (0.2478)  batch_size: 16.0000 (16.0000)  lr: 0.0000 (0.0000)  time: 1.136163  data: 0.000360  max mem: 4727
I20260819 17:12:44 1562207 mum utils.py:218] Training  [58050/60000]  eta: 0:19:13  loss: 0.3223 (0.3591)  grad: 0.2018 (0.2478)  batch_size: 16.0000 (16.0000)  lr: 0.0000 (0.0000)  time: 1.126492  data: 0.000327  max mem: 4727
I20260819 17:13:34 1562207 mum utils.py:218] Training  [58100/60000]  eta: 0:18:44  loss: 0.3335 (0.3590)  grad: 0.1934 (0.2477)  batch_size: 16.0000 (16.0000)  lr: 0.0000 (0.0000)  time: 0.991449  data: 0.000313  max mem: 4727
I20260819 17:14:24 1562207 mum utils.py:218] Training  [58150/60000]  eta: 0:18:15  loss: 0.3472 (0.3590)  grad: 0.2044 (0.2477)  batch_size: 16.0000 (16.0000)  lr: 0.0000 (0.0000)  time: 1.049202  data: 0.000320  max mem: 4727
I20260819 17:15:14 1562207 mum utils.py:218] Training  [58200/60000]  eta: 0:17:46  loss: 0.3136 (0.3590)  grad: 0.2073 (0.2477)  batch_size: 16.0000 (16.0000)  lr: 0.0000 (0.0000)  time: 0.821817  data: 0.000335  max mem: 4727
I20260819 17:16:03 1562207 mum utils.py:218] Training  [58250/60000]  eta: 0:17:17  loss: 0.3435 (0.3590)  grad: 0.1955 (0.2476)  batch_size: 16.0000 (16.0000)  lr: 0.0000 (0.0000)  time: 0.811269  data: 0.000316  max mem: 4727
I20260819 17:16:59 1562207 mum utils.py:218] Training  [58300/60000]  eta: 0:16:48  loss: 0.3317 (0.3590)  grad: 0.2006 (0.2476)  batch_size: 16.0000 (16.0000)  lr: 0.0000 (0.0000)  time: 1.071780  data: 0.000317  max mem: 4727
I20260819 17:17:48 1562207 mum utils.py:218] Training  [58350/60000]  eta: 0:16:19  loss: 0.3552 (0.3589)  grad: 0.2091 (0.2476)  batch_size: 16.0000 (16.0000)  lr: 0.0000 (0.0000)  time: 0.997219  data: 0.000353  max mem: 4727
I20260819 17:18:41 1562207 mum utils.py:218] Training  [58400/60000]  eta: 0:15:50  loss: 0.3338 (0.3589)  grad: 0.2052 (0.2475)  batch_size: 16.0000 (16.0000)  lr: 0.0000 (0.0000)  time: 1.130959  data: 0.000356  max mem: 4727
I20260819 17:19:31 1562207 mum utils.py:218] Training  [58450/60000]  eta: 0:15:21  loss: 0.3261 (0.3589)  grad: 0.2013 (0.2475)  batch_size: 16.0000 (16.0000)  lr: 0.0000 (0.0000)  time: 1.145382  data: 0.000340  max mem: 4727
I20260819 17:20:20 1562207 mum utils.py:218] Training  [58500/60000]  eta: 0:14:52  loss: 0.3342 (0.3589)  grad: 0.1920 (0.2474)  batch_size: 16.0000 (16.0000)  lr: 0.0000 (0.0000)  time: 1.125877  data: 0.000348  max mem: 4727
I20260819 17:21:10 1562207 mum utils.py:218] Training  [58550/60000]  eta: 0:14:23  loss: 0.3410 (0.3589)  grad: 0.2122 (0.2474)  batch_size: 16.0000 (16.0000)  lr: 0.0000 (0.0000)  time: 0.978132  data: 0.000425  max mem: 4727
I20260819 17:22:00 1562207 mum utils.py:218] Training  [58600/60000]  eta: 0:13:53  loss: 0.3476 (0.3588)  grad: 0.1990 (0.2474)  batch_size: 16.0000 (16.0000)  lr: 0.0000 (0.0000)  time: 0.944131  data: 0.000328  max mem: 4727
I20260819 17:22:51 1562207 mum utils.py:218] Training  [58650/60000]  eta: 0:13:24  loss: 0.3337 (0.3588)  grad: 0.1947 (0.2473)  batch_size: 16.0000 (16.0000)  lr: 0.0000 (0.0000)  time: 0.839378  data: 0.000337  max mem: 4727
I20260819 17:23:42 1562207 mum utils.py:218] Training  [58700/60000]  eta: 0:12:55  loss: 0.3200 (0.3588)  grad: 0.1982 (0.2473)  batch_size: 16.0000 (16.0000)  lr: 0.0000 (0.0000)  time: 0.869944  data: 0.000337  max mem: 4727
I20260819 17:24:36 1562207 mum utils.py:218] Training  [58750/60000]  eta: 0:12:25  loss: 0.3329 (0.3588)  grad: 0.2122 (0.2473)  batch_size: 16.0000 (16.0000)  lr: 0.0000 (0.0000)  time: 1.074983  data: 0.000281  max mem: 4727
I20260819 17:25:26 1562207 mum utils.py:218] Training  [58800/60000]  eta: 0:11:56  loss: 0.3439 (0.3588)  grad: 0.2074 (0.2472)  batch_size: 16.0000 (16.0000)  lr: 0.0000 (0.0000)  time: 1.073002  data: 0.000343  max mem: 4727
I20260819 17:26:18 1562207 mum utils.py:218] Training  [58850/60000]  eta: 0:11:27  loss: 0.3459 (0.3588)  grad: 0.2039 (0.2472)  batch_size: 16.0000 (16.0000)  lr: 0.0000 (0.0000)  time: 1.153590  data: 0.000398  max mem: 4727
I20260819 17:27:08 1562207 mum utils.py:218] Training  [58900/60000]  eta: 0:10:57  loss: 0.3398 (0.3587)  grad: 0.2091 (0.2472)  batch_size: 16.0000 (16.0000)  lr: 0.0000 (0.0000)  time: 1.148522  data: 0.000375  max mem: 4727
I20260819 17:27:58 1562207 mum utils.py:218] Training  [58950/60000]  eta: 0:10:28  loss: 0.3289 (0.3587)  grad: 0.1968 (0.2471)  batch_size: 16.0000 (16.0000)  lr: 0.0000 (0.0000)  time: 1.120131  data: 0.000400  max mem: 4727
I20260819 17:28:47 1562207 mum utils.py:218] Training  [59000/60000]  eta: 0:09:58  loss: 0.3277 (0.3587)  grad: 0.1952 (0.2471)  batch_size: 16.0000 (16.0000)  lr: 0.0000 (0.0000)  time: 0.919677  data: 0.000307  max mem: 4727
I20260819 17:29:37 1562207 mum utils.py:218] Training  [59050/60000]  eta: 0:09:28  loss: 0.3369 (0.3587)  grad: 0.2003 (0.2470)  batch_size: 16.0000 (16.0000)  lr: 0.0000 (0.0000)  time: 0.928128  data: 0.000296  max mem: 4727
I20260819 17:30:29 1562207 mum utils.py:218] Training  [59100/60000]  eta: 0:08:59  loss: 0.3390 (0.3587)  grad: 0.2081 (0.2470)  batch_size: 16.0000 (16.0000)  lr: 0.0000 (0.0000)  time: 0.887866  data: 0.000359  max mem: 4727
I20260819 17:31:19 1562207 mum utils.py:218] Training  [59150/60000]  eta: 0:08:29  loss: 0.3228 (0.3586)  grad: 0.2031 (0.2470)  batch_size: 16.0000 (16.0000)  lr: 0.0000 (0.0000)  time: 0.880083  data: 0.000374  max mem: 4727
I20260819 17:32:13 1562207 mum utils.py:218] Training  [59200/60000]  eta: 0:07:59  loss: 0.3320 (0.3586)  grad: 0.1915 (0.2469)  batch_size: 16.0000 (16.0000)  lr: 0.0000 (0.0000)  time: 1.137306  data: 0.000309  max mem: 4727
I20260819 17:33:03 1562207 mum utils.py:218] Training  [59250/60000]  eta: 0:07:30  loss: 0.3354 (0.3586)  grad: 0.2087 (0.2469)  batch_size: 16.0000 (16.0000)  lr: 0.0000 (0.0000)  time: 1.133183  data: 0.000334  max mem: 4727
I20260819 17:33:52 1562207 mum utils.py:218] Training  [59300/60000]  eta: 0:07:00  loss: 0.3348 (0.3586)  grad: 0.2067 (0.2468)  batch_size: 16.0000 (16.0000)  lr: 0.0000 (0.0000)  time: 1.136719  data: 0.000324  max mem: 4727
I20260819 17:34:42 1562207 mum utils.py:218] Training  [59350/60000]  eta: 0:06:30  loss: 0.3375 (0.3586)  grad: 0.1925 (0.2468)  batch_size: 16.0000 (16.0000)  lr: 0.0000 (0.0000)  time: 1.060392  data: 0.000390  max mem: 4727
I20260819 17:35:32 1562207 mum utils.py:218] Training  [59400/60000]  eta: 0:06:00  loss: 0.3238 (0.3585)  grad: 0.1973 (0.2468)  batch_size: 16.0000 (16.0000)  lr: 0.0000 (0.0000)  time: 1.056555  data: 0.000338  max mem: 4727
I20260819 17:36:21 1562207 mum utils.py:218] Training  [59450/60000]  eta: 0:05:30  loss: 0.3291 (0.3585)  grad: 0.2002 (0.2467)  batch_size: 16.0000 (16.0000)  lr: 0.0000 (0.0000)  time: 0.801403  data: 0.000356  max mem: 4727
I20260819 17:37:10 1562207 mum utils.py:218] Training  [59500/60000]  eta: 0:05:00  loss: 0.3358 (0.3585)  grad: 0.2025 (0.2467)  batch_size: 16.0000 (16.0000)  lr: 0.0000 (0.0000)  time: 0.794001  data: 0.000359  max mem: 4727
I20260819 17:38:04 1562207 mum utils.py:218] Training  [59550/60000]  eta: 0:04:31  loss: 0.3413 (0.3585)  grad: 0.2056 (0.2467)  batch_size: 16.0000 (16.0000)  lr: 0.0000 (0.0000)  time: 1.013729  data: 0.000604  max mem: 4727
I20260819 17:38:54 1562207 mum utils.py:218] Training  [59600/60000]  eta: 0:04:01  loss: 0.3317 (0.3585)  grad: 0.1963 (0.2466)  batch_size: 16.0000 (16.0000)  lr: 0.0000 (0.0000)  time: 1.010451  data: 0.000349  max mem: 4727
I20260819 17:39:46 1562207 mum utils.py:218] Training  [59650/60000]  eta: 0:03:31  loss: 0.3275 (0.3584)  grad: 0.1907 (0.2466)  batch_size: 16.0000 (16.0000)  lr: 0.0000 (0.0000)  time: 1.135329  data: 0.000370  max mem: 4727
I20260819 17:40:36 1562207 mum utils.py:218] Training  [59700/60000]  eta: 0:03:00  loss: 0.3351 (0.3584)  grad: 0.2074 (0.2466)  batch_size: 16.0000 (16.0000)  lr: 0.0000 (0.0000)  time: 1.136991  data: 0.000317  max mem: 4727
I20260819 17:41:26 1562207 mum utils.py:218] Training  [59750/60000]  eta: 0:02:30  loss: 0.3344 (0.3584)  grad: 0.1992 (0.2465)  batch_size: 16.0000 (16.0000)  lr: 0.0000 (0.0000)  time: 1.127679  data: 0.000305  max mem: 4727
I20260819 17:42:16 1562207 mum utils.py:218] Training  [59800/60000]  eta: 0:02:00  loss: 0.3266 (0.3584)  grad: 0.2073 (0.2465)  batch_size: 16.0000 (16.0000)  lr: 0.0000 (0.0000)  time: 0.949911  data: 0.000335  max mem: 4727
I20260819 17:43:07 1562207 mum utils.py:218] Training  [59850/60000]  eta: 0:01:30  loss: 0.3253 (0.3584)  grad: 0.1956 (0.2464)  batch_size: 16.0000 (16.0000)  lr: 0.0000 (0.0000)  time: 1.024157  data: 0.000303  max mem: 4727
I20260819 17:43:58 1562207 mum utils.py:218] Training  [59900/60000]  eta: 0:01:00  loss: 0.3224 (0.3583)  grad: 0.1908 (0.2464)  batch_size: 16.0000 (16.0000)  lr: 0.0000 (0.0000)  time: 0.861786  data: 0.000524  max mem: 4727
I20260819 17:44:47 1562207 mum utils.py:218] Training  [59950/60000]  eta: 0:00:30  loss: 0.3295 (0.3583)  grad: 0.1966 (0.2464)  batch_size: 16.0000 (16.0000)  lr: 0.0000 (0.0000)  time: 0.817571  data: 0.000301  max mem: 4727
Launching eval: fast
Created dir /data1/Taohy/ModelReshow/modelReShow/MuM/checkpoints_traveluav/eval/training_59999/fast
I20260819 17:45:43 1562207 mum train.py:79] Saved eval cfg /data1/Taohy/ModelReshow/modelReShow/MuM/checkpoints_traveluav/eval/training_59999/fast/eval_cfg.yaml
I20260819 17:45:43 1562207 mum train.py:85] Launched eval fast
Launching eval: slow
Created dir /data1/Taohy/ModelReshow/modelReShow/MuM/checkpoints_traveluav/eval/training_59999/slow
I20260819 17:45:44 1562207 mum train.py:79] Saved eval cfg /data1/Taohy/ModelReshow/modelReShow/MuM/checkpoints_traveluav/eval/training_59999/slow/eval_cfg.yaml
I20260819 17:45:44 1562207 mum train.py:85] Launched eval slow
I20260819 17:45:44 1562207 mum utils.py:218] Training  [59999/60000]  eta: 0:00:00  loss: 0.3220 (0.3583)  grad: 0.1959 (0.2463)  batch_size: 16.0000 (16.0000)  lr: 0.0000 (0.0000)  time: 1.190169  data: 0.000301  max mem: 4727
I20260819 17:45:44 1562207 mum utils.py:246] Training Total time: 10:05:28 (0.605475 s / it)
Training time 10:05:28
[1;34mwandb[0m: 
[1;34mwandb[0m: 🚀 View run [33mtraveluav[0m at: [34mhttps://wandb.ai/3222703726-huazhong-university-of-science-and-technology/MuM/runs/cnf2to02[0m
[1;34mwandb[0m: Find logs at: [1;35mwandb/run-20260819_074008-cnf2to02/logs[0m
[rank0]:[W819 17:45:53.007212080 ProcessGroupNCCL.cpp:1479] Warning: WARNING: destroy_process_group() was not called before program exit, which can leak resources. For more info, please see https://pytorch.org/docs/stable/distributed.html#shutdown (function operator())
