
*****************************************
Setting OMP_NUM_THREADS environment variable for each process to be 1 in default, to avoid your system being overloaded, please further tune the variable for optimal performance in your application as needed. 
*****************************************
wandb: Loading settings from /data1/Taohy/ModelReshow/modelReShow/MuM/wandb/settings
wandb: Loading settings from /data1/Taohy/ModelReshow/modelReShow/MuM/wandb/settings
I20260820 06:12:43 3603480 dinov2 config.py:58] base_config: ssl_default_config
config_file: config.yaml
name: traveluav_256_4gpu
opts: ['train.output_dir=/data1/Taohy/ModelReshow/modelReShow/MuM/checkpoints_traveluav_256']
output_dir: /data1/Taohy/ModelReshow/modelReShow/MuM/checkpoints_traveluav_256
track_wandb: True
I20260820 06:12:43 3603480 dinov2 config.py:27] checkpoint: null
dtype: bf16
train:
  steps: 60000
  warmup_steps: 2000
  checkpoint_steps: 6000
  visualization_steps: 10000
  img_size: 256
  lr: null
  blr: 6.0e-05
  min_lr: 0.0
  seed: 1337
  weight_decay: 0.1
  optimizer: adamw
  clip_grad_norm: 1.0
  eval_val_batches: 100
  output_dir: /data1/Taohy/ModelReshow/modelReShow/MuM/checkpoints_traveluav_256
loss:
  mask_ratio: 0.75
model:
  name: vit_large
  patch_embed: conv
  patch_size: 16
  norm_pix_loss: true
  drop_path_rate: 0.0
  layerscale: null
  ffn_layer: mlp
  ffn_ratio: 4.0
  qkv_bias: true
  proj_bias: true
  ffn_bias: true
  norm_layer: layernormbf16
  n_storage_tokens: 0
  in_chans: 3
  pos_embed_type: rope
  pos_embed_rope_base: 100.0
  pos_embed_rope_min_period: null
  pos_embed_rope_max_period: null
  pos_embed_rope_normalize_coords: separate
  pos_embed_rope_shift_coords: null
  pos_embed_rope_jitter_coords: null
  pos_embed_rope_rescale_coords: null
  pos_embed_rope_dtype: ${dtype}
  fp8_enabled: false
  fp8_filter: blocks
data:
  datasets:
  - TravelUAVDataset:DATA_DIR=/data2/student1_ly/datasets/OpenUAV-QA/TravelUAV_dataset:SPLIT=train:SPLIT_RATIO=0.95
  common_config:
    aspects:
    - 1.0
    - 1.0
    img_nums:
    - 3
    - 3
    img_size: ${train.img_size}
    patch_size: ${model.patch_size}
    rescale: true
    rescale_aug: true
    landscape_check: true
    debug: false
    training: true
    inside_random: true
    aug_scale:
    - 0.8
    - 1.2
    fix_img_num: true
    fix_aspect_ratio: true
  num_workers: 8
  shuffle: true
  pin_memory: true
  drop_last: true
  max_img_per_gpu: 32
  imagenet:
    prob: 0.0
    dataset_path: ImageNet:split=TRAIN:root=data/imagenet:extra=./extra
evals:
  fast:
    period: 25000
    final: true
    model_setup_script: model_loader.py
    eval_config:
      matchbench:
        file: eval_matchbench.py
        dataset: megadepth
        dataset_path: data/megadepth
        matcher: knn
  slow:
    period: 50000
    final: true
    model_setup_script: model_loader.py
    eval_config:
      matchbench:
        file: eval_matchbench.py
        dataset: megadepth
        dataset_path: data/megadepth
        matcher: linear
launcher:
  partition: alvis

wandb: Loading settings from /data1/Taohy/ModelReshow/modelReShow/MuM/wandb/settings
wandb: Loading settings from /data1/Taohy/ModelReshow/modelReShow/MuM/wandb/settings
wandb: [wandb.login()] Loaded credentials for https://api.wandb.ai from /home/user2/.netrc.
wandb: Currently logged in as: 3222703726 (3222703726-huazhong-university-of-science-and-technology) to https://api.wandb.ai. Use `wandb login --relogin` to force relogin
wandb: WARNING Using a boolean value for 'reinit' is deprecated. Use 'return_previous' or 'finish_previous' instead.
wandb: setting up run b0cwrkj3
wandb: Tracking run with wandb version 0.28.2
wandb: Run data is saved locally in /data1/Taohy/ModelReshow/modelReShow/MuM/wandb/run-20260820_061244-b0cwrkj3
wandb: Run `wandb offline` to turn off syncing.
wandb: Syncing run traveluav_256_4gpu
wandb: ⭐️ View project at https://wandb.ai/3222703726-huazhong-university-of-science-and-technology/MuM
wandb: 🚀 View run at https://wandb.ai/3222703726-huazhong-university-of-science-and-technology/MuM/runs/b0cwrkj3
Ignored kwargs: {'name': 'vit_large', 'patch_embed': 'conv', 'drop_path_rate': 0.0, 'layerscale': None, 'ffn_layer': 'mlp', 'ffn_ratio': 4.0, 'qkv_bias': True, 'proj_bias': True, 'ffn_bias': True, 'pos_embed_type': 'rope', 'pos_embed_rope_base': 100.0, 'pos_embed_rope_min_period': None, 'pos_embed_rope_max_period': None, 'pos_embed_rope_normalize_coords': 'separate', 'pos_embed_rope_shift_coords': None, 'pos_embed_rope_jitter_coords': None, 'pos_embed_rope_rescale_coords': None, 'pos_embed_rope_dtype': 'bf16', 'fp8_enabled': False, 'fp8_filter': 'blocks'}
Building dynamic dataloader with seed: 42
Randomly sampling [3, 3] frames
TravelUAVDataset (train): 14581 scenes, 770573 frames (total 15348 scenes, split_ratio=0.95).
ComposedDataset created from 1 datasets: ['TravelUAVDataset:DATA_DIR=/data2/student1_ly/datasets/OpenUAV-QA/TravelUAV_dataset:SPLIT=train:SPLIT_RATIO=0.95']
Model = MuMAutoEncoder(
  (patch_embed): PatchEmbed(
    (proj): Conv2d(3, 1024, kernel_size=(16, 16), stride=(16, 16))
    (norm): Identity()
  )
  (rope_embed): RopePositionEmbedding()
  (blocks): ModuleList(
    (0-23): 24 x SelfAttentionBlock(
      (norm1): LayerNorm((1024,), eps=1e-05, elementwise_affine=True)
      (attn): SelfAttention(
        (qkv): Linear(in_features=1024, out_features=3072, bias=True)
        (attn_drop): Dropout(p=0.0, inplace=False)
        (proj): Linear(in_features=1024, out_features=1024, bias=True)
        (proj_drop): Dropout(p=0.0, inplace=False)
      )
      (ls1): Identity()
      (norm2): LayerNorm((1024,), eps=1e-05, elementwise_affine=True)
      (mlp): Mlp(
        (fc1): Linear(in_features=1024, out_features=4096, bias=True)
        (act): GELU(approximate='none')
        (fc2): Linear(in_features=4096, out_features=1024, bias=True)
        (drop): Dropout(p=0.0, inplace=False)
      )
      (ls2): Identity()
    )
  )
  (norm): LayerNorm((1024,), eps=1e-05, elementwise_affine=True)
  (rope_embed_decoder): RopePositionEmbedding()
  (decoder_embed): Linear(in_features=1024, out_features=768, bias=True)
  (decoder_frame_blocks): ModuleList(
    (0-5): 6 x SelfAttentionBlock(
      (norm1): LayerNorm((768,), eps=1e-05, elementwise_affine=True)
      (attn): SelfAttention(
        (qkv): Linear(in_features=768, out_features=2304, bias=True)
        (attn_drop): Dropout(p=0.0, inplace=False)
        (proj): Linear(in_features=768, out_features=768, bias=True)
        (proj_drop): Dropout(p=0.0, inplace=False)
      )
      (ls1): Identity()
      (norm2): LayerNorm((768,), eps=1e-05, elementwise_affine=True)
      (mlp): Mlp(
        (fc1): Linear(in_features=768, out_features=3072, bias=True)
        (act): GELU(approximate='none')
        (fc2): Linear(in_features=3072, out_features=768, bias=True)
        (drop): Dropout(p=0.0, inplace=False)
      )
      (ls2): Identity()
    )
  )
  (decoder_global_blocks): ModuleList(
    (0-5): 6 x SelfAttentionBlock(
      (norm1): LayerNorm((768,), eps=1e-05, elementwise_affine=True)
      (attn): SelfAttention(
        (qkv): Linear(in_features=768, out_features=2304, bias=True)
        (attn_drop): Dropout(p=0.0, inplace=False)
        (proj): Linear(in_features=768, out_features=768, bias=True)
        (proj_drop): Dropout(p=0.0, inplace=False)
      )
      (ls1): Identity()
      (norm2): LayerNorm((768,), eps=1e-05, elementwise_affine=True)
      (mlp): Mlp(
        (fc1): Linear(in_features=768, out_features=3072, bias=True)
        (act): GELU(approximate='none')
        (fc2): Linear(in_features=3072, out_features=768, bias=True)
        (drop): Dropout(p=0.0, inplace=False)
      )
      (ls2): Identity()
    )
  )
  (decoder_norm): LayerNorm((768,), eps=1e-05, elementwise_affine=True)
  (decoder_pred): Linear(in_features=768, out_features=768, bias=True)
)
base lr: 6.00e-05
actual lr: 3.00e-05
Param groups = {
  "decay": {
    "weight_decay": 0.1,
    "params": [
      "cls_token",
      "mask_token",
      "patch_embed.proj.weight",
      "blocks.0.attn.qkv.weight",
      "blocks.0.attn.proj.weight",
      "blocks.0.mlp.fc1.weight",
      "blocks.0.mlp.fc2.weight",
      "blocks.1.attn.qkv.weight",
      "blocks.1.attn.proj.weight",
      "blocks.1.mlp.fc1.weight",
      "blocks.1.mlp.fc2.weight",
      "blocks.2.attn.qkv.weight",
      "blocks.2.attn.proj.weight",
      "blocks.2.mlp.fc1.weight",
      "blocks.2.mlp.fc2.weight",
      "blocks.3.attn.qkv.weight",
      "blocks.3.attn.proj.weight",
      "blocks.3.mlp.fc1.weight",
      "blocks.3.mlp.fc2.weight",
      "blocks.4.attn.qkv.weight",
      "blocks.4.attn.proj.weight",
      "blocks.4.mlp.fc1.weight",
      "blocks.4.mlp.fc2.weight",
      "blocks.5.attn.qkv.weight",
      "blocks.5.attn.proj.weight",
      "blocks.5.mlp.fc1.weight",
      "blocks.5.mlp.fc2.weight",
      "blocks.6.attn.qkv.weight",
      "blocks.6.attn.proj.weight",
      "blocks.6.mlp.fc1.weight",
      "blocks.6.mlp.fc2.weight",
      "blocks.7.attn.qkv.weight",
      "blocks.7.attn.proj.weight",
      "blocks.7.mlp.fc1.weight",
      "blocks.7.mlp.fc2.weight",
      "blocks.8.attn.qkv.weight",
      "blocks.8.attn.proj.weight",
      "blocks.8.mlp.fc1.weight",
      "blocks.8.mlp.fc2.weight",
      "blocks.9.attn.qkv.weight",
      "blocks.9.attn.proj.weight",
      "blocks.9.mlp.fc1.weight",
      "blocks.9.mlp.fc2.weight",
      "blocks.10.attn.qkv.weight",
      "blocks.10.attn.proj.weight",
      "blocks.10.mlp.fc1.weight",
      "blocks.10.mlp.fc2.weight",
      "blocks.11.attn.qkv.weight",
      "blocks.11.attn.proj.weight",
      "blocks.11.mlp.fc1.weight",
      "blocks.11.mlp.fc2.weight",
      "blocks.12.attn.qkv.weight",
      "blocks.12.attn.proj.weight",
      "blocks.12.mlp.fc1.weight",
      "blocks.12.mlp.fc2.weight",
      "blocks.13.attn.qkv.weight",
      "blocks.13.attn.proj.weight",
      "blocks.13.mlp.fc1.weight",
      "blocks.13.mlp.fc2.weight",
      "blocks.14.attn.qkv.weight",
      "blocks.14.attn.proj.weight",
      "blocks.14.mlp.fc1.weight",
      "blocks.14.mlp.fc2.weight",
      "blocks.15.attn.qkv.weight",
      "blocks.15.attn.proj.weight",
      "blocks.15.mlp.fc1.weight",
      "blocks.15.mlp.fc2.weight",
      "blocks.16.attn.qkv.weight",
      "blocks.16.attn.proj.weight",
      "blocks.16.mlp.fc1.weight",
      "blocks.16.mlp.fc2.weight",
      "blocks.17.attn.qkv.weight",
      "blocks.17.attn.proj.weight",
      "blocks.17.mlp.fc1.weight",
      "blocks.17.mlp.fc2.weight",
      "blocks.18.attn.qkv.weight",
      "blocks.18.attn.proj.weight",
      "blocks.18.mlp.fc1.weight",
      "blocks.18.mlp.fc2.weight",
      "blocks.19.attn.qkv.weight",
      "blocks.19.attn.proj.weight",
      "blocks.19.mlp.fc1.weight",
      "blocks.19.mlp.fc2.weight",
      "blocks.20.attn.qkv.weight",
      "blocks.20.attn.proj.weight",
      "blocks.20.mlp.fc1.weight",
      "blocks.20.mlp.fc2.weight",
      "blocks.21.attn.qkv.weight",
      "blocks.21.attn.proj.weight",
      "blocks.21.mlp.fc1.weight",
      "blocks.21.mlp.fc2.weight",
      "blocks.22.attn.qkv.weight",
      "blocks.22.attn.proj.weight",
      "blocks.22.mlp.fc1.weight",
      "blocks.22.mlp.fc2.weight",
      "blocks.23.attn.qkv.weight",
      "blocks.23.attn.proj.weight",
      "blocks.23.mlp.fc1.weight",
      "blocks.23.mlp.fc2.weight",
      "decoder_embed.weight",
      "decoder_frame_blocks.0.attn.qkv.weight",
      "decoder_frame_blocks.0.attn.proj.weight",
      "decoder_frame_blocks.0.mlp.fc1.weight",
      "decoder_frame_blocks.0.mlp.fc2.weight",
      "decoder_frame_blocks.1.attn.qkv.weight",
      "decoder_frame_blocks.1.attn.proj.weight",
      "decoder_frame_blocks.1.mlp.fc1.weight",
      "decoder_frame_blocks.1.mlp.fc2.weight",
      "decoder_frame_blocks.2.attn.qkv.weight",
      "decoder_frame_blocks.2.attn.proj.weight",
      "decoder_frame_blocks.2.mlp.fc1.weight",
      "decoder_frame_blocks.2.mlp.fc2.weight",
      "decoder_frame_blocks.3.attn.qkv.weight",
      "decoder_frame_blocks.3.attn.proj.weight",
      "decoder_frame_blocks.3.mlp.fc1.weight",
      "decoder_frame_blocks.3.mlp.fc2.weight",
      "decoder_frame_blocks.4.attn.qkv.weight",
      "decoder_frame_blocks.4.attn.proj.weight",
      "decoder_frame_blocks.4.mlp.fc1.weight",
      "decoder_frame_blocks.4.mlp.fc2.weight",
      "decoder_frame_blocks.5.attn.qkv.weight",
      "decoder_frame_blocks.5.attn.proj.weight",
      "decoder_frame_blocks.5.mlp.fc1.weight",
      "decoder_frame_blocks.5.mlp.fc2.weight",
      "decoder_global_blocks.0.attn.qkv.weight",
      "decoder_global_blocks.0.attn.proj.weight",
      "decoder_global_blocks.0.mlp.fc1.weight",
      "decoder_global_blocks.0.mlp.fc2.weight",
      "decoder_global_blocks.1.attn.qkv.weight",
      "decoder_global_blocks.1.attn.proj.weight",
      "decoder_global_blocks.1.mlp.fc1.weight",
      "decoder_global_blocks.1.mlp.fc2.weight",
      "decoder_global_blocks.2.attn.qkv.weight",
      "decoder_global_blocks.2.attn.proj.weight",
      "decoder_global_blocks.2.mlp.fc1.weight",
      "decoder_global_blocks.2.mlp.fc2.weight",
      "decoder_global_blocks.3.attn.qkv.weight",
      "decoder_global_blocks.3.attn.proj.weight",
      "decoder_global_blocks.3.mlp.fc1.weight",
      "decoder_global_blocks.3.mlp.fc2.weight",
      "decoder_global_blocks.4.attn.qkv.weight",
      "decoder_global_blocks.4.attn.proj.weight",
      "decoder_global_blocks.4.mlp.fc1.weight",
      "decoder_global_blocks.4.mlp.fc2.weight",
      "decoder_global_blocks.5.attn.qkv.weight",
      "decoder_global_blocks.5.attn.proj.weight",
      "decoder_global_blocks.5.mlp.fc1.weight",
      "decoder_global_blocks.5.mlp.fc2.weight",
      "decoder_pred.weight"
    ],
    "lr_scale": 1.0
  },
  "no_decay": {
    "weight_decay": 0.0,
    "params": [
      "patch_embed.proj.bias",
      "blocks.0.norm1.weight",
      "blocks.0.norm1.bias",
      "blocks.0.attn.qkv.bias",
      "blocks.0.attn.proj.bias",
      "blocks.0.norm2.weight",
      "blocks.0.norm2.bias",
      "blocks.0.mlp.fc1.bias",
      "blocks.0.mlp.fc2.bias",
      "blocks.1.norm1.weight",
      "blocks.1.norm1.bias",
      "blocks.1.attn.qkv.bias",
      "blocks.1.attn.proj.bias",
      "blocks.1.norm2.weight",
      "blocks.1.norm2.bias",
      "blocks.1.mlp.fc1.bias",
      "blocks.1.mlp.fc2.bias",
      "blocks.2.norm1.weight",
      "blocks.2.norm1.bias",
      "blocks.2.attn.qkv.bias",
      "blocks.2.attn.proj.bias",
      "blocks.2.norm2.weight",
      "blocks.2.norm2.bias",
      "blocks.2.mlp.fc1.bias",
      "blocks.2.mlp.fc2.bias",
      "blocks.3.norm1.weight",
      "blocks.3.norm1.bias",
      "blocks.3.attn.qkv.bias",
      "blocks.3.attn.proj.bias",
      "blocks.3.norm2.weight",
      "blocks.3.norm2.bias",
      "blocks.3.mlp.fc1.bias",
      "blocks.3.mlp.fc2.bias",
      "blocks.4.norm1.weight",
      "blocks.4.norm1.bias",
      "blocks.4.attn.qkv.bias",
      "blocks.4.attn.proj.bias",
      "blocks.4.norm2.weight",
      "blocks.4.norm2.bias",
      "blocks.4.mlp.fc1.bias",
      "blocks.4.mlp.fc2.bias",
      "blocks.5.norm1.weight",
      "blocks.5.norm1.bias",
      "blocks.5.attn.qkv.bias",
      "blocks.5.attn.proj.bias",
      "blocks.5.norm2.weight",
      "blocks.5.norm2.bias",
      "blocks.5.mlp.fc1.bias",
      "blocks.5.mlp.fc2.bias",
      "blocks.6.norm1.weight",
      "blocks.6.norm1.bias",
      "blocks.6.attn.qkv.bias",
      "blocks.6.attn.proj.bias",
      "blocks.6.norm2.weight",
      "blocks.6.norm2.bias",
      "blocks.6.mlp.fc1.bias",
      "blocks.6.mlp.fc2.bias",
      "blocks.7.norm1.weight",
      "blocks.7.norm1.bias",
      "blocks.7.attn.qkv.bias",
      "blocks.7.attn.proj.bias",
      "blocks.7.norm2.weight",
      "blocks.7.norm2.bias",
      "blocks.7.mlp.fc1.bias",
      "blocks.7.mlp.fc2.bias",
      "blocks.8.norm1.weight",
      "blocks.8.norm1.bias",
      "blocks.8.attn.qkv.bias",
      "blocks.8.attn.proj.bias",
      "blocks.8.norm2.weight",
      "blocks.8.norm2.bias",
      "blocks.8.mlp.fc1.bias",
      "blocks.8.mlp.fc2.bias",
      "blocks.9.norm1.weight",
      "blocks.9.norm1.bias",
      "blocks.9.attn.qkv.bias",
      "blocks.9.attn.proj.bias",
      "blocks.9.norm2.weight",
      "blocks.9.norm2.bias",
      "blocks.9.mlp.fc1.bias",
      "blocks.9.mlp.fc2.bias",
      "blocks.10.norm1.weight",
      "blocks.10.norm1.bias",
      "blocks.10.attn.qkv.bias",
      "blocks.10.attn.proj.bias",
      "blocks.10.norm2.weight",
      "blocks.10.norm2.bias",
      "blocks.10.mlp.fc1.bias",
      "blocks.10.mlp.fc2.bias",
      "blocks.11.norm1.weight",
      "blocks.11.norm1.bias",
      "blocks.11.attn.qkv.bias",
      "blocks.11.attn.proj.bias",
      "blocks.11.norm2.weight",
      "blocks.11.norm2.bias",
      "blocks.11.mlp.fc1.bias",
      "blocks.11.mlp.fc2.bias",
      "blocks.12.norm1.weight",
      "blocks.12.norm1.bias",
      "blocks.12.attn.qkv.bias",
      "blocks.12.attn.proj.bias",
      "blocks.12.norm2.weight",
      "blocks.12.norm2.bias",
      "blocks.12.mlp.fc1.bias",
      "blocks.12.mlp.fc2.bias",
      "blocks.13.norm1.weight",
      "blocks.13.norm1.bias",
      "blocks.13.attn.qkv.bias",
      "blocks.13.attn.proj.bias",
      "blocks.13.norm2.weight",
      "blocks.13.norm2.bias",
      "blocks.13.mlp.fc1.bias",
      "blocks.13.mlp.fc2.bias",
      "blocks.14.norm1.weight",
      "blocks.14.norm1.bias",
      "blocks.14.attn.qkv.bias",
      "blocks.14.attn.proj.bias",
      "blocks.14.norm2.weight",
      "blocks.14.norm2.bias",
      "blocks.14.mlp.fc1.bias",
      "blocks.14.mlp.fc2.bias",
      "blocks.15.norm1.weight",
      "blocks.15.norm1.bias",
      "blocks.15.attn.qkv.bias",
      "blocks.15.attn.proj.bias",
      "blocks.15.norm2.weight",
      "blocks.15.norm2.bias",
      "blocks.15.mlp.fc1.bias",
      "blocks.15.mlp.fc2.bias",
      "blocks.16.norm1.weight",
      "blocks.16.norm1.bias",
      "blocks.16.attn.qkv.bias",
      "blocks.16.attn.proj.bias",
      "blocks.16.norm2.weight",
      "blocks.16.norm2.bias",
      "blocks.16.mlp.fc1.bias",
      "blocks.16.mlp.fc2.bias",
      "blocks.17.norm1.weight",
      "blocks.17.norm1.bias",
      "blocks.17.attn.qkv.bias",
      "blocks.17.attn.proj.bias",
      "blocks.17.norm2.weight",
      "blocks.17.norm2.bias",
      "blocks.17.mlp.fc1.bias",
      "blocks.17.mlp.fc2.bias",
      "blocks.18.norm1.weight",
      "blocks.18.norm1.bias",
      "blocks.18.attn.qkv.bias",
      "blocks.18.attn.proj.bias",
      "blocks.18.norm2.weight",
      "blocks.18.norm2.bias",
      "blocks.18.mlp.fc1.bias",
      "blocks.18.mlp.fc2.bias",
      "blocks.19.norm1.weight",
      "blocks.19.norm1.bias",
      "blocks.19.attn.qkv.bias",
      "blocks.19.attn.proj.bias",
      "blocks.19.norm2.weight",
      "blocks.19.norm2.bias",
      "blocks.19.mlp.fc1.bias",
      "blocks.19.mlp.fc2.bias",
      "blocks.20.norm1.weight",
      "blocks.20.norm1.bias",
      "blocks.20.attn.qkv.bias",
      "blocks.20.attn.proj.bias",
      "blocks.20.norm2.weight",
      "blocks.20.norm2.bias",
      "blocks.20.mlp.fc1.bias",
      "blocks.20.mlp.fc2.bias",
      "blocks.21.norm1.weight",
      "blocks.21.norm1.bias",
      "blocks.21.attn.qkv.bias",
      "blocks.21.attn.proj.bias",
      "blocks.21.norm2.weight",
      "blocks.21.norm2.bias",
      "blocks.21.mlp.fc1.bias",
      "blocks.21.mlp.fc2.bias",
      "blocks.22.norm1.weight",
      "blocks.22.norm1.bias",
      "blocks.22.attn.qkv.bias",
      "blocks.22.attn.proj.bias",
      "blocks.22.norm2.weight",
      "blocks.22.norm2.bias",
      "blocks.22.mlp.fc1.bias",
      "blocks.22.mlp.fc2.bias",
      "blocks.23.norm1.weight",
      "blocks.23.norm1.bias",
      "blocks.23.attn.qkv.bias",
      "blocks.23.attn.proj.bias",
      "blocks.23.norm2.weight",
      "blocks.23.norm2.bias",
      "blocks.23.mlp.fc1.bias",
      "blocks.23.mlp.fc2.bias",
      "norm.weight",
      "norm.bias",
      "decoder_embed.bias",
      "decoder_frame_blocks.0.norm1.weight",
      "decoder_frame_blocks.0.norm1.bias",
      "decoder_frame_blocks.0.attn.qkv.bias",
      "decoder_frame_blocks.0.attn.proj.bias",
      "decoder_frame_blocks.0.norm2.weight",
      "decoder_frame_blocks.0.norm2.bias",
      "decoder_frame_blocks.0.mlp.fc1.bias",
      "decoder_frame_blocks.0.mlp.fc2.bias",
      "decoder_frame_blocks.1.norm1.weight",
      "decoder_frame_blocks.1.norm1.bias",
      "decoder_frame_blocks.1.attn.qkv.bias",
      "decoder_frame_blocks.1.attn.proj.bias",
      "decoder_frame_blocks.1.norm2.weight",
      "decoder_frame_blocks.1.norm2.bias",
      "decoder_frame_blocks.1.mlp.fc1.bias",
      "decoder_frame_blocks.1.mlp.fc2.bias",
      "decoder_frame_blocks.2.norm1.weight",
      "decoder_frame_blocks.2.norm1.bias",
      "decoder_frame_blocks.2.attn.qkv.bias",
      "decoder_frame_blocks.2.attn.proj.bias",
      "decoder_frame_blocks.2.norm2.weight",
      "decoder_frame_blocks.2.norm2.bias",
      "decoder_frame_blocks.2.mlp.fc1.bias",
      "decoder_frame_blocks.2.mlp.fc2.bias",
      "decoder_frame_blocks.3.norm1.weight",
      "decoder_frame_blocks.3.norm1.bias",
      "decoder_frame_blocks.3.attn.qkv.bias",
      "decoder_frame_blocks.3.attn.proj.bias",
      "decoder_frame_blocks.3.norm2.weight",
      "decoder_frame_blocks.3.norm2.bias",
      "decoder_frame_blocks.3.mlp.fc1.bias",
      "decoder_frame_blocks.3.mlp.fc2.bias",
      "decoder_frame_blocks.4.norm1.weight",
      "decoder_frame_blocks.4.norm1.bias",
      "decoder_frame_blocks.4.attn.qkv.bias",
      "decoder_frame_blocks.4.attn.proj.bias",
      "decoder_frame_blocks.4.norm2.weight",
      "decoder_frame_blocks.4.norm2.bias",
      "decoder_frame_blocks.4.mlp.fc1.bias",
      "decoder_frame_blocks.4.mlp.fc2.bias",
      "decoder_frame_blocks.5.norm1.weight",
      "decoder_frame_blocks.5.norm1.bias",
      "decoder_frame_blocks.5.attn.qkv.bias",
      "decoder_frame_blocks.5.attn.proj.bias",
      "decoder_frame_blocks.5.norm2.weight",
      "decoder_frame_blocks.5.norm2.bias",
      "decoder_frame_blocks.5.mlp.fc1.bias",
      "decoder_frame_blocks.5.mlp.fc2.bias",
      "decoder_global_blocks.0.norm1.weight",
      "decoder_global_blocks.0.norm1.bias",
      "decoder_global_blocks.0.attn.qkv.bias",
      "decoder_global_blocks.0.attn.proj.bias",
      "decoder_global_blocks.0.norm2.weight",
      "decoder_global_blocks.0.norm2.bias",
      "decoder_global_blocks.0.mlp.fc1.bias",
      "decoder_global_blocks.0.mlp.fc2.bias",
      "decoder_global_blocks.1.norm1.weight",
      "decoder_global_blocks.1.norm1.bias",
      "decoder_global_blocks.1.attn.qkv.bias",
      "decoder_global_blocks.1.attn.proj.bias",
      "decoder_global_blocks.1.norm2.weight",
      "decoder_global_blocks.1.norm2.bias",
      "decoder_global_blocks.1.mlp.fc1.bias",
      "decoder_global_blocks.1.mlp.fc2.bias",
      "decoder_global_blocks.2.norm1.weight",
      "decoder_global_blocks.2.norm1.bias",
      "decoder_global_blocks.2.attn.qkv.bias",
      "decoder_global_blocks.2.attn.proj.bias",
      "decoder_global_blocks.2.norm2.weight",
      "decoder_global_blocks.2.norm2.bias",
      "decoder_global_blocks.2.mlp.fc1.bias",
      "decoder_global_blocks.2.mlp.fc2.bias",
      "decoder_global_blocks.3.norm1.weight",
      "decoder_global_blocks.3.norm1.bias",
      "decoder_global_blocks.3.attn.qkv.bias",
      "decoder_global_blocks.3.attn.proj.bias",
      "decoder_global_blocks.3.norm2.weight",
      "decoder_global_blocks.3.norm2.bias",
      "decoder_global_blocks.3.mlp.fc1.bias",
      "decoder_global_blocks.3.mlp.fc2.bias",
      "decoder_global_blocks.4.norm1.weight",
      "decoder_global_blocks.4.norm1.bias",
      "decoder_global_blocks.4.attn.qkv.bias",
      "decoder_global_blocks.4.attn.proj.bias",
      "decoder_global_blocks.4.norm2.weight",
      "decoder_global_blocks.4.norm2.bias",
      "decoder_global_blocks.4.mlp.fc1.bias",
      "decoder_global_blocks.4.mlp.fc2.bias",
      "decoder_global_blocks.5.norm1.weight",
      "decoder_global_blocks.5.norm1.bias",
      "decoder_global_blocks.5.attn.qkv.bias",
      "decoder_global_blocks.5.attn.proj.bias",
      "decoder_global_blocks.5.norm2.weight",
      "decoder_global_blocks.5.norm2.bias",
      "decoder_global_blocks.5.mlp.fc1.bias",
      "decoder_global_blocks.5.mlp.fc2.bias",
      "decoder_norm.weight",
      "decoder_norm.bias",
      "decoder_pred.bias"
    ],
    "lr_scale": 1.0
  }
}
Start training for 60000 steps from 0
I20260820 06:12:56 3603480 mum utils.py:218] Training  [    0/60000]  eta: 2 days, 17:43:38  loss: 1.2977 (1.2977)  grad: 4.9222 (4.9222)  batch_size: 10.0000 (10.0000)  lr: 0.0000 (0.0000)  time: 3.943643  data: 0.940039  max mem: 8967
I20260820 06:14:04 3603480 mum utils.py:218] Training  [   50/60000]  eta: 23:25:00  loss: 1.0862 (1.1843)  grad: 2.6616 (3.6410)  batch_size: 10.0000 (10.0000)  lr: 0.0000 (0.0000)  time: 1.354882  data: 0.000364  max mem: 11921
I20260820 06:15:11 3603480 mum utils.py:218] Training  [  100/60000]  eta: 22:59:45  loss: 0.8680 (1.0501)  grad: 0.9514 (2.4749)  batch_size: 10.0000 (10.0000)  lr: 0.0000 (0.0000)  time: 1.359840  data: 0.000382  max mem: 11921
I20260820 06:16:19 3603480 mum utils.py:218] Training  [  150/60000]  eta: 22:50:08  loss: 0.7873 (0.9711)  grad: 0.8933 (1.9539)  batch_size: 10.0000 (10.0000)  lr: 0.0000 (0.0000)  time: 1.356471  data: 0.000409  max mem: 11921
I20260820 06:17:27 3603480 mum utils.py:218] Training  [  200/60000]  eta: 22:46:54  loss: 0.7289 (0.9180)  grad: 1.2847 (1.7956)  batch_size: 10.0000 (10.0000)  lr: 0.0000 (0.0000)  time: 1.357837  data: 0.000408  max mem: 11921
I20260820 06:18:36 3603480 mum utils.py:218] Training  [  250/60000]  eta: 22:44:09  loss: 0.6869 (0.8760)  grad: 1.8792 (1.8602)  batch_size: 10.0000 (10.0000)  lr: 0.0000 (0.0000)  time: 1.362131  data: 0.000431  max mem: 11921
I20260820 06:19:44 3603480 mum utils.py:218] Training  [  300/60000]  eta: 22:41:03  loss: 0.6479 (0.8402)  grad: 1.9072 (1.8718)  batch_size: 10.0000 (10.0000)  lr: 0.0000 (0.0000)  time: 1.356563  data: 0.000376  max mem: 11921
I20260820 06:20:52 3603480 mum utils.py:218] Training  [  350/60000]  eta: 22:38:49  loss: 0.5919 (0.8087)  grad: 1.5360 (1.9325)  batch_size: 10.0000 (10.0000)  lr: 0.0000 (0.0000)  time: 1.360954  data: 0.000384  max mem: 11921
I20260820 06:22:00 3603480 mum utils.py:218] Training  [  400/60000]  eta: 22:36:59  loss: 0.6032 (0.7814)  grad: 1.4464 (1.9232)  batch_size: 10.0000 (10.0000)  lr: 0.0000 (0.0000)  time: 1.366824  data: 0.000444  max mem: 11921
I20260820 06:23:07 3603480 mum utils.py:218] Training  [  450/60000]  eta: 22:34:45  loss: 0.5602 (0.7567)  grad: 1.8678 (1.9160)  batch_size: 10.0000 (10.0000)  lr: 0.0000 (0.0000)  time: 1.354356  data: 0.000394  max mem: 11921
I20260820 06:24:15 3603480 mum utils.py:218] Training  [  500/60000]  eta: 22:32:37  loss: 0.5419 (0.7368)  grad: 1.9036 (1.9184)  batch_size: 10.0000 (10.0000)  lr: 0.0000 (0.0000)  time: 1.356681  data: 0.000415  max mem: 11921
I20260820 06:25:23 3603480 mum utils.py:218] Training  [  550/60000]  eta: 22:30:42  loss: 0.5443 (0.7196)  grad: 1.0575 (1.8906)  batch_size: 10.0000 (10.0000)  lr: 0.0000 (0.0000)  time: 1.355168  data: 0.000407  max mem: 11921
I20260820 06:26:31 3603480 mum utils.py:218] Training  [  600/60000]  eta: 22:28:51  loss: 0.5422 (0.7039)  grad: 1.8532 (1.8530)  batch_size: 10.0000 (10.0000)  lr: 0.0000 (0.0000)  time: 1.351645  data: 0.000413  max mem: 11921
I20260820 06:27:39 3603480 mum utils.py:218] Training  [  650/60000]  eta: 22:27:35  loss: 0.4934 (0.6897)  grad: 0.9074 (1.8028)  batch_size: 10.0000 (10.0000)  lr: 0.0000 (0.0000)  time: 1.362418  data: 0.000391  max mem: 11921
I20260820 06:28:47 3603480 mum utils.py:218] Training  [  700/60000]  eta: 22:26:19  loss: 0.5098 (0.6787)  grad: 0.8078 (1.7645)  batch_size: 10.0000 (10.0000)  lr: 0.0000 (0.0000)  time: 1.363211  data: 0.000393  max mem: 11921
I20260820 06:29:55 3603480 mum utils.py:218] Training  [  750/60000]  eta: 22:24:51  loss: 0.5081 (0.6676)  grad: 1.0994 (1.7265)  batch_size: 10.0000 (10.0000)  lr: 0.0000 (0.0000)  time: 1.356014  data: 0.000376  max mem: 11921
I20260820 06:31:03 3603480 mum utils.py:218] Training  [  800/60000]  eta: 22:23:33  loss: 0.5019 (0.6575)  grad: 1.2552 (1.6901)  batch_size: 10.0000 (10.0000)  lr: 0.0000 (0.0000)  time: 1.362273  data: 0.000441  max mem: 11921
I20260820 06:32:10 3603480 mum utils.py:218] Training  [  850/60000]  eta: 22:22:10  loss: 0.4928 (0.6490)  grad: 0.8889 (1.6440)  batch_size: 10.0000 (10.0000)  lr: 0.0000 (0.0000)  time: 1.356366  data: 0.000344  max mem: 11921
I20260820 06:33:19 3603480 mum utils.py:218] Training  [  900/60000]  eta: 22:21:09  loss: 0.4935 (0.6412)  grad: 1.1040 (1.6090)  batch_size: 10.0000 (10.0000)  lr: 0.0000 (0.0000)  time: 1.354739  data: 0.000367  max mem: 11921
I20260820 06:34:27 3603480 mum utils.py:218] Training  [  950/60000]  eta: 22:19:52  loss: 0.4742 (0.6331)  grad: 0.9387 (1.5706)  batch_size: 10.0000 (10.0000)  lr: 0.0000 (0.0000)  time: 1.356472  data: 0.000343  max mem: 11921
I20260820 06:35:35 3603480 mum utils.py:218] Training  [ 1000/60000]  eta: 22:18:47  loss: 0.4796 (0.6261)  grad: 0.8494 (1.5363)  batch_size: 10.0000 (10.0000)  lr: 0.0000 (0.0000)  time: 1.366763  data: 0.000376  max mem: 11921
I20260820 06:36:48 3603480 mum utils.py:218] Training  [ 1050/60000]  eta: 22:22:54  loss: 0.5019 (0.6200)  grad: 1.0649 (1.5167)  batch_size: 10.0000 (10.0000)  lr: 0.0000 (0.0000)  time: 1.603952  data: 0.000398  max mem: 11921
I20260820 06:39:36 3603480 mum utils.py:218] Training  [ 1100/60000]  eta: 23:49:59  loss: 0.4835 (0.6145)  grad: 0.7856 (1.4821)  batch_size: 10.0000 (10.0000)  lr: 0.0000 (0.0000)  time: 3.699413  data: 0.000401  max mem: 11921
I20260820 06:42:53 3603480 mum utils.py:218] Training  [ 1150/60000]  eta: 1 day, 1:34:55  loss: 0.4581 (0.6087)  grad: 0.7776 (1.4611)  batch_size: 10.0000 (10.0000)  lr: 0.0000 (0.0000)  time: 4.018992  data: 0.000408  max mem: 11921
I20260820 06:46:11 3603480 mum utils.py:218] Training  [ 1200/60000]  eta: 1 day, 3:11:24  loss: 0.4812 (0.6033)  grad: 1.1870 (1.4422)  batch_size: 10.0000 (10.0000)  lr: 0.0000 (0.0000)  time: 4.030963  data: 0.000434  max mem: 11921
I20260820 06:49:22 3603480 mum utils.py:218] Training  [ 1250/60000]  eta: 1 day, 4:34:04  loss: 0.4597 (0.5980)  grad: 1.0058 (1.4268)  batch_size: 10.0000 (10.0000)  lr: 0.0000 (0.0000)  time: 3.685574  data: 0.000362  max mem: 11921
I20260820 06:52:40 3603480 mum utils.py:218] Training  [ 1300/60000]  eta: 1 day, 5:55:51  loss: 0.4750 (0.5933)  grad: 0.8362 (1.4064)  batch_size: 10.0000 (10.0000)  lr: 0.0000 (0.0000)  time: 3.954923  data: 0.000401  max mem: 11921
I20260820 06:55:56 3603480 mum utils.py:218] Training  [ 1350/60000]  eta: 1 day, 7:09:41  loss: 0.4735 (0.5888)  grad: 0.9642 (1.3907)  batch_size: 10.0000 (10.0000)  lr: 0.0000 (0.0000)  time: 3.955348  data: 0.000383  max mem: 11921
I20260820 06:59:09 3603480 mum utils.py:218] Training  [ 1400/60000]  eta: 1 day, 8:16:04  loss: 0.4469 (0.5841)  grad: 0.7449 (1.3839)  batch_size: 10.0000 (10.0000)  lr: 0.0000 (0.0000)  time: 3.917419  data: 0.000413  max mem: 11921
I20260820 07:02:22 3603480 mum utils.py:218] Training  [ 1450/60000]  eta: 1 day, 9:17:18  loss: 0.4435 (0.5794)  grad: 0.6670 (1.3729)  batch_size: 10.0000 (10.0000)  lr: 0.0000 (0.0000)  time: 3.762273  data: 0.000408  max mem: 11921
I20260820 07:05:33 3603480 mum utils.py:218] Training  [ 1500/60000]  eta: 1 day, 10:13:06  loss: 0.4497 (0.5750)  grad: 0.8671 (1.3551)  batch_size: 10.0000 (10.0000)  lr: 0.0000 (0.0000)  time: 3.742734  data: 0.000390  max mem: 11921
I20260820 07:08:52 3603480 mum utils.py:218] Training  [ 1550/60000]  eta: 1 day, 11:10:36  loss: 0.4288 (0.5705)  grad: 0.8913 (1.3371)  batch_size: 10.0000 (10.0000)  lr: 0.0000 (0.0000)  time: 4.061044  data: 0.000403  max mem: 11921
I20260820 07:12:02 3603480 mum utils.py:218] Training  [ 1600/60000]  eta: 1 day, 11:58:36  loss: 0.4503 (0.5668)  grad: 0.6847 (1.3209)  batch_size: 10.0000 (10.0000)  lr: 0.0000 (0.0000)  time: 3.665428  data: 0.000390  max mem: 11921
I20260820 07:15:21 3603480 mum utils.py:218] Training  [ 1650/60000]  eta: 1 day, 12:48:24  loss: 0.4337 (0.5630)  grad: 0.7029 (1.3081)  batch_size: 10.0000 (10.0000)  lr: 0.0000 (0.0000)  time: 4.023933  data: 0.000538  max mem: 11921
I20260820 07:18:39 3603480 mum utils.py:218] Training  [ 1700/60000]  eta: 1 day, 13:34:54  loss: 0.4372 (0.5596)  grad: 0.7339 (1.2957)  batch_size: 10.0000 (10.0000)  lr: 0.0000 (0.0000)  time: 3.999629  data: 0.000387  max mem: 11921
I20260820 07:21:50 3603480 mum utils.py:218] Training  [ 1750/60000]  eta: 1 day, 14:14:31  loss: 0.4547 (0.5562)  grad: 0.5793 (1.2810)  batch_size: 10.0000 (10.0000)  lr: 0.0000 (0.0000)  time: 3.693881  data: 0.000742  max mem: 11921
I20260820 07:25:07 3603480 mum utils.py:218] Training  [ 1800/60000]  eta: 1 day, 14:54:48  loss: 0.4394 (0.5530)  grad: 0.7376 (1.2678)  batch_size: 10.0000 (10.0000)  lr: 0.0000 (0.0000)  time: 3.962656  data: 0.000410  max mem: 11921
I20260820 07:28:14 3603480 mum utils.py:218] Training  [ 1850/60000]  eta: 1 day, 15:27:58  loss: 0.4358 (0.5497)  grad: 0.6356 (1.2528)  batch_size: 10.0000 (10.0000)  lr: 0.0000 (0.0000)  time: 3.784901  data: 0.000438  max mem: 11921
I20260820 07:31:37 3603480 mum utils.py:218] Training  [ 1900/60000]  eta: 1 day, 16:06:41  loss: 0.4181 (0.5464)  grad: 0.6935 (1.2411)  batch_size: 10.0000 (10.0000)  lr: 0.0000 (0.0000)  time: 4.133029  data: 0.000558  max mem: 11921
I20260820 07:34:53 3603480 mum utils.py:218] Training  [ 1950/60000]  eta: 1 day, 16:40:34  loss: 0.4313 (0.5434)  grad: 0.5673 (1.2267)  batch_size: 10.0000 (10.0000)  lr: 0.0000 (0.0000)  time: 3.891139  data: 0.000423  max mem: 11921
I20260820 07:38:14 3603480 mum utils.py:218] Training  [ 2000/60000]  eta: 1 day, 17:14:14  loss: 0.4162 (0.5406)  grad: 0.6830 (1.2145)  batch_size: 10.0000 (10.0000)  lr: 0.0000 (0.0000)  time: 4.111550  data: 0.000473  max mem: 11921
I20260820 07:41:31 3603480 mum utils.py:218] Training  [ 2050/60000]  eta: 1 day, 17:44:48  loss: 0.4126 (0.5377)  grad: 0.5631 (1.2042)  batch_size: 10.0000 (10.0000)  lr: 0.0000 (0.0000)  time: 3.912865  data: 0.000405  max mem: 11921
I20260820 07:44:49 3603480 mum utils.py:218] Training  [ 2100/60000]  eta: 1 day, 18:14:14  loss: 0.4127 (0.5348)  grad: 0.8486 (1.1924)  batch_size: 10.0000 (10.0000)  lr: 0.0000 (0.0000)  time: 4.038378  data: 0.000780  max mem: 11921
I20260820 07:48:08 3603480 mum utils.py:218] Training  [ 2150/60000]  eta: 1 day, 18:42:01  loss: 0.4152 (0.5322)  grad: 0.5142 (1.1792)  batch_size: 10.0000 (10.0000)  lr: 0.0000 (0.0000)  time: 3.938846  data: 0.000451  max mem: 11921
I20260820 07:51:27 3603480 mum utils.py:218] Training  [ 2200/60000]  eta: 1 day, 19:08:51  loss: 0.4267 (0.5299)  grad: 0.6475 (1.1675)  batch_size: 10.0000 (10.0000)  lr: 0.0000 (0.0000)  time: 4.052627  data: 0.000438  max mem: 11921
I20260820 07:54:45 3603480 mum utils.py:218] Training  [ 2250/60000]  eta: 1 day, 19:34:01  loss: 0.4131 (0.5275)  grad: 0.6077 (1.1571)  batch_size: 10.0000 (10.0000)  lr: 0.0000 (0.0000)  time: 3.972586  data: 0.000390  max mem: 11921
I20260820 07:58:03 3603480 mum utils.py:218] Training  [ 2300/60000]  eta: 1 day, 19:57:40  loss: 0.4115 (0.5251)  grad: 0.6318 (1.1466)  batch_size: 10.0000 (10.0000)  lr: 0.0000 (0.0000)  time: 3.990205  data: 0.000463  max mem: 11921
I20260820 08:01:22 3603480 mum utils.py:218] Training  [ 2350/60000]  eta: 1 day, 20:20:44  loss: 0.4110 (0.5230)  grad: 0.6781 (1.1366)  batch_size: 10.0000 (10.0000)  lr: 0.0000 (0.0000)  time: 3.910783  data: 0.000369  max mem: 11921
I20260820 08:04:44 3603480 mum utils.py:218] Training  [ 2400/60000]  eta: 1 day, 20:43:38  loss: 0.4143 (0.5205)  grad: 0.4789 (1.1258)  batch_size: 10.0000 (10.0000)  lr: 0.0000 (0.0000)  time: 4.144409  data: 0.000389  max mem: 11921
I20260820 08:08:05 3603480 mum utils.py:218] Training  [ 2450/60000]  eta: 1 day, 21:05:22  loss: 0.4099 (0.5184)  grad: 0.5680 (1.1150)  batch_size: 10.0000 (10.0000)  lr: 0.0000 (0.0000)  time: 3.989892  data: 0.000407  max mem: 11921
I20260820 08:11:27 3603480 mum utils.py:218] Training  [ 2500/60000]  eta: 1 day, 21:26:11  loss: 0.4096 (0.5163)  grad: 0.5388 (1.1049)  batch_size: 10.0000 (10.0000)  lr: 0.0000 (0.0000)  time: 4.133428  data: 0.000467  max mem: 11921
I20260820 08:14:44 3603480 mum utils.py:218] Training  [ 2550/60000]  eta: 1 day, 21:44:35  loss: 0.4030 (0.5142)  grad: 0.6317 (1.0976)  batch_size: 10.0000 (10.0000)  lr: 0.0000 (0.0000)  time: 3.823368  data: 0.000392  max mem: 11921
I20260820 08:18:08 3603480 mum utils.py:218] Training  [ 2600/60000]  eta: 1 day, 22:04:23  loss: 0.3925 (0.5120)  grad: 0.6125 (1.0873)  batch_size: 10.0000 (10.0000)  lr: 0.0000 (0.0000)  time: 4.156964  data: 0.000378  max mem: 11921
I20260820 08:21:26 3603480 mum utils.py:218] Training  [ 2650/60000]  eta: 1 day, 22:21:26  loss: 0.4134 (0.5099)  grad: 0.5207 (1.0773)  batch_size: 10.0000 (10.0000)  lr: 0.0000 (0.0000)  time: 3.848407  data: 0.001006  max mem: 11921
I20260820 08:24:50 3603480 mum utils.py:218] Training  [ 2700/60000]  eta: 1 day, 22:39:46  loss: 0.4153 (0.5080)  grad: 0.4444 (1.0675)  batch_size: 10.0000 (10.0000)  lr: 0.0000 (0.0000)  time: 4.151370  data: 0.000376  max mem: 11921
I20260820 08:28:08 3603480 mum utils.py:218] Training  [ 2750/60000]  eta: 1 day, 22:54:58  loss: 0.4139 (0.5062)  grad: 0.5815 (1.0597)  batch_size: 10.0000 (10.0000)  lr: 0.0000 (0.0000)  time: 3.805839  data: 0.000463  max mem: 11921
I20260820 08:31:32 3603480 mum utils.py:218] Training  [ 2800/60000]  eta: 1 day, 23:11:37  loss: 0.3914 (0.5043)  grad: 0.5139 (1.0509)  batch_size: 10.0000 (10.0000)  lr: 0.0000 (0.0000)  time: 4.139295  data: 0.000394  max mem: 11921
I20260820 08:34:45 3603480 mum utils.py:218] Training  [ 2850/60000]  eta: 1 day, 23:24:12  loss: 0.3996 (0.5026)  grad: 0.6168 (1.0434)  batch_size: 10.0000 (10.0000)  lr: 0.0000 (0.0000)  time: 3.836324  data: 0.000416  max mem: 11921
I20260820 08:38:04 3603480 mum utils.py:218] Training  [ 2900/60000]  eta: 1 day, 23:38:05  loss: 0.3951 (0.5009)  grad: 0.4801 (1.0352)  batch_size: 10.0000 (10.0000)  lr: 0.0000 (0.0000)  time: 4.050274  data: 0.000413  max mem: 11921
I20260820 08:41:18 3603480 mum utils.py:218] Training  [ 2950/60000]  eta: 1 day, 23:49:31  loss: 0.3815 (0.4990)  grad: 0.3873 (1.0273)  batch_size: 10.0000 (10.0000)  lr: 0.0000 (0.0000)  time: 3.708827  data: 0.000437  max mem: 11921
I20260820 08:44:35 3603480 mum utils.py:218] Training  [ 3000/60000]  eta: 2 days, 0:01:31  loss: 0.3811 (0.4974)  grad: 0.5188 (1.0184)  batch_size: 10.0000 (10.0000)  lr: 0.0000 (0.0000)  time: 4.031092  data: 0.000528  max mem: 11921
I20260820 08:47:51 3603480 mum utils.py:218] Training  [ 3050/60000]  eta: 2 days, 0:12:54  loss: 0.4086 (0.4959)  grad: 0.4959 (1.0114)  batch_size: 10.0000 (10.0000)  lr: 0.0000 (0.0000)  time: 3.896856  data: 0.000445  max mem: 11921
I20260820 08:51:03 3603480 mum utils.py:218] Training  [ 3100/60000]  eta: 2 days, 0:22:28  loss: 0.4062 (0.4943)  grad: 0.4926 (1.0039)  batch_size: 10.0000 (10.0000)  lr: 0.0000 (0.0000)  time: 3.850108  data: 0.000399  max mem: 11921
I20260820 08:54:19 3603480 mum utils.py:218] Training  [ 3150/60000]  eta: 2 days, 0:32:56  loss: 0.3928 (0.4926)  grad: 0.5023 (0.9959)  batch_size: 10.0000 (10.0000)  lr: 0.0000 (0.0000)  time: 3.914548  data: 0.000406  max mem: 11921
I20260820 08:57:33 3603480 mum utils.py:218] Training  [ 3200/60000]  eta: 2 days, 0:42:18  loss: 0.3869 (0.4911)  grad: 0.4120 (0.9878)  batch_size: 10.0000 (10.0000)  lr: 0.0000 (0.0000)  time: 3.869560  data: 0.000407  max mem: 11921
I20260820 09:00:52 3603480 mum utils.py:218] Training  [ 3250/60000]  eta: 2 days, 0:52:33  loss: 0.4011 (0.4897)  grad: 0.4493 (0.9807)  batch_size: 10.0000 (10.0000)  lr: 0.0000 (0.0000)  time: 4.060985  data: 0.000422  max mem: 11921
I20260820 09:04:02 3603480 mum utils.py:218] Training  [ 3300/60000]  eta: 2 days, 1:00:07  loss: 0.3690 (0.4881)  grad: 0.3228 (0.9728)  batch_size: 10.0000 (10.0000)  lr: 0.0000 (0.0000)  time: 3.652272  data: 0.000444  max mem: 11921
I20260820 09:07:22 3603480 mum utils.py:218] Training  [ 3350/60000]  eta: 2 days, 1:10:02  loss: 0.3948 (0.4866)  grad: 0.4668 (0.9658)  batch_size: 10.0000 (10.0000)  lr: 0.0000 (0.0000)  time: 4.056652  data: 0.000427  max mem: 11921
I20260820 09:10:37 3603480 mum utils.py:218] Training  [ 3400/60000]  eta: 2 days, 1:18:01  loss: 0.3785 (0.4852)  grad: 0.5466 (0.9601)  batch_size: 10.0000 (10.0000)  lr: 0.0000 (0.0000)  time: 3.826426  data: 0.000415  max mem: 11921
I20260820 09:13:53 3603480 mum utils.py:218] Training  [ 3450/60000]  eta: 2 days, 1:26:17  loss: 0.3987 (0.4840)  grad: 0.4628 (0.9533)  batch_size: 10.0000 (10.0000)  lr: 0.0000 (0.0000)  time: 3.994794  data: 0.000450  max mem: 11921
I20260820 09:17:07 3603480 mum utils.py:218] Training  [ 3500/60000]  eta: 2 days, 1:33:23  loss: 0.3849 (0.4826)  grad: 0.4301 (0.9461)  batch_size: 10.0000 (10.0000)  lr: 0.0000 (0.0000)  time: 3.757409  data: 0.000382  max mem: 11921
I20260820 09:20:23 3603480 mum utils.py:218] Training  [ 3550/60000]  eta: 2 days, 1:40:58  loss: 0.3838 (0.4814)  grad: 0.4141 (0.9391)  batch_size: 10.0000 (10.0000)  lr: 0.0000 (0.0000)  time: 3.972994  data: 0.000374  max mem: 11921
I20260820 09:23:42 3603480 mum utils.py:218] Training  [ 3600/60000]  eta: 2 days, 1:48:49  loss: 0.4185 (0.4802)  grad: 0.3960 (0.9327)  batch_size: 10.0000 (10.0000)  lr: 0.0000 (0.0000)  time: 4.057595  data: 0.000761  max mem: 11921
I20260820 09:26:54 3603480 mum utils.py:218] Training  [ 3650/60000]  eta: 2 days, 1:54:43  loss: 0.3846 (0.4789)  grad: 0.4765 (0.9258)  batch_size: 10.0000 (10.0000)  lr: 0.0000 (0.0000)  time: 3.772044  data: 0.000397  max mem: 11921
I20260820 09:30:11 3603480 mum utils.py:218] Training  [ 3700/60000]  eta: 2 days, 2:01:39  loss: 0.3822 (0.4777)  grad: 0.4441 (0.9204)  batch_size: 10.0000 (10.0000)  lr: 0.0000 (0.0000)  time: 3.940132  data: 0.000480  max mem: 11921
I20260820 09:33:26 3603480 mum utils.py:218] Training  [ 3750/60000]  eta: 2 days, 2:07:49  loss: 0.3930 (0.4765)  grad: 0.3563 (0.9137)  batch_size: 10.0000 (10.0000)  lr: 0.0000 (0.0000)  time: 3.915922  data: 0.000386  max mem: 11921
I20260820 09:36:45 3603480 mum utils.py:218] Training  [ 3800/60000]  eta: 2 days, 2:14:37  loss: 0.4061 (0.4755)  grad: 0.3665 (0.9080)  batch_size: 10.0000 (10.0000)  lr: 0.0000 (0.0000)  time: 4.085078  data: 0.000391  max mem: 11921
I20260820 09:39:58 3603480 mum utils.py:218] Training  [ 3850/60000]  eta: 2 days, 2:19:34  loss: 0.3859 (0.4743)  grad: 0.4352 (0.9020)  batch_size: 10.0000 (10.0000)  lr: 0.0000 (0.0000)  time: 3.691723  data: 0.000411  max mem: 11921
I20260820 09:43:18 3603480 mum utils.py:218] Training  [ 3900/60000]  eta: 2 days, 2:26:09  loss: 0.3825 (0.4731)  grad: 0.4039 (0.8961)  batch_size: 10.0000 (10.0000)  lr: 0.0000 (0.0000)  time: 4.088435  data: 0.000420  max mem: 11921
I20260820 09:46:33 3603480 mum utils.py:218] Training  [ 3950/60000]  eta: 2 days, 2:31:26  loss: 0.3790 (0.4721)  grad: 0.4313 (0.8905)  batch_size: 10.0000 (10.0000)  lr: 0.0000 (0.0000)  time: 3.929976  data: 0.000434  max mem: 11921
I20260820 09:49:48 3603480 mum utils.py:218] Training  [ 4000/60000]  eta: 2 days, 2:36:18  loss: 0.3920 (0.4711)  grad: 0.3745 (0.8849)  batch_size: 10.0000 (10.0000)  lr: 0.0000 (0.0000)  time: 3.880940  data: 0.000416  max mem: 11921
I20260820 09:53:02 3603480 mum utils.py:218] Training  [ 4050/60000]  eta: 2 days, 2:40:53  loss: 0.3759 (0.4700)  grad: 0.3563 (0.8790)  batch_size: 10.0000 (10.0000)  lr: 0.0000 (0.0000)  time: 3.750626  data: 0.000383  max mem: 11921
I20260820 09:56:20 3603480 mum utils.py:218] Training  [ 4100/60000]  eta: 2 days, 2:45:59  loss: 0.3715 (0.4689)  grad: 0.4903 (0.8744)  batch_size: 10.0000 (10.0000)  lr: 0.0000 (0.0000)  time: 3.965871  data: 0.000427  max mem: 11921
I20260820 09:59:38 3603480 mum utils.py:218] Training  [ 4150/60000]  eta: 2 days, 2:51:03  loss: 0.3717 (0.4678)  grad: 0.3382 (0.8685)  batch_size: 10.0000 (10.0000)  lr: 0.0000 (0.0000)  time: 4.100884  data: 0.000458  max mem: 11921
I20260820 10:02:51 3603480 mum utils.py:218] Training  [ 4200/60000]  eta: 2 days, 2:54:40  loss: 0.3718 (0.4668)  grad: 0.3389 (0.8630)  batch_size: 10.0000 (10.0000)  lr: 0.0000 (0.0000)  time: 3.710353  data: 0.000388  max mem: 11921
I20260820 10:06:09 3603480 mum utils.py:218] Training  [ 4250/60000]  eta: 2 days, 2:59:19  loss: 0.3855 (0.4659)  grad: 0.4079 (0.8578)  batch_size: 10.0000 (10.0000)  lr: 0.0000 (0.0000)  time: 3.943412  data: 0.000437  max mem: 11921
I20260820 10:09:25 3603480 mum utils.py:218] Training  [ 4300/60000]  eta: 2 days, 3:03:24  loss: 0.3750 (0.4649)  grad: 0.3744 (0.8533)  batch_size: 10.0000 (10.0000)  lr: 0.0000 (0.0000)  time: 3.978008  data: 0.000478  max mem: 11921
I20260820 10:12:41 3603480 mum utils.py:218] Training  [ 4350/60000]  eta: 2 days, 3:07:20  loss: 0.3951 (0.4639)  grad: 0.4754 (0.8482)  batch_size: 10.0000 (10.0000)  lr: 0.0000 (0.0000)  time: 3.962100  data: 0.000440  max mem: 11921
I20260820 10:15:54 3603480 mum utils.py:218] Training  [ 4400/60000]  eta: 2 days, 3:10:22  loss: 0.3733 (0.4629)  grad: 0.3572 (0.8433)  batch_size: 10.0000 (10.0000)  lr: 0.0000 (0.0000)  time: 3.687769  data: 0.000440  max mem: 11921
I20260820 10:19:13 3603480 mum utils.py:218] Training  [ 4450/60000]  eta: 2 days, 3:14:28  loss: 0.3791 (0.4620)  grad: 0.3446 (0.8379)  batch_size: 10.0000 (10.0000)  lr: 0.0000 (0.0000)  time: 4.054374  data: 0.000393  max mem: 11921
I20260820 10:22:33 3603480 mum utils.py:218] Training  [ 4500/60000]  eta: 2 days, 3:18:44  loss: 0.3727 (0.4612)  grad: 0.4047 (0.8331)  batch_size: 10.0000 (10.0000)  lr: 0.0000 (0.0000)  time: 4.062957  data: 0.000444  max mem: 11921
I20260820 10:25:46 3603480 mum utils.py:218] Training  [ 4550/60000]  eta: 2 days, 3:21:19  loss: 0.3946 (0.4603)  grad: 0.3290 (0.8281)  batch_size: 10.0000 (10.0000)  lr: 0.0000 (0.0000)  time: 3.790735  data: 0.000403  max mem: 11921
I20260820 10:28:59 3603480 mum utils.py:218] Training  [ 4600/60000]  eta: 2 days, 3:23:56  loss: 0.3922 (0.4594)  grad: 0.3250 (0.8235)  batch_size: 10.0000 (10.0000)  lr: 0.0000 (0.0000)  time: 3.751228  data: 0.000428  max mem: 11921
I20260820 10:32:17 3603480 mum utils.py:218] Training  [ 4650/60000]  eta: 2 days, 3:27:19  loss: 0.3791 (0.4586)  grad: 0.3787 (0.8199)  batch_size: 10.0000 (10.0000)  lr: 0.0000 (0.0000)  time: 4.074126  data: 0.000396  max mem: 11921
I20260820 10:35:36 3603480 mum utils.py:218] Training  [ 4700/60000]  eta: 2 days, 3:30:34  loss: 0.3743 (0.4577)  grad: 0.4112 (0.8172)  batch_size: 10.0000 (10.0000)  lr: 0.0000 (0.0000)  time: 4.069239  data: 0.000405  max mem: 11921
I20260820 10:38:49 3603480 mum utils.py:218] Training  [ 4750/60000]  eta: 2 days, 3:32:43  loss: 0.3870 (0.4569)  grad: 0.3432 (0.8127)  batch_size: 10.0000 (10.0000)  lr: 0.0000 (0.0000)  time: 3.705201  data: 0.000426  max mem: 11921
I20260820 10:42:04 3603480 mum utils.py:218] Training  [ 4800/60000]  eta: 2 days, 3:35:05  loss: 0.3850 (0.4560)  grad: 0.3266 (0.8077)  batch_size: 10.0000 (10.0000)  lr: 0.0000 (0.0000)  time: 3.870595  data: 0.000424  max mem: 11921
I20260820 10:45:23 3603480 mum utils.py:218] Training  [ 4850/60000]  eta: 2 days, 3:38:11  loss: 0.3772 (0.4551)  grad: 0.3488 (0.8036)  batch_size: 10.0000 (10.0000)  lr: 0.0000 (0.0000)  time: 4.205768  data: 0.000414  max mem: 11921
I20260820 10:48:34 3603480 mum utils.py:218] Training  [ 4900/60000]  eta: 2 days, 3:39:32  loss: 0.3741 (0.4544)  grad: 0.3205 (0.7986)  batch_size: 10.0000 (10.0000)  lr: 0.0000 (0.0000)  time: 3.692490  data: 0.000391  max mem: 11921
I20260820 10:51:47 3603480 mum utils.py:218] Training  [ 4950/60000]  eta: 2 days, 3:41:13  loss: 0.3658 (0.4534)  grad: 0.3753 (0.7944)  batch_size: 10.0000 (10.0000)  lr: 0.0000 (0.0000)  time: 3.762444  data: 0.000381  max mem: 11921
I20260820 10:55:08 3603480 mum utils.py:218] Training  [ 5000/60000]  eta: 2 days, 3:44:16  loss: 0.3708 (0.4526)  grad: 0.3495 (0.7901)  batch_size: 10.0000 (10.0000)  lr: 0.0000 (0.0000)  time: 4.126953  data: 0.000444  max mem: 11921
I20260820 10:58:28 3603480 mum utils.py:218] Training  [ 5050/60000]  eta: 2 days, 3:47:00  loss: 0.3691 (0.4518)  grad: 0.3547 (0.7867)  batch_size: 10.0000 (10.0000)  lr: 0.0000 (0.0000)  time: 4.076245  data: 0.000385  max mem: 11921
I20260820 11:01:40 3603480 mum utils.py:218] Training  [ 5100/60000]  eta: 2 days, 3:48:13  loss: 0.3694 (0.4511)  grad: 0.3543 (0.7826)  batch_size: 10.0000 (10.0000)  lr: 0.0000 (0.0000)  time: 3.687061  data: 0.000468  max mem: 11921
I20260820 11:04:53 3603480 mum utils.py:218] Training  [ 5150/60000]  eta: 2 days, 3:49:36  loss: 0.3739 (0.4503)  grad: 0.3784 (0.7791)  batch_size: 10.0000 (10.0000)  lr: 0.0000 (0.0000)  time: 3.794471  data: 0.000398  max mem: 11921
I20260820 11:08:16 3603480 mum utils.py:218] Training  [ 5200/60000]  eta: 2 days, 3:52:24  loss: 0.3883 (0.4497)  grad: 0.3020 (0.7751)  batch_size: 10.0000 (10.0000)  lr: 0.0000 (0.0000)  time: 4.238723  data: 0.000407  max mem: 11921
I20260820 11:11:32 3603480 mum utils.py:218] Training  [ 5250/60000]  eta: 2 days, 3:54:04  loss: 0.3682 (0.4489)  grad: 0.3474 (0.7713)  batch_size: 10.0000 (10.0000)  lr: 0.0000 (0.0000)  time: 3.953430  data: 0.000473  max mem: 11921
I20260820 11:14:44 3603480 mum utils.py:218] Training  [ 5300/60000]  eta: 2 days, 3:54:52  loss: 0.3770 (0.4482)  grad: 0.3867 (0.7677)  batch_size: 10.0000 (10.0000)  lr: 0.0000 (0.0000)  time: 3.693813  data: 0.000390  max mem: 11921
I20260820 11:18:01 3603480 mum utils.py:218] Training  [ 5350/60000]  eta: 2 days, 3:56:30  loss: 0.3410 (0.4475)  grad: 0.2838 (0.7636)  batch_size: 10.0000 (10.0000)  lr: 0.0000 (0.0000)  time: 3.942897  data: 0.000391  max mem: 11921
I20260820 11:21:24 3603480 mum utils.py:218] Training  [ 5400/60000]  eta: 2 days, 3:58:59  loss: 0.3599 (0.4468)  grad: 0.3285 (0.7597)  batch_size: 10.0000 (10.0000)  lr: 0.0000 (0.0000)  time: 4.298486  data: 0.000357  max mem: 11921
I20260820 11:24:37 3603480 mum utils.py:218] Training  [ 5450/60000]  eta: 2 days, 3:59:49  loss: 0.3659 (0.4461)  grad: 0.3162 (0.7559)  batch_size: 10.0000 (10.0000)  lr: 0.0000 (0.0000)  time: 3.803735  data: 0.000365  max mem: 11921
I20260820 11:27:49 3603480 mum utils.py:218] Training  [ 5500/60000]  eta: 2 days, 4:00:16  loss: 0.3692 (0.4454)  grad: 0.3374 (0.7522)  batch_size: 10.0000 (10.0000)  lr: 0.0000 (0.0000)  time: 3.701195  data: 0.000410  max mem: 11921
I20260820 11:31:09 3603480 mum utils.py:218] Training  [ 5550/60000]  eta: 2 days, 4:02:05  loss: 0.3642 (0.4448)  grad: 0.3778 (0.7488)  batch_size: 10.0000 (10.0000)  lr: 0.0000 (0.0000)  time: 4.088138  data: 0.000500  max mem: 11921
I20260820 11:34:29 3603480 mum utils.py:218] Training  [ 5600/60000]  eta: 2 days, 4:03:38  loss: 0.3618 (0.4441)  grad: 0.2929 (0.7451)  batch_size: 10.0000 (10.0000)  lr: 0.0000 (0.0000)  time: 4.111571  data: 0.000397  max mem: 11921
I20260820 11:37:39 3603480 mum utils.py:218] Training  [ 5650/60000]  eta: 2 days, 4:03:37  loss: 0.3663 (0.4434)  grad: 0.3058 (0.7419)  batch_size: 10.0000 (10.0000)  lr: 0.0000 (0.0000)  time: 3.608384  data: 0.000402  max mem: 11921
I20260820 11:40:46 3603480 mum utils.py:218] Training  [ 5700/60000]  eta: 2 days, 4:03:11  loss: 0.3841 (0.4427)  grad: 0.3588 (0.7385)  batch_size: 10.0000 (10.0000)  lr: 0.0000 (0.0000)  time: 3.727720  data: 0.000451  max mem: 11921
I20260820 11:44:05 3603480 mum utils.py:218] Training  [ 5750/60000]  eta: 2 days, 4:04:20  loss: 0.3834 (0.4421)  grad: 0.4224 (0.7354)  batch_size: 10.0000 (10.0000)  lr: 0.0000 (0.0000)  time: 4.209771  data: 0.000376  max mem: 11921
I20260820 11:47:11 3603480 mum utils.py:218] Training  [ 5800/60000]  eta: 2 days, 4:03:37  loss: 0.3743 (0.4415)  grad: 0.3294 (0.7321)  batch_size: 10.0000 (10.0000)  lr: 0.0000 (0.0000)  time: 3.653554  data: 0.000384  max mem: 11921
I20260820 11:50:26 3603480 mum utils.py:218] Training  [ 5850/60000]  eta: 2 days, 4:04:06  loss: 0.3507 (0.4409)  grad: 0.2760 (0.7288)  batch_size: 10.0000 (10.0000)  lr: 0.0000 (0.0000)  time: 3.873711  data: 0.000392  max mem: 11921
I20260820 11:53:48 3603480 mum utils.py:218] Training  [ 5900/60000]  eta: 2 days, 4:05:38  loss: 0.3776 (0.4403)  grad: 0.3067 (0.7253)  batch_size: 10.0000 (10.0000)  lr: 0.0000 (0.0000)  time: 4.261744  data: 0.000409  max mem: 11921
I20260820 11:57:00 3603480 mum utils.py:218] Training  [ 5950/60000]  eta: 2 days, 4:05:34  loss: 0.3667 (0.4398)  grad: 0.2930 (0.7219)  batch_size: 10.0000 (10.0000)  lr: 0.0000 (0.0000)  time: 3.714841  data: 0.000409  max mem: 11921
Building dynamic dataloader with seed: 42
Randomly sampling [3, 3] frames
TravelUAVDataset (val): 767 scenes, 39921 frames (total 15348 scenes, split_ratio=0.95).
ComposedDataset created from 1 datasets: ['TravelUAVDataset:DATA_DIR=/data2/student1_ly/datasets/OpenUAV-QA/TravelUAV_dataset:SPLIT=val']
[step 6000] val loss: 0.3774
I20260820 12:00:47 3603480 mum utils.py:218] Training  [ 6000/60000]  eta: 2 days, 4:10:45  loss: 0.3569 (0.4392)  grad: 0.3230 (0.7188)  batch_size: 10.0000 (10.0000)  lr: 0.0000 (0.0000)  time: 5.482742  data: 0.000401  max mem: 11921
I20260820 12:03:58 3603480 mum utils.py:218] Training  [ 6050/60000]  eta: 2 days, 4:10:22  loss: 0.3703 (0.4386)  grad: 0.3193 (0.7155)  batch_size: 10.0000 (10.0000)  lr: 0.0000 (0.0000)  time: 3.643480  data: 0.000408  max mem: 11921
I20260820 12:07:18 3603480 mum utils.py:218] Training  [ 6100/60000]  eta: 2 days, 4:11:14  loss: 0.3611 (0.4380)  grad: 0.2760 (0.7122)  batch_size: 10.0000 (10.0000)  lr: 0.0000 (0.0000)  time: 4.066350  data: 0.000521  max mem: 11921
I20260820 12:10:37 3603480 mum utils.py:218] Training  [ 6150/60000]  eta: 2 days, 4:11:59  loss: 0.3741 (0.4375)  grad: 0.2507 (0.7088)  batch_size: 10.0000 (10.0000)  lr: 0.0000 (0.0000)  time: 4.138353  data: 0.000387  max mem: 11921
I20260820 12:13:49 3603480 mum utils.py:218] Training  [ 6200/60000]  eta: 2 days, 4:11:32  loss: 0.3540 (0.4369)  grad: 0.3097 (0.7058)  batch_size: 10.0000 (10.0000)  lr: 0.0000 (0.0000)  time: 3.658917  data: 0.000484  max mem: 11921
I20260820 12:16:57 3603480 mum utils.py:218] Training  [ 6250/60000]  eta: 2 days, 4:10:39  loss: 0.3618 (0.4363)  grad: 0.3361 (0.7032)  batch_size: 10.0000 (10.0000)  lr: 0.0000 (0.0000)  time: 3.499154  data: 0.000477  max mem: 11921
I20260820 12:20:21 3603480 mum utils.py:218] Training  [ 6300/60000]  eta: 2 days, 4:11:54  loss: 0.3561 (0.4357)  grad: 0.2596 (0.7000)  batch_size: 10.0000 (10.0000)  lr: 0.0000 (0.0000)  time: 4.352328  data: 0.000391  max mem: 11921
I20260820 12:23:32 3603480 mum utils.py:218] Training  [ 6350/60000]  eta: 2 days, 4:11:13  loss: 0.3683 (0.4351)  grad: 0.3130 (0.6972)  batch_size: 10.0000 (10.0000)  lr: 0.0000 (0.0000)  time: 3.654155  data: 0.000415  max mem: 11921
I20260820 12:26:44 3603480 mum utils.py:218] Training  [ 6400/60000]  eta: 2 days, 4:10:37  loss: 0.3582 (0.4346)  grad: 0.3119 (0.6949)  batch_size: 10.0000 (10.0000)  lr: 0.0000 (0.0000)  time: 3.689658  data: 0.000371  max mem: 11921
I20260820 12:30:07 3603480 mum utils.py:218] Training  [ 6450/60000]  eta: 2 days, 4:11:36  loss: 0.3485 (0.4340)  grad: 0.2646 (0.6918)  batch_size: 10.0000 (10.0000)  lr: 0.0000 (0.0000)  time: 4.271688  data: 0.000480  max mem: 11921
I20260820 12:33:22 3603480 mum utils.py:218] Training  [ 6500/60000]  eta: 2 days, 4:11:21  loss: 0.3681 (0.4335)  grad: 0.3130 (0.6891)  batch_size: 10.0000 (10.0000)  lr: 0.0000 (0.0000)  time: 3.880300  data: 0.000425  max mem: 11921
I20260820 12:36:31 3603480 mum utils.py:218] Training  [ 6550/60000]  eta: 2 days, 4:10:14  loss: 0.3487 (0.4329)  grad: 0.2726 (0.6861)  batch_size: 10.0000 (10.0000)  lr: 0.0000 (0.0000)  time: 3.696595  data: 0.000412  max mem: 11921
I20260820 12:39:50 3603480 mum utils.py:218] Training  [ 6600/60000]  eta: 2 days, 4:10:25  loss: 0.3514 (0.4324)  grad: 0.3180 (0.6839)  batch_size: 10.0000 (10.0000)  lr: 0.0000 (0.0000)  time: 4.084082  data: 0.000506  max mem: 11921
I20260820 12:43:09 3603480 mum utils.py:218] Training  [ 6650/60000]  eta: 2 days, 4:10:33  loss: 0.3621 (0.4319)  grad: 0.2729 (0.6810)  batch_size: 10.0000 (10.0000)  lr: 0.0000 (0.0000)  time: 4.107526  data: 0.000442  max mem: 11921
I20260820 12:46:18 3603480 mum utils.py:218] Training  [ 6700/60000]  eta: 2 days, 4:09:26  loss: 0.3582 (0.4314)  grad: 0.2839 (0.6782)  batch_size: 10.0000 (10.0000)  lr: 0.0000 (0.0000)  time: 3.677043  data: 0.000455  max mem: 11921
I20260820 12:49:33 3603480 mum utils.py:218] Training  [ 6750/60000]  eta: 2 days, 4:08:58  loss: 0.3720 (0.4309)  grad: 0.2930 (0.6755)  batch_size: 10.0000 (10.0000)  lr: 0.0000 (0.0000)  time: 3.837802  data: 0.000455  max mem: 11921
I20260820 12:52:55 3603480 mum utils.py:218] Training  [ 6800/60000]  eta: 2 days, 4:09:20  loss: 0.3548 (0.4304)  grad: 0.2690 (0.6730)  batch_size: 10.0000 (10.0000)  lr: 0.0000 (0.0000)  time: 4.201064  data: 0.000432  max mem: 11921
I20260820 12:56:05 3603480 mum utils.py:218] Training  [ 6850/60000]  eta: 2 days, 4:08:09  loss: 0.3661 (0.4299)  grad: 0.2741 (0.6703)  batch_size: 10.0000 (10.0000)  lr: 0.0000 (0.0000)  time: 3.685947  data: 0.000457  max mem: 11921
I20260820 12:59:18 3603480 mum utils.py:218] Training  [ 6900/60000]  eta: 2 days, 4:07:14  loss: 0.3516 (0.4294)  grad: 0.2626 (0.6682)  batch_size: 10.0000 (10.0000)  lr: 0.0000 (0.0000)  time: 3.766261  data: 0.000538  max mem: 11921
I20260820 13:02:41 3603480 mum utils.py:218] Training  [ 6950/60000]  eta: 2 days, 4:07:44  loss: 0.3721 (0.4289)  grad: 0.3237 (0.6657)  batch_size: 10.0000 (10.0000)  lr: 0.0000 (0.0000)  time: 4.373289  data: 0.000512  max mem: 11921
I20260820 13:05:52 3603480 mum utils.py:218] Training  [ 7000/60000]  eta: 2 days, 4:06:30  loss: 0.3780 (0.4286)  grad: 0.2521 (0.6630)  batch_size: 10.0000 (10.0000)  lr: 0.0000 (0.0000)  time: 3.745497  data: 0.000394  max mem: 11921
I20260820 13:09:04 3603480 mum utils.py:218] Training  [ 7050/60000]  eta: 2 days, 4:05:29  loss: 0.3524 (0.4281)  grad: 0.2717 (0.6604)  batch_size: 10.0000 (10.0000)  lr: 0.0000 (0.0000)  time: 3.712407  data: 0.000474  max mem: 11921
I20260820 13:12:24 3603480 mum utils.py:218] Training  [ 7100/60000]  eta: 2 days, 4:05:19  loss: 0.3807 (0.4277)  grad: 0.2619 (0.6580)  batch_size: 10.0000 (10.0000)  lr: 0.0000 (0.0000)  time: 4.078251  data: 0.000381  max mem: 11921
I20260820 13:15:42 3603480 mum utils.py:218] Training  [ 7150/60000]  eta: 2 days, 4:04:58  loss: 0.3611 (0.4273)  grad: 0.2903 (0.6557)  batch_size: 10.0000 (10.0000)  lr: 0.0000 (0.0000)  time: 4.099462  data: 0.000392  max mem: 11921
I20260820 13:18:53 3603480 mum utils.py:218] Training  [ 7200/60000]  eta: 2 days, 4:03:38  loss: 0.3610 (0.4268)  grad: 0.3870 (0.6542)  batch_size: 10.0000 (10.0000)  lr: 0.0000 (0.0000)  time: 3.656285  data: 0.000403  max mem: 11921
I20260820 13:22:07 3603480 mum utils.py:218] Training  [ 7250/60000]  eta: 2 days, 4:02:43  loss: 0.3855 (0.4264)  grad: 0.2468 (0.6516)  batch_size: 10.0000 (10.0000)  lr: 0.0000 (0.0000)  time: 3.845599  data: 0.000431  max mem: 11921
I20260820 13:25:29 3603480 mum utils.py:218] Training  [ 7300/60000]  eta: 2 days, 4:02:40  loss: 0.3419 (0.4259)  grad: 0.3029 (0.6494)  batch_size: 10.0000 (10.0000)  lr: 0.0000 (0.0000)  time: 4.255065  data: 0.000457  max mem: 11921
I20260820 13:28:40 3603480 mum utils.py:218] Training  [ 7350/60000]  eta: 2 days, 4:01:20  loss: 0.3353 (0.4255)  grad: 0.2636 (0.6470)  batch_size: 10.0000 (10.0000)  lr: 0.0000 (0.0000)  time: 3.748235  data: 0.000400  max mem: 11921
I20260820 13:31:48 3603480 mum utils.py:218] Training  [ 7400/60000]  eta: 2 days, 3:59:32  loss: 0.3759 (0.4250)  grad: 0.2712 (0.6446)  batch_size: 10.0000 (10.0000)  lr: 0.0000 (0.0000)  time: 3.581390  data: 0.000442  max mem: 11921
I20260820 13:35:09 3603480 mum utils.py:218] Training  [ 7450/60000]  eta: 2 days, 3:59:20  loss: 0.3631 (0.4246)  grad: 0.2693 (0.6424)  batch_size: 10.0000 (10.0000)  lr: 0.0000 (0.0000)  time: 4.130804  data: 0.000402  max mem: 11921
I20260820 13:38:28 3603480 mum utils.py:218] Training  [ 7500/60000]  eta: 2 days, 3:58:46  loss: 0.3682 (0.4242)  grad: 0.3399 (0.6424)  batch_size: 10.0000 (10.0000)  lr: 0.0000 (0.0000)  time: 4.037889  data: 0.000475  max mem: 11921
I20260820 13:41:40 3603480 mum utils.py:218] Training  [ 7550/60000]  eta: 2 days, 3:57:21  loss: 0.3635 (0.4239)  grad: 0.2532 (0.6402)  batch_size: 10.0000 (10.0000)  lr: 0.0000 (0.0000)  time: 3.689029  data: 0.000397  max mem: 11921
I20260820 13:44:56 3603480 mum utils.py:218] Training  [ 7600/60000]  eta: 2 days, 3:56:27  loss: 0.3501 (0.4235)  grad: 0.2960 (0.6381)  batch_size: 10.0000 (10.0000)  lr: 0.0000 (0.0000)  time: 3.893407  data: 0.000391  max mem: 11921
I20260820 13:48:18 3603480 mum utils.py:218] Training  [ 7650/60000]  eta: 2 days, 3:56:07  loss: 0.3552 (0.4231)  grad: 0.2587 (0.6358)  batch_size: 10.0000 (10.0000)  lr: 0.0000 (0.0000)  time: 4.192715  data: 0.000411  max mem: 11921
I20260820 13:51:33 3603480 mum utils.py:218] Training  [ 7700/60000]  eta: 2 days, 3:55:00  loss: 0.3551 (0.4226)  grad: 0.2577 (0.6335)  batch_size: 10.0000 (10.0000)  lr: 0.0000 (0.0000)  time: 3.908469  data: 0.000484  max mem: 11921
I20260820 13:54:44 3603480 mum utils.py:218] Training  [ 7750/60000]  eta: 2 days, 3:53:25  loss: 0.3703 (0.4222)  grad: 0.2676 (0.6313)  batch_size: 10.0000 (10.0000)  lr: 0.0000 (0.0000)  time: 3.638280  data: 0.000390  max mem: 11921
I20260820 13:58:02 3603480 mum utils.py:218] Training  [ 7800/60000]  eta: 2 days, 3:52:37  loss: 0.3396 (0.4218)  grad: 0.2754 (0.6292)  batch_size: 10.0000 (10.0000)  lr: 0.0000 (0.0000)  time: 4.045934  data: 0.000476  max mem: 11921
I20260820 14:01:22 3603480 mum utils.py:218] Training  [ 7850/60000]  eta: 2 days, 3:52:00  loss: 0.3555 (0.4214)  grad: 0.2354 (0.6269)  batch_size: 10.0000 (10.0000)  lr: 0.0000 (0.0000)  time: 4.140932  data: 0.000457  max mem: 11921
I20260820 14:04:35 3603480 mum utils.py:218] Training  [ 7900/60000]  eta: 2 days, 3:50:29  loss: 0.3549 (0.4210)  grad: 0.2438 (0.6248)  batch_size: 10.0000 (10.0000)  lr: 0.0000 (0.0000)  time: 3.701418  data: 0.000457  max mem: 11921
I20260820 14:07:46 3603480 mum utils.py:218] Training  [ 7950/60000]  eta: 2 days, 3:48:54  loss: 0.3633 (0.4207)  grad: 0.2581 (0.6226)  batch_size: 10.0000 (10.0000)  lr: 0.0000 (0.0000)  time: 3.756444  data: 0.000400  max mem: 11921
I20260820 14:11:09 3603480 mum utils.py:218] Training  [ 8000/60000]  eta: 2 days, 3:48:27  loss: 0.3609 (0.4203)  grad: 0.2789 (0.6205)  batch_size: 10.0000 (10.0000)  lr: 0.0000 (0.0000)  time: 4.258027  data: 0.000447  max mem: 11921
I20260820 14:14:24 3603480 mum utils.py:218] Training  [ 8050/60000]  eta: 2 days, 3:47:09  loss: 0.3578 (0.4199)  grad: 0.2664 (0.6184)  batch_size: 10.0000 (10.0000)  lr: 0.0000 (0.0000)  time: 3.909070  data: 0.000431  max mem: 11921
I20260820 14:17:37 3603480 mum utils.py:218] Training  [ 8100/60000]  eta: 2 days, 3:45:37  loss: 0.3428 (0.4194)  grad: 0.2335 (0.6162)  batch_size: 10.0000 (10.0000)  lr: 0.0000 (0.0000)  time: 3.726706  data: 0.000404  max mem: 11921
I20260820 14:20:54 3603480 mum utils.py:218] Training  [ 8150/60000]  eta: 2 days, 3:44:25  loss: 0.3654 (0.4191)  grad: 0.2775 (0.6141)  batch_size: 10.0000 (10.0000)  lr: 0.0000 (0.0000)  time: 3.911737  data: 0.000432  max mem: 11921
I20260820 14:24:16 3603480 mum utils.py:218] Training  [ 8200/60000]  eta: 2 days, 3:43:48  loss: 0.3323 (0.4187)  grad: 0.2534 (0.6123)  batch_size: 10.0000 (10.0000)  lr: 0.0000 (0.0000)  time: 4.238994  data: 0.000414  max mem: 11921
I20260820 14:27:26 3603480 mum utils.py:218] Training  [ 8250/60000]  eta: 2 days, 3:41:51  loss: 0.3474 (0.4182)  grad: 0.2579 (0.6103)  batch_size: 10.0000 (10.0000)  lr: 0.0000 (0.0000)  time: 3.619734  data: 0.000480  max mem: 11921
I20260820 14:30:38 3603480 mum utils.py:218] Training  [ 8300/60000]  eta: 2 days, 3:40:08  loss: 0.3507 (0.4178)  grad: 0.2515 (0.6083)  batch_size: 10.0000 (10.0000)  lr: 0.0000 (0.0000)  time: 3.705974  data: 0.000413  max mem: 11921
I20260820 14:34:01 3603480 mum utils.py:218] Training  [ 8350/60000]  eta: 2 days, 3:39:30  loss: 0.3568 (0.4175)  grad: 0.2655 (0.6062)  batch_size: 10.0000 (10.0000)  lr: 0.0000 (0.0000)  time: 4.215811  data: 0.000449  max mem: 11921
I20260820 14:37:18 3603480 mum utils.py:218] Training  [ 8400/60000]  eta: 2 days, 3:38:15  loss: 0.3535 (0.4171)  grad: 0.3171 (0.6043)  batch_size: 10.0000 (10.0000)  lr: 0.0000 (0.0000)  time: 3.998736  data: 0.000366  max mem: 11921
I20260820 14:40:31 3603480 mum utils.py:218] Training  [ 8450/60000]  eta: 2 days, 3:36:35  loss: 0.3552 (0.4168)  grad: 0.2362 (0.6024)  batch_size: 10.0000 (10.0000)  lr: 0.0000 (0.0000)  time: 3.694326  data: 0.000367  max mem: 11921
I20260820 14:43:46 3603480 mum utils.py:218] Training  [ 8500/60000]  eta: 2 days, 3:35:02  loss: 0.3479 (0.4165)  grad: 0.2909 (0.6007)  batch_size: 10.0000 (10.0000)  lr: 0.0000 (0.0000)  time: 3.836704  data: 0.000477  max mem: 11921
I20260820 14:47:09 3603480 mum utils.py:218] Training  [ 8550/60000]  eta: 2 days, 3:34:18  loss: 0.3447 (0.4161)  grad: 0.2481 (0.5987)  batch_size: 10.0000 (10.0000)  lr: 0.0000 (0.0000)  time: 4.322757  data: 0.000425  max mem: 11921
I20260820 14:50:19 3603480 mum utils.py:218] Training  [ 8600/60000]  eta: 2 days, 3:32:17  loss: 0.3768 (0.4158)  grad: 0.2907 (0.5973)  batch_size: 10.0000 (10.0000)  lr: 0.0000 (0.0000)  time: 3.638699  data: 0.000423  max mem: 11921
I20260820 14:53:29 3603480 mum utils.py:218] Training  [ 8650/60000]  eta: 2 days, 3:30:13  loss: 0.3468 (0.4155)  grad: 0.2460 (0.5956)  batch_size: 10.0000 (10.0000)  lr: 0.0000 (0.0000)  time: 3.660923  data: 0.000383  max mem: 11921
I20260820 14:56:54 3603480 mum utils.py:218] Training  [ 8700/60000]  eta: 2 days, 3:29:34  loss: 0.3607 (0.4151)  grad: 0.2960 (0.5939)  batch_size: 10.0000 (10.0000)  lr: 0.0000 (0.0000)  time: 4.375243  data: 0.000396  max mem: 11921
I20260820 15:00:00 3603480 mum utils.py:218] Training  [ 8750/60000]  eta: 2 days, 3:27:05  loss: 0.3462 (0.4148)  grad: 0.2442 (0.5920)  batch_size: 10.0000 (10.0000)  lr: 0.0000 (0.0000)  time: 3.530962  data: 0.000417  max mem: 11921
I20260820 15:03:05 3603480 mum utils.py:218] Training  [ 8800/60000]  eta: 2 days, 3:24:29  loss: 0.3435 (0.4144)  grad: 0.2270 (0.5903)  batch_size: 10.0000 (10.0000)  lr: 0.0000 (0.0000)  time: 3.542751  data: 0.000439  max mem: 11921
I20260820 15:06:25 3603480 mum utils.py:218] Training  [ 8850/60000]  eta: 2 days, 3:23:20  loss: 0.3650 (0.4141)  grad: 0.2752 (0.5885)  batch_size: 10.0000 (10.0000)  lr: 0.0000 (0.0000)  time: 4.298725  data: 0.000411  max mem: 11921
I20260820 15:09:35 3603480 mum utils.py:218] Training  [ 8900/60000]  eta: 2 days, 3:21:15  loss: 0.3735 (0.4137)  grad: 0.2481 (0.5867)  batch_size: 10.0000 (10.0000)  lr: 0.0000 (0.0000)  time: 3.663051  data: 0.000432  max mem: 11921
I20260820 15:12:47 3603480 mum utils.py:218] Training  [ 8950/60000]  eta: 2 days, 3:19:16  loss: 0.3568 (0.4135)  grad: 0.2472 (0.5850)  batch_size: 10.0000 (10.0000)  lr: 0.0000 (0.0000)  time: 3.679625  data: 0.000453  max mem: 11921
I20260820 15:16:09 3603480 mum utils.py:218] Training  [ 9000/60000]  eta: 2 days, 3:18:15  loss: 0.3609 (0.4132)  grad: 0.2693 (0.5832)  batch_size: 10.0000 (10.0000)  lr: 0.0000 (0.0000)  time: 4.282578  data: 0.000367  max mem: 11921
I20260820 15:19:21 3603480 mum utils.py:218] Training  [ 9050/60000]  eta: 2 days, 3:16:16  loss: 0.3469 (0.4128)  grad: 0.2583 (0.5814)  batch_size: 10.0000 (10.0000)  lr: 0.0000 (0.0000)  time: 3.788632  data: 0.000406  max mem: 11921
I20260820 15:22:24 3603480 mum utils.py:218] Training  [ 9100/60000]  eta: 2 days, 3:13:25  loss: 0.3524 (0.4125)  grad: 0.2360 (0.5795)  batch_size: 10.0000 (10.0000)  lr: 0.0000 (0.0000)  time: 3.451981  data: 0.000380  max mem: 11921
I20260820 15:25:44 3603480 mum utils.py:218] Training  [ 9150/60000]  eta: 2 days, 3:12:08  loss: 0.3531 (0.4122)  grad: 0.2128 (0.5777)  batch_size: 10.0000 (10.0000)  lr: 0.0000 (0.0000)  time: 4.322763  data: 0.000442  max mem: 11921
I20260820 15:28:52 3603480 mum utils.py:218] Training  [ 9200/60000]  eta: 2 days, 3:09:42  loss: 0.3370 (0.4118)  grad: 0.2397 (0.5760)  batch_size: 10.0000 (10.0000)  lr: 0.0000 (0.0000)  time: 3.643234  data: 0.000433  max mem: 11921
I20260820 15:31:19 3603480 mum utils.py:218] Training  [ 9250/60000]  eta: 2 days, 3:03:34  loss: 0.3789 (0.4116)  grad: 0.2781 (0.5746)  batch_size: 10.0000 (10.0000)  lr: 0.0000 (0.0000)  time: 2.361078  data: 0.000419  max mem: 11921
I20260820 15:33:40 3603480 mum utils.py:218] Training  [ 9300/60000]  eta: 2 days, 2:56:56  loss: 0.3500 (0.4113)  grad: 0.2682 (0.5730)  batch_size: 10.0000 (10.0000)  lr: 0.0000 (0.0000)  time: 2.944144  data: 0.000400  max mem: 11921
I20260820 15:35:52 3603480 mum utils.py:218] Training  [ 9350/60000]  eta: 2 days, 2:49:29  loss: 0.3384 (0.4109)  grad: 0.2733 (0.5716)  batch_size: 10.0000 (10.0000)  lr: 0.0000 (0.0000)  time: 2.459253  data: 0.000445  max mem: 11921
I20260820 15:38:08 3603480 mum utils.py:218] Training  [ 9400/60000]  eta: 2 days, 2:42:26  loss: 0.3454 (0.4106)  grad: 0.2807 (0.5699)  batch_size: 10.0000 (10.0000)  lr: 0.0000 (0.0000)  time: 2.890552  data: 0.000404  max mem: 11921
I20260820 15:40:27 3603480 mum utils.py:218] Training  [ 9450/60000]  eta: 2 days, 2:35:46  loss: 0.3596 (0.4103)  grad: 0.2344 (0.5682)  batch_size: 10.0000 (10.0000)  lr: 0.0000 (0.0000)  time: 2.789366  data: 0.000404  max mem: 11921
I20260820 15:42:36 3603480 mum utils.py:218] Training  [ 9500/60000]  eta: 2 days, 2:28:13  loss: 0.3528 (0.4099)  grad: 0.2837 (0.5667)  batch_size: 10.0000 (10.0000)  lr: 0.0000 (0.0000)  time: 2.484157  data: 0.000386  max mem: 11921
I20260820 15:44:57 3603480 mum utils.py:218] Training  [ 9550/60000]  eta: 2 days, 2:21:49  loss: 0.3340 (0.4097)  grad: 0.2439 (0.5653)  batch_size: 10.0000 (10.0000)  lr: 0.0000 (0.0000)  time: 2.939272  data: 0.000377  max mem: 11921
I20260820 15:47:13 3603480 mum utils.py:218] Training  [ 9600/60000]  eta: 2 days, 2:15:00  loss: 0.3737 (0.4094)  grad: 0.2371 (0.5638)  batch_size: 10.0000 (10.0000)  lr: 0.0000 (0.0000)  time: 2.639030  data: 0.000422  max mem: 11921
I20260820 15:49:30 3603480 mum utils.py:218] Training  [ 9650/60000]  eta: 2 days, 2:08:20  loss: 0.3573 (0.4092)  grad: 0.2214 (0.5621)  batch_size: 10.0000 (10.0000)  lr: 0.0000 (0.0000)  time: 2.800385  data: 0.000446  max mem: 11921
I20260820 15:51:50 3603480 mum utils.py:218] Training  [ 9700/60000]  eta: 2 days, 2:01:54  loss: 0.3423 (0.4088)  grad: 0.2563 (0.5606)  batch_size: 10.0000 (10.0000)  lr: 0.0000 (0.0000)  time: 2.816746  data: 0.000436  max mem: 11921
I20260820 15:54:02 3603480 mum utils.py:218] Training  [ 9750/60000]  eta: 2 days, 1:54:56  loss: 0.3694 (0.4086)  grad: 0.2686 (0.5593)  batch_size: 10.0000 (10.0000)  lr: 0.0000 (0.0000)  time: 2.599704  data: 0.000431  max mem: 11921
I20260820 15:56:25 3603480 mum utils.py:218] Training  [ 9800/60000]  eta: 2 days, 1:48:51  loss: 0.3355 (0.4083)  grad: 0.2031 (0.5579)  batch_size: 10.0000 (10.0000)  lr: 0.0000 (0.0000)  time: 2.969386  data: 0.000462  max mem: 11921
I20260820 15:58:18 3603480 mum utils.py:218] Training  [ 9850/60000]  eta: 2 days, 1:40:22  loss: 0.3711 (0.4080)  grad: 0.2367 (0.5563)  batch_size: 10.0000 (10.0000)  lr: 0.0000 (0.0000)  time: 1.626937  data: 0.000444  max mem: 11921
I20260820 15:59:28 3603480 mum utils.py:218] Training  [ 9900/60000]  eta: 2 days, 1:28:13  loss: 0.3474 (0.4078)  grad: 0.3140 (0.5551)  batch_size: 10.0000 (10.0000)  lr: 0.0000 (0.0000)  time: 1.359129  data: 0.000349  max mem: 11921
I20260820 16:00:36 3603480 mum utils.py:218] Training  [ 9950/60000]  eta: 2 days, 1:16:02  loss: 0.3269 (0.4075)  grad: 0.2740 (0.5538)  batch_size: 10.0000 (10.0000)  lr: 0.0000 (0.0000)  time: 1.353123  data: 0.000364  max mem: 11921
I20260820 16:01:44 3603480 mum utils.py:218] Training  [10000/60000]  eta: 2 days, 1:03:59  loss: 0.3502 (0.4071)  grad: 0.2827 (0.5524)  batch_size: 10.0000 (10.0000)  lr: 0.0000 (0.0000)  time: 1.357924  data: 0.000362  max mem: 11921
I20260820 16:02:52 3603480 mum utils.py:218] Training  [10050/60000]  eta: 2 days, 0:52:02  loss: 0.3571 (0.4069)  grad: 0.2209 (0.5508)  batch_size: 10.0000 (10.0000)  lr: 0.0000 (0.0000)  time: 1.355446  data: 0.000372  max mem: 11921
I20260820 16:03:59 3603480 mum utils.py:218] Training  [10100/60000]  eta: 2 days, 0:40:12  loss: 0.3653 (0.4066)  grad: 0.2452 (0.5494)  batch_size: 10.0000 (10.0000)  lr: 0.0000 (0.0000)  time: 1.360467  data: 0.000358  max mem: 11921
I20260820 16:05:07 3603480 mum utils.py:218] Training  [10150/60000]  eta: 2 days, 0:28:27  loss: 0.3483 (0.4064)  grad: 0.2192 (0.5482)  batch_size: 10.0000 (10.0000)  lr: 0.0000 (0.0000)  time: 1.357122  data: 0.000383  max mem: 11921
I20260820 16:06:15 3603480 mum utils.py:218] Training  [10200/60000]  eta: 2 days, 0:16:49  loss: 0.3439 (0.4061)  grad: 0.2264 (0.5467)  batch_size: 10.0000 (10.0000)  lr: 0.0000 (0.0000)  time: 1.358319  data: 0.000385  max mem: 11921
I20260820 16:07:23 3603480 mum utils.py:218] Training  [10250/60000]  eta: 2 days, 0:05:18  loss: 0.3536 (0.4059)  grad: 0.2760 (0.5454)  batch_size: 10.0000 (10.0000)  lr: 0.0000 (0.0000)  time: 1.370632  data: 0.000457  max mem: 11921
I20260820 16:08:31 3603480 mum utils.py:218] Training  [10300/60000]  eta: 1 day, 23:53:53  loss: 0.3446 (0.4056)  grad: 0.2200 (0.5441)  batch_size: 10.0000 (10.0000)  lr: 0.0000 (0.0000)  time: 1.358603  data: 0.000363  max mem: 11921
I20260820 16:09:39 3603480 mum utils.py:218] Training  [10350/60000]  eta: 1 day, 23:42:34  loss: 0.3613 (0.4054)  grad: 0.2398 (0.5427)  batch_size: 10.0000 (10.0000)  lr: 0.0000 (0.0000)  time: 1.359404  data: 0.000392  max mem: 11921
I20260820 16:10:47 3603480 mum utils.py:218] Training  [10400/60000]  eta: 1 day, 23:31:21  loss: 0.3488 (0.4051)  grad: 0.2590 (0.5414)  batch_size: 10.0000 (10.0000)  lr: 0.0000 (0.0000)  time: 1.361571  data: 0.000369  max mem: 11921
I20260820 16:11:55 3603480 mum utils.py:218] Training  [10450/60000]  eta: 1 day, 23:20:13  loss: 0.3432 (0.4048)  grad: 0.2309 (0.5400)  batch_size: 10.0000 (10.0000)  lr: 0.0000 (0.0000)  time: 1.359120  data: 0.000418  max mem: 11921
I20260820 16:13:04 3603480 mum utils.py:218] Training  [10500/60000]  eta: 1 day, 23:09:12  loss: 0.3618 (0.4046)  grad: 0.2187 (0.5387)  batch_size: 10.0000 (10.0000)  lr: 0.0000 (0.0000)  time: 1.355944  data: 0.000402  max mem: 11921
I20260820 16:14:12 3603480 mum utils.py:218] Training  [10550/60000]  eta: 1 day, 22:58:16  loss: 0.3416 (0.4044)  grad: 0.2342 (0.5373)  batch_size: 10.0000 (10.0000)  lr: 0.0000 (0.0000)  time: 1.366366  data: 0.000376  max mem: 11921
I20260820 16:15:20 3603480 mum utils.py:218] Training  [10600/60000]  eta: 1 day, 22:47:25  loss: 0.3511 (0.4041)  grad: 0.2737 (0.5360)  batch_size: 10.0000 (10.0000)  lr: 0.0000 (0.0000)  time: 1.362084  data: 0.000433  max mem: 11921
I20260820 16:16:28 3603480 mum utils.py:218] Training  [10650/60000]  eta: 1 day, 22:36:40  loss: 0.3683 (0.4039)  grad: 0.2372 (0.5348)  batch_size: 10.0000 (10.0000)  lr: 0.0000 (0.0000)  time: 1.358708  data: 0.000361  max mem: 11921
I20260820 16:17:35 3603480 mum utils.py:218] Training  [10700/60000]  eta: 1 day, 22:25:57  loss: 0.3407 (0.4036)  grad: 0.2388 (0.5335)  batch_size: 10.0000 (10.0000)  lr: 0.0000 (0.0000)  time: 1.333106  data: 0.000354  max mem: 11921
I20260820 16:18:42 3603480 mum utils.py:218] Training  [10750/60000]  eta: 1 day, 22:15:17  loss: 0.3470 (0.4033)  grad: 0.2036 (0.5322)  batch_size: 10.0000 (10.0000)  lr: 0.0000 (0.0000)  time: 1.337899  data: 0.000434  max mem: 11921
I20260820 16:19:49 3603480 mum utils.py:218] Training  [10800/60000]  eta: 1 day, 22:04:43  loss: 0.3589 (0.4031)  grad: 0.2485 (0.5311)  batch_size: 10.0000 (10.0000)  lr: 0.0000 (0.0000)  time: 1.338276  data: 0.000376  max mem: 11921
I20260820 16:20:56 3603480 mum utils.py:218] Training  [10850/60000]  eta: 1 day, 21:54:16  loss: 0.3398 (0.4029)  grad: 0.2702 (0.5300)  batch_size: 10.0000 (10.0000)  lr: 0.0000 (0.0000)  time: 1.357619  data: 0.000409  max mem: 11921
I20260820 16:22:04 3603480 mum utils.py:218] Training  [10900/60000]  eta: 1 day, 21:43:57  loss: 0.3538 (0.4027)  grad: 0.2283 (0.5286)  batch_size: 10.0000 (10.0000)  lr: 0.0000 (0.0000)  time: 1.357382  data: 0.000383  max mem: 11921
I20260820 16:23:12 3603480 mum utils.py:218] Training  [10950/60000]  eta: 1 day, 21:33:43  loss: 0.3558 (0.4025)  grad: 0.2356 (0.5274)  batch_size: 10.0000 (10.0000)  lr: 0.0000 (0.0000)  time: 1.361531  data: 0.000357  max mem: 11921
I20260820 16:24:20 3603480 mum utils.py:218] Training  [11000/60000]  eta: 1 day, 21:23:34  loss: 0.3205 (0.4022)  grad: 0.2098 (0.5261)  batch_size: 10.0000 (10.0000)  lr: 0.0000 (0.0000)  time: 1.363614  data: 0.000409  max mem: 11921
I20260820 16:25:28 3603480 mum utils.py:218] Training  [11050/60000]  eta: 1 day, 21:13:29  loss: 0.3385 (0.4020)  grad: 0.2308 (0.5247)  batch_size: 10.0000 (10.0000)  lr: 0.0000 (0.0000)  time: 1.358687  data: 0.000417  max mem: 11921
I20260820 16:26:36 3603480 mum utils.py:218] Training  [11100/60000]  eta: 1 day, 21:03:29  loss: 0.3545 (0.4018)  grad: 0.2518 (0.5236)  batch_size: 10.0000 (10.0000)  lr: 0.0000 (0.0000)  time: 1.356934  data: 0.000406  max mem: 11921
I20260820 16:27:44 3603480 mum utils.py:218] Training  [11150/60000]  eta: 1 day, 20:53:34  loss: 0.3520 (0.4015)  grad: 0.2110 (0.5224)  batch_size: 10.0000 (10.0000)  lr: 0.0000 (0.0000)  time: 1.358583  data: 0.000382  max mem: 11921
I20260820 16:28:52 3603480 mum utils.py:218] Training  [11200/60000]  eta: 1 day, 20:43:45  loss: 0.3435 (0.4012)  grad: 0.2245 (0.5212)  batch_size: 10.0000 (10.0000)  lr: 0.0000 (0.0000)  time: 1.357563  data: 0.000393  max mem: 11921
I20260820 16:30:00 3603480 mum utils.py:218] Training  [11250/60000]  eta: 1 day, 20:33:59  loss: 0.3525 (0.4010)  grad: 0.2349 (0.5202)  batch_size: 10.0000 (10.0000)  lr: 0.0000 (0.0000)  time: 1.353824  data: 0.000387  max mem: 11921
I20260820 16:31:08 3603480 mum utils.py:218] Training  [11300/60000]  eta: 1 day, 20:24:17  loss: 0.3413 (0.4008)  grad: 0.2663 (0.5191)  batch_size: 10.0000 (10.0000)  lr: 0.0000 (0.0000)  time: 1.355319  data: 0.000396  max mem: 11921
I20260820 16:32:15 3603480 mum utils.py:218] Training  [11350/60000]  eta: 1 day, 20:14:40  loss: 0.3554 (0.4006)  grad: 0.2588 (0.5179)  batch_size: 10.0000 (10.0000)  lr: 0.0000 (0.0000)  time: 1.353499  data: 0.000405  max mem: 11921
I20260820 16:33:23 3603480 mum utils.py:218] Training  [11400/60000]  eta: 1 day, 20:05:07  loss: 0.3475 (0.4003)  grad: 0.2106 (0.5166)  batch_size: 10.0000 (10.0000)  lr: 0.0000 (0.0000)  time: 1.355223  data: 0.000393  max mem: 11921
I20260820 16:34:31 3603480 mum utils.py:218] Training  [11450/60000]  eta: 1 day, 19:55:40  loss: 0.3487 (0.4001)  grad: 0.2740 (0.5155)  batch_size: 10.0000 (10.0000)  lr: 0.0000 (0.0000)  time: 1.358744  data: 0.000403  max mem: 11921
I20260820 16:35:39 3603480 mum utils.py:218] Training  [11500/60000]  eta: 1 day, 19:46:16  loss: 0.3410 (0.3999)  grad: 0.2095 (0.5142)  batch_size: 10.0000 (10.0000)  lr: 0.0000 (0.0000)  time: 1.354342  data: 0.000341  max mem: 11921
I20260820 16:36:47 3603480 mum utils.py:218] Training  [11550/60000]  eta: 1 day, 19:36:56  loss: 0.3670 (0.3997)  grad: 0.2113 (0.5131)  batch_size: 10.0000 (10.0000)  lr: 0.0000 (0.0000)  time: 1.357261  data: 0.000405  max mem: 11921
I20260820 16:37:55 3603480 mum utils.py:218] Training  [11600/60000]  eta: 1 day, 19:27:42  loss: 0.3421 (0.3995)  grad: 0.2150 (0.5118)  batch_size: 10.0000 (10.0000)  lr: 0.0000 (0.0000)  time: 1.356822  data: 0.000414  max mem: 11921
I20260820 16:39:03 3603480 mum utils.py:218] Training  [11650/60000]  eta: 1 day, 19:18:32  loss: 0.3449 (0.3992)  grad: 0.2047 (0.5105)  batch_size: 10.0000 (10.0000)  lr: 0.0000 (0.0000)  time: 1.370535  data: 0.000454  max mem: 11921
I20260820 16:40:11 3603480 mum utils.py:218] Training  [11700/60000]  eta: 1 day, 19:09:25  loss: 0.3595 (0.3990)  grad: 0.2418 (0.5094)  batch_size: 10.0000 (10.0000)  lr: 0.0000 (0.0000)  time: 1.357566  data: 0.000388  max mem: 11921
I20260820 16:41:18 3603480 mum utils.py:218] Training  [11750/60000]  eta: 1 day, 19:00:22  loss: 0.3341 (0.3988)  grad: 0.2499 (0.5085)  batch_size: 10.0000 (10.0000)  lr: 0.0000 (0.0000)  time: 1.355392  data: 0.000389  max mem: 11921
I20260820 16:42:26 3603480 mum utils.py:218] Training  [11800/60000]  eta: 1 day, 18:51:24  loss: 0.3568 (0.3985)  grad: 0.2571 (0.5075)  batch_size: 10.0000 (10.0000)  lr: 0.0000 (0.0000)  time: 1.355199  data: 0.000404  max mem: 11921
I20260820 16:43:34 3603480 mum utils.py:218] Training  [11850/60000]  eta: 1 day, 18:42:29  loss: 0.3404 (0.3983)  grad: 0.2237 (0.5064)  batch_size: 10.0000 (10.0000)  lr: 0.0000 (0.0000)  time: 1.356009  data: 0.000405  max mem: 11921
I20260820 16:44:42 3603480 mum utils.py:218] Training  [11900/60000]  eta: 1 day, 18:33:39  loss: 0.3460 (0.3981)  grad: 0.2054 (0.5052)  batch_size: 10.0000 (10.0000)  lr: 0.0000 (0.0000)  time: 1.364431  data: 0.000420  max mem: 11921
I20260820 16:45:50 3603480 mum utils.py:218] Training  [11950/60000]  eta: 1 day, 18:24:53  loss: 0.3510 (0.3979)  grad: 0.2941 (0.5044)  batch_size: 10.0000 (10.0000)  lr: 0.0000 (0.0000)  time: 1.359670  data: 0.000353  max mem: 11921
Building dynamic dataloader with seed: 42
Randomly sampling [3, 3] frames
TravelUAVDataset (val): 767 scenes, 39921 frames (total 15348 scenes, split_ratio=0.95).
ComposedDataset created from 1 datasets: ['TravelUAVDataset:DATA_DIR=/data2/student1_ly/datasets/OpenUAV-QA/TravelUAV_dataset:SPLIT=val']
[step 12000] val loss: 0.3575
I20260820 16:48:20 3603480 mum utils.py:218] Training  [12000/60000]  eta: 1 day, 18:21:39  loss: 0.3519 (0.3977)  grad: 0.1964 (0.5035)  batch_size: 10.0000 (10.0000)  lr: 0.0000 (0.0000)  time: 5.468736  data: 0.000378  max mem: 11921
I20260820 16:49:29 3603480 mum utils.py:218] Training  [12050/60000]  eta: 1 day, 18:13:00  loss: 0.3372 (0.3976)  grad: 0.2168 (0.5023)  batch_size: 10.0000 (10.0000)  lr: 0.0000 (0.0000)  time: 1.375010  data: 0.000399  max mem: 11921
I20260820 16:50:37 3603480 mum utils.py:218] Training  [12100/60000]  eta: 1 day, 18:04:24  loss: 0.3713 (0.3974)  grad: 0.2027 (0.5012)  batch_size: 10.0000 (10.0000)  lr: 0.0000 (0.0000)  time: 1.358659  data: 0.000386  max mem: 11921
I20260820 16:51:45 3603480 mum utils.py:218] Training  [12150/60000]  eta: 1 day, 17:55:50  loss: 0.3316 (0.3972)  grad: 0.1961 (0.5000)  batch_size: 10.0000 (10.0000)  lr: 0.0000 (0.0000)  time: 1.358230  data: 0.000349  max mem: 11921
I20260820 16:52:53 3603480 mum utils.py:218] Training  [12200/60000]  eta: 1 day, 17:47:21  loss: 0.3342 (0.3970)  grad: 0.2257 (0.4989)  batch_size: 10.0000 (10.0000)  lr: 0.0000 (0.0000)  time: 1.360626  data: 0.000406  max mem: 11921
I20260820 16:54:00 3603480 mum utils.py:218] Training  [12250/60000]  eta: 1 day, 17:38:55  loss: 0.3673 (0.3968)  grad: 0.2120 (0.4979)  batch_size: 10.0000 (10.0000)  lr: 0.0000 (0.0000)  time: 1.357388  data: 0.000376  max mem: 11921
I20260820 16:55:09 3603480 mum utils.py:218] Training  [12300/60000]  eta: 1 day, 17:30:34  loss: 0.3165 (0.3966)  grad: 0.1962 (0.4967)  batch_size: 10.0000 (10.0000)  lr: 0.0000 (0.0000)  time: 1.371196  data: 0.000405  max mem: 11921
I20260820 16:56:17 3603480 mum utils.py:218] Training  [12350/60000]  eta: 1 day, 17:22:16  loss: 0.3288 (0.3964)  grad: 0.2433 (0.4957)  batch_size: 10.0000 (10.0000)  lr: 0.0000 (0.0000)  time: 1.359058  data: 0.000368  max mem: 11921
I20260820 16:57:25 3603480 mum utils.py:218] Training  [12400/60000]  eta: 1 day, 17:14:00  loss: 0.3335 (0.3962)  grad: 0.2124 (0.4947)  batch_size: 10.0000 (10.0000)  lr: 0.0000 (0.0000)  time: 1.353568  data: 0.000383  max mem: 11921
I20260820 16:58:33 3603480 mum utils.py:218] Training  [12450/60000]  eta: 1 day, 17:05:49  loss: 0.3385 (0.3960)  grad: 0.2492 (0.4938)  batch_size: 10.0000 (10.0000)  lr: 0.0000 (0.0000)  time: 1.370146  data: 0.000344  max mem: 11921
I20260820 16:59:41 3603480 mum utils.py:218] Training  [12500/60000]  eta: 1 day, 16:57:40  loss: 0.3539 (0.3958)  grad: 0.2239 (0.4928)  batch_size: 10.0000 (10.0000)  lr: 0.0000 (0.0000)  time: 1.362682  data: 0.000361  max mem: 11921
I20260820 17:00:49 3603480 mum utils.py:218] Training  [12550/60000]  eta: 1 day, 16:49:36  loss: 0.3478 (0.3956)  grad: 0.2164 (0.4918)  batch_size: 10.0000 (10.0000)  lr: 0.0000 (0.0000)  time: 1.358707  data: 0.000385  max mem: 11921
I20260820 17:01:57 3603480 mum utils.py:218] Training  [12600/60000]  eta: 1 day, 16:41:34  loss: 0.3485 (0.3955)  grad: 0.1899 (0.4906)  batch_size: 10.0000 (10.0000)  lr: 0.0000 (0.0000)  time: 1.356810  data: 0.000383  max mem: 11921
I20260820 17:03:05 3603480 mum utils.py:218] Training  [12650/60000]  eta: 1 day, 16:33:36  loss: 0.3395 (0.3953)  grad: 0.2339 (0.4899)  batch_size: 10.0000 (10.0000)  lr: 0.0000 (0.0000)  time: 1.359401  data: 0.000412  max mem: 11921
I20260820 17:04:13 3603480 mum utils.py:218] Training  [12700/60000]  eta: 1 day, 16:25:40  loss: 0.3424 (0.3951)  grad: 0.1915 (0.4887)  batch_size: 10.0000 (10.0000)  lr: 0.0000 (0.0000)  time: 1.359722  data: 0.000364  max mem: 11921
I20260820 17:05:21 3603480 mum utils.py:218] Training  [12750/60000]  eta: 1 day, 16:17:50  loss: 0.3379 (0.3949)  grad: 0.2178 (0.4878)  batch_size: 10.0000 (10.0000)  lr: 0.0000 (0.0000)  time: 1.372659  data: 0.000379  max mem: 11921
I20260820 17:06:29 3603480 mum utils.py:218] Training  [12800/60000]  eta: 1 day, 16:10:01  loss: 0.3327 (0.3947)  grad: 0.2108 (0.4868)  batch_size: 10.0000 (10.0000)  lr: 0.0000 (0.0000)  time: 1.359714  data: 0.000383  max mem: 11921
I20260820 17:07:37 3603480 mum utils.py:218] Training  [12850/60000]  eta: 1 day, 16:02:15  loss: 0.3613 (0.3945)  grad: 0.2401 (0.4859)  batch_size: 10.0000 (10.0000)  lr: 0.0000 (0.0000)  time: 1.357107  data: 0.000357  max mem: 11921
I20260820 17:08:45 3603480 mum utils.py:218] Training  [12900/60000]  eta: 1 day, 15:54:32  loss: 0.3405 (0.3943)  grad: 0.2094 (0.4849)  batch_size: 10.0000 (10.0000)  lr: 0.0000 (0.0000)  time: 1.358144  data: 0.000405  max mem: 11921
I20260820 17:09:53 3603480 mum utils.py:218] Training  [12950/60000]  eta: 1 day, 15:46:52  loss: 0.3306 (0.3941)  grad: 0.2154 (0.4839)  batch_size: 10.0000 (10.0000)  lr: 0.0000 (0.0000)  time: 1.360558  data: 0.000379  max mem: 11921
I20260820 17:11:01 3603480 mum utils.py:218] Training  [13000/60000]  eta: 1 day, 15:39:17  loss: 0.3478 (0.3939)  grad: 0.2195 (0.4830)  batch_size: 10.0000 (10.0000)  lr: 0.0000 (0.0000)  time: 1.358937  data: 0.000405  max mem: 11921
I20260820 17:12:09 3603480 mum utils.py:218] Training  [13050/60000]  eta: 1 day, 15:31:43  loss: 0.3428 (0.3937)  grad: 0.2227 (0.4820)  batch_size: 10.0000 (10.0000)  lr: 0.0000 (0.0000)  time: 1.355607  data: 0.000351  max mem: 11921
I20260820 17:13:17 3603480 mum utils.py:218] Training  [13100/60000]  eta: 1 day, 15:24:10  loss: 0.3323 (0.3935)  grad: 0.2570 (0.4812)  batch_size: 10.0000 (10.0000)  lr: 0.0000 (0.0000)  time: 1.336727  data: 0.000418  max mem: 11921
I20260820 17:14:23 3603480 mum utils.py:218] Training  [13150/60000]  eta: 1 day, 15:16:37  loss: 0.3422 (0.3933)  grad: 0.2338 (0.4802)  batch_size: 10.0000 (10.0000)  lr: 0.0000 (0.0000)  time: 1.320156  data: 0.000396  max mem: 11921
I20260820 17:15:29 3603480 mum utils.py:218] Training  [13200/60000]  eta: 1 day, 15:09:06  loss: 0.3460 (0.3932)  grad: 0.2199 (0.4792)  batch_size: 10.0000 (10.0000)  lr: 0.0000 (0.0000)  time: 1.331352  data: 0.000404  max mem: 11921
I20260820 17:16:37 3603480 mum utils.py:218] Training  [13250/60000]  eta: 1 day, 15:01:41  loss: 0.3385 (0.3930)  grad: 0.2094 (0.4782)  batch_size: 10.0000 (10.0000)  lr: 0.0000 (0.0000)  time: 1.356938  data: 0.000381  max mem: 11921
I20260820 17:17:44 3603480 mum utils.py:218] Training  [13300/60000]  eta: 1 day, 14:54:21  loss: 0.3415 (0.3928)  grad: 0.2235 (0.4774)  batch_size: 10.0000 (10.0000)  lr: 0.0000 (0.0000)  time: 1.353665  data: 0.000393  max mem: 11921
I20260820 17:18:52 3603480 mum utils.py:218] Training  [13350/60000]  eta: 1 day, 14:47:04  loss: 0.3542 (0.3927)  grad: 0.1824 (0.4764)  batch_size: 10.0000 (10.0000)  lr: 0.0000 (0.0000)  time: 1.358410  data: 0.000405  max mem: 11921
I20260820 17:20:00 3603480 mum utils.py:218] Training  [13400/60000]  eta: 1 day, 14:39:50  loss: 0.3575 (0.3925)  grad: 0.2414 (0.4759)  batch_size: 10.0000 (10.0000)  lr: 0.0000 (0.0000)  time: 1.353948  data: 0.000349  max mem: 11921
I20260820 17:21:09 3603480 mum utils.py:218] Training  [13450/60000]  eta: 1 day, 14:32:41  loss: 0.3481 (0.3923)  grad: 0.2067 (0.4750)  batch_size: 10.0000 (10.0000)  lr: 0.0000 (0.0000)  time: 1.361849  data: 0.000426  max mem: 11921
I20260820 17:22:16 3603480 mum utils.py:218] Training  [13500/60000]  eta: 1 day, 14:25:32  loss: 0.3657 (0.3922)  grad: 0.2422 (0.4743)  batch_size: 10.0000 (10.0000)  lr: 0.0000 (0.0000)  time: 1.356592  data: 0.000385  max mem: 11921
I20260820 17:23:24 3603480 mum utils.py:218] Training  [13550/60000]  eta: 1 day, 14:18:26  loss: 0.3357 (0.3920)  grad: 0.1953 (0.4734)  batch_size: 10.0000 (10.0000)  lr: 0.0000 (0.0000)  time: 1.357834  data: 0.000343  max mem: 11921
I20260820 17:24:32 3603480 mum utils.py:218] Training  [13600/60000]  eta: 1 day, 14:11:22  loss: 0.3452 (0.3918)  grad: 0.2177 (0.4725)  batch_size: 10.0000 (10.0000)  lr: 0.0000 (0.0000)  time: 1.353663  data: 0.000374  max mem: 11921
I20260820 17:25:40 3603480 mum utils.py:218] Training  [13650/60000]  eta: 1 day, 14:04:22  loss: 0.3497 (0.3917)  grad: 0.2053 (0.4716)  batch_size: 10.0000 (10.0000)  lr: 0.0000 (0.0000)  time: 1.361550  data: 0.000427  max mem: 11921
I20260820 17:26:48 3603480 mum utils.py:218] Training  [13700/60000]  eta: 1 day, 13:57:24  loss: 0.3520 (0.3915)  grad: 0.2053 (0.4708)  batch_size: 10.0000 (10.0000)  lr: 0.0000 (0.0000)  time: 1.351073  data: 0.000397  max mem: 11921
I20260820 17:27:55 3603480 mum utils.py:218] Training  [13750/60000]  eta: 1 day, 13:50:27  loss: 0.3529 (0.3914)  grad: 0.1903 (0.4701)  batch_size: 10.0000 (10.0000)  lr: 0.0000 (0.0000)  time: 1.350246  data: 0.000349  max mem: 11921
I20260820 17:29:03 3603480 mum utils.py:218] Training  [13800/60000]  eta: 1 day, 13:43:33  loss: 0.3363 (0.3912)  grad: 0.1909 (0.4692)  batch_size: 10.0000 (10.0000)  lr: 0.0000 (0.0000)  time: 1.351559  data: 0.000432  max mem: 11921
I20260820 17:30:11 3603480 mum utils.py:218] Training  [13850/60000]  eta: 1 day, 13:36:42  loss: 0.3523 (0.3911)  grad: 0.2584 (0.4685)  batch_size: 10.0000 (10.0000)  lr: 0.0000 (0.0000)  time: 1.357499  data: 0.000401  max mem: 11921
I20260820 17:31:19 3603480 mum utils.py:218] Training  [13900/60000]  eta: 1 day, 13:29:56  loss: 0.3435 (0.3909)  grad: 0.2113 (0.4676)  batch_size: 10.0000 (10.0000)  lr: 0.0000 (0.0000)  time: 1.379273  data: 0.000400  max mem: 11921
I20260820 17:32:27 3603480 mum utils.py:218] Training  [13950/60000]  eta: 1 day, 13:23:10  loss: 0.3463 (0.3907)  grad: 0.2058 (0.4667)  batch_size: 10.0000 (10.0000)  lr: 0.0000 (0.0000)  time: 1.354313  data: 0.000411  max mem: 11921
I20260820 17:33:35 3603480 mum utils.py:218] Training  [14000/60000]  eta: 1 day, 13:16:26  loss: 0.3365 (0.3906)  grad: 0.2377 (0.4660)  batch_size: 10.0000 (10.0000)  lr: 0.0000 (0.0000)  time: 1.355731  data: 0.000375  max mem: 11921
I20260820 17:34:42 3603480 mum utils.py:218] Training  [14050/60000]  eta: 1 day, 13:09:45  loss: 0.3555 (0.3904)  grad: 0.2702 (0.4653)  batch_size: 10.0000 (10.0000)  lr: 0.0000 (0.0000)  time: 1.352342  data: 0.000365  max mem: 11921
I20260820 17:35:50 3603480 mum utils.py:218] Training  [14100/60000]  eta: 1 day, 13:03:07  loss: 0.3379 (0.3902)  grad: 0.1955 (0.4645)  batch_size: 10.0000 (10.0000)  lr: 0.0000 (0.0000)  time: 1.369386  data: 0.000358  max mem: 11921
I20260820 17:36:59 3603480 mum utils.py:218] Training  [14150/60000]  eta: 1 day, 12:56:33  loss: 0.3554 (0.3900)  grad: 0.2052 (0.4636)  batch_size: 10.0000 (10.0000)  lr: 0.0000 (0.0000)  time: 1.357385  data: 0.000346  max mem: 11921
I20260820 17:38:07 3603480 mum utils.py:218] Training  [14200/60000]  eta: 1 day, 12:49:59  loss: 0.3491 (0.3899)  grad: 0.2043 (0.4629)  batch_size: 10.0000 (10.0000)  lr: 0.0000 (0.0000)  time: 1.356611  data: 0.000330  max mem: 11921
I20260820 17:39:15 3603480 mum utils.py:218] Training  [14250/60000]  eta: 1 day, 12:43:27  loss: 0.3221 (0.3897)  grad: 0.2019 (0.4620)  batch_size: 10.0000 (10.0000)  lr: 0.0000 (0.0000)  time: 1.357535  data: 0.000365  max mem: 11921
I20260820 17:40:23 3603480 mum utils.py:218] Training  [14300/60000]  eta: 1 day, 12:36:58  loss: 0.3584 (0.3896)  grad: 0.2467 (0.4613)  batch_size: 10.0000 (10.0000)  lr: 0.0000 (0.0000)  time: 1.356728  data: 0.000357  max mem: 11921
I20260820 17:41:31 3603480 mum utils.py:218] Training  [14350/60000]  eta: 1 day, 12:30:32  loss: 0.3321 (0.3894)  grad: 0.2128 (0.4605)  batch_size: 10.0000 (10.0000)  lr: 0.0000 (0.0000)  time: 1.366427  data: 0.000360  max mem: 11921
I20260820 17:42:39 3603480 mum utils.py:218] Training  [14400/60000]  eta: 1 day, 12:24:07  loss: 0.3228 (0.3893)  grad: 0.1971 (0.4596)  batch_size: 10.0000 (10.0000)  lr: 0.0000 (0.0000)  time: 1.356850  data: 0.000391  max mem: 11921
I20260820 17:43:47 3603480 mum utils.py:218] Training  [14450/60000]  eta: 1 day, 12:17:45  loss: 0.3403 (0.3891)  grad: 0.2347 (0.4589)  batch_size: 10.0000 (10.0000)  lr: 0.0000 (0.0000)  time: 1.359748  data: 0.000392  max mem: 11921
I20260820 17:44:55 3603480 mum utils.py:218] Training  [14500/60000]  eta: 1 day, 12:11:24  loss: 0.3430 (0.3890)  grad: 0.2185 (0.4581)  batch_size: 10.0000 (10.0000)  lr: 0.0000 (0.0000)  time: 1.358452  data: 0.000362  max mem: 11921
I20260820 17:46:02 3603480 mum utils.py:218] Training  [14550/60000]  eta: 1 day, 12:05:06  loss: 0.3258 (0.3888)  grad: 0.1985 (0.4573)  batch_size: 10.0000 (10.0000)  lr: 0.0000 (0.0000)  time: 1.357805  data: 0.000365  max mem: 11921
I20260820 17:47:11 3603480 mum utils.py:218] Training  [14600/60000]  eta: 1 day, 11:58:52  loss: 0.3503 (0.3887)  grad: 0.2060 (0.4565)  batch_size: 10.0000 (10.0000)  lr: 0.0000 (0.0000)  time: 1.368612  data: 0.000347  max mem: 11921
I20260820 17:48:19 3603480 mum utils.py:218] Training  [14650/60000]  eta: 1 day, 11:52:38  loss: 0.3339 (0.3885)  grad: 0.1962 (0.4558)  batch_size: 10.0000 (10.0000)  lr: 0.0000 (0.0000)  time: 1.359230  data: 0.000416  max mem: 11921
I20260820 17:49:27 3603480 mum utils.py:218] Training  [14700/60000]  eta: 1 day, 11:46:26  loss: 0.3362 (0.3884)  grad: 0.2103 (0.4551)  batch_size: 10.0000 (10.0000)  lr: 0.0000 (0.0000)  time: 1.359157  data: 0.000353  max mem: 11921
I20260820 17:50:35 3603480 mum utils.py:218] Training  [14750/60000]  eta: 1 day, 11:40:16  loss: 0.3453 (0.3882)  grad: 0.2084 (0.4543)  batch_size: 10.0000 (10.0000)  lr: 0.0000 (0.0000)  time: 1.356607  data: 0.000368  max mem: 11921
I20260820 17:51:43 3603480 mum utils.py:218] Training  [14800/60000]  eta: 1 day, 11:34:09  loss: 0.3564 (0.3881)  grad: 0.2407 (0.4535)  batch_size: 10.0000 (10.0000)  lr: 0.0000 (0.0000)  time: 1.365709  data: 0.000355  max mem: 11921
I20260820 17:52:51 3603480 mum utils.py:218] Training  [14850/60000]  eta: 1 day, 11:28:04  loss: 0.3575 (0.3880)  grad: 0.2132 (0.4529)  batch_size: 10.0000 (10.0000)  lr: 0.0000 (0.0000)  time: 1.358649  data: 0.000370  max mem: 11921
I20260820 17:53:59 3603480 mum utils.py:218] Training  [14900/60000]  eta: 1 day, 11:22:00  loss: 0.3237 (0.3878)  grad: 0.1914 (0.4521)  batch_size: 10.0000 (10.0000)  lr: 0.0000 (0.0000)  time: 1.358629  data: 0.000363  max mem: 11921
I20260820 17:55:07 3603480 mum utils.py:218] Training  [14950/60000]  eta: 1 day, 11:15:58  loss: 0.3363 (0.3876)  grad: 0.2030 (0.4514)  batch_size: 10.0000 (10.0000)  lr: 0.0000 (0.0000)  time: 1.360422  data: 0.000380  max mem: 11921
I20260820 17:56:15 3603480 mum utils.py:218] Training  [15000/60000]  eta: 1 day, 11:09:58  loss: 0.3487 (0.3875)  grad: 0.2222 (0.4506)  batch_size: 10.0000 (10.0000)  lr: 0.0000 (0.0000)  time: 1.357911  data: 0.000381  max mem: 11921
I20260820 17:57:23 3603480 mum utils.py:218] Training  [15050/60000]  eta: 1 day, 11:04:01  loss: 0.3478 (0.3874)  grad: 0.2326 (0.4499)  batch_size: 10.0000 (10.0000)  lr: 0.0000 (0.0000)  time: 1.368222  data: 0.000346  max mem: 11921
I20260820 17:58:31 3603480 mum utils.py:218] Training  [15100/60000]  eta: 1 day, 10:58:05  loss: 0.3478 (0.3872)  grad: 0.1907 (0.4491)  batch_size: 10.0000 (10.0000)  lr: 0.0000 (0.0000)  time: 1.359315  data: 0.000384  max mem: 11921
I20260820 17:59:39 3603480 mum utils.py:218] Training  [15150/60000]  eta: 1 day, 10:52:11  loss: 0.3528 (0.3870)  grad: 0.2068 (0.4484)  batch_size: 10.0000 (10.0000)  lr: 0.0000 (0.0000)  time: 1.358240  data: 0.000395  max mem: 11921
I20260820 18:00:47 3603480 mum utils.py:218] Training  [15200/60000]  eta: 1 day, 10:46:19  loss: 0.3568 (0.3869)  grad: 0.2163 (0.4476)  batch_size: 10.0000 (10.0000)  lr: 0.0000 (0.0000)  time: 1.359106  data: 0.000352  max mem: 11921
I20260820 18:01:55 3603480 mum utils.py:218] Training  [15250/60000]  eta: 1 day, 10:40:29  loss: 0.3337 (0.3868)  grad: 0.2425 (0.4469)  batch_size: 10.0000 (10.0000)  lr: 0.0000 (0.0000)  time: 1.365361  data: 0.000402  max mem: 11921
I20260820 18:03:03 3603480 mum utils.py:218] Training  [15300/60000]  eta: 1 day, 10:34:41  loss: 0.3328 (0.3866)  grad: 0.2220 (0.4462)  batch_size: 10.0000 (10.0000)  lr: 0.0000 (0.0000)  time: 1.358693  data: 0.000384  max mem: 11921
I20260820 18:04:11 3603480 mum utils.py:218] Training  [15350/60000]  eta: 1 day, 10:28:54  loss: 0.3279 (0.3865)  grad: 0.1905 (0.4455)  batch_size: 10.0000 (10.0000)  lr: 0.0000 (0.0000)  time: 1.358691  data: 0.000363  max mem: 11921
I20260820 18:05:19 3603480 mum utils.py:218] Training  [15400/60000]  eta: 1 day, 10:23:09  loss: 0.3344 (0.3863)  grad: 0.2311 (0.4448)  batch_size: 10.0000 (10.0000)  lr: 0.0000 (0.0000)  time: 1.358755  data: 0.000354  max mem: 11921
I20260820 18:06:27 3603480 mum utils.py:218] Training  [15450/60000]  eta: 1 day, 10:17:26  loss: 0.3426 (0.3862)  grad: 0.2044 (0.4442)  batch_size: 10.0000 (10.0000)  lr: 0.0000 (0.0000)  time: 1.357238  data: 0.000372  max mem: 11921
I20260820 18:07:35 3603480 mum utils.py:218] Training  [15500/60000]  eta: 1 day, 10:11:46  loss: 0.3451 (0.3860)  grad: 0.2140 (0.4435)  batch_size: 10.0000 (10.0000)  lr: 0.0000 (0.0000)  time: 1.363900  data: 0.000386  max mem: 11921
I20260820 18:08:43 3603480 mum utils.py:218] Training  [15550/60000]  eta: 1 day, 10:06:07  loss: 0.3322 (0.3859)  grad: 0.2152 (0.4428)  batch_size: 10.0000 (10.0000)  lr: 0.0000 (0.0000)  time: 1.359152  data: 0.000396  max mem: 11921
I20260820 18:09:50 3603480 mum utils.py:218] Training  [15600/60000]  eta: 1 day, 10:00:26  loss: 0.3384 (0.3858)  grad: 0.2245 (0.4421)  batch_size: 10.0000 (10.0000)  lr: 0.0000 (0.0000)  time: 1.346033  data: 0.000386  max mem: 11921
I20260820 18:10:56 3603480 mum utils.py:218] Training  [15650/60000]  eta: 1 day, 9:54:45  loss: 0.3519 (0.3856)  grad: 0.2197 (0.4415)  batch_size: 10.0000 (10.0000)  lr: 0.0000 (0.0000)  time: 1.318719  data: 0.000358  max mem: 11921
I20260820 18:12:02 3603480 mum utils.py:218] Training  [15700/60000]  eta: 1 day, 9:49:06  loss: 0.3610 (0.3855)  grad: 0.2142 (0.4408)  batch_size: 10.0000 (10.0000)  lr: 0.0000 (0.0000)  time: 1.325683  data: 0.000349  max mem: 11921
I20260820 18:13:10 3603480 mum utils.py:218] Training  [15750/60000]  eta: 1 day, 9:43:34  loss: 0.3402 (0.3853)  grad: 0.1978 (0.4401)  batch_size: 10.0000 (10.0000)  lr: 0.0000 (0.0000)  time: 1.356639  data: 0.000335  max mem: 11921
I20260820 18:14:18 3603480 mum utils.py:218] Training  [15800/60000]  eta: 1 day, 9:38:03  loss: 0.3285 (0.3852)  grad: 0.1774 (0.4394)  batch_size: 10.0000 (10.0000)  lr: 0.0000 (0.0000)  time: 1.359417  data: 0.000380  max mem: 11921
I20260820 18:15:26 3603480 mum utils.py:218] Training  [15850/60000]  eta: 1 day, 9:32:33  loss: 0.3225 (0.3850)  grad: 0.2209 (0.4387)  batch_size: 10.0000 (10.0000)  lr: 0.0000 (0.0000)  time: 1.357472  data: 0.000340  max mem: 11921
I20260820 18:16:34 3603480 mum utils.py:218] Training  [15900/60000]  eta: 1 day, 9:27:06  loss: 0.3239 (0.3849)  grad: 0.1840 (0.4379)  batch_size: 10.0000 (10.0000)  lr: 0.0000 (0.0000)  time: 1.358979  data: 0.000387  max mem: 11921
I20260820 18:17:42 3603480 mum utils.py:218] Training  [15950/60000]  eta: 1 day, 9:21:40  loss: 0.3265 (0.3847)  grad: 0.1823 (0.4372)  batch_size: 10.0000 (10.0000)  lr: 0.0000 (0.0000)  time: 1.366373  data: 0.000357  max mem: 11921
I20260820 18:18:50 3603480 mum utils.py:218] Training  [16000/60000]  eta: 1 day, 9:16:16  loss: 0.3320 (0.3845)  grad: 0.2095 (0.4366)  batch_size: 10.0000 (10.0000)  lr: 0.0000 (0.0000)  time: 1.359360  data: 0.000358  max mem: 11921
I20260820 18:19:58 3603480 mum utils.py:218] Training  [16050/60000]  eta: 1 day, 9:10:54  loss: 0.3361 (0.3844)  grad: 0.2058 (0.4359)  batch_size: 10.0000 (10.0000)  lr: 0.0000 (0.0000)  time: 1.358212  data: 0.000409  max mem: 11921
I20260820 18:21:06 3603480 mum utils.py:218] Training  [16100/60000]  eta: 1 day, 9:05:32  loss: 0.3400 (0.3843)  grad: 0.2057 (0.4352)  batch_size: 10.0000 (10.0000)  lr: 0.0000 (0.0000)  time: 1.360150  data: 0.000378  max mem: 11921
I20260820 18:22:14 3603480 mum utils.py:218] Training  [16150/60000]  eta: 1 day, 9:00:13  loss: 0.3492 (0.3842)  grad: 0.2074 (0.4346)  batch_size: 10.0000 (10.0000)  lr: 0.0000 (0.0000)  time: 1.358132  data: 0.000384  max mem: 11921
I20260820 18:23:22 3603480 mum utils.py:218] Training  [16200/60000]  eta: 1 day, 8:54:55  loss: 0.3289 (0.3840)  grad: 0.1868 (0.4339)  batch_size: 10.0000 (10.0000)  lr: 0.0000 (0.0000)  time: 1.365432  data: 0.000377  max mem: 11921
I20260820 18:24:30 3603480 mum utils.py:218] Training  [16250/60000]  eta: 1 day, 8:49:39  loss: 0.3523 (0.3839)  grad: 0.2260 (0.4332)  batch_size: 10.0000 (10.0000)  lr: 0.0000 (0.0000)  time: 1.358229  data: 0.000385  max mem: 11921
I20260820 18:25:38 3603480 mum utils.py:218] Training  [16300/60000]  eta: 1 day, 8:44:24  loss: 0.3202 (0.3838)  grad: 0.1982 (0.4326)  batch_size: 10.0000 (10.0000)  lr: 0.0000 (0.0000)  time: 1.356916  data: 0.000399  max mem: 11921
I20260820 18:26:46 3603480 mum utils.py:218] Training  [16350/60000]  eta: 1 day, 8:39:10  loss: 0.3384 (0.3837)  grad: 0.2235 (0.4320)  batch_size: 10.0000 (10.0000)  lr: 0.0000 (0.0000)  time: 1.357677  data: 0.000383  max mem: 11921
I20260820 18:27:54 3603480 mum utils.py:218] Training  [16400/60000]  eta: 1 day, 8:33:59  loss: 0.3476 (0.3836)  grad: 0.1863 (0.4315)  batch_size: 10.0000 (10.0000)  lr: 0.0000 (0.0000)  time: 1.367246  data: 0.000386  max mem: 11921
I20260820 18:29:02 3603480 mum utils.py:218] Training  [16450/60000]  eta: 1 day, 8:28:48  loss: 0.3469 (0.3834)  grad: 0.1778 (0.4312)  batch_size: 10.0000 (10.0000)  lr: 0.0000 (0.0000)  time: 1.356809  data: 0.000346  max mem: 11921
I20260820 18:30:10 3603480 mum utils.py:218] Training  [16500/60000]  eta: 1 day, 8:23:39  loss: 0.3162 (0.3833)  grad: 0.2333 (0.4306)  batch_size: 10.0000 (10.0000)  lr: 0.0000 (0.0000)  time: 1.357084  data: 0.000417  max mem: 11921
I20260820 18:31:18 3603480 mum utils.py:218] Training  [16550/60000]  eta: 1 day, 8:18:31  loss: 0.3355 (0.3832)  grad: 0.2159 (0.4300)  batch_size: 10.0000 (10.0000)  lr: 0.0000 (0.0000)  time: 1.358579  data: 0.000380  max mem: 11921
I20260820 18:32:26 3603480 mum utils.py:218] Training  [16600/60000]  eta: 1 day, 8:13:25  loss: 0.3391 (0.3830)  grad: 0.2019 (0.4294)  batch_size: 10.0000 (10.0000)  lr: 0.0000 (0.0000)  time: 1.354910  data: 0.000379  max mem: 11921
I20260820 18:33:34 3603480 mum utils.py:218] Training  [16650/60000]  eta: 1 day, 8:08:21  loss: 0.3382 (0.3829)  grad: 0.2464 (0.4289)  batch_size: 10.0000 (10.0000)  lr: 0.0000 (0.0000)  time: 1.368652  data: 0.000413  max mem: 11921
I20260820 18:34:42 3603480 mum utils.py:218] Training  [16700/60000]  eta: 1 day, 8:03:18  loss: 0.3369 (0.3828)  grad: 0.1995 (0.4282)  batch_size: 10.0000 (10.0000)  lr: 0.0000 (0.0000)  time: 1.357066  data: 0.000359  max mem: 11921
I20260820 18:35:50 3603480 mum utils.py:218] Training  [16750/60000]  eta: 1 day, 7:58:16  loss: 0.3297 (0.3826)  grad: 0.2218 (0.4275)  batch_size: 10.0000 (10.0000)  lr: 0.0000 (0.0000)  time: 1.358897  data: 0.000353  max mem: 11921
I20260820 18:36:58 3603480 mum utils.py:218] Training  [16800/60000]  eta: 1 day, 7:53:15  loss: 0.3356 (0.3825)  grad: 0.2108 (0.4269)  batch_size: 10.0000 (10.0000)  lr: 0.0000 (0.0000)  time: 1.359135  data: 0.000380  max mem: 11921
I20260820 18:38:06 3603480 mum utils.py:218] Training  [16850/60000]  eta: 1 day, 7:48:16  loss: 0.3509 (0.3824)  grad: 0.1890 (0.4262)  batch_size: 10.0000 (10.0000)  lr: 0.0000 (0.0000)  time: 1.356006  data: 0.000347  max mem: 11921
I20260820 18:39:14 3603480 mum utils.py:218] Training  [16900/60000]  eta: 1 day, 7:43:19  loss: 0.3340 (0.3823)  grad: 0.2056 (0.4256)  batch_size: 10.0000 (10.0000)  lr: 0.0000 (0.0000)  time: 1.354400  data: 0.000365  max mem: 11921
I20260820 18:40:22 3603480 mum utils.py:218] Training  [16950/60000]  eta: 1 day, 7:38:22  loss: 0.3833 (0.3822)  grad: 0.2093 (0.4250)  batch_size: 10.0000 (10.0000)  lr: 0.0000 (0.0000)  time: 1.355930  data: 0.000384  max mem: 11921
I20260820 18:41:30 3603480 mum utils.py:218] Training  [17000/60000]  eta: 1 day, 7:33:27  loss: 0.3394 (0.3821)  grad: 0.1864 (0.4244)  batch_size: 10.0000 (10.0000)  lr: 0.0000 (0.0000)  time: 1.356849  data: 0.000411  max mem: 11921
I20260820 18:42:37 3603480 mum utils.py:218] Training  [17050/60000]  eta: 1 day, 7:28:33  loss: 0.3526 (0.3819)  grad: 0.2288 (0.4238)  batch_size: 10.0000 (10.0000)  lr: 0.0000 (0.0000)  time: 1.355685  data: 0.000386  max mem: 11921
I20260820 18:43:46 3603480 mum utils.py:218] Training  [17100/60000]  eta: 1 day, 7:23:41  loss: 0.3147 (0.3818)  grad: 0.1827 (0.4232)  batch_size: 10.0000 (10.0000)  lr: 0.0000 (0.0000)  time: 1.376101  data: 0.000353  max mem: 11921
I20260820 18:44:54 3603480 mum utils.py:218] Training  [17150/60000]  eta: 1 day, 7:18:51  loss: 0.3283 (0.3816)  grad: 0.2147 (0.4226)  batch_size: 10.0000 (10.0000)  lr: 0.0000 (0.0000)  time: 1.358214  data: 0.000410  max mem: 11921
I20260820 18:46:02 3603480 mum utils.py:218] Training  [17200/60000]  eta: 1 day, 7:14:01  loss: 0.3536 (0.3815)  grad: 0.1881 (0.4219)  batch_size: 10.0000 (10.0000)  lr: 0.0000 (0.0000)  time: 1.358084  data: 0.000361  max mem: 11921
I20260820 18:47:10 3603480 mum utils.py:218] Training  [17250/60000]  eta: 1 day, 7:09:12  loss: 0.3401 (0.3814)  grad: 0.2193 (0.4214)  batch_size: 10.0000 (10.0000)  lr: 0.0000 (0.0000)  time: 1.359488  data: 0.000350  max mem: 11921
I20260820 18:48:18 3603480 mum utils.py:218] Training  [17300/60000]  eta: 1 day, 7:04:25  loss: 0.3207 (0.3813)  grad: 0.2110 (0.4208)  batch_size: 10.0000 (10.0000)  lr: 0.0000 (0.0000)  time: 1.358680  data: 0.000358  max mem: 11921
I20260820 18:49:26 3603480 mum utils.py:218] Training  [17350/60000]  eta: 1 day, 6:59:41  loss: 0.3275 (0.3811)  grad: 0.2150 (0.4203)  batch_size: 10.0000 (10.0000)  lr: 0.0000 (0.0000)  time: 1.365330  data: 0.000410  max mem: 11921
I20260820 18:50:34 3603480 mum utils.py:218] Training  [17400/60000]  eta: 1 day, 6:54:56  loss: 0.3487 (0.3810)  grad: 0.1969 (0.4197)  batch_size: 10.0000 (10.0000)  lr: 0.0000 (0.0000)  time: 1.359805  data: 0.000367  max mem: 11921
I20260820 18:51:42 3603480 mum utils.py:218] Training  [17450/60000]  eta: 1 day, 6:50:12  loss: 0.3432 (0.3809)  grad: 0.2073 (0.4191)  batch_size: 10.0000 (10.0000)  lr: 0.0000 (0.0000)  time: 1.357537  data: 0.000376  max mem: 11921
I20260820 18:52:50 3603480 mum utils.py:218] Training  [17500/60000]  eta: 1 day, 6:45:30  loss: 0.3383 (0.3808)  grad: 0.2085 (0.4186)  batch_size: 10.0000 (10.0000)  lr: 0.0000 (0.0000)  time: 1.360389  data: 0.000377  max mem: 11921
I20260820 18:53:58 3603480 mum utils.py:218] Training  [17550/60000]  eta: 1 day, 6:40:49  loss: 0.3386 (0.3807)  grad: 0.1889 (0.4180)  batch_size: 10.0000 (10.0000)  lr: 0.0000 (0.0000)  time: 1.361634  data: 0.000373  max mem: 11921
I20260820 18:55:06 3603480 mum utils.py:218] Training  [17600/60000]  eta: 1 day, 6:36:10  loss: 0.3282 (0.3806)  grad: 0.1872 (0.4174)  batch_size: 10.0000 (10.0000)  lr: 0.0000 (0.0000)  time: 1.359545  data: 0.000378  max mem: 11921
I20260820 18:56:14 3603480 mum utils.py:218] Training  [17650/60000]  eta: 1 day, 6:31:32  loss: 0.3527 (0.3805)  grad: 0.2141 (0.4169)  batch_size: 10.0000 (10.0000)  lr: 0.0000 (0.0000)  time: 1.360181  data: 0.000369  max mem: 11921
I20260820 18:57:22 3603480 mum utils.py:218] Training  [17700/60000]  eta: 1 day, 6:26:54  loss: 0.3347 (0.3803)  grad: 0.1921 (0.4163)  batch_size: 10.0000 (10.0000)  lr: 0.0000 (0.0000)  time: 1.359487  data: 0.000378  max mem: 11921
I20260820 18:58:30 3603480 mum utils.py:218] Training  [17750/60000]  eta: 1 day, 6:22:18  loss: 0.3412 (0.3802)  grad: 0.2197 (0.4158)  batch_size: 10.0000 (10.0000)  lr: 0.0000 (0.0000)  time: 1.358571  data: 0.000407  max mem: 11921
I20260820 18:59:39 3603480 mum utils.py:218] Training  [17800/60000]  eta: 1 day, 6:17:44  loss: 0.3368 (0.3801)  grad: 0.1892 (0.4151)  batch_size: 10.0000 (10.0000)  lr: 0.0000 (0.0000)  time: 1.379484  data: 0.000363  max mem: 11921
I20260820 19:00:47 3603480 mum utils.py:218] Training  [17850/60000]  eta: 1 day, 6:13:10  loss: 0.3487 (0.3800)  grad: 0.2025 (0.4146)  batch_size: 10.0000 (10.0000)  lr: 0.0000 (0.0000)  time: 1.356212  data: 0.000344  max mem: 11921
I20260820 19:01:54 3603480 mum utils.py:218] Training  [17900/60000]  eta: 1 day, 6:08:37  loss: 0.3329 (0.3799)  grad: 0.2108 (0.4140)  batch_size: 10.0000 (10.0000)  lr: 0.0000 (0.0000)  time: 1.353802  data: 0.000330  max mem: 11921
I20260820 19:03:02 3603480 mum utils.py:218] Training  [17950/60000]  eta: 1 day, 6:04:05  loss: 0.3361 (0.3798)  grad: 0.1847 (0.4134)  batch_size: 10.0000 (10.0000)  lr: 0.0000 (0.0000)  time: 1.356250  data: 0.000331  max mem: 11921
Building dynamic dataloader with seed: 42
Randomly sampling [3, 3] frames
TravelUAVDataset (val): 767 scenes, 39921 frames (total 15348 scenes, split_ratio=0.95).
ComposedDataset created from 1 datasets: ['TravelUAVDataset:DATA_DIR=/data2/student1_ly/datasets/OpenUAV-QA/TravelUAV_dataset:SPLIT=val']
[step 18000] val loss: 0.3476
I20260820 19:05:51 3603480 mum utils.py:218] Training  [18000/60000]  eta: 1 day, 6:03:31  loss: 0.3285 (0.3797)  grad: 0.1804 (0.4128)  batch_size: 10.0000 (10.0000)  lr: 0.0000 (0.0000)  time: 6.418095  data: 0.000357  max mem: 11921
I20260820 19:06:58 3603480 mum utils.py:218] Training  [18050/60000]  eta: 1 day, 5:58:58  loss: 0.3514 (0.3796)  grad: 0.2395 (0.4123)  batch_size: 10.0000 (10.0000)  lr: 0.0000 (0.0000)  time: 1.327307  data: 0.000392  max mem: 11921
I20260820 19:08:04 3603480 mum utils.py:218] Training  [18100/60000]  eta: 1 day, 5:54:24  loss: 0.3291 (0.3795)  grad: 0.1966 (0.4117)  batch_size: 10.0000 (10.0000)  lr: 0.0000 (0.0000)  time: 1.328967  data: 0.000366  max mem: 11921
I20260820 19:09:12 3603480 mum utils.py:218] Training  [18150/60000]  eta: 1 day, 5:49:55  loss: 0.3380 (0.3793)  grad: 0.2071 (0.4112)  batch_size: 10.0000 (10.0000)  lr: 0.0000 (0.0000)  time: 1.354286  data: 0.000389  max mem: 11921
I20260820 19:10:20 3603480 mum utils.py:218] Training  [18200/60000]  eta: 1 day, 5:45:30  loss: 0.3275 (0.3792)  grad: 0.1847 (0.4107)  batch_size: 10.0000 (10.0000)  lr: 0.0000 (0.0000)  time: 1.355603  data: 0.000377  max mem: 11921
I20260820 19:11:28 3603480 mum utils.py:218] Training  [18250/60000]  eta: 1 day, 5:41:03  loss: 0.3180 (0.3791)  grad: 0.2061 (0.4102)  batch_size: 10.0000 (10.0000)  lr: 0.0000 (0.0000)  time: 1.354915  data: 0.000368  max mem: 11921
I20260820 19:12:36 3603480 mum utils.py:218] Training  [18300/60000]  eta: 1 day, 5:36:38  loss: 0.3465 (0.3789)  grad: 0.2378 (0.4097)  batch_size: 10.0000 (10.0000)  lr: 0.0000 (0.0000)  time: 1.355341  data: 0.000379  max mem: 11921
I20260820 19:13:44 3603480 mum utils.py:218] Training  [18350/60000]  eta: 1 day, 5:32:14  loss: 0.3159 (0.3788)  grad: 0.1960 (0.4091)  batch_size: 10.0000 (10.0000)  lr: 0.0000 (0.0000)  time: 1.355549  data: 0.000363  max mem: 11921
I20260820 19:14:52 3603480 mum utils.py:218] Training  [18400/60000]  eta: 1 day, 5:27:52  loss: 0.3270 (0.3787)  grad: 0.2226 (0.4086)  batch_size: 10.0000 (10.0000)  lr: 0.0000 (0.0000)  time: 1.383309  data: 0.000368  max mem: 11921
I20260820 19:16:00 3603480 mum utils.py:218] Training  [18450/60000]  eta: 1 day, 5:23:31  loss: 0.3409 (0.3786)  grad: 0.2171 (0.4080)  batch_size: 10.0000 (10.0000)  lr: 0.0000 (0.0000)  time: 1.356933  data: 0.000373  max mem: 11921
I20260820 19:17:08 3603480 mum utils.py:218] Training  [18500/60000]  eta: 1 day, 5:19:10  loss: 0.3387 (0.3785)  grad: 0.2194 (0.4076)  batch_size: 10.0000 (10.0000)  lr: 0.0000 (0.0000)  time: 1.356406  data: 0.000396  max mem: 11921
I20260820 19:18:16 3603480 mum utils.py:218] Training  [18550/60000]  eta: 1 day, 5:14:50  loss: 0.3361 (0.3784)  grad: 0.2011 (0.4071)  batch_size: 10.0000 (10.0000)  lr: 0.0000 (0.0000)  time: 1.354545  data: 0.000376  max mem: 11921
I20260820 19:19:23 3603480 mum utils.py:218] Training  [18600/60000]  eta: 1 day, 5:10:32  loss: 0.3358 (0.3783)  grad: 0.2098 (0.4065)  batch_size: 10.0000 (10.0000)  lr: 0.0000 (0.0000)  time: 1.356472  data: 0.000350  max mem: 11921
I20260820 19:20:32 3603480 mum utils.py:218] Training  [18650/60000]  eta: 1 day, 5:06:16  loss: 0.3534 (0.3782)  grad: 0.1904 (0.4060)  batch_size: 10.0000 (10.0000)  lr: 0.0000 (0.0000)  time: 1.368165  data: 0.000334  max mem: 11921
I20260820 19:21:40 3603480 mum utils.py:218] Training  [18700/60000]  eta: 1 day, 5:01:59  loss: 0.3409 (0.3781)  grad: 0.1977 (0.4054)  batch_size: 10.0000 (10.0000)  lr: 0.0000 (0.0000)  time: 1.359999  data: 0.000359  max mem: 11921
I20260820 19:22:48 3603480 mum utils.py:218] Training  [18750/60000]  eta: 1 day, 4:57:44  loss: 0.3392 (0.3780)  grad: 0.2440 (0.4050)  batch_size: 10.0000 (10.0000)  lr: 0.0000 (0.0000)  time: 1.359559  data: 0.000395  max mem: 11921
I20260820 19:23:56 3603480 mum utils.py:218] Training  [18800/60000]  eta: 1 day, 4:53:29  loss: 0.3253 (0.3779)  grad: 0.1847 (0.4046)  batch_size: 10.0000 (10.0000)  lr: 0.0000 (0.0000)  time: 1.358802  data: 0.000376  max mem: 11921
I20260820 19:25:04 3603480 mum utils.py:218] Training  [18850/60000]  eta: 1 day, 4:49:16  loss: 0.3499 (0.3778)  grad: 0.2030 (0.4040)  batch_size: 10.0000 (10.0000)  lr: 0.0000 (0.0000)  time: 1.365142  data: 0.000384  max mem: 11921
I20260820 19:26:12 3603480 mum utils.py:218] Training  [18900/60000]  eta: 1 day, 4:45:03  loss: 0.3310 (0.3777)  grad: 0.2381 (0.4036)  batch_size: 10.0000 (10.0000)  lr: 0.0000 (0.0000)  time: 1.359392  data: 0.000354  max mem: 11921
I20260820 19:27:20 3603480 mum utils.py:218] Training  [18950/60000]  eta: 1 day, 4:40:52  loss: 0.3358 (0.3776)  grad: 0.1890 (0.4030)  batch_size: 10.0000 (10.0000)  lr: 0.0000 (0.0000)  time: 1.362788  data: 0.000368  max mem: 11921
I20260820 19:28:28 3603480 mum utils.py:218] Training  [19000/60000]  eta: 1 day, 4:36:42  loss: 0.3336 (0.3775)  grad: 0.1895 (0.4025)  batch_size: 10.0000 (10.0000)  lr: 0.0000 (0.0000)  time: 1.360323  data: 0.000378  max mem: 11921
I20260820 19:29:36 3603480 mum utils.py:218] Training  [19050/60000]  eta: 1 day, 4:32:32  loss: 0.3435 (0.3774)  grad: 0.1908 (0.4020)  batch_size: 10.0000 (10.0000)  lr: 0.0000 (0.0000)  time: 1.360644  data: 0.000372  max mem: 11921
I20260820 19:30:44 3603480 mum utils.py:218] Training  [19100/60000]  eta: 1 day, 4:28:25  loss: 0.3386 (0.3772)  grad: 0.2095 (0.4015)  batch_size: 10.0000 (10.0000)  lr: 0.0000 (0.0000)  time: 1.380748  data: 0.000381  max mem: 11921
I20260820 19:31:52 3603480 mum utils.py:218] Training  [19150/60000]  eta: 1 day, 4:24:17  loss: 0.3387 (0.3771)  grad: 0.1887 (0.4010)  batch_size: 10.0000 (10.0000)  lr: 0.0000 (0.0000)  time: 1.359480  data: 0.000427  max mem: 11921
I20260820 19:33:00 3603480 mum utils.py:218] Training  [19200/60000]  eta: 1 day, 4:20:11  loss: 0.3240 (0.3770)  grad: 0.1957 (0.4005)  batch_size: 10.0000 (10.0000)  lr: 0.0000 (0.0000)  time: 1.359122  data: 0.000422  max mem: 11921
I20260820 19:34:08 3603480 mum utils.py:218] Training  [19250/60000]  eta: 1 day, 4:16:05  loss: 0.3444 (0.3769)  grad: 0.2049 (0.4000)  batch_size: 10.0000 (10.0000)  lr: 0.0000 (0.0000)  time: 1.354810  data: 0.000391  max mem: 11921
I20260820 19:35:16 3603480 mum utils.py:218] Training  [19300/60000]  eta: 1 day, 4:12:00  loss: 0.3330 (0.3768)  grad: 0.2034 (0.3996)  batch_size: 10.0000 (10.0000)  lr: 0.0000 (0.0000)  time: 1.361499  data: 0.000364  max mem: 11921
I20260820 19:36:24 3603480 mum utils.py:218] Training  [19350/60000]  eta: 1 day, 4:07:57  loss: 0.3509 (0.3768)  grad: 0.1957 (0.3990)  batch_size: 10.0000 (10.0000)  lr: 0.0000 (0.0000)  time: 1.374781  data: 0.000383  max mem: 11921
I20260820 19:37:33 3603480 mum utils.py:218] Training  [19400/60000]  eta: 1 day, 4:03:54  loss: 0.3319 (0.3767)  grad: 0.2008 (0.3986)  batch_size: 10.0000 (10.0000)  lr: 0.0000 (0.0000)  time: 1.359944  data: 0.000427  max mem: 11921
I20260820 19:38:41 3603480 mum utils.py:218] Training  [19450/60000]  eta: 1 day, 3:59:52  loss: 0.3343 (0.3766)  grad: 0.1875 (0.3980)  batch_size: 10.0000 (10.0000)  lr: 0.0000 (0.0000)  time: 1.361016  data: 0.000381  max mem: 11921
I20260820 19:39:49 3603480 mum utils.py:218] Training  [19500/60000]  eta: 1 day, 3:55:51  loss: 0.3285 (0.3765)  grad: 0.1854 (0.3976)  batch_size: 10.0000 (10.0000)  lr: 0.0000 (0.0000)  time: 1.365113  data: 0.000366  max mem: 11921
I20260820 19:40:57 3603480 mum utils.py:218] Training  [19550/60000]  eta: 1 day, 3:51:51  loss: 0.3375 (0.3764)  grad: 0.1980 (0.3971)  batch_size: 10.0000 (10.0000)  lr: 0.0000 (0.0000)  time: 1.363982  data: 0.000439  max mem: 11921
I20260820 19:42:05 3603480 mum utils.py:218] Training  [19600/60000]  eta: 1 day, 3:47:52  loss: 0.3496 (0.3763)  grad: 0.2204 (0.3967)  batch_size: 10.0000 (10.0000)  lr: 0.0000 (0.0000)  time: 1.363405  data: 0.000377  max mem: 11921
I20260820 19:43:13 3603480 mum utils.py:218] Training  [19650/60000]  eta: 1 day, 3:43:54  loss: 0.3242 (0.3762)  grad: 0.1851 (0.3962)  batch_size: 10.0000 (10.0000)  lr: 0.0000 (0.0000)  time: 1.357683  data: 0.000401  max mem: 11921
I20260820 19:44:21 3603480 mum utils.py:218] Training  [19700/60000]  eta: 1 day, 3:39:56  loss: 0.3370 (0.3761)  grad: 0.2398 (0.3958)  batch_size: 10.0000 (10.0000)  lr: 0.0000 (0.0000)  time: 1.359792  data: 0.000410  max mem: 11921
I20260820 19:45:29 3603480 mum utils.py:218] Training  [19750/60000]  eta: 1 day, 3:35:59  loss: 0.3248 (0.3760)  grad: 0.2052 (0.3954)  batch_size: 10.0000 (10.0000)  lr: 0.0000 (0.0000)  time: 1.361031  data: 0.000385  max mem: 11921
I20260820 19:46:38 3603480 mum utils.py:218] Training  [19800/60000]  eta: 1 day, 3:32:04  loss: 0.3386 (0.3759)  grad: 0.2007 (0.3949)  batch_size: 10.0000 (10.0000)  lr: 0.0000 (0.0000)  time: 1.377337  data: 0.000391  max mem: 11921
I20260820 19:47:46 3603480 mum utils.py:218] Training  [19850/60000]  eta: 1 day, 3:28:09  loss: 0.3347 (0.3758)  grad: 0.2343 (0.3946)  batch_size: 10.0000 (10.0000)  lr: 0.0000 (0.0000)  time: 1.360091  data: 0.000349  max mem: 11921
I20260820 19:48:54 3603480 mum utils.py:218] Training  [19900/60000]  eta: 1 day, 3:24:15  loss: 0.3446 (0.3757)  grad: 0.2102 (0.3941)  batch_size: 10.0000 (10.0000)  lr: 0.0000 (0.0000)  time: 1.360636  data: 0.000399  max mem: 11921
I20260820 19:50:02 3603480 mum utils.py:218] Training  [19950/60000]  eta: 1 day, 3:20:22  loss: 0.3290 (0.3756)  grad: 0.2032 (0.3937)  batch_size: 10.0000 (10.0000)  lr: 0.0000 (0.0000)  time: 1.363662  data: 0.000368  max mem: 11921
I20260820 19:51:10 3603480 mum utils.py:218] Training  [20000/60000]  eta: 1 day, 3:16:29  loss: 0.3331 (0.3755)  grad: 0.2084 (0.3933)  batch_size: 10.0000 (10.0000)  lr: 0.0000 (0.0000)  time: 1.358952  data: 0.000381  max mem: 11921
I20260820 19:52:18 3603480 mum utils.py:218] Training  [20050/60000]  eta: 1 day, 3:12:38  loss: 0.3332 (0.3754)  grad: 0.1816 (0.3929)  batch_size: 10.0000 (10.0000)  lr: 0.0000 (0.0000)  time: 1.367628  data: 0.000383  max mem: 11921
I20260820 19:53:26 3603480 mum utils.py:218] Training  [20100/60000]  eta: 1 day, 3:08:47  loss: 0.3270 (0.3753)  grad: 0.2014 (0.3925)  batch_size: 10.0000 (10.0000)  lr: 0.0000 (0.0000)  time: 1.361717  data: 0.000399  max mem: 11921
I20260820 19:54:34 3603480 mum utils.py:218] Training  [20150/60000]  eta: 1 day, 3:04:57  loss: 0.3574 (0.3752)  grad: 0.1956 (0.3920)  batch_size: 10.0000 (10.0000)  lr: 0.0000 (0.0000)  time: 1.368973  data: 0.000402  max mem: 11921
I20260820 19:55:42 3603480 mum utils.py:218] Training  [20200/60000]  eta: 1 day, 3:01:08  loss: 0.3309 (0.3752)  grad: 0.1660 (0.3916)  batch_size: 10.0000 (10.0000)  lr: 0.0000 (0.0000)  time: 1.358812  data: 0.000360  max mem: 11921
I20260820 19:56:50 3603480 mum utils.py:218] Training  [20250/60000]  eta: 1 day, 2:57:19  loss: 0.3304 (0.3750)  grad: 0.2144 (0.3911)  batch_size: 10.0000 (10.0000)  lr: 0.0000 (0.0000)  time: 1.362394  data: 0.000348  max mem: 11921
I20260820 19:57:59 3603480 mum utils.py:218] Training  [20300/60000]  eta: 1 day, 2:53:33  loss: 0.3324 (0.3749)  grad: 0.1946 (0.3907)  batch_size: 10.0000 (10.0000)  lr: 0.0000 (0.0000)  time: 1.359810  data: 0.000368  max mem: 11921
I20260820 19:59:07 3603480 mum utils.py:218] Training  [20350/60000]  eta: 1 day, 2:49:46  loss: 0.3332 (0.3748)  grad: 0.1737 (0.3902)  batch_size: 10.0000 (10.0000)  lr: 0.0000 (0.0000)  time: 1.359120  data: 0.000339  max mem: 11921
I20260820 20:00:15 3603480 mum utils.py:218] Training  [20400/60000]  eta: 1 day, 2:45:59  loss: 0.3114 (0.3747)  grad: 0.2047 (0.3899)  batch_size: 10.0000 (10.0000)  lr: 0.0000 (0.0000)  time: 1.359946  data: 0.000379  max mem: 11921
I20260820 20:01:23 3603480 mum utils.py:218] Training  [20450/60000]  eta: 1 day, 2:42:13  loss: 0.3221 (0.3746)  grad: 0.1850 (0.3894)  batch_size: 10.0000 (10.0000)  lr: 0.0000 (0.0000)  time: 1.346380  data: 0.000365  max mem: 11921
I20260820 20:02:29 3603480 mum utils.py:218] Training  [20500/60000]  eta: 1 day, 2:38:26  loss: 0.3316 (0.3745)  grad: 0.1840 (0.3889)  batch_size: 10.0000 (10.0000)  lr: 0.0000 (0.0000)  time: 1.324711  data: 0.000417  max mem: 11921
I20260820 20:03:36 3603480 mum utils.py:218] Training  [20550/60000]  eta: 1 day, 2:34:41  loss: 0.3453 (0.3744)  grad: 0.1802 (0.3884)  batch_size: 10.0000 (10.0000)  lr: 0.0000 (0.0000)  time: 1.343693  data: 0.000370  max mem: 11921
I20260820 20:04:44 3603480 mum utils.py:218] Training  [20600/60000]  eta: 1 day, 2:30:57  loss: 0.3126 (0.3743)  grad: 0.1797 (0.3880)  batch_size: 10.0000 (10.0000)  lr: 0.0000 (0.0000)  time: 1.367738  data: 0.000352  max mem: 11921
I20260820 20:05:52 3603480 mum utils.py:218] Training  [20650/60000]  eta: 1 day, 2:27:14  loss: 0.3305 (0.3742)  grad: 0.1918 (0.3876)  batch_size: 10.0000 (10.0000)  lr: 0.0000 (0.0000)  time: 1.356577  data: 0.000364  max mem: 11921
I20260820 20:07:00 3603480 mum utils.py:218] Training  [20700/60000]  eta: 1 day, 2:23:32  loss: 0.3357 (0.3741)  grad: 0.2021 (0.3871)  batch_size: 10.0000 (10.0000)  lr: 0.0000 (0.0000)  time: 1.357897  data: 0.000336  max mem: 11921
I20260820 20:08:08 3603480 mum utils.py:218] Training  [20750/60000]  eta: 1 day, 2:19:52  loss: 0.3414 (0.3741)  grad: 0.1853 (0.3867)  batch_size: 10.0000 (10.0000)  lr: 0.0000 (0.0000)  time: 1.364928  data: 0.000354  max mem: 11921
I20260820 20:09:16 3603480 mum utils.py:218] Training  [20800/60000]  eta: 1 day, 2:16:11  loss: 0.3356 (0.3740)  grad: 0.2129 (0.3863)  batch_size: 10.0000 (10.0000)  lr: 0.0000 (0.0000)  time: 1.356606  data: 0.000363  max mem: 11921
I20260820 20:10:24 3603480 mum utils.py:218] Training  [20850/60000]  eta: 1 day, 2:12:32  loss: 0.3296 (0.3738)  grad: 0.1998 (0.3859)  batch_size: 10.0000 (10.0000)  lr: 0.0000 (0.0000)  time: 1.355862  data: 0.000366  max mem: 11921
I20260820 20:11:32 3603480 mum utils.py:218] Training  [20900/60000]  eta: 1 day, 2:08:53  loss: 0.3407 (0.3738)  grad: 0.2002 (0.3854)  batch_size: 10.0000 (10.0000)  lr: 0.0000 (0.0000)  time: 1.356358  data: 0.000343  max mem: 11921
I20260820 20:12:40 3603480 mum utils.py:218] Training  [20950/60000]  eta: 1 day, 2:05:14  loss: 0.3441 (0.3737)  grad: 0.2064 (0.3850)  batch_size: 10.0000 (10.0000)  lr: 0.0000 (0.0000)  time: 1.358938  data: 0.000339  max mem: 11921
I20260820 20:13:48 3603480 mum utils.py:218] Training  [21000/60000]  eta: 1 day, 2:01:37  loss: 0.3423 (0.3736)  grad: 0.2141 (0.3846)  batch_size: 10.0000 (10.0000)  lr: 0.0000 (0.0000)  time: 1.358144  data: 0.000353  max mem: 11921
I20260820 20:14:56 3603480 mum utils.py:218] Training  [21050/60000]  eta: 1 day, 1:58:01  loss: 0.3371 (0.3735)  grad: 0.1770 (0.3841)  batch_size: 10.0000 (10.0000)  lr: 0.0000 (0.0000)  time: 1.368238  data: 0.000359  max mem: 11921
I20260820 20:16:04 3603480 mum utils.py:218] Training  [21100/60000]  eta: 1 day, 1:54:25  loss: 0.3348 (0.3734)  grad: 0.1820 (0.3837)  batch_size: 10.0000 (10.0000)  lr: 0.0000 (0.0000)  time: 1.359162  data: 0.000408  max mem: 11921
I20260820 20:17:12 3603480 mum utils.py:218] Training  [21150/60000]  eta: 1 day, 1:50:50  loss: 0.3405 (0.3734)  grad: 0.1691 (0.3832)  batch_size: 10.0000 (10.0000)  lr: 0.0000 (0.0000)  time: 1.357570  data: 0.000398  max mem: 11921
I20260820 20:18:20 3603480 mum utils.py:218] Training  [21200/60000]  eta: 1 day, 1:47:15  loss: 0.3249 (0.3733)  grad: 0.1933 (0.3828)  batch_size: 10.0000 (10.0000)  lr: 0.0000 (0.0000)  time: 1.365926  data: 0.000401  max mem: 11921
I20260820 20:19:28 3603480 mum utils.py:218] Training  [21250/60000]  eta: 1 day, 1:43:41  loss: 0.3275 (0.3732)  grad: 0.1821 (0.3824)  batch_size: 10.0000 (10.0000)  lr: 0.0000 (0.0000)  time: 1.359589  data: 0.000372  max mem: 11921
I20260820 20:20:36 3603480 mum utils.py:218] Training  [21300/60000]  eta: 1 day, 1:40:08  loss: 0.3234 (0.3731)  grad: 0.1972 (0.3820)  batch_size: 10.0000 (10.0000)  lr: 0.0000 (0.0000)  time: 1.356280  data: 0.000355  max mem: 11921
I20260820 20:21:44 3603480 mum utils.py:218] Training  [21350/60000]  eta: 1 day, 1:36:36  loss: 0.3209 (0.3730)  grad: 0.2023 (0.3816)  batch_size: 10.0000 (10.0000)  lr: 0.0000 (0.0000)  time: 1.358308  data: 0.000359  max mem: 11921
I20260820 20:22:51 3603480 mum utils.py:218] Training  [21400/60000]  eta: 1 day, 1:33:04  loss: 0.3406 (0.3729)  grad: 0.2084 (0.3813)  batch_size: 10.0000 (10.0000)  lr: 0.0000 (0.0000)  time: 1.358057  data: 0.000417  max mem: 11921
I20260820 20:24:00 3603480 mum utils.py:218] Training  [21450/60000]  eta: 1 day, 1:29:33  loss: 0.3469 (0.3728)  grad: 0.1935 (0.3809)  batch_size: 10.0000 (10.0000)  lr: 0.0000 (0.0000)  time: 1.359789  data: 0.000350  max mem: 11921
I20260820 20:25:08 3603480 mum utils.py:218] Training  [21500/60000]  eta: 1 day, 1:26:03  loss: 0.3388 (0.3727)  grad: 0.1761 (0.3805)  batch_size: 10.0000 (10.0000)  lr: 0.0000 (0.0000)  time: 1.359795  data: 0.000382  max mem: 11921
I20260820 20:26:16 3603480 mum utils.py:218] Training  [21550/60000]  eta: 1 day, 1:22:33  loss: 0.3453 (0.3727)  grad: 0.1961 (0.3801)  batch_size: 10.0000 (10.0000)  lr: 0.0000 (0.0000)  time: 1.359720  data: 0.000366  max mem: 11921
I20260820 20:27:23 3603480 mum utils.py:218] Training  [21600/60000]  eta: 1 day, 1:19:04  loss: 0.3219 (0.3726)  grad: 0.2060 (0.3797)  batch_size: 10.0000 (10.0000)  lr: 0.0000 (0.0000)  time: 1.356871  data: 0.000348  max mem: 11921
I20260820 20:28:31 3603480 mum utils.py:218] Training  [21650/60000]  eta: 1 day, 1:15:35  loss: 0.3106 (0.3725)  grad: 0.1908 (0.3793)  batch_size: 10.0000 (10.0000)  lr: 0.0000 (0.0000)  time: 1.359632  data: 0.000384  max mem: 11921
I20260820 20:29:40 3603480 mum utils.py:218] Training  [21700/60000]  eta: 1 day, 1:12:08  loss: 0.3199 (0.3724)  grad: 0.2105 (0.3790)  batch_size: 10.0000 (10.0000)  lr: 0.0000 (0.0000)  time: 1.360933  data: 0.000374  max mem: 11921
I20260820 20:30:48 3603480 mum utils.py:218] Training  [21750/60000]  eta: 1 day, 1:08:41  loss: 0.3297 (0.3722)  grad: 0.1768 (0.3786)  batch_size: 10.0000 (10.0000)  lr: 0.0000 (0.0000)  time: 1.357656  data: 0.000385  max mem: 11921
I20260820 20:31:56 3603480 mum utils.py:218] Training  [21800/60000]  eta: 1 day, 1:05:14  loss: 0.3117 (0.3721)  grad: 0.1740 (0.3782)  batch_size: 10.0000 (10.0000)  lr: 0.0000 (0.0000)  time: 1.360733  data: 0.000390  max mem: 11921
I20260820 20:33:04 3603480 mum utils.py:218] Training  [21850/60000]  eta: 1 day, 1:01:48  loss: 0.3510 (0.3721)  grad: 0.1979 (0.3778)  batch_size: 10.0000 (10.0000)  lr: 0.0000 (0.0000)  time: 1.355345  data: 0.000386  max mem: 11921
I20260820 20:34:12 3603480 mum utils.py:218] Training  [21900/60000]  eta: 1 day, 0:58:23  loss: 0.3232 (0.3720)  grad: 0.1879 (0.3774)  batch_size: 10.0000 (10.0000)  lr: 0.0000 (0.0000)  time: 1.374159  data: 0.000368  max mem: 11921
I20260820 20:35:20 3603480 mum utils.py:218] Training  [21950/60000]  eta: 1 day, 0:54:59  loss: 0.3334 (0.3719)  grad: 0.1819 (0.3770)  batch_size: 10.0000 (10.0000)  lr: 0.0000 (0.0000)  time: 1.360449  data: 0.000349  max mem: 11921
I20260820 20:36:28 3603480 mum utils.py:218] Training  [22000/60000]  eta: 1 day, 0:51:35  loss: 0.3356 (0.3718)  grad: 0.1920 (0.3766)  batch_size: 10.0000 (10.0000)  lr: 0.0000 (0.0000)  time: 1.361777  data: 0.000355  max mem: 11921
I20260820 20:37:36 3603480 mum utils.py:218] Training  [22050/60000]  eta: 1 day, 0:48:11  loss: 0.3272 (0.3717)  grad: 0.1954 (0.3763)  batch_size: 10.0000 (10.0000)  lr: 0.0000 (0.0000)  time: 1.359161  data: 0.000358  max mem: 11921
I20260820 20:38:44 3603480 mum utils.py:218] Training  [22100/60000]  eta: 1 day, 0:44:49  loss: 0.3171 (0.3716)  grad: 0.1878 (0.3759)  batch_size: 10.0000 (10.0000)  lr: 0.0000 (0.0000)  time: 1.360596  data: 0.000360  max mem: 11921
I20260820 20:39:53 3603480 mum utils.py:218] Training  [22150/60000]  eta: 1 day, 0:41:27  loss: 0.3216 (0.3716)  grad: 0.1960 (0.3755)  batch_size: 10.0000 (10.0000)  lr: 0.0000 (0.0000)  time: 1.366502  data: 0.000372  max mem: 11921
I20260820 20:41:01 3603480 mum utils.py:218] Training  [22200/60000]  eta: 1 day, 0:38:06  loss: 0.3476 (0.3715)  grad: 0.2124 (0.3752)  batch_size: 10.0000 (10.0000)  lr: 0.0000 (0.0000)  time: 1.361851  data: 0.000360  max mem: 11921
I20260820 20:42:09 3603480 mum utils.py:218] Training  [22250/60000]  eta: 1 day, 0:34:45  loss: 0.3503 (0.3714)  grad: 0.1823 (0.3748)  batch_size: 10.0000 (10.0000)  lr: 0.0000 (0.0000)  time: 1.361590  data: 0.000408  max mem: 11921
I20260820 20:43:17 3603480 mum utils.py:218] Training  [22300/60000]  eta: 1 day, 0:31:25  loss: 0.3368 (0.3713)  grad: 0.2036 (0.3744)  batch_size: 10.0000 (10.0000)  lr: 0.0000 (0.0000)  time: 1.360628  data: 0.000371  max mem: 11921
I20260820 20:44:25 3603480 mum utils.py:218] Training  [22350/60000]  eta: 1 day, 0:28:05  loss: 0.3443 (0.3712)  grad: 0.1814 (0.3740)  batch_size: 10.0000 (10.0000)  lr: 0.0000 (0.0000)  time: 1.368235  data: 0.000373  max mem: 11921
I20260820 20:45:33 3603480 mum utils.py:218] Training  [22400/60000]  eta: 1 day, 0:24:46  loss: 0.3145 (0.3712)  grad: 0.1867 (0.3736)  batch_size: 10.0000 (10.0000)  lr: 0.0000 (0.0000)  time: 1.360584  data: 0.000382  max mem: 11921
I20260820 20:46:41 3603480 mum utils.py:218] Training  [22450/60000]  eta: 1 day, 0:21:28  loss: 0.3352 (0.3711)  grad: 0.2020 (0.3733)  batch_size: 10.0000 (10.0000)  lr: 0.0000 (0.0000)  time: 1.361635  data: 0.000384  max mem: 11921
I20260820 20:47:49 3603480 mum utils.py:218] Training  [22500/60000]  eta: 1 day, 0:18:10  loss: 0.3261 (0.3710)  grad: 0.1705 (0.3729)  batch_size: 10.0000 (10.0000)  lr: 0.0000 (0.0000)  time: 1.357723  data: 0.000407  max mem: 11921
I20260820 20:48:57 3603480 mum utils.py:218] Training  [22550/60000]  eta: 1 day, 0:14:52  loss: 0.3378 (0.3709)  grad: 0.2062 (0.3725)  batch_size: 10.0000 (10.0000)  lr: 0.0000 (0.0000)  time: 1.361130  data: 0.000342  max mem: 11921
I20260820 20:50:05 3603480 mum utils.py:218] Training  [22600/60000]  eta: 1 day, 0:11:36  loss: 0.3434 (0.3709)  grad: 0.1906 (0.3722)  batch_size: 10.0000 (10.0000)  lr: 0.0000 (0.0000)  time: 1.374400  data: 0.000368  max mem: 11921
I20260820 20:51:14 3603480 mum utils.py:218] Training  [22650/60000]  eta: 1 day, 0:08:20  loss: 0.3148 (0.3708)  grad: 0.1781 (0.3718)  batch_size: 10.0000 (10.0000)  lr: 0.0000 (0.0000)  time: 1.362478  data: 0.000372  max mem: 11921
I20260820 20:52:22 3603480 mum utils.py:218] Training  [22700/60000]  eta: 1 day, 0:05:04  loss: 0.3229 (0.3707)  grad: 0.2041 (0.3715)  batch_size: 10.0000 (10.0000)  lr: 0.0000 (0.0000)  time: 1.363950  data: 0.000391  max mem: 11921
I20260820 20:53:30 3603480 mum utils.py:218] Training  [22750/60000]  eta: 1 day, 0:01:49  loss: 0.3294 (0.3706)  grad: 0.2033 (0.3711)  batch_size: 10.0000 (10.0000)  lr: 0.0000 (0.0000)  time: 1.360349  data: 0.000398  max mem: 11921
I20260820 20:54:38 3603480 mum utils.py:218] Training  [22800/60000]  eta: 23:58:35  loss: 0.3278 (0.3705)  grad: 0.2070 (0.3708)  batch_size: 10.0000 (10.0000)  lr: 0.0000 (0.0000)  time: 1.360073  data: 0.000368  max mem: 11921
I20260820 20:55:46 3603480 mum utils.py:218] Training  [22850/60000]  eta: 23:55:22  loss: 0.3319 (0.3704)  grad: 0.2023 (0.3704)  batch_size: 10.0000 (10.0000)  lr: 0.0000 (0.0000)  time: 1.364507  data: 0.000399  max mem: 11921
I20260820 20:56:54 3603480 mum utils.py:218] Training  [22900/60000]  eta: 23:52:08  loss: 0.3332 (0.3703)  grad: 0.1887 (0.3700)  batch_size: 10.0000 (10.0000)  lr: 0.0000 (0.0000)  time: 1.357917  data: 0.000354  max mem: 11921
I20260820 20:58:01 3603480 mum utils.py:218] Training  [22950/60000]  eta: 23:48:53  loss: 0.3450 (0.3703)  grad: 0.1975 (0.3697)  batch_size: 10.0000 (10.0000)  lr: 0.0000 (0.0000)  time: 1.343415  data: 0.000348  max mem: 11921
I20260820 20:59:07 3603480 mum utils.py:218] Training  [23000/60000]  eta: 23:45:38  loss: 0.3436 (0.3702)  grad: 0.1957 (0.3694)  batch_size: 10.0000 (10.0000)  lr: 0.0000 (0.0000)  time: 1.322754  data: 0.000377  max mem: 11921
I20260820 21:00:14 3603480 mum utils.py:218] Training  [23050/60000]  eta: 23:42:24  loss: 0.3431 (0.3701)  grad: 0.1908 (0.3690)  batch_size: 10.0000 (10.0000)  lr: 0.0000 (0.0000)  time: 1.348698  data: 0.000414  max mem: 11921
I20260820 21:01:22 3603480 mum utils.py:218] Training  [23100/60000]  eta: 23:39:13  loss: 0.3194 (0.3700)  grad: 0.2191 (0.3688)  batch_size: 10.0000 (10.0000)  lr: 0.0000 (0.0000)  time: 1.359699  data: 0.000380  max mem: 11921
I20260820 21:02:30 3603480 mum utils.py:218] Training  [23150/60000]  eta: 23:36:02  loss: 0.3231 (0.3699)  grad: 0.1961 (0.3685)  batch_size: 10.0000 (10.0000)  lr: 0.0000 (0.0000)  time: 1.355586  data: 0.000385  max mem: 11921
I20260820 21:03:38 3603480 mum utils.py:218] Training  [23200/60000]  eta: 23:32:51  loss: 0.3302 (0.3698)  grad: 0.1836 (0.3681)  batch_size: 10.0000 (10.0000)  lr: 0.0000 (0.0000)  time: 1.357355  data: 0.000375  max mem: 11921
I20260820 21:04:46 3603480 mum utils.py:218] Training  [23250/60000]  eta: 23:29:41  loss: 0.3378 (0.3697)  grad: 0.1881 (0.3678)  batch_size: 10.0000 (10.0000)  lr: 0.0000 (0.0000)  time: 1.359471  data: 0.000337  max mem: 11921
I20260820 21:05:54 3603480 mum utils.py:218] Training  [23300/60000]  eta: 23:26:33  loss: 0.3353 (0.3697)  grad: 0.1867 (0.3674)  batch_size: 10.0000 (10.0000)  lr: 0.0000 (0.0000)  time: 1.362043  data: 0.000421  max mem: 11921
I20260820 21:07:02 3603480 mum utils.py:218] Training  [23350/60000]  eta: 23:23:24  loss: 0.3302 (0.3696)  grad: 0.1886 (0.3670)  batch_size: 10.0000 (10.0000)  lr: 0.0000 (0.0000)  time: 1.354848  data: 0.000382  max mem: 11921
I20260820 21:08:10 3603480 mum utils.py:218] Training  [23400/60000]  eta: 23:20:15  loss: 0.3327 (0.3695)  grad: 0.1957 (0.3668)  batch_size: 10.0000 (10.0000)  lr: 0.0000 (0.0000)  time: 1.356622  data: 0.000356  max mem: 11921
I20260820 21:09:18 3603480 mum utils.py:218] Training  [23450/60000]  eta: 23:17:07  loss: 0.3164 (0.3694)  grad: 0.2096 (0.3665)  batch_size: 10.0000 (10.0000)  lr: 0.0000 (0.0000)  time: 1.356987  data: 0.000384  max mem: 11921
I20260820 21:10:26 3603480 mum utils.py:218] Training  [23500/60000]  eta: 23:14:00  loss: 0.3344 (0.3694)  grad: 0.1931 (0.3662)  batch_size: 10.0000 (10.0000)  lr: 0.0000 (0.0000)  time: 1.368216  data: 0.000362  max mem: 11921
I20260820 21:11:34 3603480 mum utils.py:218] Training  [23550/60000]  eta: 23:10:53  loss: 0.3047 (0.3693)  grad: 0.1958 (0.3658)  batch_size: 10.0000 (10.0000)  lr: 0.0000 (0.0000)  time: 1.353733  data: 0.000377  max mem: 11921
I20260820 21:12:42 3603480 mum utils.py:218] Training  [23600/60000]  eta: 23:07:47  loss: 0.3257 (0.3692)  grad: 0.1995 (0.3655)  batch_size: 10.0000 (10.0000)  lr: 0.0000 (0.0000)  time: 1.356844  data: 0.000397  max mem: 11921
I20260820 21:13:49 3603480 mum utils.py:218] Training  [23650/60000]  eta: 23:04:41  loss: 0.3462 (0.3691)  grad: 0.1868 (0.3652)  batch_size: 10.0000 (10.0000)  lr: 0.0000 (0.0000)  time: 1.355272  data: 0.000375  max mem: 11921
I20260820 21:14:57 3603480 mum utils.py:218] Training  [23700/60000]  eta: 23:01:36  loss: 0.3335 (0.3691)  grad: 0.1827 (0.3648)  batch_size: 10.0000 (10.0000)  lr: 0.0000 (0.0000)  time: 1.357486  data: 0.000374  max mem: 11921
I20260820 21:16:05 3603480 mum utils.py:218] Training  [23750/60000]  eta: 22:58:31  loss: 0.3326 (0.3690)  grad: 0.1871 (0.3645)  batch_size: 10.0000 (10.0000)  lr: 0.0000 (0.0000)  time: 1.370485  data: 0.000374  max mem: 11921
I20260820 21:17:13 3603480 mum utils.py:218] Training  [23800/60000]  eta: 22:55:27  loss: 0.3345 (0.3689)  grad: 0.2656 (0.3642)  batch_size: 10.0000 (10.0000)  lr: 0.0000 (0.0000)  time: 1.354851  data: 0.000410  max mem: 11921
I20260820 21:18:21 3603480 mum utils.py:218] Training  [23850/60000]  eta: 22:52:23  loss: 0.3274 (0.3688)  grad: 0.1784 (0.3639)  batch_size: 10.0000 (10.0000)  lr: 0.0000 (0.0000)  time: 1.354904  data: 0.000386  max mem: 11921
I20260820 21:19:29 3603480 mum utils.py:218] Training  [23900/60000]  eta: 22:49:20  loss: 0.3333 (0.3688)  grad: 0.2527 (0.3636)  batch_size: 10.0000 (10.0000)  lr: 0.0000 (0.0000)  time: 1.357322  data: 0.000377  max mem: 11921
I20260820 21:20:37 3603480 mum utils.py:218] Training  [23950/60000]  eta: 22:46:17  loss: 0.3164 (0.3687)  grad: 0.1872 (0.3633)  batch_size: 10.0000 (10.0000)  lr: 0.0000 (0.0000)  time: 1.361036  data: 0.000372  max mem: 11921
Building dynamic dataloader with seed: 42
Randomly sampling [3, 3] frames
TravelUAVDataset (val): 767 scenes, 39921 frames (total 15348 scenes, split_ratio=0.95).
ComposedDataset created from 1 datasets: ['TravelUAVDataset:DATA_DIR=/data2/student1_ly/datasets/OpenUAV-QA/TravelUAV_dataset:SPLIT=val']
[step 24000] val loss: 0.3403
I20260820 21:23:04 3603480 mum utils.py:218] Training  [24000/60000]  eta: 22:45:14  loss: 0.3260 (0.3686)  grad: 0.1874 (0.3630)  batch_size: 10.0000 (10.0000)  lr: 0.0000 (0.0000)  time: 5.343644  data: 0.000387  max mem: 11921
I20260820 21:24:12 3603480 mum utils.py:218] Training  [24050/60000]  eta: 22:42:12  loss: 0.3052 (0.3685)  grad: 0.2050 (0.3626)  batch_size: 10.0000 (10.0000)  lr: 0.0000 (0.0000)  time: 1.357770  data: 0.000422  max mem: 11921
I20260820 21:25:20 3603480 mum utils.py:218] Training  [24100/60000]  eta: 22:39:10  loss: 0.3354 (0.3684)  grad: 0.1843 (0.3623)  batch_size: 10.0000 (10.0000)  lr: 0.0000 (0.0000)  time: 1.357572  data: 0.000381  max mem: 11921
I20260820 21:26:28 3603480 mum utils.py:218] Training  [24150/60000]  eta: 22:36:08  loss: 0.3223 (0.3683)  grad: 0.1785 (0.3619)  batch_size: 10.0000 (10.0000)  lr: 0.0000 (0.0000)  time: 1.364962  data: 0.000479  max mem: 11921
I20260820 21:27:36 3603480 mum utils.py:218] Training  [24200/60000]  eta: 22:33:08  loss: 0.3246 (0.3683)  grad: 0.1851 (0.3616)  batch_size: 10.0000 (10.0000)  lr: 0.0000 (0.0000)  time: 1.356365  data: 0.000377  max mem: 11921
I20260820 21:28:44 3603480 mum utils.py:218] Training  [24250/60000]  eta: 22:30:07  loss: 0.3265 (0.3682)  grad: 0.1753 (0.3613)  batch_size: 10.0000 (10.0000)  lr: 0.0000 (0.0000)  time: 1.356255  data: 0.000405  max mem: 11921
I20260820 21:29:52 3603480 mum utils.py:218] Training  [24300/60000]  eta: 22:27:07  loss: 0.3427 (0.3681)  grad: 0.1738 (0.3609)  batch_size: 10.0000 (10.0000)  lr: 0.0000 (0.0000)  time: 1.358805  data: 0.000402  max mem: 11921
I20260820 21:31:00 3603480 mum utils.py:218] Training  [24350/60000]  eta: 22:24:08  loss: 0.3265 (0.3681)  grad: 0.1915 (0.3606)  batch_size: 10.0000 (10.0000)  lr: 0.0000 (0.0000)  time: 1.365937  data: 0.000392  max mem: 11921
I20260820 21:32:08 3603480 mum utils.py:218] Training  [24400/60000]  eta: 22:21:09  loss: 0.3397 (0.3680)  grad: 0.1922 (0.3603)  batch_size: 10.0000 (10.0000)  lr: 0.0000 (0.0000)  time: 1.361704  data: 0.000380  max mem: 11921
I20260820 21:33:16 3603480 mum utils.py:218] Training  [24450/60000]  eta: 22:18:10  loss: 0.3228 (0.3679)  grad: 0.1841 (0.3600)  batch_size: 10.0000 (10.0000)  lr: 0.0000 (0.0000)  time: 1.359028  data: 0.000386  max mem: 11921
I20260820 21:34:24 3603480 mum utils.py:218] Training  [24500/60000]  eta: 22:15:12  loss: 0.3429 (0.3678)  grad: 0.1834 (0.3597)  batch_size: 10.0000 (10.0000)  lr: 0.0000 (0.0000)  time: 1.360002  data: 0.000393  max mem: 11921
I20260820 21:35:32 3603480 mum utils.py:218] Training  [24550/60000]  eta: 22:12:15  loss: 0.3425 (0.3678)  grad: 0.1904 (0.3593)  batch_size: 10.0000 (10.0000)  lr: 0.0000 (0.0000)  time: 1.360736  data: 0.000385  max mem: 11921
I20260820 21:36:40 3603480 mum utils.py:218] Training  [24600/60000]  eta: 22:09:18  loss: 0.3187 (0.3677)  grad: 0.1735 (0.3590)  batch_size: 10.0000 (10.0000)  lr: 0.0000 (0.0000)  time: 1.361273  data: 0.000395  max mem: 11921
I20260820 21:37:48 3603480 mum utils.py:218] Training  [24650/60000]  eta: 22:06:21  loss: 0.3290 (0.3676)  grad: 0.1795 (0.3586)  batch_size: 10.0000 (10.0000)  lr: 0.0000 (0.0000)  time: 1.356351  data: 0.000409  max mem: 11921
I20260820 21:38:56 3603480 mum utils.py:218] Training  [24700/60000]  eta: 22:03:25  loss: 0.3211 (0.3675)  grad: 0.1967 (0.3583)  batch_size: 10.0000 (10.0000)  lr: 0.0000 (0.0000)  time: 1.361747  data: 0.000377  max mem: 11921
I20260820 21:40:04 3603480 mum utils.py:218] Training  [24750/60000]  eta: 22:00:29  loss: 0.3195 (0.3675)  grad: 0.1850 (0.3580)  batch_size: 10.0000 (10.0000)  lr: 0.0000 (0.0000)  time: 1.358916  data: 0.000418  max mem: 11921
I20260820 21:41:12 3603480 mum utils.py:218] Training  [24800/60000]  eta: 21:57:34  loss: 0.3316 (0.3674)  grad: 0.1987 (0.3577)  batch_size: 10.0000 (10.0000)  lr: 0.0000 (0.0000)  time: 1.366654  data: 0.000433  max mem: 11921
I20260820 21:42:20 3603480 mum utils.py:218] Training  [24850/60000]  eta: 21:54:39  loss: 0.3460 (0.3673)  grad: 0.2104 (0.3574)  batch_size: 10.0000 (10.0000)  lr: 0.0000 (0.0000)  time: 1.366351  data: 0.000384  max mem: 11921
I20260820 21:43:28 3603480 mum utils.py:218] Training  [24900/60000]  eta: 21:51:44  loss: 0.3322 (0.3672)  grad: 0.1829 (0.3572)  batch_size: 10.0000 (10.0000)  lr: 0.0000 (0.0000)  time: 1.359103  data: 0.000373  max mem: 11921
I20260820 21:44:36 3603480 mum utils.py:218] Training  [24950/60000]  eta: 21:48:50  loss: 0.3417 (0.3672)  grad: 0.1937 (0.3569)  batch_size: 10.0000 (10.0000)  lr: 0.0000 (0.0000)  time: 1.353427  data: 0.000401  max mem: 11921
Launching eval: fast
Created dir /data1/Taohy/ModelReshow/modelReShow/MuM/checkpoints_traveluav_256/eval/training_24999/fast
I20260820 21:45:46 3603480 mum train.py:79] Saved eval cfg /data1/Taohy/ModelReshow/modelReShow/MuM/checkpoints_traveluav_256/eval/training_24999/fast/eval_cfg.yaml
I20260820 21:45:46 3603480 mum train.py:85] Launched eval fast
I20260820 21:45:48 3603480 mum utils.py:218] Training  [25000/60000]  eta: 21:46:01  loss: 0.3214 (0.3671)  grad: 0.1794 (0.3566)  batch_size: 10.0000 (10.0000)  lr: 0.0000 (0.0000)  time: 1.539750  data: 0.005651  max mem: 11921
I20260820 21:46:55 3603480 mum utils.py:218] Training  [25050/60000]  eta: 21:43:08  loss: 0.3146 (0.3670)  grad: 0.1875 (0.3563)  batch_size: 10.0000 (10.0000)  lr: 0.0000 (0.0000)  time: 1.357100  data: 0.000398  max mem: 11921
I20260820 21:48:03 3603480 mum utils.py:218] Training  [25100/60000]  eta: 21:40:15  loss: 0.3256 (0.3670)  grad: 0.1800 (0.3559)  batch_size: 10.0000 (10.0000)  lr: 0.0000 (0.0000)  time: 1.355243  data: 0.000363  max mem: 11921
I20260820 21:49:11 3603480 mum utils.py:218] Training  [25150/60000]  eta: 21:37:23  loss: 0.3275 (0.3669)  grad: 0.1822 (0.3556)  batch_size: 10.0000 (10.0000)  lr: 0.0000 (0.0000)  time: 1.359589  data: 0.000367  max mem: 11921
I20260820 21:50:19 3603480 mum utils.py:218] Training  [25200/60000]  eta: 21:34:30  loss: 0.3108 (0.3668)  grad: 0.1896 (0.3553)  batch_size: 10.0000 (10.0000)  lr: 0.0000 (0.0000)  time: 1.357076  data: 0.000399  max mem: 11921
I20260820 21:51:27 3603480 mum utils.py:218] Training  [25250/60000]  eta: 21:31:39  loss: 0.3368 (0.3667)  grad: 0.1932 (0.3550)  batch_size: 10.0000 (10.0000)  lr: 0.0000 (0.0000)  time: 1.364524  data: 0.000362  max mem: 11921
I20260820 21:52:35 3603480 mum utils.py:218] Training  [25300/60000]  eta: 21:28:48  loss: 0.3286 (0.3667)  grad: 0.1852 (0.3547)  batch_size: 10.0000 (10.0000)  lr: 0.0000 (0.0000)  time: 1.361155  data: 0.000385  max mem: 11921
I20260820 21:53:43 3603480 mum utils.py:218] Training  [25350/60000]  eta: 21:25:56  loss: 0.3094 (0.3666)  grad: 0.1857 (0.3543)  batch_size: 10.0000 (10.0000)  lr: 0.0000 (0.0000)  time: 1.343058  data: 0.000407  max mem: 11921
I20260820 21:54:48 3603480 mum utils.py:218] Training  [25400/60000]  eta: 21:23:02  loss: 0.3188 (0.3665)  grad: 0.1981 (0.3540)  batch_size: 10.0000 (10.0000)  lr: 0.0000 (0.0000)  time: 1.316288  data: 0.000375  max mem: 11921
I20260820 21:55:55 3603480 mum utils.py:218] Training  [25450/60000]  eta: 21:20:10  loss: 0.3146 (0.3664)  grad: 0.1865 (0.3537)  batch_size: 10.0000 (10.0000)  lr: 0.0000 (0.0000)  time: 1.335809  data: 0.000383  max mem: 11921
I20260820 21:57:02 3603480 mum utils.py:218] Training  [25500/60000]  eta: 21:17:20  loss: 0.3319 (0.3664)  grad: 0.1844 (0.3534)  batch_size: 10.0000 (10.0000)  lr: 0.0000 (0.0000)  time: 1.357364  data: 0.000388  max mem: 11921
I20260820 21:58:10 3603480 mum utils.py:218] Training  [25550/60000]  eta: 21:14:31  loss: 0.3365 (0.3663)  grad: 0.2000 (0.3531)  batch_size: 10.0000 (10.0000)  lr: 0.0000 (0.0000)  time: 1.369823  data: 0.000403  max mem: 11921
I20260820 21:59:18 3603480 mum utils.py:218] Training  [25600/60000]  eta: 21:11:42  loss: 0.3170 (0.3662)  grad: 0.1941 (0.3528)  batch_size: 10.0000 (10.0000)  lr: 0.0000 (0.0000)  time: 1.352368  data: 0.000353  max mem: 11921
I20260820 22:00:26 3603480 mum utils.py:218] Training  [25650/60000]  eta: 21:08:53  loss: 0.3337 (0.3662)  grad: 0.2098 (0.3526)  batch_size: 10.0000 (10.0000)  lr: 0.0000 (0.0000)  time: 1.358043  data: 0.000375  max mem: 11921
I20260820 22:01:34 3603480 mum utils.py:218] Training  [25700/60000]  eta: 21:06:05  loss: 0.3217 (0.3661)  grad: 0.1873 (0.3523)  batch_size: 10.0000 (10.0000)  lr: 0.0000 (0.0000)  time: 1.356288  data: 0.000363  max mem: 11921
I20260820 22:02:42 3603480 mum utils.py:218] Training  [25750/60000]  eta: 21:03:17  loss: 0.3097 (0.3660)  grad: 0.1912 (0.3521)  batch_size: 10.0000 (10.0000)  lr: 0.0000 (0.0000)  time: 1.358454  data: 0.000375  max mem: 11921
I20260820 22:03:50 3603480 mum utils.py:218] Training  [25800/60000]  eta: 21:00:30  loss: 0.3190 (0.3659)  grad: 0.1980 (0.3518)  batch_size: 10.0000 (10.0000)  lr: 0.0000 (0.0000)  time: 1.358760  data: 0.000380  max mem: 11921
I20260820 22:04:58 3603480 mum utils.py:218] Training  [25850/60000]  eta: 20:57:43  loss: 0.3220 (0.3658)  grad: 0.1989 (0.3515)  batch_size: 10.0000 (10.0000)  lr: 0.0000 (0.0000)  time: 1.356482  data: 0.000380  max mem: 11921
I20260820 22:06:05 3603480 mum utils.py:218] Training  [25900/60000]  eta: 20:54:57  loss: 0.3355 (0.3658)  grad: 0.1865 (0.3512)  batch_size: 10.0000 (10.0000)  lr: 0.0000 (0.0000)  time: 1.360023  data: 0.000375  max mem: 11921
I20260820 22:07:13 3603480 mum utils.py:218] Training  [25950/60000]  eta: 20:52:10  loss: 0.3236 (0.3657)  grad: 0.1924 (0.3509)  batch_size: 10.0000 (10.0000)  lr: 0.0000 (0.0000)  time: 1.355463  data: 0.000373  max mem: 11921
I20260820 22:08:21 3603480 mum utils.py:218] Training  [26000/60000]  eta: 20:49:25  loss: 0.3152 (0.3656)  grad: 0.1949 (0.3506)  batch_size: 10.0000 (10.0000)  lr: 0.0000 (0.0000)  time: 1.360530  data: 0.000391  max mem: 11921
I20260820 22:09:29 3603480 mum utils.py:218] Training  [26050/60000]  eta: 20:46:39  loss: 0.3073 (0.3655)  grad: 0.1878 (0.3504)  batch_size: 10.0000 (10.0000)  lr: 0.0000 (0.0000)  time: 1.358665  data: 0.000380  max mem: 11921
I20260820 22:10:37 3603480 mum utils.py:218] Training  [26100/60000]  eta: 20:43:54  loss: 0.3311 (0.3655)  grad: 0.1835 (0.3501)  batch_size: 10.0000 (10.0000)  lr: 0.0000 (0.0000)  time: 1.360960  data: 0.000423  max mem: 11921
I20260820 22:11:45 3603480 mum utils.py:218] Training  [26150/60000]  eta: 20:41:10  loss: 0.3097 (0.3654)  grad: 0.2033 (0.3498)  batch_size: 10.0000 (10.0000)  lr: 0.0000 (0.0000)  time: 1.371993  data: 0.000363  max mem: 11921
I20260820 22:12:53 3603480 mum utils.py:218] Training  [26200/60000]  eta: 20:38:26  loss: 0.3163 (0.3653)  grad: 0.2077 (0.3497)  batch_size: 10.0000 (10.0000)  lr: 0.0000 (0.0000)  time: 1.359627  data: 0.000392  max mem: 11921
I20260820 22:14:02 3603480 mum utils.py:218] Training  [26250/60000]  eta: 20:35:42  loss: 0.3339 (0.3652)  grad: 0.1924 (0.3494)  batch_size: 10.0000 (10.0000)  lr: 0.0000 (0.0000)  time: 1.368295  data: 0.000403  max mem: 11921
I20260820 22:15:09 3603480 mum utils.py:218] Training  [26300/60000]  eta: 20:32:59  loss: 0.3255 (0.3652)  grad: 0.1859 (0.3491)  batch_size: 10.0000 (10.0000)  lr: 0.0000 (0.0000)  time: 1.357029  data: 0.000356  max mem: 11921
I20260820 22:16:17 3603480 mum utils.py:218] Training  [26350/60000]  eta: 20:30:15  loss: 0.3137 (0.3651)  grad: 0.1849 (0.3489)  batch_size: 10.0000 (10.0000)  lr: 0.0000 (0.0000)  time: 1.357701  data: 0.000375  max mem: 11921
I20260820 22:17:25 3603480 mum utils.py:218] Training  [26400/60000]  eta: 20:27:33  loss: 0.3473 (0.3650)  grad: 0.1910 (0.3485)  batch_size: 10.0000 (10.0000)  lr: 0.0000 (0.0000)  time: 1.359114  data: 0.000356  max mem: 11921
I20260820 22:18:33 3603480 mum utils.py:218] Training  [26450/60000]  eta: 20:24:50  loss: 0.3224 (0.3650)  grad: 0.1771 (0.3483)  batch_size: 10.0000 (10.0000)  lr: 0.0000 (0.0000)  time: 1.358512  data: 0.000351  max mem: 11921
I20260820 22:19:41 3603480 mum utils.py:218] Training  [26500/60000]  eta: 20:22:08  loss: 0.3341 (0.3649)  grad: 0.1842 (0.3480)  batch_size: 10.0000 (10.0000)  lr: 0.0000 (0.0000)  time: 1.358644  data: 0.000381  max mem: 11921
I20260820 22:20:49 3603480 mum utils.py:218] Training  [26550/60000]  eta: 20:19:26  loss: 0.3100 (0.3649)  grad: 0.1887 (0.3477)  batch_size: 10.0000 (10.0000)  lr: 0.0000 (0.0000)  time: 1.358121  data: 0.000387  max mem: 11921
I20260820 22:21:57 3603480 mum utils.py:218] Training  [26600/60000]  eta: 20:16:45  loss: 0.3331 (0.3648)  grad: 0.1824 (0.3474)  batch_size: 10.0000 (10.0000)  lr: 0.0000 (0.0000)  time: 1.358588  data: 0.000399  max mem: 11921
I20260820 22:23:05 3603480 mum utils.py:218] Training  [26650/60000]  eta: 20:14:04  loss: 0.3301 (0.3647)  grad: 0.2035 (0.3472)  batch_size: 10.0000 (10.0000)  lr: 0.0000 (0.0000)  time: 1.357685  data: 0.000369  max mem: 11921
I20260820 22:24:13 3603480 mum utils.py:218] Training  [26700/60000]  eta: 20:11:23  loss: 0.3448 (0.3647)  grad: 0.1791 (0.3469)  batch_size: 10.0000 (10.0000)  lr: 0.0000 (0.0000)  time: 1.364501  data: 0.000363  max mem: 11921
I20260820 22:25:21 3603480 mum utils.py:218] Training  [26750/60000]  eta: 20:08:43  loss: 0.3285 (0.3646)  grad: 0.1998 (0.3466)  batch_size: 10.0000 (10.0000)  lr: 0.0000 (0.0000)  time: 1.357127  data: 0.000352  max mem: 11921
I20260820 22:26:29 3603480 mum utils.py:218] Training  [26800/60000]  eta: 20:06:03  loss: 0.3187 (0.3645)  grad: 0.1787 (0.3463)  batch_size: 10.0000 (10.0000)  lr: 0.0000 (0.0000)  time: 1.360388  data: 0.000336  max mem: 11921
I20260820 22:27:37 3603480 mum utils.py:218] Training  [26850/60000]  eta: 20:03:23  loss: 0.3268 (0.3645)  grad: 0.1770 (0.3460)  batch_size: 10.0000 (10.0000)  lr: 0.0000 (0.0000)  time: 1.356812  data: 0.000360  max mem: 11921
I20260820 22:28:45 3603480 mum utils.py:218] Training  [26900/60000]  eta: 20:00:44  loss: 0.3366 (0.3644)  grad: 0.1856 (0.3458)  batch_size: 10.0000 (10.0000)  lr: 0.0000 (0.0000)  time: 1.361106  data: 0.000325  max mem: 11921
I20260820 22:29:53 3603480 mum utils.py:218] Training  [26950/60000]  eta: 19:58:05  loss: 0.3198 (0.3643)  grad: 0.1937 (0.3455)  batch_size: 10.0000 (10.0000)  lr: 0.0000 (0.0000)  time: 1.359245  data: 0.000348  max mem: 11921
I20260820 22:31:00 3603480 mum utils.py:218] Training  [27000/60000]  eta: 19:55:26  loss: 0.3197 (0.3642)  grad: 0.1792 (0.3452)  batch_size: 10.0000 (10.0000)  lr: 0.0000 (0.0000)  time: 1.360348  data: 0.000360  max mem: 11921
I20260820 22:32:09 3603480 mum utils.py:218] Training  [27050/60000]  eta: 19:52:48  loss: 0.3407 (0.3642)  grad: 0.1801 (0.3449)  batch_size: 10.0000 (10.0000)  lr: 0.0000 (0.0000)  time: 1.365421  data: 0.000416  max mem: 11921
I20260820 22:33:17 3603480 mum utils.py:218] Training  [27100/60000]  eta: 19:50:10  loss: 0.3152 (0.3641)  grad: 0.1863 (0.3446)  batch_size: 10.0000 (10.0000)  lr: 0.0000 (0.0000)  time: 1.360047  data: 0.000372  max mem: 11921
I20260820 22:34:24 3603480 mum utils.py:218] Training  [27150/60000]  eta: 19:47:32  loss: 0.3271 (0.3640)  grad: 0.1730 (0.3444)  batch_size: 10.0000 (10.0000)  lr: 0.0000 (0.0000)  time: 1.355616  data: 0.000364  max mem: 11921
I20260820 22:35:33 3603480 mum utils.py:218] Training  [27200/60000]  eta: 19:44:55  loss: 0.3339 (0.3640)  grad: 0.1880 (0.3441)  batch_size: 10.0000 (10.0000)  lr: 0.0000 (0.0000)  time: 1.355072  data: 0.000371  max mem: 11921
I20260820 22:36:40 3603480 mum utils.py:218] Training  [27250/60000]  eta: 19:42:18  loss: 0.3140 (0.3639)  grad: 0.1796 (0.3438)  batch_size: 10.0000 (10.0000)  lr: 0.0000 (0.0000)  time: 1.357932  data: 0.000364  max mem: 11921
I20260820 22:37:48 3603480 mum utils.py:218] Training  [27300/60000]  eta: 19:39:42  loss: 0.3434 (0.3638)  grad: 0.1962 (0.3436)  batch_size: 10.0000 (10.0000)  lr: 0.0000 (0.0000)  time: 1.355979  data: 0.000352  max mem: 11921
I20260820 22:38:56 3603480 mum utils.py:218] Training  [27350/60000]  eta: 19:37:05  loss: 0.3509 (0.3638)  grad: 0.1914 (0.3434)  batch_size: 10.0000 (10.0000)  lr: 0.0000 (0.0000)  time: 1.357859  data: 0.000367  max mem: 11921
I20260820 22:40:04 3603480 mum utils.py:218] Training  [27400/60000]  eta: 19:34:30  loss: 0.3317 (0.3637)  grad: 0.1764 (0.3431)  batch_size: 10.0000 (10.0000)  lr: 0.0000 (0.0000)  time: 1.375274  data: 0.000372  max mem: 11921
I20260820 22:41:12 3603480 mum utils.py:218] Training  [27450/60000]  eta: 19:31:54  loss: 0.3324 (0.3637)  grad: 0.1845 (0.3428)  batch_size: 10.0000 (10.0000)  lr: 0.0000 (0.0000)  time: 1.359775  data: 0.000387  max mem: 11921
I20260820 22:42:20 3603480 mum utils.py:218] Training  [27500/60000]  eta: 19:29:18  loss: 0.3210 (0.3636)  grad: 0.1834 (0.3425)  batch_size: 10.0000 (10.0000)  lr: 0.0000 (0.0000)  time: 1.361308  data: 0.000372  max mem: 11921
I20260820 22:43:28 3603480 mum utils.py:218] Training  [27550/60000]  eta: 19:26:43  loss: 0.3233 (0.3636)  grad: 0.1843 (0.3423)  batch_size: 10.0000 (10.0000)  lr: 0.0000 (0.0000)  time: 1.358307  data: 0.000414  max mem: 11921
I20260820 22:44:36 3603480 mum utils.py:218] Training  [27600/60000]  eta: 19:24:09  loss: 0.3251 (0.3635)  grad: 0.1777 (0.3420)  batch_size: 10.0000 (10.0000)  lr: 0.0000 (0.0000)  time: 1.358410  data: 0.000386  max mem: 11921
I20260820 22:45:44 3603480 mum utils.py:218] Training  [27650/60000]  eta: 19:21:35  loss: 0.3128 (0.3634)  grad: 0.1764 (0.3418)  batch_size: 10.0000 (10.0000)  lr: 0.0000 (0.0000)  time: 1.360409  data: 0.000339  max mem: 11921
I20260820 22:46:52 3603480 mum utils.py:218] Training  [27700/60000]  eta: 19:19:00  loss: 0.3128 (0.3633)  grad: 0.1839 (0.3415)  batch_size: 10.0000 (10.0000)  lr: 0.0000 (0.0000)  time: 1.357987  data: 0.000349  max mem: 11921
I20260820 22:48:00 3603480 mum utils.py:218] Training  [27750/60000]  eta: 19:16:27  loss: 0.3053 (0.3633)  grad: 0.1889 (0.3412)  batch_size: 10.0000 (10.0000)  lr: 0.0000 (0.0000)  time: 1.354694  data: 0.000377  max mem: 11921
I20260820 22:49:07 3603480 mum utils.py:218] Training  [27800/60000]  eta: 19:13:52  loss: 0.3451 (0.3632)  grad: 0.2121 (0.3411)  batch_size: 10.0000 (10.0000)  lr: 0.0000 (0.0000)  time: 1.330606  data: 0.000402  max mem: 11921
I20260820 22:50:14 3603480 mum utils.py:218] Training  [27850/60000]  eta: 19:11:17  loss: 0.3296 (0.3632)  grad: 0.1811 (0.3408)  batch_size: 10.0000 (10.0000)  lr: 0.0000 (0.0000)  time: 1.318222  data: 0.000380  max mem: 11921
I20260820 22:51:21 3603480 mum utils.py:218] Training  [27900/60000]  eta: 19:08:43  loss: 0.3193 (0.3631)  grad: 0.1907 (0.3406)  batch_size: 10.0000 (10.0000)  lr: 0.0000 (0.0000)  time: 1.341328  data: 0.000332  max mem: 11921
I20260820 22:52:28 3603480 mum utils.py:218] Training  [27950/60000]  eta: 19:06:10  loss: 0.3294 (0.3631)  grad: 0.1895 (0.3403)  batch_size: 10.0000 (10.0000)  lr: 0.0000 (0.0000)  time: 1.358642  data: 0.000349  max mem: 11921
I20260820 22:53:36 3603480 mum utils.py:218] Training  [28000/60000]  eta: 19:03:38  loss: 0.3224 (0.3630)  grad: 0.1757 (0.3400)  batch_size: 10.0000 (10.0000)  lr: 0.0000 (0.0000)  time: 1.352876  data: 0.000367  max mem: 11921
I20260820 22:54:44 3603480 mum utils.py:218] Training  [28050/60000]  eta: 19:01:06  loss: 0.3277 (0.3629)  grad: 0.1852 (0.3398)  batch_size: 10.0000 (10.0000)  lr: 0.0000 (0.0000)  time: 1.353896  data: 0.000397  max mem: 11921
I20260820 22:55:52 3603480 mum utils.py:218] Training  [28100/60000]  eta: 18:58:34  loss: 0.3309 (0.3629)  grad: 0.2070 (0.3396)  batch_size: 10.0000 (10.0000)  lr: 0.0000 (0.0000)  time: 1.366223  data: 0.000374  max mem: 11921
I20260820 22:57:00 3603480 mum utils.py:218] Training  [28150/60000]  eta: 18:56:03  loss: 0.3288 (0.3628)  grad: 0.1852 (0.3393)  batch_size: 10.0000 (10.0000)  lr: 0.0000 (0.0000)  time: 1.357289  data: 0.000400  max mem: 11921
I20260820 22:58:08 3603480 mum utils.py:218] Training  [28200/60000]  eta: 18:53:32  loss: 0.3270 (0.3628)  grad: 0.1787 (0.3391)  batch_size: 10.0000 (10.0000)  lr: 0.0000 (0.0000)  time: 1.359054  data: 0.000379  max mem: 11921
I20260820 22:59:16 3603480 mum utils.py:218] Training  [28250/60000]  eta: 18:51:01  loss: 0.3343 (0.3627)  grad: 0.1794 (0.3388)  batch_size: 10.0000 (10.0000)  lr: 0.0000 (0.0000)  time: 1.358183  data: 0.000364  max mem: 11921
I20260820 23:00:24 3603480 mum utils.py:218] Training  [28300/60000]  eta: 18:48:31  loss: 0.3294 (0.3627)  grad: 0.1842 (0.3386)  batch_size: 10.0000 (10.0000)  lr: 0.0000 (0.0000)  time: 1.360234  data: 0.000355  max mem: 11921
I20260820 23:01:32 3603480 mum utils.py:218] Training  [28350/60000]  eta: 18:46:01  loss: 0.3419 (0.3626)  grad: 0.1932 (0.3383)  batch_size: 10.0000 (10.0000)  lr: 0.0000 (0.0000)  time: 1.359842  data: 0.000443  max mem: 11921
I20260820 23:02:40 3603480 mum utils.py:218] Training  [28400/60000]  eta: 18:43:31  loss: 0.3123 (0.3625)  grad: 0.1912 (0.3381)  batch_size: 10.0000 (10.0000)  lr: 0.0000 (0.0000)  time: 1.365358  data: 0.000400  max mem: 11921
I20260820 23:03:48 3603480 mum utils.py:218] Training  [28450/60000]  eta: 18:41:02  loss: 0.3304 (0.3625)  grad: 0.1858 (0.3378)  batch_size: 10.0000 (10.0000)  lr: 0.0000 (0.0000)  time: 1.362730  data: 0.000361  max mem: 11921
I20260820 23:04:56 3603480 mum utils.py:218] Training  [28500/60000]  eta: 18:38:32  loss: 0.3256 (0.3624)  grad: 0.1870 (0.3377)  batch_size: 10.0000 (10.0000)  lr: 0.0000 (0.0000)  time: 1.358410  data: 0.000369  max mem: 11921
I20260820 23:06:04 3603480 mum utils.py:218] Training  [28550/60000]  eta: 18:36:03  loss: 0.3268 (0.3623)  grad: 0.1850 (0.3374)  batch_size: 10.0000 (10.0000)  lr: 0.0000 (0.0000)  time: 1.361054  data: 0.000344  max mem: 11921
I20260820 23:07:12 3603480 mum utils.py:218] Training  [28600/60000]  eta: 18:33:35  loss: 0.3381 (0.3623)  grad: 0.1791 (0.3371)  batch_size: 10.0000 (10.0000)  lr: 0.0000 (0.0000)  time: 1.360016  data: 0.000365  max mem: 11921
I20260820 23:08:20 3603480 mum utils.py:218] Training  [28650/60000]  eta: 18:31:06  loss: 0.3185 (0.3622)  grad: 0.1960 (0.3369)  batch_size: 10.0000 (10.0000)  lr: 0.0000 (0.0000)  time: 1.360748  data: 0.000380  max mem: 11921
I20260820 23:09:28 3603480 mum utils.py:218] Training  [28700/60000]  eta: 18:28:38  loss: 0.3288 (0.3622)  grad: 0.1887 (0.3367)  batch_size: 10.0000 (10.0000)  lr: 0.0000 (0.0000)  time: 1.358216  data: 0.000359  max mem: 11921
I20260820 23:10:36 3603480 mum utils.py:218] Training  [28750/60000]  eta: 18:26:11  loss: 0.3278 (0.3621)  grad: 0.1773 (0.3366)  batch_size: 10.0000 (10.0000)  lr: 0.0000 (0.0000)  time: 1.362132  data: 0.000410  max mem: 11921
I20260820 23:11:45 3603480 mum utils.py:218] Training  [28800/60000]  eta: 18:23:43  loss: 0.3234 (0.3620)  grad: 0.1962 (0.3364)  batch_size: 10.0000 (10.0000)  lr: 0.0000 (0.0000)  time: 1.374504  data: 0.000417  max mem: 11921
I20260820 23:12:53 3603480 mum utils.py:218] Training  [28850/60000]  eta: 18:21:16  loss: 0.3530 (0.3620)  grad: 0.1761 (0.3361)  batch_size: 10.0000 (10.0000)  lr: 0.0000 (0.0000)  time: 1.364793  data: 0.000347  max mem: 11921
I20260820 23:14:01 3603480 mum utils.py:218] Training  [28900/60000]  eta: 18:18:49  loss: 0.2975 (0.3619)  grad: 0.1817 (0.3358)  batch_size: 10.0000 (10.0000)  lr: 0.0000 (0.0000)  time: 1.359030  data: 0.000376  max mem: 11921
I20260820 23:15:09 3603480 mum utils.py:218] Training  [28950/60000]  eta: 18:16:22  loss: 0.3237 (0.3618)  grad: 0.1833 (0.3356)  batch_size: 10.0000 (10.0000)  lr: 0.0000 (0.0000)  time: 1.363799  data: 0.000370  max mem: 11921
I20260820 23:16:17 3603480 mum utils.py:218] Training  [29000/60000]  eta: 18:13:56  loss: 0.3499 (0.3618)  grad: 0.1914 (0.3353)  batch_size: 10.0000 (10.0000)  lr: 0.0000 (0.0000)  time: 1.358022  data: 0.000420  max mem: 11921
I20260820 23:17:25 3603480 mum utils.py:218] Training  [29050/60000]  eta: 18:11:30  loss: 0.3155 (0.3617)  grad: 0.1790 (0.3351)  batch_size: 10.0000 (10.0000)  lr: 0.0000 (0.0000)  time: 1.363842  data: 0.000379  max mem: 11921
I20260820 23:18:33 3603480 mum utils.py:218] Training  [29100/60000]  eta: 18:09:04  loss: 0.3296 (0.3616)  grad: 0.2055 (0.3349)  batch_size: 10.0000 (10.0000)  lr: 0.0000 (0.0000)  time: 1.361580  data: 0.000393  max mem: 11921
I20260820 23:19:41 3603480 mum utils.py:218] Training  [29150/60000]  eta: 18:06:39  loss: 0.3148 (0.3616)  grad: 0.2095 (0.3347)  batch_size: 10.0000 (10.0000)  lr: 0.0000 (0.0000)  time: 1.360225  data: 0.000408  max mem: 11921
I20260820 23:20:49 3603480 mum utils.py:218] Training  [29200/60000]  eta: 18:04:13  loss: 0.3299 (0.3615)  grad: 0.1968 (0.3344)  batch_size: 10.0000 (10.0000)  lr: 0.0000 (0.0000)  time: 1.362016  data: 0.000383  max mem: 11921
I20260820 23:21:58 3603480 mum utils.py:218] Training  [29250/60000]  eta: 18:01:48  loss: 0.3225 (0.3615)  grad: 0.1918 (0.3342)  batch_size: 10.0000 (10.0000)  lr: 0.0000 (0.0000)  time: 1.366483  data: 0.000402  max mem: 11921
I20260820 23:23:06 3603480 mum utils.py:218] Training  [29300/60000]  eta: 17:59:24  loss: 0.3308 (0.3614)  grad: 0.1975 (0.3340)  batch_size: 10.0000 (10.0000)  lr: 0.0000 (0.0000)  time: 1.366401  data: 0.000376  max mem: 11921
I20260820 23:24:14 3603480 mum utils.py:218] Training  [29350/60000]  eta: 17:56:59  loss: 0.3158 (0.3613)  grad: 0.2000 (0.3338)  batch_size: 10.0000 (10.0000)  lr: 0.0000 (0.0000)  time: 1.361014  data: 0.000355  max mem: 11921
I20260820 23:25:22 3603480 mum utils.py:218] Training  [29400/60000]  eta: 17:54:35  loss: 0.3438 (0.3613)  grad: 0.1910 (0.3336)  batch_size: 10.0000 (10.0000)  lr: 0.0000 (0.0000)  time: 1.359388  data: 0.000407  max mem: 11921
I20260820 23:26:30 3603480 mum utils.py:218] Training  [29450/60000]  eta: 17:52:11  loss: 0.3238 (0.3612)  grad: 0.1982 (0.3334)  batch_size: 10.0000 (10.0000)  lr: 0.0000 (0.0000)  time: 1.361113  data: 0.000376  max mem: 11921
I20260820 23:27:38 3603480 mum utils.py:218] Training  [29500/60000]  eta: 17:49:47  loss: 0.3189 (0.3611)  grad: 0.1800 (0.3331)  batch_size: 10.0000 (10.0000)  lr: 0.0000 (0.0000)  time: 1.368902  data: 0.000417  max mem: 11921
I20260820 23:28:46 3603480 mum utils.py:218] Training  [29550/60000]  eta: 17:47:24  loss: 0.3238 (0.3611)  grad: 0.1800 (0.3329)  batch_size: 10.0000 (10.0000)  lr: 0.0000 (0.0000)  time: 1.361180  data: 0.000344  max mem: 11921
I20260820 23:29:54 3603480 mum utils.py:218] Training  [29600/60000]  eta: 17:45:00  loss: 0.3291 (0.3610)  grad: 0.1824 (0.3327)  batch_size: 10.0000 (10.0000)  lr: 0.0000 (0.0000)  time: 1.355980  data: 0.000379  max mem: 11921
I20260820 23:31:02 3603480 mum utils.py:218] Training  [29650/60000]  eta: 17:42:37  loss: 0.3266 (0.3610)  grad: 0.1922 (0.3324)  batch_size: 10.0000 (10.0000)  lr: 0.0000 (0.0000)  time: 1.359544  data: 0.000410  max mem: 11921
I20260820 23:32:10 3603480 mum utils.py:218] Training  [29700/60000]  eta: 17:40:14  loss: 0.3146 (0.3609)  grad: 0.1890 (0.3322)  batch_size: 10.0000 (10.0000)  lr: 0.0000 (0.0000)  time: 1.360609  data: 0.000386  max mem: 11921
I20260820 23:33:19 3603480 mum utils.py:218] Training  [29750/60000]  eta: 17:37:52  loss: 0.3064 (0.3608)  grad: 0.1836 (0.3320)  batch_size: 10.0000 (10.0000)  lr: 0.0000 (0.0000)  time: 1.361493  data: 0.000395  max mem: 11921
I20260820 23:34:27 3603480 mum utils.py:218] Training  [29800/60000]  eta: 17:35:30  loss: 0.3304 (0.3608)  grad: 0.1878 (0.3317)  batch_size: 10.0000 (10.0000)  lr: 0.0000 (0.0000)  time: 1.362544  data: 0.000396  max mem: 11921
I20260820 23:35:35 3603480 mum utils.py:218] Training  [29850/60000]  eta: 17:33:08  loss: 0.3173 (0.3607)  grad: 0.1902 (0.3315)  batch_size: 10.0000 (10.0000)  lr: 0.0000 (0.0000)  time: 1.363146  data: 0.000369  max mem: 11921
I20260820 23:36:43 3603480 mum utils.py:218] Training  [29900/60000]  eta: 17:30:46  loss: 0.3230 (0.3607)  grad: 0.1723 (0.3313)  batch_size: 10.0000 (10.0000)  lr: 0.0000 (0.0000)  time: 1.359101  data: 0.000362  max mem: 11921
I20260820 23:37:51 3603480 mum utils.py:218] Training  [29950/60000]  eta: 17:28:25  loss: 0.3271 (0.3606)  grad: 0.1855 (0.3310)  batch_size: 10.0000 (10.0000)  lr: 0.0000 (0.0000)  time: 1.374070  data: 0.000384  max mem: 11921
Building dynamic dataloader with seed: 42
Randomly sampling [3, 3] frames
TravelUAVDataset (val): 767 scenes, 39921 frames (total 15348 scenes, split_ratio=0.95).
ComposedDataset created from 1 datasets: ['TravelUAVDataset:DATA_DIR=/data2/student1_ly/datasets/OpenUAV-QA/TravelUAV_dataset:SPLIT=val']
[step 30000] val loss: 0.3348
I20260820 23:40:16 3603480 mum utils.py:218] Training  [30000/60000]  eta: 17:27:21  loss: 0.3431 (0.3606)  grad: 0.2050 (0.3308)  batch_size: 10.0000 (10.0000)  lr: 0.0000 (0.0000)  time: 5.178617  data: 0.000396  max mem: 11921
I20260820 23:41:24 3603480 mum utils.py:218] Training  [30050/60000]  eta: 17:24:59  loss: 0.3397 (0.3605)  grad: 0.2167 (0.3306)  batch_size: 10.0000 (10.0000)  lr: 0.0000 (0.0000)  time: 1.357589  data: 0.000343  max mem: 11921
I20260820 23:42:32 3603480 mum utils.py:218] Training  [30100/60000]  eta: 17:22:38  loss: 0.3261 (0.3604)  grad: 0.1880 (0.3304)  batch_size: 10.0000 (10.0000)  lr: 0.0000 (0.0000)  time: 1.361633  data: 0.000404  max mem: 11921
I20260820 23:43:40 3603480 mum utils.py:218] Training  [30150/60000]  eta: 17:20:17  loss: 0.3132 (0.3604)  grad: 0.1883 (0.3302)  batch_size: 10.0000 (10.0000)  lr: 0.0000 (0.0000)  time: 1.356674  data: 0.000382  max mem: 11921
I20260820 23:44:48 3603480 mum utils.py:218] Training  [30200/60000]  eta: 17:17:56  loss: 0.3140 (0.3603)  grad: 0.1931 (0.3300)  batch_size: 10.0000 (10.0000)  lr: 0.0000 (0.0000)  time: 1.344274  data: 0.000353  max mem: 11921
I20260820 23:45:55 3603480 mum utils.py:218] Training  [30250/60000]  eta: 17:15:35  loss: 0.3210 (0.3603)  grad: 0.1743 (0.3297)  batch_size: 10.0000 (10.0000)  lr: 0.0000 (0.0000)  time: 1.340240  data: 0.000405  max mem: 11921
I20260820 23:47:02 3603480 mum utils.py:218] Training  [30300/60000]  eta: 17:13:14  loss: 0.3254 (0.3602)  grad: 0.1910 (0.3295)  batch_size: 10.0000 (10.0000)  lr: 0.0000 (0.0000)  time: 1.338176  data: 0.000382  max mem: 11921
I20260820 23:48:09 3603480 mum utils.py:218] Training  [30350/60000]  eta: 17:10:54  loss: 0.3311 (0.3602)  grad: 0.2137 (0.3294)  batch_size: 10.0000 (10.0000)  lr: 0.0000 (0.0000)  time: 1.363195  data: 0.000362  max mem: 11921
I20260820 23:49:17 3603480 mum utils.py:218] Training  [30400/60000]  eta: 17:08:34  loss: 0.3273 (0.3601)  grad: 0.1886 (0.3291)  batch_size: 10.0000 (10.0000)  lr: 0.0000 (0.0000)  time: 1.361268  data: 0.000372  max mem: 11921
I20260820 23:50:25 3603480 mum utils.py:218] Training  [30450/60000]  eta: 17:06:14  loss: 0.3125 (0.3600)  grad: 0.1821 (0.3289)  batch_size: 10.0000 (10.0000)  lr: 0.0000 (0.0000)  time: 1.355446  data: 0.000367  max mem: 11921
I20260820 23:51:33 3603480 mum utils.py:218] Training  [30500/60000]  eta: 17:03:55  loss: 0.3470 (0.3600)  grad: 0.2107 (0.3287)  batch_size: 10.0000 (10.0000)  lr: 0.0000 (0.0000)  time: 1.359523  data: 0.000364  max mem: 11921
I20260820 23:52:41 3603480 mum utils.py:218] Training  [30550/60000]  eta: 17:01:36  loss: 0.3220 (0.3600)  grad: 0.1886 (0.3285)  batch_size: 10.0000 (10.0000)  lr: 0.0000 (0.0000)  time: 1.359553  data: 0.000374  max mem: 11921
I20260820 23:53:50 3603480 mum utils.py:218] Training  [30600/60000]  eta: 16:59:18  loss: 0.3118 (0.3599)  grad: 0.1877 (0.3283)  batch_size: 10.0000 (10.0000)  lr: 0.0000 (0.0000)  time: 1.372427  data: 0.000380  max mem: 11921
I20260820 23:54:58 3603480 mum utils.py:218] Training  [30650/60000]  eta: 16:56:59  loss: 0.3214 (0.3598)  grad: 0.1826 (0.3280)  batch_size: 10.0000 (10.0000)  lr: 0.0000 (0.0000)  time: 1.358393  data: 0.000381  max mem: 11921
I20260820 23:56:05 3603480 mum utils.py:218] Training  [30700/60000]  eta: 16:54:41  loss: 0.2990 (0.3598)  grad: 0.1916 (0.3279)  batch_size: 10.0000 (10.0000)  lr: 0.0000 (0.0000)  time: 1.358100  data: 0.000348  max mem: 11921
I20260820 23:57:13 3603480 mum utils.py:218] Training  [30750/60000]  eta: 16:52:23  loss: 0.3150 (0.3597)  grad: 0.1757 (0.3277)  batch_size: 10.0000 (10.0000)  lr: 0.0000 (0.0000)  time: 1.356501  data: 0.000339  max mem: 11921
I20260820 23:58:21 3603480 mum utils.py:218] Training  [30800/60000]  eta: 16:50:05  loss: 0.3436 (0.3597)  grad: 0.1784 (0.3274)  batch_size: 10.0000 (10.0000)  lr: 0.0000 (0.0000)  time: 1.370777  data: 0.000377  max mem: 11921
I20260820 23:59:30 3603480 mum utils.py:218] Training  [30850/60000]  eta: 16:47:48  loss: 0.3306 (0.3596)  grad: 0.2066 (0.3272)  batch_size: 10.0000 (10.0000)  lr: 0.0000 (0.0000)  time: 1.358926  data: 0.000335  max mem: 11921
I20260821 00:00:37 3603480 mum utils.py:218] Training  [30900/60000]  eta: 16:45:30  loss: 0.3392 (0.3596)  grad: 0.1849 (0.3270)  batch_size: 10.0000 (10.0000)  lr: 0.0000 (0.0000)  time: 1.356501  data: 0.000376  max mem: 11921
I20260821 00:01:45 3603480 mum utils.py:218] Training  [30950/60000]  eta: 16:43:13  loss: 0.3258 (0.3595)  grad: 0.1922 (0.3268)  batch_size: 10.0000 (10.0000)  lr: 0.0000 (0.0000)  time: 1.358861  data: 0.000324  max mem: 11921
I20260821 00:02:53 3603480 mum utils.py:218] Training  [31000/60000]  eta: 16:40:56  loss: 0.3272 (0.3595)  grad: 0.1883 (0.3266)  batch_size: 10.0000 (10.0000)  lr: 0.0000 (0.0000)  time: 1.358224  data: 0.000356  max mem: 11921
I20260821 00:04:01 3603480 mum utils.py:218] Training  [31050/60000]  eta: 16:38:39  loss: 0.3136 (0.3594)  grad: 0.2058 (0.3264)  batch_size: 10.0000 (10.0000)  lr: 0.0000 (0.0000)  time: 1.354432  data: 0.000333  max mem: 11921
I20260821 00:05:10 3603480 mum utils.py:218] Training  [31100/60000]  eta: 16:36:23  loss: 0.3107 (0.3593)  grad: 0.1799 (0.3262)  batch_size: 10.0000 (10.0000)  lr: 0.0000 (0.0000)  time: 1.355130  data: 0.000366  max mem: 11921
I20260821 00:06:18 3603480 mum utils.py:218] Training  [31150/60000]  eta: 16:34:07  loss: 0.3170 (0.3593)  grad: 0.1847 (0.3260)  batch_size: 10.0000 (10.0000)  lr: 0.0000 (0.0000)  time: 1.361387  data: 0.000379  max mem: 11921
I20260821 00:07:25 3603480 mum utils.py:218] Training  [31200/60000]  eta: 16:31:51  loss: 0.3191 (0.3592)  grad: 0.1897 (0.3258)  batch_size: 10.0000 (10.0000)  lr: 0.0000 (0.0000)  time: 1.355925  data: 0.000395  max mem: 11921
I20260821 00:08:33 3603480 mum utils.py:218] Training  [31250/60000]  eta: 16:29:35  loss: 0.3199 (0.3592)  grad: 0.1858 (0.3256)  batch_size: 10.0000 (10.0000)  lr: 0.0000 (0.0000)  time: 1.366113  data: 0.000364  max mem: 11921
I20260821 00:09:42 3603480 mum utils.py:218] Training  [31300/60000]  eta: 16:27:19  loss: 0.3144 (0.3591)  grad: 0.2065 (0.3254)  batch_size: 10.0000 (10.0000)  lr: 0.0000 (0.0000)  time: 1.369823  data: 0.000351  max mem: 11921
I20260821 00:10:50 3603480 mum utils.py:218] Training  [31350/60000]  eta: 16:25:04  loss: 0.3175 (0.3590)  grad: 0.1823 (0.3252)  batch_size: 10.0000 (10.0000)  lr: 0.0000 (0.0000)  time: 1.361700  data: 0.000381  max mem: 11921
I20260821 00:11:58 3603480 mum utils.py:218] Training  [31400/60000]  eta: 16:22:49  loss: 0.3067 (0.3590)  grad: 0.1847 (0.3250)  batch_size: 10.0000 (10.0000)  lr: 0.0000 (0.0000)  time: 1.357634  data: 0.000341  max mem: 11921
I20260821 00:13:06 3603480 mum utils.py:218] Training  [31450/60000]  eta: 16:20:34  loss: 0.3230 (0.3589)  grad: 0.2005 (0.3248)  batch_size: 10.0000 (10.0000)  lr: 0.0000 (0.0000)  time: 1.360681  data: 0.000374  max mem: 11921
I20260821 00:14:14 3603480 mum utils.py:218] Training  [31500/60000]  eta: 16:18:19  loss: 0.3219 (0.3589)  grad: 0.1945 (0.3246)  batch_size: 10.0000 (10.0000)  lr: 0.0000 (0.0000)  time: 1.360315  data: 0.000370  max mem: 11921
I20260821 00:15:22 3603480 mum utils.py:218] Training  [31550/60000]  eta: 16:16:05  loss: 0.3205 (0.3588)  grad: 0.1885 (0.3244)  batch_size: 10.0000 (10.0000)  lr: 0.0000 (0.0000)  time: 1.359051  data: 0.000356  max mem: 11921
I20260821 00:16:30 3603480 mum utils.py:218] Training  [31600/60000]  eta: 16:13:51  loss: 0.3314 (0.3588)  grad: 0.1812 (0.3242)  batch_size: 10.0000 (10.0000)  lr: 0.0000 (0.0000)  time: 1.358638  data: 0.000361  max mem: 11921
I20260821 00:17:38 3603480 mum utils.py:218] Training  [31650/60000]  eta: 16:11:36  loss: 0.3188 (0.3587)  grad: 0.1734 (0.3240)  batch_size: 10.0000 (10.0000)  lr: 0.0000 (0.0000)  time: 1.357981  data: 0.000357  max mem: 11921
I20260821 00:18:46 3603480 mum utils.py:218] Training  [31700/60000]  eta: 16:09:23  loss: 0.3299 (0.3587)  grad: 0.1882 (0.3237)  batch_size: 10.0000 (10.0000)  lr: 0.0000 (0.0000)  time: 1.364104  data: 0.000360  max mem: 11921
I20260821 00:19:54 3603480 mum utils.py:218] Training  [31750/60000]  eta: 16:07:09  loss: 0.3295 (0.3586)  grad: 0.2022 (0.3236)  batch_size: 10.0000 (10.0000)  lr: 0.0000 (0.0000)  time: 1.361068  data: 0.000354  max mem: 11921
I20260821 00:21:02 3603480 mum utils.py:218] Training  [31800/60000]  eta: 16:04:56  loss: 0.3289 (0.3586)  grad: 0.1781 (0.3234)  batch_size: 10.0000 (10.0000)  lr: 0.0000 (0.0000)  time: 1.364350  data: 0.000356  max mem: 11921
I20260821 00:22:10 3603480 mum utils.py:218] Training  [31850/60000]  eta: 16:02:42  loss: 0.2969 (0.3585)  grad: 0.1891 (0.3231)  batch_size: 10.0000 (10.0000)  lr: 0.0000 (0.0000)  time: 1.361697  data: 0.000385  max mem: 11921
I20260821 00:23:18 3603480 mum utils.py:218] Training  [31900/60000]  eta: 16:00:29  loss: 0.3326 (0.3585)  grad: 0.1858 (0.3229)  batch_size: 10.0000 (10.0000)  lr: 0.0000 (0.0000)  time: 1.357054  data: 0.000361  max mem: 11921
I20260821 00:24:26 3603480 mum utils.py:218] Training  [31950/60000]  eta: 15:58:17  loss: 0.3117 (0.3584)  grad: 0.1876 (0.3228)  batch_size: 10.0000 (10.0000)  lr: 0.0000 (0.0000)  time: 1.363150  data: 0.000372  max mem: 11921
I20260821 00:25:35 3603480 mum utils.py:218] Training  [32000/60000]  eta: 15:56:04  loss: 0.3104 (0.3584)  grad: 0.1854 (0.3226)  batch_size: 10.0000 (10.0000)  lr: 0.0000 (0.0000)  time: 1.364461  data: 0.000340  max mem: 11921
I20260821 00:26:43 3603480 mum utils.py:218] Training  [32050/60000]  eta: 15:53:52  loss: 0.3276 (0.3583)  grad: 0.1877 (0.3224)  batch_size: 10.0000 (10.0000)  lr: 0.0000 (0.0000)  time: 1.359067  data: 0.000375  max mem: 11921
I20260821 00:27:51 3603480 mum utils.py:218] Training  [32100/60000]  eta: 15:51:39  loss: 0.3216 (0.3582)  grad: 0.1752 (0.3222)  batch_size: 10.0000 (10.0000)  lr: 0.0000 (0.0000)  time: 1.361345  data: 0.000352  max mem: 11921
I20260821 00:28:59 3603480 mum utils.py:218] Training  [32150/60000]  eta: 15:49:28  loss: 0.3197 (0.3582)  grad: 0.1890 (0.3220)  batch_size: 10.0000 (10.0000)  lr: 0.0000 (0.0000)  time: 1.373342  data: 0.000369  max mem: 11921
I20260821 00:30:07 3603480 mum utils.py:218] Training  [32200/60000]  eta: 15:47:16  loss: 0.3278 (0.3581)  grad: 0.2021 (0.3218)  batch_size: 10.0000 (10.0000)  lr: 0.0000 (0.0000)  time: 1.359318  data: 0.000385  max mem: 11921
I20260821 00:31:15 3603480 mum utils.py:218] Training  [32250/60000]  eta: 15:45:04  loss: 0.3409 (0.3581)  grad: 0.2068 (0.3216)  batch_size: 10.0000 (10.0000)  lr: 0.0000 (0.0000)  time: 1.357298  data: 0.000359  max mem: 11921
I20260821 00:32:23 3603480 mum utils.py:218] Training  [32300/60000]  eta: 15:42:53  loss: 0.3174 (0.3580)  grad: 0.1832 (0.3214)  batch_size: 10.0000 (10.0000)  lr: 0.0000 (0.0000)  time: 1.359580  data: 0.000373  max mem: 11921
I20260821 00:33:31 3603480 mum utils.py:218] Training  [32350/60000]  eta: 15:40:41  loss: 0.3128 (0.3580)  grad: 0.2107 (0.3212)  batch_size: 10.0000 (10.0000)  lr: 0.0000 (0.0000)  time: 1.359132  data: 0.000389  max mem: 11921
I20260821 00:34:39 3603480 mum utils.py:218] Training  [32400/60000]  eta: 15:38:30  loss: 0.3186 (0.3579)  grad: 0.1928 (0.3210)  batch_size: 10.0000 (10.0000)  lr: 0.0000 (0.0000)  time: 1.359124  data: 0.000380  max mem: 11921
I20260821 00:35:47 3603480 mum utils.py:218] Training  [32450/60000]  eta: 15:36:19  loss: 0.3036 (0.3579)  grad: 0.1888 (0.3208)  batch_size: 10.0000 (10.0000)  lr: 0.0000 (0.0000)  time: 1.369284  data: 0.000378  max mem: 11921
I20260821 00:36:55 3603480 mum utils.py:218] Training  [32500/60000]  eta: 15:34:09  loss: 0.3161 (0.3578)  grad: 0.1672 (0.3206)  batch_size: 10.0000 (10.0000)  lr: 0.0000 (0.0000)  time: 1.356542  data: 0.000360  max mem: 11921
I20260821 00:38:03 3603480 mum utils.py:218] Training  [32550/60000]  eta: 15:31:58  loss: 0.3265 (0.3578)  grad: 0.1855 (0.3204)  batch_size: 10.0000 (10.0000)  lr: 0.0000 (0.0000)  time: 1.361822  data: 0.000341  max mem: 11921
I20260821 00:39:11 3603480 mum utils.py:218] Training  [32600/60000]  eta: 15:29:48  loss: 0.3362 (0.3577)  grad: 0.1865 (0.3203)  batch_size: 10.0000 (10.0000)  lr: 0.0000 (0.0000)  time: 1.362618  data: 0.000377  max mem: 11921
I20260821 00:40:19 3603480 mum utils.py:218] Training  [32650/60000]  eta: 15:27:38  loss: 0.3273 (0.3577)  grad: 0.1996 (0.3201)  batch_size: 10.0000 (10.0000)  lr: 0.0000 (0.0000)  time: 1.357345  data: 0.000358  max mem: 11921
I20260821 00:41:26 3603480 mum utils.py:218] Training  [32700/60000]  eta: 15:25:27  loss: 0.3288 (0.3576)  grad: 0.1823 (0.3199)  batch_size: 10.0000 (10.0000)  lr: 0.0000 (0.0000)  time: 1.333248  data: 0.000334  max mem: 11921
I20260821 00:42:32 3603480 mum utils.py:218] Training  [32750/60000]  eta: 15:23:16  loss: 0.3215 (0.3576)  grad: 0.2238 (0.3197)  batch_size: 10.0000 (10.0000)  lr: 0.0000 (0.0000)  time: 1.340228  data: 0.000377  max mem: 11921
I20260821 00:43:40 3603480 mum utils.py:218] Training  [32800/60000]  eta: 15:21:06  loss: 0.3085 (0.3575)  grad: 0.1795 (0.3196)  batch_size: 10.0000 (10.0000)  lr: 0.0000 (0.0000)  time: 1.353630  data: 0.000381  max mem: 11921
I20260821 00:44:48 3603480 mum utils.py:218] Training  [32850/60000]  eta: 15:18:57  loss: 0.3132 (0.3575)  grad: 0.1935 (0.3194)  batch_size: 10.0000 (10.0000)  lr: 0.0000 (0.0000)  time: 1.362012  data: 0.000374  max mem: 11921
I20260821 00:45:56 3603480 mum utils.py:218] Training  [32900/60000]  eta: 15:16:47  loss: 0.3076 (0.3574)  grad: 0.1868 (0.3192)  batch_size: 10.0000 (10.0000)  lr: 0.0000 (0.0000)  time: 1.361692  data: 0.000377  max mem: 11921
I20260821 00:47:04 3603480 mum utils.py:218] Training  [32950/60000]  eta: 15:14:38  loss: 0.3324 (0.3574)  grad: 0.1895 (0.3190)  batch_size: 10.0000 (10.0000)  lr: 0.0000 (0.0000)  time: 1.356846  data: 0.000369  max mem: 11921
I20260821 00:48:12 3603480 mum utils.py:218] Training  [33000/60000]  eta: 15:12:30  loss: 0.3104 (0.3573)  grad: 0.2171 (0.3188)  batch_size: 10.0000 (10.0000)  lr: 0.0000 (0.0000)  time: 1.358546  data: 0.000439  max mem: 11921
I20260821 00:49:20 3603480 mum utils.py:218] Training  [33050/60000]  eta: 15:10:21  loss: 0.3373 (0.3573)  grad: 0.1868 (0.3186)  batch_size: 10.0000 (10.0000)  lr: 0.0000 (0.0000)  time: 1.361982  data: 0.000411  max mem: 11921
I20260821 00:50:28 3603480 mum utils.py:218] Training  [33100/60000]  eta: 15:08:13  loss: 0.3271 (0.3572)  grad: 0.2265 (0.3185)  batch_size: 10.0000 (10.0000)  lr: 0.0000 (0.0000)  time: 1.356650  data: 0.000365  max mem: 11921
I20260821 00:51:36 3603480 mum utils.py:218] Training  [33150/60000]  eta: 15:06:04  loss: 0.3257 (0.3572)  grad: 0.1799 (0.3183)  batch_size: 10.0000 (10.0000)  lr: 0.0000 (0.0000)  time: 1.368653  data: 0.000384  max mem: 11921
I20260821 00:52:44 3603480 mum utils.py:218] Training  [33200/60000]  eta: 15:03:57  loss: 0.3336 (0.3571)  grad: 0.1986 (0.3181)  batch_size: 10.0000 (10.0000)  lr: 0.0000 (0.0000)  time: 1.361521  data: 0.000386  max mem: 11921
I20260821 00:53:52 3603480 mum utils.py:218] Training  [33250/60000]  eta: 15:01:49  loss: 0.3444 (0.3571)  grad: 0.1837 (0.3179)  batch_size: 10.0000 (10.0000)  lr: 0.0000 (0.0000)  time: 1.358650  data: 0.000355  max mem: 11921
I20260821 00:55:00 3603480 mum utils.py:218] Training  [33300/60000]  eta: 14:59:41  loss: 0.3285 (0.3570)  grad: 0.1840 (0.3177)  batch_size: 10.0000 (10.0000)  lr: 0.0000 (0.0000)  time: 1.357872  data: 0.000346  max mem: 11921
I20260821 00:56:08 3603480 mum utils.py:218] Training  [33350/60000]  eta: 14:57:33  loss: 0.3083 (0.3570)  grad: 0.1803 (0.3175)  batch_size: 10.0000 (10.0000)  lr: 0.0000 (0.0000)  time: 1.362498  data: 0.000346  max mem: 11921
I20260821 00:57:16 3603480 mum utils.py:218] Training  [33400/60000]  eta: 14:55:26  loss: 0.3244 (0.3569)  grad: 0.2210 (0.3174)  batch_size: 10.0000 (10.0000)  lr: 0.0000 (0.0000)  time: 1.368521  data: 0.000355  max mem: 11921
I20260821 00:58:24 3603480 mum utils.py:218] Training  [33450/60000]  eta: 14:53:19  loss: 0.3321 (0.3569)  grad: 0.1899 (0.3172)  batch_size: 10.0000 (10.0000)  lr: 0.0000 (0.0000)  time: 1.359240  data: 0.000399  max mem: 11921
I20260821 00:59:32 3603480 mum utils.py:218] Training  [33500/60000]  eta: 14:51:12  loss: 0.3099 (0.3569)  grad: 0.1798 (0.3170)  batch_size: 10.0000 (10.0000)  lr: 0.0000 (0.0000)  time: 1.362031  data: 0.000378  max mem: 11921
I20260821 01:00:40 3603480 mum utils.py:218] Training  [33550/60000]  eta: 14:49:05  loss: 0.3193 (0.3568)  grad: 0.1845 (0.3168)  batch_size: 10.0000 (10.0000)  lr: 0.0000 (0.0000)  time: 1.361670  data: 0.000353  max mem: 11921
I20260821 01:01:48 3603480 mum utils.py:218] Training  [33600/60000]  eta: 14:46:58  loss: 0.3115 (0.3568)  grad: 0.1947 (0.3167)  batch_size: 10.0000 (10.0000)  lr: 0.0000 (0.0000)  time: 1.360179  data: 0.000380  max mem: 11921
I20260821 01:02:56 3603480 mum utils.py:218] Training  [33650/60000]  eta: 14:44:52  loss: 0.3117 (0.3567)  grad: 0.1882 (0.3165)  batch_size: 10.0000 (10.0000)  lr: 0.0000 (0.0000)  time: 1.354880  data: 0.000333  max mem: 11921
I20260821 01:04:04 3603480 mum utils.py:218] Training  [33700/60000]  eta: 14:42:46  loss: 0.3300 (0.3567)  grad: 0.1915 (0.3163)  batch_size: 10.0000 (10.0000)  lr: 0.0000 (0.0000)  time: 1.361940  data: 0.000364  max mem: 11921
I20260821 01:05:12 3603480 mum utils.py:218] Training  [33750/60000]  eta: 14:40:40  loss: 0.3347 (0.3566)  grad: 0.2195 (0.3161)  batch_size: 10.0000 (10.0000)  lr: 0.0000 (0.0000)  time: 1.359700  data: 0.000400  max mem: 11921
I20260821 01:06:20 3603480 mum utils.py:218] Training  [33800/60000]  eta: 14:38:34  loss: 0.3179 (0.3566)  grad: 0.1799 (0.3159)  batch_size: 10.0000 (10.0000)  lr: 0.0000 (0.0000)  time: 1.358093  data: 0.000382  max mem: 11921
I20260821 01:07:28 3603480 mum utils.py:218] Training  [33850/60000]  eta: 14:36:28  loss: 0.3286 (0.3565)  grad: 0.1972 (0.3158)  batch_size: 10.0000 (10.0000)  lr: 0.0000 (0.0000)  time: 1.363479  data: 0.000360  max mem: 11921
I20260821 01:08:36 3603480 mum utils.py:218] Training  [33900/60000]  eta: 14:34:22  loss: 0.3303 (0.3565)  grad: 0.1947 (0.3156)  batch_size: 10.0000 (10.0000)  lr: 0.0000 (0.0000)  time: 1.359565  data: 0.000375  max mem: 11921
I20260821 01:09:44 3603480 mum utils.py:218] Training  [33950/60000]  eta: 14:32:17  loss: 0.3262 (0.3564)  grad: 0.1895 (0.3154)  batch_size: 10.0000 (10.0000)  lr: 0.0000 (0.0000)  time: 1.366556  data: 0.000345  max mem: 11921
I20260821 01:10:53 3603480 mum utils.py:218] Training  [34000/60000]  eta: 14:30:12  loss: 0.3228 (0.3564)  grad: 0.1951 (0.3152)  batch_size: 10.0000 (10.0000)  lr: 0.0000 (0.0000)  time: 1.361548  data: 0.000361  max mem: 11921
I20260821 01:12:00 3603480 mum utils.py:218] Training  [34050/60000]  eta: 14:28:07  loss: 0.3253 (0.3563)  grad: 0.1841 (0.3151)  batch_size: 10.0000 (10.0000)  lr: 0.0000 (0.0000)  time: 1.360578  data: 0.000351  max mem: 11921
I20260821 01:13:09 3603480 mum utils.py:218] Training  [34100/60000]  eta: 14:26:02  loss: 0.3157 (0.3563)  grad: 0.1911 (0.3149)  batch_size: 10.0000 (10.0000)  lr: 0.0000 (0.0000)  time: 1.360071  data: 0.000350  max mem: 11921
I20260821 01:14:17 3603480 mum utils.py:218] Training  [34150/60000]  eta: 14:23:57  loss: 0.3265 (0.3562)  grad: 0.1888 (0.3147)  batch_size: 10.0000 (10.0000)  lr: 0.0000 (0.0000)  time: 1.357200  data: 0.000377  max mem: 11921
I20260821 01:15:25 3603480 mum utils.py:218] Training  [34200/60000]  eta: 14:21:52  loss: 0.3136 (0.3562)  grad: 0.1804 (0.3145)  batch_size: 10.0000 (10.0000)  lr: 0.0000 (0.0000)  time: 1.360555  data: 0.000376  max mem: 11921
I20260821 01:16:33 3603480 mum utils.py:218] Training  [34250/60000]  eta: 14:19:48  loss: 0.3224 (0.3561)  grad: 0.1930 (0.3144)  batch_size: 10.0000 (10.0000)  lr: 0.0000 (0.0000)  time: 1.357075  data: 0.000393  max mem: 11921
I20260821 01:17:41 3603480 mum utils.py:218] Training  [34300/60000]  eta: 14:17:44  loss: 0.3226 (0.3561)  grad: 0.1826 (0.3142)  batch_size: 10.0000 (10.0000)  lr: 0.0000 (0.0000)  time: 1.367440  data: 0.000384  max mem: 11921
I20260821 01:18:49 3603480 mum utils.py:218] Training  [34350/60000]  eta: 14:15:40  loss: 0.3348 (0.3560)  grad: 0.1924 (0.3140)  batch_size: 10.0000 (10.0000)  lr: 0.0000 (0.0000)  time: 1.361135  data: 0.000356  max mem: 11921
I20260821 01:19:57 3603480 mum utils.py:218] Training  [34400/60000]  eta: 14:13:36  loss: 0.3226 (0.3560)  grad: 0.1862 (0.3138)  batch_size: 10.0000 (10.0000)  lr: 0.0000 (0.0000)  time: 1.359227  data: 0.000369  max mem: 11921
I20260821 01:21:05 3603480 mum utils.py:218] Training  [34450/60000]  eta: 14:11:32  loss: 0.3146 (0.3559)  grad: 0.1910 (0.3137)  batch_size: 10.0000 (10.0000)  lr: 0.0000 (0.0000)  time: 1.358421  data: 0.000346  max mem: 11921
I20260821 01:22:13 3603480 mum utils.py:218] Training  [34500/60000]  eta: 14:09:28  loss: 0.3093 (0.3559)  grad: 0.2105 (0.3135)  batch_size: 10.0000 (10.0000)  lr: 0.0000 (0.0000)  time: 1.360283  data: 0.000325  max mem: 11921
I20260821 01:23:21 3603480 mum utils.py:218] Training  [34550/60000]  eta: 14:07:25  loss: 0.3109 (0.3558)  grad: 0.1884 (0.3134)  batch_size: 10.0000 (10.0000)  lr: 0.0000 (0.0000)  time: 1.368457  data: 0.000339  max mem: 11921
I20260821 01:24:29 3603480 mum utils.py:218] Training  [34600/60000]  eta: 14:05:22  loss: 0.3097 (0.3558)  grad: 0.1948 (0.3132)  batch_size: 10.0000 (10.0000)  lr: 0.0000 (0.0000)  time: 1.357660  data: 0.000387  max mem: 11921
I20260821 01:25:37 3603480 mum utils.py:218] Training  [34650/60000]  eta: 14:03:19  loss: 0.3067 (0.3557)  grad: 0.1815 (0.3130)  batch_size: 10.0000 (10.0000)  lr: 0.0000 (0.0000)  time: 1.370204  data: 0.000333  max mem: 11921
I20260821 01:26:45 3603480 mum utils.py:218] Training  [34700/60000]  eta: 14:01:16  loss: 0.3319 (0.3557)  grad: 0.1954 (0.3129)  batch_size: 10.0000 (10.0000)  lr: 0.0000 (0.0000)  time: 1.360381  data: 0.000361  max mem: 11921
I20260821 01:27:54 3603480 mum utils.py:218] Training  [34750/60000]  eta: 13:59:13  loss: 0.3072 (0.3556)  grad: 0.1800 (0.3127)  batch_size: 10.0000 (10.0000)  lr: 0.0000 (0.0000)  time: 1.367814  data: 0.000323  max mem: 11921
I20260821 01:29:02 3603480 mum utils.py:218] Training  [34800/60000]  eta: 13:57:11  loss: 0.3141 (0.3556)  grad: 0.1864 (0.3125)  batch_size: 10.0000 (10.0000)  lr: 0.0000 (0.0000)  time: 1.361120  data: 0.000382  max mem: 11921
I20260821 01:30:10 3603480 mum utils.py:218] Training  [34850/60000]  eta: 13:55:08  loss: 0.3180 (0.3555)  grad: 0.2021 (0.3124)  batch_size: 10.0000 (10.0000)  lr: 0.0000 (0.0000)  time: 1.359992  data: 0.000333  max mem: 11921
I20260821 01:31:18 3603480 mum utils.py:218] Training  [34900/60000]  eta: 13:53:06  loss: 0.3267 (0.3555)  grad: 0.1829 (0.3122)  batch_size: 10.0000 (10.0000)  lr: 0.0000 (0.0000)  time: 1.358787  data: 0.000369  max mem: 11921
I20260821 01:32:26 3603480 mum utils.py:218] Training  [34950/60000]  eta: 13:51:04  loss: 0.3218 (0.3555)  grad: 0.1876 (0.3120)  batch_size: 10.0000 (10.0000)  lr: 0.0000 (0.0000)  time: 1.363162  data: 0.000353  max mem: 11921
I20260821 01:33:34 3603480 mum utils.py:218] Training  [35000/60000]  eta: 13:49:02  loss: 0.3339 (0.3554)  grad: 0.1979 (0.3119)  batch_size: 10.0000 (10.0000)  lr: 0.0000 (0.0000)  time: 1.374073  data: 0.000362  max mem: 11921
I20260821 01:34:42 3603480 mum utils.py:218] Training  [35050/60000]  eta: 13:47:00  loss: 0.3213 (0.3554)  grad: 0.1911 (0.3117)  batch_size: 10.0000 (10.0000)  lr: 0.0000 (0.0000)  time: 1.360633  data: 0.000373  max mem: 11921
I20260821 01:35:50 3603480 mum utils.py:218] Training  [35100/60000]  eta: 13:44:58  loss: 0.3085 (0.3553)  grad: 0.1789 (0.3116)  batch_size: 10.0000 (10.0000)  lr: 0.0000 (0.0000)  time: 1.367839  data: 0.000373  max mem: 11921
I20260821 01:36:58 3603480 mum utils.py:218] Training  [35150/60000]  eta: 13:42:56  loss: 0.2988 (0.3553)  grad: 0.1953 (0.3114)  batch_size: 10.0000 (10.0000)  lr: 0.0000 (0.0000)  time: 1.342068  data: 0.000377  max mem: 11921
I20260821 01:38:04 3603480 mum utils.py:218] Training  [35200/60000]  eta: 13:40:53  loss: 0.3081 (0.3552)  grad: 0.1928 (0.3113)  batch_size: 10.0000 (10.0000)  lr: 0.0000 (0.0000)  time: 1.318633  data: 0.000374  max mem: 11921
I20260821 01:39:10 3603480 mum utils.py:218] Training  [35250/60000]  eta: 13:38:51  loss: 0.3300 (0.3552)  grad: 0.1758 (0.3111)  batch_size: 10.0000 (10.0000)  lr: 0.0000 (0.0000)  time: 1.330853  data: 0.000348  max mem: 11921
I20260821 01:40:18 3603480 mum utils.py:218] Training  [35300/60000]  eta: 13:36:50  loss: 0.3220 (0.3551)  grad: 0.1901 (0.3109)  batch_size: 10.0000 (10.0000)  lr: 0.0000 (0.0000)  time: 1.354755  data: 0.000362  max mem: 11921
I20260821 01:41:26 3603480 mum utils.py:218] Training  [35350/60000]  eta: 13:34:49  loss: 0.3240 (0.3551)  grad: 0.1750 (0.3108)  batch_size: 10.0000 (10.0000)  lr: 0.0000 (0.0000)  time: 1.360464  data: 0.000402  max mem: 11921
I20260821 01:42:34 3603480 mum utils.py:218] Training  [35400/60000]  eta: 13:32:48  loss: 0.3197 (0.3550)  grad: 0.1889 (0.3106)  batch_size: 10.0000 (10.0000)  lr: 0.0000 (0.0000)  time: 1.359889  data: 0.000343  max mem: 11921
I20260821 01:43:42 3603480 mum utils.py:218] Training  [35450/60000]  eta: 13:30:47  loss: 0.3233 (0.3550)  grad: 0.1710 (0.3104)  batch_size: 10.0000 (10.0000)  lr: 0.0000 (0.0000)  time: 1.357215  data: 0.000346  max mem: 11921
I20260821 01:44:50 3603480 mum utils.py:218] Training  [35500/60000]  eta: 13:28:47  loss: 0.3189 (0.3549)  grad: 0.1882 (0.3103)  batch_size: 10.0000 (10.0000)  lr: 0.0000 (0.0000)  time: 1.360016  data: 0.000384  max mem: 11921
I20260821 01:45:58 3603480 mum utils.py:218] Training  [35550/60000]  eta: 13:26:46  loss: 0.3251 (0.3549)  grad: 0.1849 (0.3101)  batch_size: 10.0000 (10.0000)  lr: 0.0000 (0.0000)  time: 1.363909  data: 0.000362  max mem: 11921
I20260821 01:47:06 3603480 mum utils.py:218] Training  [35600/60000]  eta: 13:24:46  loss: 0.3293 (0.3548)  grad: 0.1857 (0.3099)  batch_size: 10.0000 (10.0000)  lr: 0.0000 (0.0000)  time: 1.355777  data: 0.000392  max mem: 11921
I20260821 01:48:14 3603480 mum utils.py:218] Training  [35650/60000]  eta: 13:22:46  loss: 0.3169 (0.3548)  grad: 0.1770 (0.3098)  batch_size: 10.0000 (10.0000)  lr: 0.0000 (0.0000)  time: 1.357150  data: 0.000370  max mem: 11921
I20260821 01:49:22 3603480 mum utils.py:218] Training  [35700/60000]  eta: 13:20:46  loss: 0.3102 (0.3547)  grad: 0.1847 (0.3096)  batch_size: 10.0000 (10.0000)  lr: 0.0000 (0.0000)  time: 1.366021  data: 0.000386  max mem: 11921
I20260821 01:50:30 3603480 mum utils.py:218] Training  [35750/60000]  eta: 13:18:46  loss: 0.3249 (0.3547)  grad: 0.1819 (0.3094)  batch_size: 10.0000 (10.0000)  lr: 0.0000 (0.0000)  time: 1.356425  data: 0.000385  max mem: 11921
I20260821 01:51:38 3603480 mum utils.py:218] Training  [35800/60000]  eta: 13:16:47  loss: 0.3269 (0.3547)  grad: 0.1958 (0.3093)  batch_size: 10.0000 (10.0000)  lr: 0.0000 (0.0000)  time: 1.359568  data: 0.000367  max mem: 11921
I20260821 01:52:46 3603480 mum utils.py:218] Training  [35850/60000]  eta: 13:14:47  loss: 0.3297 (0.3546)  grad: 0.1741 (0.3091)  batch_size: 10.0000 (10.0000)  lr: 0.0000 (0.0000)  time: 1.356246  data: 0.000372  max mem: 11921
I20260821 01:53:54 3603480 mum utils.py:218] Training  [35900/60000]  eta: 13:12:48  loss: 0.3356 (0.3546)  grad: 0.1979 (0.3090)  batch_size: 10.0000 (10.0000)  lr: 0.0000 (0.0000)  time: 1.358004  data: 0.000369  max mem: 11921
I20260821 01:55:02 3603480 mum utils.py:218] Training  [35950/60000]  eta: 13:10:49  loss: 0.3181 (0.3545)  grad: 0.1726 (0.3088)  batch_size: 10.0000 (10.0000)  lr: 0.0000 (0.0000)  time: 1.360605  data: 0.000365  max mem: 11921
Building dynamic dataloader with seed: 42
Randomly sampling [3, 3] frames
TravelUAVDataset (val): 767 scenes, 39921 frames (total 15348 scenes, split_ratio=0.95).
ComposedDataset created from 1 datasets: ['TravelUAVDataset:DATA_DIR=/data2/student1_ly/datasets/OpenUAV-QA/TravelUAV_dataset:SPLIT=val']
[step 36000] val loss: 0.3315
I20260821 01:57:24 3603480 mum utils.py:218] Training  [36000/60000]  eta: 13:09:39  loss: 0.3158 (0.3545)  grad: 0.1779 (0.3087)  batch_size: 10.0000 (10.0000)  lr: 0.0000 (0.0000)  time: 5.081504  data: 0.000405  max mem: 11921
I20260821 01:58:32 3603480 mum utils.py:218] Training  [36050/60000]  eta: 13:07:40  loss: 0.3292 (0.3544)  grad: 0.2015 (0.3085)  batch_size: 10.0000 (10.0000)  lr: 0.0000 (0.0000)  time: 1.358361  data: 0.000368  max mem: 11921
I20260821 01:59:40 3603480 mum utils.py:218] Training  [36100/60000]  eta: 13:05:41  loss: 0.3102 (0.3544)  grad: 0.1905 (0.3084)  batch_size: 10.0000 (10.0000)  lr: 0.0000 (0.0000)  time: 1.350368  data: 0.000358  max mem: 11921
I20260821 02:00:48 3603480 mum utils.py:218] Training  [36150/60000]  eta: 13:03:42  loss: 0.3055 (0.3543)  grad: 0.1797 (0.3082)  batch_size: 10.0000 (10.0000)  lr: 0.0000 (0.0000)  time: 1.367786  data: 0.000358  max mem: 11921
I20260821 02:01:56 3603480 mum utils.py:218] Training  [36200/60000]  eta: 13:01:43  loss: 0.3165 (0.3543)  grad: 0.2019 (0.3081)  batch_size: 10.0000 (10.0000)  lr: 0.0000 (0.0000)  time: 1.354234  data: 0.000369  max mem: 11921
I20260821 02:03:04 3603480 mum utils.py:218] Training  [36250/60000]  eta: 12:59:45  loss: 0.3231 (0.3542)  grad: 0.2082 (0.3079)  batch_size: 10.0000 (10.0000)  lr: 0.0000 (0.0000)  time: 1.361023  data: 0.000396  max mem: 11921
I20260821 02:04:12 3603480 mum utils.py:218] Training  [36300/60000]  eta: 12:57:46  loss: 0.3147 (0.3542)  grad: 0.1789 (0.3078)  batch_size: 10.0000 (10.0000)  lr: 0.0000 (0.0000)  time: 1.357565  data: 0.000433  max mem: 11921
I20260821 02:05:20 3603480 mum utils.py:218] Training  [36350/60000]  eta: 12:55:48  loss: 0.3121 (0.3542)  grad: 0.1965 (0.3076)  batch_size: 10.0000 (10.0000)  lr: 0.0000 (0.0000)  time: 1.365665  data: 0.000349  max mem: 11921
I20260821 02:06:28 3603480 mum utils.py:218] Training  [36400/60000]  eta: 12:53:50  loss: 0.3118 (0.3541)  grad: 0.1909 (0.3075)  batch_size: 10.0000 (10.0000)  lr: 0.0000 (0.0000)  time: 1.359187  data: 0.000370  max mem: 11921
I20260821 02:07:36 3603480 mum utils.py:218] Training  [36450/60000]  eta: 12:51:52  loss: 0.3210 (0.3541)  grad: 0.2094 (0.3073)  batch_size: 10.0000 (10.0000)  lr: 0.0000 (0.0000)  time: 1.364235  data: 0.000375  max mem: 11921
I20260821 02:08:44 3603480 mum utils.py:218] Training  [36500/60000]  eta: 12:49:54  loss: 0.3327 (0.3540)  grad: 0.1982 (0.3072)  batch_size: 10.0000 (10.0000)  lr: 0.0000 (0.0000)  time: 1.356991  data: 0.000406  max mem: 11921
I20260821 02:09:52 3603480 mum utils.py:218] Training  [36550/60000]  eta: 12:47:56  loss: 0.3284 (0.3540)  grad: 0.1941 (0.3070)  batch_size: 10.0000 (10.0000)  lr: 0.0000 (0.0000)  time: 1.357702  data: 0.000374  max mem: 11921
I20260821 02:11:00 3603480 mum utils.py:218] Training  [36600/60000]  eta: 12:45:59  loss: 0.3130 (0.3539)  grad: 0.2053 (0.3069)  batch_size: 10.0000 (10.0000)  lr: 0.0000 (0.0000)  time: 1.363235  data: 0.000393  max mem: 11921
I20260821 02:12:08 3603480 mum utils.py:218] Training  [36650/60000]  eta: 12:44:01  loss: 0.3261 (0.3539)  grad: 0.1908 (0.3068)  batch_size: 10.0000 (10.0000)  lr: 0.0000 (0.0000)  time: 1.360656  data: 0.000367  max mem: 11921
I20260821 02:13:16 3603480 mum utils.py:218] Training  [36700/60000]  eta: 12:42:04  loss: 0.3301 (0.3538)  grad: 0.1946 (0.3066)  batch_size: 10.0000 (10.0000)  lr: 0.0000 (0.0000)  time: 1.357972  data: 0.000378  max mem: 11921
I20260821 02:14:24 3603480 mum utils.py:218] Training  [36750/60000]  eta: 12:40:07  loss: 0.2972 (0.3538)  grad: 0.1825 (0.3065)  batch_size: 10.0000 (10.0000)  lr: 0.0000 (0.0000)  time: 1.357976  data: 0.000349  max mem: 11921
I20260821 02:15:32 3603480 mum utils.py:218] Training  [36800/60000]  eta: 12:38:10  loss: 0.3365 (0.3537)  grad: 0.1876 (0.3063)  batch_size: 10.0000 (10.0000)  lr: 0.0000 (0.0000)  time: 1.370893  data: 0.000352  max mem: 11921
I20260821 02:16:40 3603480 mum utils.py:218] Training  [36850/60000]  eta: 12:36:13  loss: 0.3377 (0.3537)  grad: 0.1896 (0.3062)  batch_size: 10.0000 (10.0000)  lr: 0.0000 (0.0000)  time: 1.355968  data: 0.000381  max mem: 11921
I20260821 02:17:48 3603480 mum utils.py:218] Training  [36900/60000]  eta: 12:34:16  loss: 0.3157 (0.3536)  grad: 0.1853 (0.3060)  batch_size: 10.0000 (10.0000)  lr: 0.0000 (0.0000)  time: 1.360986  data: 0.000371  max mem: 11921
I20260821 02:18:56 3603480 mum utils.py:218] Training  [36950/60000]  eta: 12:32:19  loss: 0.3204 (0.3536)  grad: 0.2113 (0.3059)  batch_size: 10.0000 (10.0000)  lr: 0.0000 (0.0000)  time: 1.353928  data: 0.000399  max mem: 11921
I20260821 02:20:04 3603480 mum utils.py:218] Training  [37000/60000]  eta: 12:30:23  loss: 0.3378 (0.3536)  grad: 0.1847 (0.3057)  batch_size: 10.0000 (10.0000)  lr: 0.0000 (0.0000)  time: 1.358456  data: 0.000402  max mem: 11921
I20260821 02:21:12 3603480 mum utils.py:218] Training  [37050/60000]  eta: 12:28:27  loss: 0.3297 (0.3535)  grad: 0.1977 (0.3056)  batch_size: 10.0000 (10.0000)  lr: 0.0000 (0.0000)  time: 1.363465  data: 0.000388  max mem: 11921
I20260821 02:22:20 3603480 mum utils.py:218] Training  [37100/60000]  eta: 12:26:30  loss: 0.3222 (0.3535)  grad: 0.2005 (0.3055)  batch_size: 10.0000 (10.0000)  lr: 0.0000 (0.0000)  time: 1.357607  data: 0.000429  max mem: 11921
I20260821 02:23:28 3603480 mum utils.py:218] Training  [37150/60000]  eta: 12:24:34  loss: 0.3062 (0.3534)  grad: 0.1959 (0.3053)  batch_size: 10.0000 (10.0000)  lr: 0.0000 (0.0000)  time: 1.357863  data: 0.000388  max mem: 11921
I20260821 02:24:36 3603480 mum utils.py:218] Training  [37200/60000]  eta: 12:22:38  loss: 0.3120 (0.3534)  grad: 0.1874 (0.3052)  batch_size: 10.0000 (10.0000)  lr: 0.0000 (0.0000)  time: 1.355021  data: 0.000390  max mem: 11921
I20260821 02:25:44 3603480 mum utils.py:218] Training  [37250/60000]  eta: 12:20:42  loss: 0.3157 (0.3533)  grad: 0.1805 (0.3050)  batch_size: 10.0000 (10.0000)  lr: 0.0000 (0.0000)  time: 1.357231  data: 0.000348  max mem: 11921
I20260821 02:26:52 3603480 mum utils.py:218] Training  [37300/60000]  eta: 12:18:47  loss: 0.3264 (0.3533)  grad: 0.1885 (0.3049)  batch_size: 10.0000 (10.0000)  lr: 0.0000 (0.0000)  time: 1.365582  data: 0.000376  max mem: 11921
I20260821 02:28:00 3603480 mum utils.py:218] Training  [37350/60000]  eta: 12:16:51  loss: 0.3074 (0.3533)  grad: 0.1873 (0.3048)  batch_size: 10.0000 (10.0000)  lr: 0.0000 (0.0000)  time: 1.358548  data: 0.000336  max mem: 11921
I20260821 02:29:08 3603480 mum utils.py:218] Training  [37400/60000]  eta: 12:14:55  loss: 0.3185 (0.3532)  grad: 0.1848 (0.3046)  batch_size: 10.0000 (10.0000)  lr: 0.0000 (0.0000)  time: 1.360453  data: 0.000391  max mem: 11921
I20260821 02:30:16 3603480 mum utils.py:218] Training  [37450/60000]  eta: 12:13:00  loss: 0.3197 (0.3531)  grad: 0.1867 (0.3045)  batch_size: 10.0000 (10.0000)  lr: 0.0000 (0.0000)  time: 1.356333  data: 0.000379  max mem: 11921
I20260821 02:31:24 3603480 mum utils.py:218] Training  [37500/60000]  eta: 12:11:05  loss: 0.3215 (0.3531)  grad: 0.2051 (0.3043)  batch_size: 10.0000 (10.0000)  lr: 0.0000 (0.0000)  time: 1.365536  data: 0.000352  max mem: 11921
I20260821 02:32:31 3603480 mum utils.py:218] Training  [37550/60000]  eta: 12:09:09  loss: 0.3181 (0.3530)  grad: 0.1806 (0.3042)  batch_size: 10.0000 (10.0000)  lr: 0.0000 (0.0000)  time: 1.328701  data: 0.000348  max mem: 11921
I20260821 02:33:37 3603480 mum utils.py:218] Training  [37600/60000]  eta: 12:07:13  loss: 0.3143 (0.3530)  grad: 0.1947 (0.3041)  batch_size: 10.0000 (10.0000)  lr: 0.0000 (0.0000)  time: 1.318758  data: 0.000346  max mem: 11921
I20260821 02:34:44 3603480 mum utils.py:218] Training  [37650/60000]  eta: 12:05:17  loss: 0.3248 (0.3530)  grad: 0.1984 (0.3039)  batch_size: 10.0000 (10.0000)  lr: 0.0000 (0.0000)  time: 1.323329  data: 0.000337  max mem: 11921
I20260821 02:35:51 3603480 mum utils.py:218] Training  [37700/60000]  eta: 12:03:22  loss: 0.3208 (0.3529)  grad: 0.1952 (0.3038)  batch_size: 10.0000 (10.0000)  lr: 0.0000 (0.0000)  time: 1.353641  data: 0.000368  max mem: 11921
I20260821 02:36:58 3603480 mum utils.py:218] Training  [37750/60000]  eta: 12:01:27  loss: 0.3280 (0.3529)  grad: 0.1843 (0.3036)  batch_size: 10.0000 (10.0000)  lr: 0.0000 (0.0000)  time: 1.350004  data: 0.000431  max mem: 11921
I20260821 02:38:06 3603480 mum utils.py:218] Training  [37800/60000]  eta: 11:59:33  loss: 0.3405 (0.3529)  grad: 0.1940 (0.3035)  batch_size: 10.0000 (10.0000)  lr: 0.0000 (0.0000)  time: 1.357505  data: 0.000421  max mem: 11921
I20260821 02:39:14 3603480 mum utils.py:218] Training  [37850/60000]  eta: 11:57:38  loss: 0.3110 (0.3528)  grad: 0.1972 (0.3033)  batch_size: 10.0000 (10.0000)  lr: 0.0000 (0.0000)  time: 1.352862  data: 0.000379  max mem: 11921
I20260821 02:40:22 3603480 mum utils.py:218] Training  [37900/60000]  eta: 11:55:44  loss: 0.3495 (0.3528)  grad: 0.2007 (0.3032)  batch_size: 10.0000 (10.0000)  lr: 0.0000 (0.0000)  time: 1.357990  data: 0.000367  max mem: 11921
I20260821 02:41:30 3603480 mum utils.py:218] Training  [37950/60000]  eta: 11:53:50  loss: 0.3297 (0.3527)  grad: 0.1860 (0.3030)  batch_size: 10.0000 (10.0000)  lr: 0.0000 (0.0000)  time: 1.363632  data: 0.000341  max mem: 11921
I20260821 02:42:38 3603480 mum utils.py:218] Training  [38000/60000]  eta: 11:51:56  loss: 0.3101 (0.3527)  grad: 0.1974 (0.3029)  batch_size: 10.0000 (10.0000)  lr: 0.0000 (0.0000)  time: 1.357771  data: 0.000368  max mem: 11921
I20260821 02:43:46 3603480 mum utils.py:218] Training  [38050/60000]  eta: 11:50:02  loss: 0.3159 (0.3526)  grad: 0.1931 (0.3028)  batch_size: 10.0000 (10.0000)  lr: 0.0000 (0.0000)  time: 1.350771  data: 0.000384  max mem: 11921
I20260821 02:44:53 3603480 mum utils.py:218] Training  [38100/60000]  eta: 11:48:08  loss: 0.3289 (0.3526)  grad: 0.1976 (0.3026)  batch_size: 10.0000 (10.0000)  lr: 0.0000 (0.0000)  time: 1.357427  data: 0.000374  max mem: 11921
I20260821 02:46:01 3603480 mum utils.py:218] Training  [38150/60000]  eta: 11:46:14  loss: 0.3144 (0.3525)  grad: 0.1958 (0.3025)  batch_size: 10.0000 (10.0000)  lr: 0.0000 (0.0000)  time: 1.355107  data: 0.000358  max mem: 11921
I20260821 02:47:09 3603480 mum utils.py:218] Training  [38200/60000]  eta: 11:44:21  loss: 0.3231 (0.3525)  grad: 0.1945 (0.3024)  batch_size: 10.0000 (10.0000)  lr: 0.0000 (0.0000)  time: 1.358465  data: 0.000417  max mem: 11921
I20260821 02:48:17 3603480 mum utils.py:218] Training  [38250/60000]  eta: 11:42:28  loss: 0.3215 (0.3524)  grad: 0.1863 (0.3022)  batch_size: 10.0000 (10.0000)  lr: 0.0000 (0.0000)  time: 1.359136  data: 0.000371  max mem: 11921
I20260821 02:49:25 3603480 mum utils.py:218] Training  [38300/60000]  eta: 11:40:34  loss: 0.3393 (0.3524)  grad: 0.2000 (0.3021)  batch_size: 10.0000 (10.0000)  lr: 0.0000 (0.0000)  time: 1.356205  data: 0.000369  max mem: 11921
I20260821 02:50:33 3603480 mum utils.py:218] Training  [38350/60000]  eta: 11:38:41  loss: 0.3146 (0.3524)  grad: 0.1974 (0.3020)  batch_size: 10.0000 (10.0000)  lr: 0.0000 (0.0000)  time: 1.356542  data: 0.000381  max mem: 11921
I20260821 02:51:41 3603480 mum utils.py:218] Training  [38400/60000]  eta: 11:36:48  loss: 0.3223 (0.3523)  grad: 0.1832 (0.3018)  batch_size: 10.0000 (10.0000)  lr: 0.0000 (0.0000)  time: 1.358743  data: 0.000377  max mem: 11921
I20260821 02:52:49 3603480 mum utils.py:218] Training  [38450/60000]  eta: 11:34:55  loss: 0.3117 (0.3523)  grad: 0.1903 (0.3017)  batch_size: 10.0000 (10.0000)  lr: 0.0000 (0.0000)  time: 1.371382  data: 0.000347  max mem: 11921
I20260821 02:53:57 3603480 mum utils.py:218] Training  [38500/60000]  eta: 11:33:02  loss: 0.3239 (0.3523)  grad: 0.1961 (0.3016)  batch_size: 10.0000 (10.0000)  lr: 0.0000 (0.0000)  time: 1.358513  data: 0.000381  max mem: 11921
I20260821 02:55:05 3603480 mum utils.py:218] Training  [38550/60000]  eta: 11:31:09  loss: 0.3055 (0.3522)  grad: 0.1890 (0.3014)  batch_size: 10.0000 (10.0000)  lr: 0.0000 (0.0000)  time: 1.355407  data: 0.000369  max mem: 11921
I20260821 02:56:13 3603480 mum utils.py:218] Training  [38600/60000]  eta: 11:29:17  loss: 0.3230 (0.3522)  grad: 0.1991 (0.3013)  batch_size: 10.0000 (10.0000)  lr: 0.0000 (0.0000)  time: 1.356171  data: 0.000365  max mem: 11921
I20260821 02:57:21 3603480 mum utils.py:218] Training  [38650/60000]  eta: 11:27:24  loss: 0.3239 (0.3521)  grad: 0.1896 (0.3012)  batch_size: 10.0000 (10.0000)  lr: 0.0000 (0.0000)  time: 1.359924  data: 0.000347  max mem: 11921
I20260821 02:58:29 3603480 mum utils.py:218] Training  [38700/60000]  eta: 11:25:32  loss: 0.3125 (0.3521)  grad: 0.2062 (0.3010)  batch_size: 10.0000 (10.0000)  lr: 0.0000 (0.0000)  time: 1.356189  data: 0.000322  max mem: 11921
I20260821 02:59:37 3603480 mum utils.py:218] Training  [38750/60000]  eta: 11:23:40  loss: 0.2996 (0.3521)  grad: 0.1916 (0.3009)  batch_size: 10.0000 (10.0000)  lr: 0.0000 (0.0000)  time: 1.358094  data: 0.000350  max mem: 11921
I20260821 03:00:45 3603480 mum utils.py:218] Training  [38800/60000]  eta: 11:21:48  loss: 0.3304 (0.3520)  grad: 0.2027 (0.3008)  batch_size: 10.0000 (10.0000)  lr: 0.0000 (0.0000)  time: 1.358626  data: 0.000353  max mem: 11921
I20260821 03:01:53 3603480 mum utils.py:218] Training  [38850/60000]  eta: 11:19:56  loss: 0.3133 (0.3520)  grad: 0.2049 (0.3006)  batch_size: 10.0000 (10.0000)  lr: 0.0000 (0.0000)  time: 1.359733  data: 0.000375  max mem: 11921
I20260821 03:03:03 3603480 mum utils.py:218] Training  [38900/60000]  eta: 11:18:05  loss: 0.3115 (0.3519)  grad: 0.1938 (0.3005)  batch_size: 10.0000 (10.0000)  lr: 0.0000 (0.0000)  time: 1.342122  data: 0.000374  max mem: 11921
I20260821 03:04:25 3603480 mum utils.py:218] Training  [38950/60000]  eta: 11:16:21  loss: 0.3250 (0.3519)  grad: 0.1895 (0.3004)  batch_size: 10.0000 (10.0000)  lr: 0.0000 (0.0000)  time: 2.015565  data: 0.000413  max mem: 11921
I20260821 03:06:08 3603480 mum utils.py:218] Training  [39000/60000]  eta: 11:14:48  loss: 0.3161 (0.3518)  grad: 0.1982 (0.3003)  batch_size: 10.0000 (10.0000)  lr: 0.0000 (0.0000)  time: 2.064142  data: 0.000382  max mem: 11921
I20260821 03:07:51 3603480 mum utils.py:218] Training  [39050/60000]  eta: 11:13:15  loss: 0.3025 (0.3518)  grad: 0.1818 (0.3001)  batch_size: 10.0000 (10.0000)  lr: 0.0000 (0.0000)  time: 2.048527  data: 0.000400  max mem: 11921
I20260821 03:09:22 3603480 mum utils.py:218] Training  [39100/60000]  eta: 11:11:36  loss: 0.3073 (0.3517)  grad: 0.1875 (0.3000)  batch_size: 10.0000 (10.0000)  lr: 0.0000 (0.0000)  time: 1.826145  data: 0.000371  max mem: 11921
I20260821 03:11:36 3603480 mum utils.py:218] Training  [39150/60000]  eta: 11:10:19  loss: 0.3134 (0.3517)  grad: 0.1922 (0.2999)  batch_size: 10.0000 (10.0000)  lr: 0.0000 (0.0000)  time: 3.585500  data: 0.000720  max mem: 11921
I20260821 03:15:24 3603480 mum utils.py:218] Training  [39200/60000]  eta: 11:09:53  loss: 0.2993 (0.3517)  grad: 0.1832 (0.2997)  batch_size: 10.0000 (10.0000)  lr: 0.0000 (0.0000)  time: 4.506305  data: 0.000418  max mem: 11921
I20260821 03:19:05 3603480 mum utils.py:218] Training  [39250/60000]  eta: 11:09:22  loss: 0.3120 (0.3516)  grad: 0.1894 (0.2996)  batch_size: 10.0000 (10.0000)  lr: 0.0000 (0.0000)  time: 4.710085  data: 0.000434  max mem: 11921
I20260821 03:22:48 3603480 mum utils.py:218] Training  [39300/60000]  eta: 11:08:51  loss: 0.3344 (0.3516)  grad: 0.2007 (0.2995)  batch_size: 10.0000 (10.0000)  lr: 0.0000 (0.0000)  time: 4.624080  data: 0.000412  max mem: 11921
I20260821 03:26:32 3603480 mum utils.py:218] Training  [39350/60000]  eta: 11:08:21  loss: 0.3343 (0.3515)  grad: 0.1906 (0.2993)  batch_size: 10.0000 (10.0000)  lr: 0.0000 (0.0000)  time: 4.184604  data: 0.000417  max mem: 11921
I20260821 03:30:23 3603480 mum utils.py:218] Training  [39400/60000]  eta: 11:07:54  loss: 0.3227 (0.3515)  grad: 0.1944 (0.2992)  batch_size: 10.0000 (10.0000)  lr: 0.0000 (0.0000)  time: 4.594280  data: 0.000341  max mem: 11921
I20260821 03:34:06 3603480 mum utils.py:218] Training  [39450/60000]  eta: 11:07:22  loss: 0.3280 (0.3515)  grad: 0.1859 (0.2991)  batch_size: 10.0000 (10.0000)  lr: 0.0000 (0.0000)  time: 4.742575  data: 0.000460  max mem: 11921
I20260821 03:37:48 3603480 mum utils.py:218] Training  [39500/60000]  eta: 11:06:50  loss: 0.3166 (0.3514)  grad: 0.1919 (0.2990)  batch_size: 10.0000 (10.0000)  lr: 0.0000 (0.0000)  time: 4.119728  data: 0.000383  max mem: 11921
I20260821 03:41:42 3603480 mum utils.py:218] Training  [39550/60000]  eta: 11:06:23  loss: 0.3365 (0.3514)  grad: 0.1933 (0.2988)  batch_size: 10.0000 (10.0000)  lr: 0.0000 (0.0000)  time: 4.633241  data: 0.000371  max mem: 11921
I20260821 03:45:25 3603480 mum utils.py:218] Training  [39600/60000]  eta: 11:05:50  loss: 0.3242 (0.3514)  grad: 0.2002 (0.2987)  batch_size: 10.0000 (10.0000)  lr: 0.0000 (0.0000)  time: 4.702959  data: 0.000478  max mem: 11921
I20260821 03:49:08 3603480 mum utils.py:218] Training  [39650/60000]  eta: 11:05:16  loss: 0.3186 (0.3513)  grad: 0.1913 (0.2986)  batch_size: 10.0000 (10.0000)  lr: 0.0000 (0.0000)  time: 4.553222  data: 0.000414  max mem: 11921
I20260821 03:52:53 3603480 mum utils.py:218] Training  [39700/60000]  eta: 11:04:43  loss: 0.3239 (0.3513)  grad: 0.1933 (0.2984)  batch_size: 10.0000 (10.0000)  lr: 0.0000 (0.0000)  time: 4.254095  data: 0.000408  max mem: 11921
I20260821 03:56:45 3603480 mum utils.py:218] Training  [39750/60000]  eta: 11:04:13  loss: 0.3089 (0.3512)  grad: 0.1801 (0.2983)  batch_size: 10.0000 (10.0000)  lr: 0.0000 (0.0000)  time: 4.684999  data: 0.000422  max mem: 11921
I20260821 04:00:30 3603480 mum utils.py:218] Training  [39800/60000]  eta: 11:03:38  loss: 0.3128 (0.3512)  grad: 0.1802 (0.2982)  batch_size: 10.0000 (10.0000)  lr: 0.0000 (0.0000)  time: 4.731875  data: 0.000425  max mem: 11921
I20260821 04:04:10 3603480 mum utils.py:218] Training  [39850/60000]  eta: 11:03:01  loss: 0.3338 (0.3512)  grad: 0.2135 (0.2981)  batch_size: 10.0000 (10.0000)  lr: 0.0000 (0.0000)  time: 3.997474  data: 0.000459  max mem: 11921
I20260821 04:08:05 3603480 mum utils.py:218] Training  [39900/60000]  eta: 11:02:31  loss: 0.3293 (0.3511)  grad: 0.1946 (0.2980)  batch_size: 10.0000 (10.0000)  lr: 0.0000 (0.0000)  time: 4.673300  data: 0.000406  max mem: 11921
I20260821 04:11:49 3603480 mum utils.py:218] Training  [39950/60000]  eta: 11:01:55  loss: 0.3037 (0.3511)  grad: 0.2038 (0.2978)  batch_size: 10.0000 (10.0000)  lr: 0.0000 (0.0000)  time: 4.684526  data: 0.000452  max mem: 11921
I20260821 04:15:31 3603480 mum utils.py:218] Training  [40000/60000]  eta: 11:01:18  loss: 0.3235 (0.3511)  grad: 0.1952 (0.2977)  batch_size: 10.0000 (10.0000)  lr: 0.0000 (0.0000)  time: 4.503808  data: 0.000408  max mem: 11921
I20260821 04:19:18 3603480 mum utils.py:218] Training  [40050/60000]  eta: 11:00:42  loss: 0.3321 (0.3510)  grad: 0.2032 (0.2976)  batch_size: 10.0000 (10.0000)  lr: 0.0000 (0.0000)  time: 4.278031  data: 0.000438  max mem: 11921
I20260821 04:23:09 3603480 mum utils.py:218] Training  [40100/60000]  eta: 11:00:08  loss: 0.3153 (0.3510)  grad: 0.1906 (0.2975)  batch_size: 10.0000 (10.0000)  lr: 0.0000 (0.0000)  time: 4.678477  data: 0.000397  max mem: 11921
I20260821 04:26:51 3603480 mum utils.py:218] Training  [40150/60000]  eta: 10:59:29  loss: 0.3174 (0.3509)  grad: 0.1936 (0.2973)  batch_size: 10.0000 (10.0000)  lr: 0.0000 (0.0000)  time: 4.626090  data: 0.000425  max mem: 11921
I20260821 04:30:34 3603480 mum utils.py:218] Training  [40200/60000]  eta: 10:58:50  loss: 0.3420 (0.3509)  grad: 0.2015 (0.2972)  batch_size: 10.0000 (10.0000)  lr: 0.0000 (0.0000)  time: 4.154549  data: 0.000353  max mem: 11921
I20260821 04:34:29 3603480 mum utils.py:218] Training  [40250/60000]  eta: 10:58:17  loss: 0.3100 (0.3509)  grad: 0.2047 (0.2971)  batch_size: 10.0000 (10.0000)  lr: 0.0000 (0.0000)  time: 4.708087  data: 0.000400  max mem: 11921
I20260821 04:38:12 3603480 mum utils.py:218] Training  [40300/60000]  eta: 10:57:37  loss: 0.3224 (0.3508)  grad: 0.2098 (0.2970)  batch_size: 10.0000 (10.0000)  lr: 0.0000 (0.0000)  time: 4.720924  data: 0.000393  max mem: 11921
I20260821 04:41:57 3603480 mum utils.py:218] Training  [40350/60000]  eta: 10:56:57  loss: 0.3130 (0.3508)  grad: 0.1813 (0.2969)  batch_size: 10.0000 (10.0000)  lr: 0.0000 (0.0000)  time: 4.411561  data: 0.000474  max mem: 11921
I20260821 04:45:45 3603480 mum utils.py:218] Training  [40400/60000]  eta: 10:56:19  loss: 0.3128 (0.3508)  grad: 0.1937 (0.2967)  batch_size: 10.0000 (10.0000)  lr: 0.0000 (0.0000)  time: 4.428636  data: 0.000387  max mem: 11921
I20260821 04:49:34 3603480 mum utils.py:218] Training  [40450/60000]  eta: 10:55:41  loss: 0.3288 (0.3507)  grad: 0.2099 (0.2966)  batch_size: 10.0000 (10.0000)  lr: 0.0000 (0.0000)  time: 4.687807  data: 0.000390  max mem: 11921
I20260821 04:53:18 3603480 mum utils.py:218] Training  [40500/60000]  eta: 10:54:59  loss: 0.3295 (0.3507)  grad: 0.1842 (0.2965)  batch_size: 10.0000 (10.0000)  lr: 0.0000 (0.0000)  time: 4.724243  data: 0.000370  max mem: 11921
I20260821 04:57:02 3603480 mum utils.py:218] Training  [40550/60000]  eta: 10:54:18  loss: 0.3150 (0.3507)  grad: 0.1951 (0.2964)  batch_size: 10.0000 (10.0000)  lr: 0.0000 (0.0000)  time: 4.150537  data: 0.000385  max mem: 11921
I20260821 05:00:58 3603480 mum utils.py:218] Training  [40600/60000]  eta: 10:53:41  loss: 0.3016 (0.3506)  grad: 0.1818 (0.2963)  batch_size: 10.0000 (10.0000)  lr: 0.0000 (0.0000)  time: 4.698134  data: 0.000423  max mem: 11921
I20260821 05:04:40 3603480 mum utils.py:218] Training  [40650/60000]  eta: 10:52:58  loss: 0.3155 (0.3506)  grad: 0.1880 (0.2961)  batch_size: 10.0000 (10.0000)  lr: 0.0000 (0.0000)  time: 4.703099  data: 0.000426  max mem: 11921
I20260821 05:08:24 3603480 mum utils.py:218] Training  [40700/60000]  eta: 10:52:15  loss: 0.3202 (0.3506)  grad: 0.1947 (0.2960)  batch_size: 10.0000 (10.0000)  lr: 0.0000 (0.0000)  time: 4.376821  data: 0.000372  max mem: 11921
I20260821 05:12:16 3603480 mum utils.py:218] Training  [40750/60000]  eta: 10:51:35  loss: 0.3312 (0.3505)  grad: 0.2083 (0.2959)  batch_size: 10.0000 (10.0000)  lr: 0.0000 (0.0000)  time: 4.521512  data: 0.000398  max mem: 11921
I20260821 05:16:05 3603480 mum utils.py:218] Training  [40800/60000]  eta: 10:50:53  loss: 0.2942 (0.3505)  grad: 0.2066 (0.2958)  batch_size: 10.0000 (10.0000)  lr: 0.0000 (0.0000)  time: 4.733956  data: 0.000380  max mem: 11921
I20260821 05:19:49 3603480 mum utils.py:218] Training  [40850/60000]  eta: 10:50:09  loss: 0.3379 (0.3505)  grad: 0.1973 (0.2957)  batch_size: 10.0000 (10.0000)  lr: 0.0000 (0.0000)  time: 4.688400  data: 0.000364  max mem: 11921
I20260821 05:23:30 3603480 mum utils.py:218] Training  [40900/60000]  eta: 10:49:23  loss: 0.3126 (0.3504)  grad: 0.1947 (0.2955)  batch_size: 10.0000 (10.0000)  lr: 0.0000 (0.0000)  time: 4.095295  data: 0.000443  max mem: 11921
I20260821 05:27:26 3603480 mum utils.py:218] Training  [40950/60000]  eta: 10:48:43  loss: 0.3026 (0.3504)  grad: 0.1942 (0.2954)  batch_size: 10.0000 (10.0000)  lr: 0.0000 (0.0000)  time: 4.707590  data: 0.000445  max mem: 11921
I20260821 05:31:10 3603480 mum utils.py:218] Training  [41000/60000]  eta: 10:47:58  loss: 0.3163 (0.3503)  grad: 0.1963 (0.2953)  batch_size: 10.0000 (10.0000)  lr: 0.0000 (0.0000)  time: 4.706407  data: 0.000410  max mem: 11921
I20260821 05:34:55 3603480 mum utils.py:218] Training  [41050/60000]  eta: 10:47:12  loss: 0.3268 (0.3503)  grad: 0.1829 (0.2952)  batch_size: 10.0000 (10.0000)  lr: 0.0000 (0.0000)  time: 4.306486  data: 0.000443  max mem: 11921
I20260821 05:38:48 3603480 mum utils.py:218] Training  [41100/60000]  eta: 10:46:29  loss: 0.3389 (0.3503)  grad: 0.1955 (0.2951)  batch_size: 10.0000 (10.0000)  lr: 0.0000 (0.0000)  time: 4.538720  data: 0.000438  max mem: 11921
I20260821 05:42:36 3603480 mum utils.py:218] Training  [41150/60000]  eta: 10:45:44  loss: 0.3242 (0.3502)  grad: 0.2072 (0.2950)  batch_size: 10.0000 (10.0000)  lr: 0.0000 (0.0000)  time: 4.712163  data: 0.000433  max mem: 11921
I20260821 05:46:20 3603480 mum utils.py:218] Training  [41200/60000]  eta: 10:44:57  loss: 0.3133 (0.3502)  grad: 0.2097 (0.2948)  batch_size: 10.0000 (10.0000)  lr: 0.0000 (0.0000)  time: 4.695348  data: 0.000376  max mem: 11921
I20260821 05:50:05 3603480 mum utils.py:218] Training  [41250/60000]  eta: 10:44:09  loss: 0.3111 (0.3502)  grad: 0.1877 (0.2947)  batch_size: 10.0000 (10.0000)  lr: 0.0000 (0.0000)  time: 4.175866  data: 0.000386  max mem: 11921
I20260821 05:54:01 3603480 mum utils.py:218] Training  [41300/60000]  eta: 10:43:26  loss: 0.3130 (0.3501)  grad: 0.2215 (0.2946)  batch_size: 10.0000 (10.0000)  lr: 0.0000 (0.0000)  time: 4.707012  data: 0.000403  max mem: 11921
I20260821 05:57:46 3603480 mum utils.py:218] Training  [41350/60000]  eta: 10:42:38  loss: 0.3289 (0.3501)  grad: 0.1880 (0.2945)  batch_size: 10.0000 (10.0000)  lr: 0.0000 (0.0000)  time: 4.701126  data: 0.000384  max mem: 11921
I20260821 06:01:27 3603480 mum utils.py:218] Training  [41400/60000]  eta: 10:41:48  loss: 0.3377 (0.3501)  grad: 0.2017 (0.2944)  batch_size: 10.0000 (10.0000)  lr: 0.0000 (0.0000)  time: 4.163610  data: 0.000447  max mem: 11921
I20260821 06:05:19 3603480 mum utils.py:218] Training  [41450/60000]  eta: 10:41:02  loss: 0.3253 (0.3500)  grad: 0.2000 (0.2943)  batch_size: 10.0000 (10.0000)  lr: 0.0000 (0.0000)  time: 4.563764  data: 0.000461  max mem: 11921
I20260821 06:08:58 3603480 mum utils.py:218] Training  [41500/60000]  eta: 10:40:09  loss: 0.3131 (0.3500)  grad: 0.1863 (0.2942)  batch_size: 10.0000 (10.0000)  lr: 0.0000 (0.0000)  time: 4.700376  data: 0.000378  max mem: 11921
I20260821 06:12:34 3603480 mum utils.py:218] Training  [41550/60000]  eta: 10:39:15  loss: 0.3307 (0.3500)  grad: 0.1869 (0.2941)  batch_size: 10.0000 (10.0000)  lr: 0.0000 (0.0000)  time: 4.655093  data: 0.000393  max mem: 11921
I20260821 06:16:14 3603480 mum utils.py:218] Training  [41600/60000]  eta: 10:38:23  loss: 0.3182 (0.3499)  grad: 0.1970 (0.2940)  batch_size: 10.0000 (10.0000)  lr: 0.0000 (0.0000)  time: 4.010535  data: 0.000442  max mem: 11921
I20260821 06:20:02 3603480 mum utils.py:218] Training  [41650/60000]  eta: 10:37:33  loss: 0.3241 (0.3499)  grad: 0.1940 (0.2938)  batch_size: 10.0000 (10.0000)  lr: 0.0000 (0.0000)  time: 4.621455  data: 0.000381  max mem: 11921
I20260821 06:23:40 3603480 mum utils.py:218] Training  [41700/60000]  eta: 10:36:39  loss: 0.3198 (0.3498)  grad: 0.1894 (0.2937)  batch_size: 10.0000 (10.0000)  lr: 0.0000 (0.0000)  time: 4.689635  data: 0.000411  max mem: 11921
I20260821 06:27:17 3603480 mum utils.py:218] Training  [41750/60000]  eta: 10:35:44  loss: 0.3228 (0.3498)  grad: 0.1928 (0.2936)  batch_size: 10.0000 (10.0000)  lr: 0.0000 (0.0000)  time: 3.873023  data: 0.000388  max mem: 11921
I20260821 06:31:11 3603480 mum utils.py:218] Training  [41800/60000]  eta: 10:34:56  loss: 0.3271 (0.3498)  grad: 0.2073 (0.2936)  batch_size: 10.0000 (10.0000)  lr: 0.0000 (0.0000)  time: 4.671847  data: 0.000379  max mem: 11921
I20260821 06:34:48 3603480 mum utils.py:218] Training  [41850/60000]  eta: 10:34:00  loss: 0.2920 (0.3497)  grad: 0.2133 (0.2935)  batch_size: 10.0000 (10.0000)  lr: 0.0000 (0.0000)  time: 4.668447  data: 0.000401  max mem: 11921
I20260821 06:38:25 3603480 mum utils.py:218] Training  [41900/60000]  eta: 10:33:03  loss: 0.3111 (0.3497)  grad: 0.1962 (0.2934)  batch_size: 10.0000 (10.0000)  lr: 0.0000 (0.0000)  time: 3.898479  data: 0.000382  max mem: 11921
I20260821 06:42:18 3603480 mum utils.py:218] Training  [41950/60000]  eta: 10:32:14  loss: 0.3148 (0.3497)  grad: 0.2062 (0.2933)  batch_size: 10.0000 (10.0000)  lr: 0.0000 (0.0000)  time: 4.632737  data: 0.000381  max mem: 11921
Building dynamic dataloader with seed: 42
Randomly sampling [3, 3] frames
TravelUAVDataset (val): 767 scenes, 39921 frames (total 15348 scenes, split_ratio=0.95).
ComposedDataset created from 1 datasets: ['TravelUAVDataset:DATA_DIR=/data2/student1_ly/datasets/OpenUAV-QA/TravelUAV_dataset:SPLIT=val']
[step 42000] val loss: 0.3266
I20260821 06:47:25 3603480 mum utils.py:218] Training  [42000/60000]  eta: 10:31:55  loss: 0.3226 (0.3496)  grad: 0.1986 (0.2932)  batch_size: 10.0000 (10.0000)  lr: 0.0000 (0.0000)  time: 9.148539  data: 0.000370  max mem: 11921
I20260821 06:51:04 3603480 mum utils.py:218] Training  [42050/60000]  eta: 10:30:58  loss: 0.3110 (0.3496)  grad: 0.1889 (0.2931)  batch_size: 10.0000 (10.0000)  lr: 0.0000 (0.0000)  time: 4.693325  data: 0.000387  max mem: 11921
I20260821 06:54:40 3603480 mum utils.py:218] Training  [42100/60000]  eta: 10:30:00  loss: 0.3207 (0.3495)  grad: 0.1769 (0.2930)  batch_size: 10.0000 (10.0000)  lr: 0.0000 (0.0000)  time: 4.435637  data: 0.000401  max mem: 11921
I20260821 06:58:26 3603480 mum utils.py:218] Training  [42150/60000]  eta: 10:29:05  loss: 0.3056 (0.3495)  grad: 0.1852 (0.2928)  batch_size: 10.0000 (10.0000)  lr: 0.0000 (0.0000)  time: 4.307384  data: 0.000451  max mem: 11921
I20260821 07:02:09 3603480 mum utils.py:218] Training  [42200/60000]  eta: 10:28:09  loss: 0.3107 (0.3495)  grad: 0.2156 (0.2928)  batch_size: 10.0000 (10.0000)  lr: 0.0000 (0.0000)  time: 4.671739  data: 0.000440  max mem: 11921
I20260821 07:05:46 3603480 mum utils.py:218] Training  [42250/60000]  eta: 10:27:10  loss: 0.3147 (0.3494)  grad: 0.1794 (0.2927)  batch_size: 10.0000 (10.0000)  lr: 0.0000 (0.0000)  time: 4.709432  data: 0.000431  max mem: 11921
I20260821 07:09:24 3603480 mum utils.py:218] Training  [42300/60000]  eta: 10:26:10  loss: 0.3277 (0.3494)  grad: 0.2006 (0.2925)  batch_size: 10.0000 (10.0000)  lr: 0.0000 (0.0000)  time: 3.865095  data: 0.000406  max mem: 11921
I20260821 07:13:16 3603480 mum utils.py:218] Training  [42350/60000]  eta: 10:25:17  loss: 0.3397 (0.3494)  grad: 0.1837 (0.2924)  batch_size: 10.0000 (10.0000)  lr: 0.0000 (0.0000)  time: 4.609780  data: 0.000394  max mem: 11921
I20260821 07:16:52 3603480 mum utils.py:218] Training  [42400/60000]  eta: 10:24:16  loss: 0.2964 (0.3493)  grad: 0.1919 (0.2923)  batch_size: 10.0000 (10.0000)  lr: 0.0000 (0.0000)  time: 4.688905  data: 0.000397  max mem: 11921
I20260821 07:20:31 3603480 mum utils.py:218] Training  [42450/60000]  eta: 10:23:16  loss: 0.3250 (0.3493)  grad: 0.1890 (0.2922)  batch_size: 10.0000 (10.0000)  lr: 0.0000 (0.0000)  time: 3.961728  data: 0.000411  max mem: 11921
I20260821 07:24:24 3603480 mum utils.py:218] Training  [42500/60000]  eta: 10:22:22  loss: 0.3064 (0.3492)  grad: 0.1950 (0.2921)  batch_size: 10.0000 (10.0000)  lr: 0.0000 (0.0000)  time: 4.611768  data: 0.000389  max mem: 11921
I20260821 07:28:03 3603480 mum utils.py:218] Training  [42550/60000]  eta: 10:21:21  loss: 0.3168 (0.3492)  grad: 0.2079 (0.2920)  batch_size: 10.0000 (10.0000)  lr: 0.0000 (0.0000)  time: 4.664607  data: 0.000492  max mem: 11921
I20260821 07:31:39 3603480 mum utils.py:218] Training  [42600/60000]  eta: 10:20:19  loss: 0.3194 (0.3492)  grad: 0.2060 (0.2919)  batch_size: 10.0000 (10.0000)  lr: 0.0000 (0.0000)  time: 4.067173  data: 0.000378  max mem: 11921
I20260821 07:35:32 3603480 mum utils.py:218] Training  [42650/60000]  eta: 10:19:23  loss: 0.2959 (0.3492)  grad: 0.2078 (0.2918)  batch_size: 10.0000 (10.0000)  lr: 0.0000 (0.0000)  time: 4.601405  data: 0.000426  max mem: 11921
I20260821 07:39:11 3603480 mum utils.py:218] Training  [42700/60000]  eta: 10:18:22  loss: 0.3199 (0.3491)  grad: 0.2065 (0.2917)  batch_size: 10.0000 (10.0000)  lr: 0.0000 (0.0000)  time: 4.683952  data: 0.000431  max mem: 11921
I20260821 07:42:48 3603480 mum utils.py:218] Training  [42750/60000]  eta: 10:17:19  loss: 0.3058 (0.3491)  grad: 0.2047 (0.2916)  batch_size: 10.0000 (10.0000)  lr: 0.0000 (0.0000)  time: 4.684544  data: 0.000380  max mem: 11921
I20260821 07:46:28 3603480 mum utils.py:218] Training  [42800/60000]  eta: 10:16:16  loss: 0.3210 (0.3491)  grad: 0.2072 (0.2915)  batch_size: 10.0000 (10.0000)  lr: 0.0000 (0.0000)  time: 4.006083  data: 0.001152  max mem: 11921
I20260821 07:50:17 3603480 mum utils.py:218] Training  [42850/60000]  eta: 10:15:18  loss: 0.3245 (0.3490)  grad: 0.1971 (0.2914)  batch_size: 10.0000 (10.0000)  lr: 0.0000 (0.0000)  time: 4.612993  data: 0.000405  max mem: 11921
I20260821 07:53:53 3603480 mum utils.py:218] Training  [42900/60000]  eta: 10:14:13  loss: 0.3251 (0.3490)  grad: 0.1997 (0.2913)  batch_size: 10.0000 (10.0000)  lr: 0.0000 (0.0000)  time: 4.660274  data: 0.000427  max mem: 11921
I20260821 07:57:31 3603480 mum utils.py:218] Training  [42950/60000]  eta: 10:13:09  loss: 0.3227 (0.3490)  grad: 0.1980 (0.2912)  batch_size: 10.0000 (10.0000)  lr: 0.0000 (0.0000)  time: 3.918708  data: 0.000429  max mem: 11921
I20260821 08:01:24 3603480 mum utils.py:218] Training  [43000/60000]  eta: 10:12:11  loss: 0.3356 (0.3489)  grad: 0.1883 (0.2911)  batch_size: 10.0000 (10.0000)  lr: 0.0000 (0.0000)  time: 4.636518  data: 0.000474  max mem: 11921
I20260821 08:05:01 3603480 mum utils.py:218] Training  [43050/60000]  eta: 10:11:06  loss: 0.3181 (0.3489)  grad: 0.1809 (0.2910)  batch_size: 10.0000 (10.0000)  lr: 0.0000 (0.0000)  time: 4.631246  data: 0.000376  max mem: 11921
I20260821 08:08:38 3603480 mum utils.py:218] Training  [43100/60000]  eta: 10:10:00  loss: 0.3070 (0.3488)  grad: 0.1965 (0.2909)  batch_size: 10.0000 (10.0000)  lr: 0.0000 (0.0000)  time: 3.931693  data: 0.000422  max mem: 11921
I20260821 08:12:29 3603480 mum utils.py:218] Training  [43150/60000]  eta: 10:09:00  loss: 0.2940 (0.3488)  grad: 0.1995 (0.2907)  batch_size: 10.0000 (10.0000)  lr: 0.0000 (0.0000)  time: 4.624414  data: 0.000390  max mem: 11921
I20260821 08:16:06 3603480 mum utils.py:218] Training  [43200/60000]  eta: 10:07:53  loss: 0.3097 (0.3488)  grad: 0.1951 (0.2906)  batch_size: 10.0000 (10.0000)  lr: 0.0000 (0.0000)  time: 4.677389  data: 0.000398  max mem: 11921
I20260821 08:19:35 3603480 mum utils.py:218] Training  [43250/60000]  eta: 10:06:44  loss: 0.2997 (0.3487)  grad: 0.1924 (0.2905)  batch_size: 10.0000 (10.0000)  lr: 0.0000 (0.0000)  time: 3.999580  data: 0.000418  max mem: 11921
I20260821 08:23:21 3603480 mum utils.py:218] Training  [43300/60000]  eta: 10:05:40  loss: 0.3303 (0.3487)  grad: 0.2142 (0.2904)  batch_size: 10.0000 (10.0000)  lr: 0.0000 (0.0000)  time: 4.529092  data: 0.000401  max mem: 11921
I20260821 08:26:49 3603480 mum utils.py:218] Training  [43350/60000]  eta: 10:04:30  loss: 0.3267 (0.3487)  grad: 0.1974 (0.2903)  batch_size: 10.0000 (10.0000)  lr: 0.0000 (0.0000)  time: 4.398638  data: 0.000374  max mem: 11921
I20260821 08:29:23 3603480 mum utils.py:218] Training  [43400/60000]  eta: 10:02:58  loss: 0.3225 (0.3486)  grad: 0.2151 (0.2902)  batch_size: 10.0000 (10.0000)  lr: 0.0000 (0.0000)  time: 1.483080  data: 0.000391  max mem: 11921
I20260821 08:30:33 3603480 mum utils.py:218] Training  [43450/60000]  eta: 10:00:54  loss: 0.3168 (0.3486)  grad: 0.1977 (0.2901)  batch_size: 10.0000 (10.0000)  lr: 0.0000 (0.0000)  time: 1.352589  data: 0.000351  max mem: 11921
I20260821 08:31:40 3603480 mum utils.py:218] Training  [43500/60000]  eta: 9:58:50  loss: 0.3058 (0.3486)  grad: 0.1947 (0.2900)  batch_size: 10.0000 (10.0000)  lr: 0.0000 (0.0000)  time: 1.354639  data: 0.000378  max mem: 11921
I20260821 08:32:48 3603480 mum utils.py:218] Training  [43550/60000]  eta: 9:56:45  loss: 0.3232 (0.3485)  grad: 0.1934 (0.2899)  batch_size: 10.0000 (10.0000)  lr: 0.0000 (0.0000)  time: 1.353276  data: 0.000373  max mem: 11921
I20260821 08:33:56 3603480 mum utils.py:218] Training  [43600/60000]  eta: 9:54:41  loss: 0.3055 (0.3485)  grad: 0.2104 (0.2898)  batch_size: 10.0000 (10.0000)  lr: 0.0000 (0.0000)  time: 1.352094  data: 0.000358  max mem: 11921
I20260821 08:35:03 3603480 mum utils.py:218] Training  [43650/60000]  eta: 9:52:37  loss: 0.3153 (0.3485)  grad: 0.1922 (0.2897)  batch_size: 10.0000 (10.0000)  lr: 0.0000 (0.0000)  time: 1.356274  data: 0.000369  max mem: 11921
I20260821 08:36:11 3603480 mum utils.py:218] Training  [43700/60000]  eta: 9:50:33  loss: 0.3151 (0.3484)  grad: 0.1976 (0.2896)  batch_size: 10.0000 (10.0000)  lr: 0.0000 (0.0000)  time: 1.353864  data: 0.000381  max mem: 11921
I20260821 08:37:19 3603480 mum utils.py:218] Training  [43750/60000]  eta: 9:48:29  loss: 0.3338 (0.3484)  grad: 0.2098 (0.2895)  batch_size: 10.0000 (10.0000)  lr: 0.0000 (0.0000)  time: 1.352965  data: 0.000395  max mem: 11921
I20260821 08:38:27 3603480 mum utils.py:218] Training  [43800/60000]  eta: 9:46:25  loss: 0.3064 (0.3484)  grad: 0.1963 (0.2894)  batch_size: 10.0000 (10.0000)  lr: 0.0000 (0.0000)  time: 1.361167  data: 0.000363  max mem: 11921
I20260821 08:39:35 3603480 mum utils.py:218] Training  [43850/60000]  eta: 9:44:21  loss: 0.3114 (0.3483)  grad: 0.1918 (0.2893)  batch_size: 10.0000 (10.0000)  lr: 0.0000 (0.0000)  time: 1.356821  data: 0.000408  max mem: 11921
I20260821 08:40:42 3603480 mum utils.py:218] Training  [43900/60000]  eta: 9:42:18  loss: 0.3144 (0.3483)  grad: 0.1945 (0.2892)  batch_size: 10.0000 (10.0000)  lr: 0.0000 (0.0000)  time: 1.354286  data: 0.000393  max mem: 11921
I20260821 08:41:50 3603480 mum utils.py:218] Training  [43950/60000]  eta: 9:40:15  loss: 0.3177 (0.3483)  grad: 0.1968 (0.2891)  batch_size: 10.0000 (10.0000)  lr: 0.0000 (0.0000)  time: 1.361849  data: 0.000388  max mem: 11921
I20260821 08:42:58 3603480 mum utils.py:218] Training  [44000/60000]  eta: 9:38:11  loss: 0.3204 (0.3482)  grad: 0.2115 (0.2890)  batch_size: 10.0000 (10.0000)  lr: 0.0000 (0.0000)  time: 1.351734  data: 0.000360  max mem: 11921
I20260821 08:44:06 3603480 mum utils.py:218] Training  [44050/60000]  eta: 9:36:08  loss: 0.3109 (0.3482)  grad: 0.1946 (0.2889)  batch_size: 10.0000 (10.0000)  lr: 0.0000 (0.0000)  time: 1.353740  data: 0.000368  max mem: 11921
I20260821 08:45:14 3603480 mum utils.py:218] Training  [44100/60000]  eta: 9:34:05  loss: 0.3179 (0.3482)  grad: 0.1967 (0.2888)  batch_size: 10.0000 (10.0000)  lr: 0.0000 (0.0000)  time: 1.354928  data: 0.000386  max mem: 11921
I20260821 08:46:21 3603480 mum utils.py:218] Training  [44150/60000]  eta: 9:32:02  loss: 0.3212 (0.3481)  grad: 0.2015 (0.2887)  batch_size: 10.0000 (10.0000)  lr: 0.0000 (0.0000)  time: 1.354045  data: 0.000351  max mem: 11921
I20260821 08:47:29 3603480 mum utils.py:218] Training  [44200/60000]  eta: 9:30:00  loss: 0.3338 (0.3481)  grad: 0.2023 (0.2886)  batch_size: 10.0000 (10.0000)  lr: 0.0000 (0.0000)  time: 1.360780  data: 0.000354  max mem: 11921
I20260821 08:48:37 3603480 mum utils.py:218] Training  [44250/60000]  eta: 9:27:57  loss: 0.3176 (0.3480)  grad: 0.1846 (0.2885)  batch_size: 10.0000 (10.0000)  lr: 0.0000 (0.0000)  time: 1.361503  data: 0.000374  max mem: 11921
I20260821 08:49:45 3603480 mum utils.py:218] Training  [44300/60000]  eta: 9:25:55  loss: 0.2991 (0.3480)  grad: 0.1817 (0.2884)  batch_size: 10.0000 (10.0000)  lr: 0.0000 (0.0000)  time: 1.357865  data: 0.000372  max mem: 11921
I20260821 08:50:53 3603480 mum utils.py:218] Training  [44350/60000]  eta: 9:23:52  loss: 0.3422 (0.3480)  grad: 0.2061 (0.2883)  batch_size: 10.0000 (10.0000)  lr: 0.0000 (0.0000)  time: 1.353273  data: 0.000358  max mem: 11921
I20260821 08:52:01 3603480 mum utils.py:218] Training  [44400/60000]  eta: 9:21:50  loss: 0.3118 (0.3479)  grad: 0.1980 (0.2882)  batch_size: 10.0000 (10.0000)  lr: 0.0000 (0.0000)  time: 1.355459  data: 0.000376  max mem: 11921
I20260821 08:53:09 3603480 mum utils.py:218] Training  [44450/60000]  eta: 9:19:48  loss: 0.3121 (0.3479)  grad: 0.2021 (0.2882)  batch_size: 10.0000 (10.0000)  lr: 0.0000 (0.0000)  time: 1.353019  data: 0.000405  max mem: 11921
I20260821 08:54:17 3603480 mum utils.py:218] Training  [44500/60000]  eta: 9:17:46  loss: 0.3161 (0.3479)  grad: 0.2056 (0.2881)  batch_size: 10.0000 (10.0000)  lr: 0.0000 (0.0000)  time: 1.354849  data: 0.000402  max mem: 11921
I20260821 08:55:24 3603480 mum utils.py:218] Training  [44550/60000]  eta: 9:15:44  loss: 0.3260 (0.3479)  grad: 0.1955 (0.2880)  batch_size: 10.0000 (10.0000)  lr: 0.0000 (0.0000)  time: 1.352046  data: 0.000378  max mem: 11921
I20260821 08:56:32 3603480 mum utils.py:218] Training  [44600/60000]  eta: 9:13:42  loss: 0.3199 (0.3478)  grad: 0.2053 (0.2879)  batch_size: 10.0000 (10.0000)  lr: 0.0000 (0.0000)  time: 1.362402  data: 0.000351  max mem: 11921
I20260821 08:57:40 3603480 mum utils.py:218] Training  [44650/60000]  eta: 9:11:41  loss: 0.3189 (0.3478)  grad: 0.1995 (0.2878)  batch_size: 10.0000 (10.0000)  lr: 0.0000 (0.0000)  time: 1.353142  data: 0.000383  max mem: 11921
I20260821 08:58:48 3603480 mum utils.py:218] Training  [44700/60000]  eta: 9:09:39  loss: 0.3376 (0.3478)  grad: 0.2008 (0.2877)  batch_size: 10.0000 (10.0000)  lr: 0.0000 (0.0000)  time: 1.361697  data: 0.000360  max mem: 11921
I20260821 08:59:55 3603480 mum utils.py:218] Training  [44750/60000]  eta: 9:07:38  loss: 0.3137 (0.3477)  grad: 0.2025 (0.2876)  batch_size: 10.0000 (10.0000)  lr: 0.0000 (0.0000)  time: 1.352413  data: 0.000400  max mem: 11921
I20260821 09:01:03 3603480 mum utils.py:218] Training  [44800/60000]  eta: 9:05:36  loss: 0.3033 (0.3477)  grad: 0.2078 (0.2875)  batch_size: 10.0000 (10.0000)  lr: 0.0000 (0.0000)  time: 1.354107  data: 0.000356  max mem: 11921
I20260821 09:02:11 3603480 mum utils.py:218] Training  [44850/60000]  eta: 9:03:35  loss: 0.3075 (0.3477)  grad: 0.1969 (0.2874)  batch_size: 10.0000 (10.0000)  lr: 0.0000 (0.0000)  time: 1.353553  data: 0.000364  max mem: 11921
I20260821 09:03:18 3603480 mum utils.py:218] Training  [44900/60000]  eta: 9:01:34  loss: 0.3111 (0.3476)  grad: 0.1984 (0.2873)  batch_size: 10.0000 (10.0000)  lr: 0.0000 (0.0000)  time: 1.355502  data: 0.000356  max mem: 11921
I20260821 09:04:26 3603480 mum utils.py:218] Training  [44950/60000]  eta: 8:59:33  loss: 0.3345 (0.3476)  grad: 0.2113 (0.2872)  batch_size: 10.0000 (10.0000)  lr: 0.0000 (0.0000)  time: 1.333458  data: 0.000434  max mem: 11921
I20260821 09:05:33 3603480 mum utils.py:218] Training  [45000/60000]  eta: 8:57:32  loss: 0.3184 (0.3476)  grad: 0.2059 (0.2871)  batch_size: 10.0000 (10.0000)  lr: 0.0000 (0.0000)  time: 1.344571  data: 0.000394  max mem: 11921
I20260821 09:06:40 3603480 mum utils.py:218] Training  [45050/60000]  eta: 8:55:31  loss: 0.3247 (0.3475)  grad: 0.2026 (0.2870)  batch_size: 10.0000 (10.0000)  lr: 0.0000 (0.0000)  time: 1.344020  data: 0.000371  max mem: 11921
I20260821 09:07:48 3603480 mum utils.py:218] Training  [45100/60000]  eta: 8:53:31  loss: 0.3165 (0.3475)  grad: 0.2069 (0.2869)  batch_size: 10.0000 (10.0000)  lr: 0.0000 (0.0000)  time: 1.361801  data: 0.000379  max mem: 11921
I20260821 09:08:56 3603480 mum utils.py:218] Training  [45150/60000]  eta: 8:51:30  loss: 0.3358 (0.3475)  grad: 0.2046 (0.2868)  batch_size: 10.0000 (10.0000)  lr: 0.0000 (0.0000)  time: 1.361843  data: 0.000400  max mem: 11921
I20260821 09:10:04 3603480 mum utils.py:218] Training  [45200/60000]  eta: 8:49:30  loss: 0.3319 (0.3474)  grad: 0.2043 (0.2867)  batch_size: 10.0000 (10.0000)  lr: 0.0000 (0.0000)  time: 1.359996  data: 0.000384  max mem: 11921
I20260821 09:11:13 3603480 mum utils.py:218] Training  [45250/60000]  eta: 8:47:30  loss: 0.3221 (0.3474)  grad: 0.2056 (0.2867)  batch_size: 10.0000 (10.0000)  lr: 0.0000 (0.0000)  time: 1.364483  data: 0.000398  max mem: 11921
I20260821 09:12:21 3603480 mum utils.py:218] Training  [45300/60000]  eta: 8:45:30  loss: 0.3234 (0.3474)  grad: 0.1997 (0.2866)  batch_size: 10.0000 (10.0000)  lr: 0.0000 (0.0000)  time: 1.363127  data: 0.000369  max mem: 11921
I20260821 09:13:29 3603480 mum utils.py:218] Training  [45350/60000]  eta: 8:43:30  loss: 0.3298 (0.3473)  grad: 0.2088 (0.2865)  batch_size: 10.0000 (10.0000)  lr: 0.0000 (0.0000)  time: 1.371695  data: 0.000393  max mem: 11921
I20260821 09:14:37 3603480 mum utils.py:218] Training  [45400/60000]  eta: 8:41:30  loss: 0.3109 (0.3473)  grad: 0.2014 (0.2864)  batch_size: 10.0000 (10.0000)  lr: 0.0000 (0.0000)  time: 1.359034  data: 0.000367  max mem: 11921
I20260821 09:15:45 3603480 mum utils.py:218] Training  [45450/60000]  eta: 8:39:31  loss: 0.3255 (0.3473)  grad: 0.2050 (0.2863)  batch_size: 10.0000 (10.0000)  lr: 0.0000 (0.0000)  time: 1.364293  data: 0.000373  max mem: 11921
I20260821 09:16:54 3603480 mum utils.py:218] Training  [45500/60000]  eta: 8:37:31  loss: 0.3082 (0.3472)  grad: 0.1982 (0.2862)  batch_size: 10.0000 (10.0000)  lr: 0.0000 (0.0000)  time: 1.363907  data: 0.000379  max mem: 11921
I20260821 09:18:02 3603480 mum utils.py:218] Training  [45550/60000]  eta: 8:35:32  loss: 0.3256 (0.3472)  grad: 0.1987 (0.2861)  batch_size: 10.0000 (10.0000)  lr: 0.0000 (0.0000)  time: 1.363983  data: 0.000371  max mem: 11921
I20260821 09:19:10 3603480 mum utils.py:218] Training  [45600/60000]  eta: 8:33:33  loss: 0.2987 (0.3472)  grad: 0.1929 (0.2860)  batch_size: 10.0000 (10.0000)  lr: 0.0000 (0.0000)  time: 1.362639  data: 0.000355  max mem: 11921
I20260821 09:20:18 3603480 mum utils.py:218] Training  [45650/60000]  eta: 8:31:33  loss: 0.3141 (0.3471)  grad: 0.1956 (0.2859)  batch_size: 10.0000 (10.0000)  lr: 0.0000 (0.0000)  time: 1.364110  data: 0.000392  max mem: 11921
I20260821 09:21:27 3603480 mum utils.py:218] Training  [45700/60000]  eta: 8:29:34  loss: 0.3224 (0.3471)  grad: 0.2189 (0.2859)  batch_size: 10.0000 (10.0000)  lr: 0.0000 (0.0000)  time: 1.367444  data: 0.000340  max mem: 11921
I20260821 09:22:35 3603480 mum utils.py:218] Training  [45750/60000]  eta: 8:27:35  loss: 0.3011 (0.3471)  grad: 0.1918 (0.2858)  batch_size: 10.0000 (10.0000)  lr: 0.0000 (0.0000)  time: 1.362115  data: 0.000356  max mem: 11921
I20260821 09:23:43 3603480 mum utils.py:218] Training  [45800/60000]  eta: 8:25:37  loss: 0.3101 (0.3470)  grad: 0.2019 (0.2857)  batch_size: 10.0000 (10.0000)  lr: 0.0000 (0.0000)  time: 1.358777  data: 0.000371  max mem: 11921
I20260821 09:24:51 3603480 mum utils.py:218] Training  [45850/60000]  eta: 8:23:38  loss: 0.3253 (0.3470)  grad: 0.2001 (0.2856)  batch_size: 10.0000 (10.0000)  lr: 0.0000 (0.0000)  time: 1.363817  data: 0.000403  max mem: 11921
I20260821 09:25:59 3603480 mum utils.py:218] Training  [45900/60000]  eta: 8:21:39  loss: 0.3153 (0.3470)  grad: 0.2084 (0.2855)  batch_size: 10.0000 (10.0000)  lr: 0.0000 (0.0000)  time: 1.359700  data: 0.000422  max mem: 11921
I20260821 09:27:08 3603480 mum utils.py:218] Training  [45950/60000]  eta: 8:19:41  loss: 0.3206 (0.3470)  grad: 0.2099 (0.2854)  batch_size: 10.0000 (10.0000)  lr: 0.0000 (0.0000)  time: 1.363389  data: 0.000393  max mem: 11921
I20260821 09:28:16 3603480 mum utils.py:218] Training  [46000/60000]  eta: 8:17:42  loss: 0.3180 (0.3469)  grad: 0.2056 (0.2853)  batch_size: 10.0000 (10.0000)  lr: 0.0000 (0.0000)  time: 1.358571  data: 0.000374  max mem: 11921
I20260821 09:29:24 3603480 mum utils.py:218] Training  [46050/60000]  eta: 8:15:44  loss: 0.3088 (0.3469)  grad: 0.2015 (0.2852)  batch_size: 10.0000 (10.0000)  lr: 0.0000 (0.0000)  time: 1.362140  data: 0.000366  max mem: 11921
I20260821 09:30:32 3603480 mum utils.py:218] Training  [46100/60000]  eta: 8:13:46  loss: 0.3280 (0.3469)  grad: 0.2047 (0.2852)  batch_size: 10.0000 (10.0000)  lr: 0.0000 (0.0000)  time: 1.359153  data: 0.000354  max mem: 11921
I20260821 09:31:40 3603480 mum utils.py:218] Training  [46150/60000]  eta: 8:11:47  loss: 0.3163 (0.3468)  grad: 0.2138 (0.2851)  batch_size: 10.0000 (10.0000)  lr: 0.0000 (0.0000)  time: 1.366766  data: 0.000385  max mem: 11921
I20260821 09:32:48 3603480 mum utils.py:218] Training  [46200/60000]  eta: 8:09:50  loss: 0.2966 (0.3468)  grad: 0.1887 (0.2850)  batch_size: 10.0000 (10.0000)  lr: 0.0000 (0.0000)  time: 1.368327  data: 0.000391  max mem: 11921
I20260821 09:33:56 3603480 mum utils.py:218] Training  [46250/60000]  eta: 8:07:52  loss: 0.3010 (0.3468)  grad: 0.1991 (0.2849)  batch_size: 10.0000 (10.0000)  lr: 0.0000 (0.0000)  time: 1.359366  data: 0.000379  max mem: 11921
I20260821 09:35:05 3603480 mum utils.py:218] Training  [46300/60000]  eta: 8:05:54  loss: 0.3167 (0.3467)  grad: 0.2042 (0.2848)  batch_size: 10.0000 (10.0000)  lr: 0.0000 (0.0000)  time: 1.363920  data: 0.000356  max mem: 11921
I20260821 09:36:12 3603480 mum utils.py:218] Training  [46350/60000]  eta: 8:03:56  loss: 0.3232 (0.3467)  grad: 0.1983 (0.2847)  batch_size: 10.0000 (10.0000)  lr: 0.0000 (0.0000)  time: 1.359209  data: 0.000364  max mem: 11921
I20260821 09:37:21 3603480 mum utils.py:218] Training  [46400/60000]  eta: 8:01:59  loss: 0.3042 (0.3467)  grad: 0.2106 (0.2846)  batch_size: 10.0000 (10.0000)  lr: 0.0000 (0.0000)  time: 1.360180  data: 0.000388  max mem: 11921
I20260821 09:38:29 3603480 mum utils.py:218] Training  [46450/60000]  eta: 8:00:01  loss: 0.3124 (0.3466)  grad: 0.2024 (0.2845)  batch_size: 10.0000 (10.0000)  lr: 0.0000 (0.0000)  time: 1.373082  data: 0.000383  max mem: 11921
I20260821 09:39:37 3603480 mum utils.py:218] Training  [46500/60000]  eta: 7:58:04  loss: 0.2996 (0.3466)  grad: 0.1918 (0.2845)  batch_size: 10.0000 (10.0000)  lr: 0.0000 (0.0000)  time: 1.361751  data: 0.000371  max mem: 11921
I20260821 09:40:45 3603480 mum utils.py:218] Training  [46550/60000]  eta: 7:56:06  loss: 0.3263 (0.3466)  grad: 0.2159 (0.2844)  batch_size: 10.0000 (10.0000)  lr: 0.0000 (0.0000)  time: 1.363499  data: 0.000484  max mem: 11921
I20260821 09:41:53 3603480 mum utils.py:218] Training  [46600/60000]  eta: 7:54:09  loss: 0.3226 (0.3465)  grad: 0.1896 (0.2843)  batch_size: 10.0000 (10.0000)  lr: 0.0000 (0.0000)  time: 1.360843  data: 0.000370  max mem: 11921
I20260821 09:43:02 3603480 mum utils.py:218] Training  [46650/60000]  eta: 7:52:12  loss: 0.3134 (0.3465)  grad: 0.1958 (0.2842)  batch_size: 10.0000 (10.0000)  lr: 0.0000 (0.0000)  time: 1.361454  data: 0.000349  max mem: 11921
I20260821 09:44:10 3603480 mum utils.py:218] Training  [46700/60000]  eta: 7:50:15  loss: 0.2978 (0.3465)  grad: 0.1940 (0.2841)  batch_size: 10.0000 (10.0000)  lr: 0.0000 (0.0000)  time: 1.363258  data: 0.000348  max mem: 11921
I20260821 09:45:18 3603480 mum utils.py:218] Training  [46750/60000]  eta: 7:48:19  loss: 0.3109 (0.3464)  grad: 0.2009 (0.2840)  batch_size: 10.0000 (10.0000)  lr: 0.0000 (0.0000)  time: 1.362436  data: 0.000391  max mem: 11921
I20260821 09:46:26 3603480 mum utils.py:218] Training  [46800/60000]  eta: 7:46:22  loss: 0.2919 (0.3464)  grad: 0.1871 (0.2840)  batch_size: 10.0000 (10.0000)  lr: 0.0000 (0.0000)  time: 1.373216  data: 0.000375  max mem: 11921
I20260821 09:47:34 3603480 mum utils.py:218] Training  [46850/60000]  eta: 7:44:25  loss: 0.3122 (0.3464)  grad: 0.2003 (0.2839)  batch_size: 10.0000 (10.0000)  lr: 0.0000 (0.0000)  time: 1.362123  data: 0.000370  max mem: 11921
I20260821 09:48:43 3603480 mum utils.py:218] Training  [46900/60000]  eta: 7:42:29  loss: 0.3200 (0.3463)  grad: 0.2027 (0.2838)  batch_size: 10.0000 (10.0000)  lr: 0.0000 (0.0000)  time: 1.371864  data: 0.000359  max mem: 11921
I20260821 09:49:51 3603480 mum utils.py:218] Training  [46950/60000]  eta: 7:40:32  loss: 0.3284 (0.3463)  grad: 0.1990 (0.2837)  batch_size: 10.0000 (10.0000)  lr: 0.0000 (0.0000)  time: 1.362524  data: 0.000365  max mem: 11921
I20260821 09:50:59 3603480 mum utils.py:218] Training  [47000/60000]  eta: 7:38:36  loss: 0.3027 (0.3463)  grad: 0.1969 (0.2836)  batch_size: 10.0000 (10.0000)  lr: 0.0000 (0.0000)  time: 1.365296  data: 0.000431  max mem: 11921
I20260821 09:52:07 3603480 mum utils.py:218] Training  [47050/60000]  eta: 7:36:40  loss: 0.3041 (0.3463)  grad: 0.1976 (0.2835)  batch_size: 10.0000 (10.0000)  lr: 0.0000 (0.0000)  time: 1.361907  data: 0.000361  max mem: 11921
I20260821 09:53:15 3603480 mum utils.py:218] Training  [47100/60000]  eta: 7:34:44  loss: 0.3214 (0.3462)  grad: 0.2119 (0.2835)  batch_size: 10.0000 (10.0000)  lr: 0.0000 (0.0000)  time: 1.367550  data: 0.000383  max mem: 11921
I20260821 09:54:24 3603480 mum utils.py:218] Training  [47150/60000]  eta: 7:32:48  loss: 0.3043 (0.3462)  grad: 0.2055 (0.2834)  batch_size: 10.0000 (10.0000)  lr: 0.0000 (0.0000)  time: 1.370887  data: 0.000336  max mem: 11921
I20260821 09:55:32 3603480 mum utils.py:218] Training  [47200/60000]  eta: 7:30:52  loss: 0.3044 (0.3462)  grad: 0.2077 (0.2833)  batch_size: 10.0000 (10.0000)  lr: 0.0000 (0.0000)  time: 1.362486  data: 0.000359  max mem: 11921
I20260821 09:56:40 3603480 mum utils.py:218] Training  [47250/60000]  eta: 7:28:56  loss: 0.3319 (0.3461)  grad: 0.2062 (0.2832)  batch_size: 10.0000 (10.0000)  lr: 0.0000 (0.0000)  time: 1.368352  data: 0.000382  max mem: 11921
I20260821 09:57:48 3603480 mum utils.py:218] Training  [47300/60000]  eta: 7:27:01  loss: 0.3148 (0.3461)  grad: 0.1900 (0.2831)  batch_size: 10.0000 (10.0000)  lr: 0.0000 (0.0000)  time: 1.363976  data: 0.000464  max mem: 11921
I20260821 09:58:57 3603480 mum utils.py:218] Training  [47350/60000]  eta: 7:25:05  loss: 0.3128 (0.3461)  grad: 0.2097 (0.2830)  batch_size: 10.0000 (10.0000)  lr: 0.0000 (0.0000)  time: 1.361866  data: 0.000367  max mem: 11921
I20260821 10:00:04 3603480 mum utils.py:218] Training  [47400/60000]  eta: 7:23:09  loss: 0.2987 (0.3461)  grad: 0.1922 (0.2830)  batch_size: 10.0000 (10.0000)  lr: 0.0000 (0.0000)  time: 1.341069  data: 0.000389  max mem: 11921
I20260821 10:01:11 3603480 mum utils.py:218] Training  [47450/60000]  eta: 7:21:14  loss: 0.3224 (0.3460)  grad: 0.2058 (0.2829)  batch_size: 10.0000 (10.0000)  lr: 0.0000 (0.0000)  time: 1.342081  data: 0.000396  max mem: 11921
I20260821 10:02:18 3603480 mum utils.py:218] Training  [47500/60000]  eta: 7:19:18  loss: 0.3268 (0.3460)  grad: 0.2013 (0.2828)  batch_size: 10.0000 (10.0000)  lr: 0.0000 (0.0000)  time: 1.340415  data: 0.000391  max mem: 11921
I20260821 10:03:26 3603480 mum utils.py:218] Training  [47550/60000]  eta: 7:17:23  loss: 0.2947 (0.3460)  grad: 0.1918 (0.2827)  batch_size: 10.0000 (10.0000)  lr: 0.0000 (0.0000)  time: 1.358398  data: 0.001006  max mem: 11921
I20260821 10:04:34 3603480 mum utils.py:218] Training  [47600/60000]  eta: 7:15:28  loss: 0.3162 (0.3460)  grad: 0.1979 (0.2826)  batch_size: 10.0000 (10.0000)  lr: 0.0000 (0.0000)  time: 1.356279  data: 0.000386  max mem: 11921
I20260821 10:05:41 3603480 mum utils.py:218] Training  [47650/60000]  eta: 7:13:32  loss: 0.3142 (0.3459)  grad: 0.1935 (0.2825)  batch_size: 10.0000 (10.0000)  lr: 0.0000 (0.0000)  time: 1.354264  data: 0.000401  max mem: 11921
I20260821 10:06:49 3603480 mum utils.py:218] Training  [47700/60000]  eta: 7:11:38  loss: 0.3504 (0.3459)  grad: 0.2105 (0.2825)  batch_size: 10.0000 (10.0000)  lr: 0.0000 (0.0000)  time: 1.355045  data: 0.000364  max mem: 11921
I20260821 10:07:57 3603480 mum utils.py:218] Training  [47750/60000]  eta: 7:09:43  loss: 0.3130 (0.3459)  grad: 0.1956 (0.2824)  batch_size: 10.0000 (10.0000)  lr: 0.0000 (0.0000)  time: 1.355092  data: 0.000321  max mem: 11921
I20260821 10:09:06 3603480 mum utils.py:218] Training  [47800/60000]  eta: 7:07:48  loss: 0.3130 (0.3459)  grad: 0.1971 (0.2823)  batch_size: 10.0000 (10.0000)  lr: 0.0000 (0.0000)  time: 1.361171  data: 0.000467  max mem: 11921
I20260821 10:10:14 3603480 mum utils.py:218] Training  [47850/60000]  eta: 7:05:53  loss: 0.3091 (0.3458)  grad: 0.2056 (0.2822)  batch_size: 10.0000 (10.0000)  lr: 0.0000 (0.0000)  time: 1.358245  data: 0.000402  max mem: 11921
I20260821 10:11:21 3603480 mum utils.py:218] Training  [47900/60000]  eta: 7:03:59  loss: 0.3130 (0.3458)  grad: 0.2109 (0.2821)  batch_size: 10.0000 (10.0000)  lr: 0.0000 (0.0000)  time: 1.363461  data: 0.000385  max mem: 11921
I20260821 10:12:29 3603480 mum utils.py:218] Training  [47950/60000]  eta: 7:02:04  loss: 0.3070 (0.3458)  grad: 0.1947 (0.2820)  batch_size: 10.0000 (10.0000)  lr: 0.0000 (0.0000)  time: 1.355978  data: 0.000409  max mem: 11921
Building dynamic dataloader with seed: 42
Randomly sampling [3, 3] frames
TravelUAVDataset (val): 767 scenes, 39921 frames (total 15348 scenes, split_ratio=0.95).
ComposedDataset created from 1 datasets: ['TravelUAVDataset:DATA_DIR=/data2/student1_ly/datasets/OpenUAV-QA/TravelUAV_dataset:SPLIT=val']
[step 48000] val loss: 0.3257
I20260825 11:49:24 3626304 mum utils.py:218] Training  [48050/60000]  eta: 2:39:45  loss: 0.3237 (0.3172)  grad: 0.2114 (0.2139)  batch_size: 10.0000 (10.0000)  lr: 0.0000 (0.0000)  time: 0.700200  data: 0.000384  max mem: 11928
I20260825 11:49:59 3626304 mum utils.py:218] Training  [48100/60000]  eta: 2:28:48  loss: 0.3144 (0.3179)  grad: 0.2043 (0.2088)  batch_size: 10.0000 (10.0000)  lr: 0.0000 (0.0000)  time: 0.698279  data: 0.000308  max mem: 11928
I20260825 11:50:34 3626304 mum utils.py:218] Training  [48150/60000]  eta: 2:24:50  loss: 0.3224 (0.3186)  grad: 0.2034 (0.2092)  batch_size: 10.0000 (10.0000)  lr: 0.0000 (0.0000)  time: 0.698554  data: 0.000300  max mem: 11928
I20260825 11:51:09 3626304 mum utils.py:218] Training  [48200/60000]  eta: 2:22:42  loss: 0.3113 (0.3207)  grad: 0.1895 (0.2091)  batch_size: 10.0000 (10.0000)  lr: 0.0000 (0.0000)  time: 0.702391  data: 0.000334  max mem: 11928
I20260825 11:51:44 3626304 mum utils.py:218] Training  [48250/60000]  eta: 2:21:12  loss: 0.2970 (0.3189)  grad: 0.2018 (0.2078)  batch_size: 10.0000 (10.0000)  lr: 0.0000 (0.0000)  time: 0.704951  data: 0.000382  max mem: 11928
I20260825 11:52:19 3626304 mum utils.py:218] Training  [48300/60000]  eta: 2:19:59  loss: 0.3225 (0.3194)  grad: 0.1953 (0.2066)  batch_size: 10.0000 (10.0000)  lr: 0.0000 (0.0000)  time: 0.702164  data: 0.000375  max mem: 11928
I20260825 11:52:54 3626304 mum utils.py:218] Training  [48350/60000]  eta: 2:18:58  loss: 0.3241 (0.3201)  grad: 0.1999 (0.2066)  batch_size: 10.0000 (10.0000)  lr: 0.0000 (0.0000)  time: 0.702276  data: 0.000381  max mem: 11928
I20260825 11:53:29 3626304 mum utils.py:218] Training  [48400/60000]  eta: 2:18:04  loss: 0.3420 (0.3211)  grad: 0.2097 (0.2068)  batch_size: 10.0000 (10.0000)  lr: 0.0000 (0.0000)  time: 0.702081  data: 0.000371  max mem: 11928
I20260825 11:54:05 3626304 mum utils.py:218] Training  [48450/60000]  eta: 2:17:15  loss: 0.3193 (0.3209)  grad: 0.2045 (0.2071)  batch_size: 10.0000 (10.0000)  lr: 0.0000 (0.0000)  time: 0.704289  data: 0.000400  max mem: 11928
I20260825 11:54:40 3626304 mum utils.py:218] Training  [48500/60000]  eta: 2:16:27  loss: 0.3117 (0.3209)  grad: 0.2030 (0.2073)  batch_size: 10.0000 (10.0000)  lr: 0.0000 (0.0000)  time: 0.704590  data: 0.000378  max mem: 11928
I20260825 11:55:15 3626304 mum utils.py:218] Training  [48550/60000]  eta: 2:15:43  loss: 0.3166 (0.3205)  grad: 0.2056 (0.2071)  batch_size: 10.0000 (10.0000)  lr: 0.0000 (0.0000)  time: 0.703040  data: 0.000367  max mem: 11928
I20260825 11:55:50 3626304 mum utils.py:218] Training  [48600/60000]  eta: 2:15:01  loss: 0.3350 (0.3205)  grad: 0.1980 (0.2068)  batch_size: 10.0000 (10.0000)  lr: 0.0000 (0.0000)  time: 0.703124  data: 0.000352  max mem: 11928
I20260825 11:56:25 3626304 mum utils.py:218] Training  [48650/60000]  eta: 2:14:20  loss: 0.3041 (0.3197)  grad: 0.2069 (0.2067)  batch_size: 10.0000 (10.0000)  lr: 0.0000 (0.0000)  time: 0.704522  data: 0.000363  max mem: 11928
I20260825 11:57:01 3626304 mum utils.py:218] Training  [48700/60000]  eta: 2:13:41  loss: 0.3152 (0.3200)  grad: 0.2000 (0.2069)  batch_size: 10.0000 (10.0000)  lr: 0.0000 (0.0000)  time: 0.707220  data: 0.000365  max mem: 11928
I20260825 11:57:36 3626304 mum utils.py:218] Training  [48750/60000]  eta: 2:13:02  loss: 0.3229 (0.3195)  grad: 0.2104 (0.2068)  batch_size: 10.0000 (10.0000)  lr: 0.0000 (0.0000)  time: 0.705763  data: 0.000338  max mem: 11928
I20260825 11:58:11 3626304 mum utils.py:218] Training  [48800/60000]  eta: 2:12:25  loss: 0.3154 (0.3190)  grad: 0.1997 (0.2065)  batch_size: 10.0000 (10.0000)  lr: 0.0000 (0.0000)  time: 0.705397  data: 0.000317  max mem: 11928
I20260825 11:58:47 3626304 mum utils.py:218] Training  [48850/60000]  eta: 2:11:47  loss: 0.3195 (0.3189)  grad: 0.2036 (0.2068)  batch_size: 10.0000 (10.0000)  lr: 0.0000 (0.0000)  time: 0.706162  data: 0.000330  max mem: 11928
I20260825 11:59:22 3626304 mum utils.py:218] Training  [48900/60000]  eta: 2:11:10  loss: 0.3046 (0.3190)  grad: 0.2069 (0.2068)  batch_size: 10.0000 (10.0000)  lr: 0.0000 (0.0000)  time: 0.706031  data: 0.000373  max mem: 11928
I20260825 11:59:57 3626304 mum utils.py:218] Training  [48950/60000]  eta: 2:10:34  loss: 0.3015 (0.3185)  grad: 0.1899 (0.2064)  batch_size: 10.0000 (10.0000)  lr: 0.0000 (0.0000)  time: 0.705800  data: 0.000351  max mem: 11928
I20260825 12:00:33 3626304 mum utils.py:218] Training  [49000/60000]  eta: 2:09:57  loss: 0.3105 (0.3182)  grad: 0.1991 (0.2063)  batch_size: 10.0000 (10.0000)  lr: 0.0000 (0.0000)  time: 0.706691  data: 0.000314  max mem: 11928
I20260825 12:01:08 3626304 mum utils.py:218] Training  [49050/60000]  eta: 2:09:21  loss: 0.3221 (0.3184)  grad: 0.2120 (0.2064)  batch_size: 10.0000 (10.0000)  lr: 0.0000 (0.0000)  time: 0.708997  data: 0.000346  max mem: 11928
I20260825 12:01:43 3626304 mum utils.py:218] Training  [49100/60000]  eta: 2:08:44  loss: 0.3182 (0.3186)  grad: 0.2022 (0.2064)  batch_size: 10.0000 (10.0000)  lr: 0.0000 (0.0000)  time: 0.705538  data: 0.000336  max mem: 11928
I20260825 12:02:19 3626304 mum utils.py:218] Training  [49150/60000]  eta: 2:08:07  loss: 0.2986 (0.3186)  grad: 0.2031 (0.2064)  batch_size: 10.0000 (10.0000)  lr: 0.0000 (0.0000)  time: 0.704301  data: 0.000314  max mem: 11928
I20260825 12:02:54 3626304 mum utils.py:218] Training  [49200/60000]  eta: 2:07:30  loss: 0.3194 (0.3185)  grad: 0.2173 (0.2065)  batch_size: 10.0000 (10.0000)  lr: 0.0000 (0.0000)  time: 0.704109  data: 0.000329  max mem: 11928
I20260825 12:03:29 3626304 mum utils.py:218] Training  [49250/60000]  eta: 2:06:53  loss: 0.3118 (0.3183)  grad: 0.2041 (0.2064)  batch_size: 10.0000 (10.0000)  lr: 0.0000 (0.0000)  time: 0.705887  data: 0.000323  max mem: 11928
I20260825 12:04:04 3626304 mum utils.py:218] Training  [49300/60000]  eta: 2:06:17  loss: 0.3279 (0.3186)  grad: 0.1995 (0.2063)  batch_size: 10.0000 (10.0000)  lr: 0.0000 (0.0000)  time: 0.708414  data: 0.000372  max mem: 11928
I20260825 12:04:40 3626304 mum utils.py:218] Training  [49350/60000]  eta: 2:05:40  loss: 0.3082 (0.3186)  grad: 0.2066 (0.2064)  batch_size: 10.0000 (10.0000)  lr: 0.0000 (0.0000)  time: 0.705641  data: 0.000321  max mem: 11928
I20260825 12:05:15 3626304 mum utils.py:218] Training  [49400/60000]  eta: 2:05:07  loss: 0.3099 (0.3184)  grad: 0.2048 (0.2066)  batch_size: 10.0000 (10.0000)  lr: 0.0000 (0.0000)  time: 0.728946  data: 0.000329  max mem: 11928
I20260825 12:05:52 3626304 mum utils.py:218] Training  [49450/60000]  eta: 2:04:39  loss: 0.3114 (0.3180)  grad: 0.2021 (0.2065)  batch_size: 10.0000 (10.0000)  lr: 0.0000 (0.0000)  time: 0.721548  data: 0.000345  max mem: 11928
I20260825 12:06:27 3626304 mum utils.py:218] Training  [49500/60000]  eta: 2:04:03  loss: 0.3119 (0.3179)  grad: 0.1947 (0.2064)  batch_size: 10.0000 (10.0000)  lr: 0.0000 (0.0000)  time: 0.703015  data: 0.000333  max mem: 11928
I20260825 12:07:02 3626304 mum utils.py:218] Training  [49550/60000]  eta: 2:03:27  loss: 0.2941 (0.3175)  grad: 0.1907 (0.2061)  batch_size: 10.0000 (10.0000)  lr: 0.0000 (0.0000)  time: 0.706575  data: 0.000355  max mem: 11928
I20260825 12:07:38 3626304 mum utils.py:218] Training  [49600/60000]  eta: 2:02:50  loss: 0.3049 (0.3175)  grad: 0.2136 (0.2063)  batch_size: 10.0000 (10.0000)  lr: 0.0000 (0.0000)  time: 0.706327  data: 0.000341  max mem: 11928
I20260825 12:08:13 3626304 mum utils.py:218] Training  [49650/60000]  eta: 2:02:13  loss: 0.3226 (0.3173)  grad: 0.2076 (0.2062)  batch_size: 10.0000 (10.0000)  lr: 0.0000 (0.0000)  time: 0.704498  data: 0.000345  max mem: 11928
I20260825 12:08:48 3626304 mum utils.py:218] Training  [49700/60000]  eta: 2:01:36  loss: 0.3158 (0.3174)  grad: 0.1896 (0.2061)  batch_size: 10.0000 (10.0000)  lr: 0.0000 (0.0000)  time: 0.703333  data: 0.000349  max mem: 11928
I20260825 12:09:23 3626304 mum utils.py:218] Training  [49750/60000]  eta: 2:01:00  loss: 0.3254 (0.3172)  grad: 0.1961 (0.2061)  batch_size: 10.0000 (10.0000)  lr: 0.0000 (0.0000)  time: 0.704454  data: 0.000365  max mem: 11928
I20260825 12:09:59 3626304 mum utils.py:218] Training  [49800/60000]  eta: 2:00:23  loss: 0.3052 (0.3172)  grad: 0.1944 (0.2060)  batch_size: 10.0000 (10.0000)  lr: 0.0000 (0.0000)  time: 0.704290  data: 0.000368  max mem: 11928
I20260825 12:10:34 3626304 mum utils.py:218] Training  [49850/60000]  eta: 1:59:47  loss: 0.3067 (0.3171)  grad: 0.1990 (0.2059)  batch_size: 10.0000 (10.0000)  lr: 0.0000 (0.0000)  time: 0.705157  data: 0.000353  max mem: 11928
I20260825 12:11:09 3626304 mum utils.py:218] Training  [49900/60000]  eta: 1:59:11  loss: 0.3006 (0.3168)  grad: 0.1968 (0.2058)  batch_size: 10.0000 (10.0000)  lr: 0.0000 (0.0000)  time: 0.704348  data: 0.000340  max mem: 11928
I20260825 12:11:44 3626304 mum utils.py:218] Training  [49950/60000]  eta: 1:58:34  loss: 0.3252 (0.3168)  grad: 0.2091 (0.2057)  batch_size: 10.0000 (10.0000)  lr: 0.0000 (0.0000)  time: 0.704405  data: 0.000344  max mem: 11928
Launching eval: fast
Created dir /data1/Taohy/ModelReshow/modelReShow/MuM/checkpoints_traveluav_256/eval/training_49999/fast
I20260825 12:12:21 3626304 mum train.py:81] Saved eval cfg /data1/Taohy/ModelReshow/modelReShow/MuM/checkpoints_traveluav_256/eval/training_49999/fast/eval_cfg.yaml
I20260825 12:12:21 3626304 mum train.py:87] Launched eval fast
Launching eval: slow
Created dir /data1/Taohy/ModelReshow/modelReShow/MuM/checkpoints_traveluav_256/eval/training_49999/slow
I20260825 12:12:24 3626304 mum train.py:81] Saved eval cfg /data1/Taohy/ModelReshow/modelReShow/MuM/checkpoints_traveluav_256/eval/training_49999/slow/eval_cfg.yaml
I20260825 12:12:24 3626304 mum train.py:87] Launched eval slow
I20260825 12:12:25 3626304 mum utils.py:218] Training  [50000/60000]  eta: 1:58:24  loss: 0.3136 (0.3168)  grad: 0.2032 (0.2057)  batch_size: 10.0000 (10.0000)  lr: 0.0000 (0.0000)  time: 0.959959  data: 0.000367  max mem: 11928
I20260825 12:13:00 3626304 mum utils.py:218] Training  [50050/60000]  eta: 1:57:47  loss: 0.3033 (0.3168)  grad: 0.2006 (0.2057)  batch_size: 10.0000 (10.0000)  lr: 0.0000 (0.0000)  time: 0.705861  data: 0.000327  max mem: 11928
I20260825 12:13:35 3626304 mum utils.py:218] Training  [50100/60000]  eta: 1:57:11  loss: 0.3103 (0.3166)  grad: 0.1927 (0.2055)  batch_size: 10.0000 (10.0000)  lr: 0.0000 (0.0000)  time: 0.706269  data: 0.000338  max mem: 11928
I20260825 12:14:11 3626304 mum utils.py:218] Training  [50150/60000]  eta: 1:56:34  loss: 0.2967 (0.3165)  grad: 0.2148 (0.2054)  batch_size: 10.0000 (10.0000)  lr: 0.0000 (0.0000)  time: 0.707120  data: 0.000336  max mem: 11928
I20260825 12:14:46 3626304 mum utils.py:218] Training  [50200/60000]  eta: 1:55:58  loss: 0.3113 (0.3167)  grad: 0.2016 (0.2055)  batch_size: 10.0000 (10.0000)  lr: 0.0000 (0.0000)  time: 0.706644  data: 0.000343  max mem: 11928
I20260825 12:15:21 3626304 mum utils.py:218] Training  [50250/60000]  eta: 1:55:22  loss: 0.3147 (0.3167)  grad: 0.1981 (0.2055)  batch_size: 10.0000 (10.0000)  lr: 0.0000 (0.0000)  time: 0.706873  data: 0.000350  max mem: 11928
I20260825 12:15:57 3626304 mum utils.py:218] Training  [50300/60000]  eta: 1:54:46  loss: 0.3035 (0.3167)  grad: 0.2037 (0.2054)  batch_size: 10.0000 (10.0000)  lr: 0.0000 (0.0000)  time: 0.707711  data: 0.000340  max mem: 11928
I20260825 12:16:32 3626304 mum utils.py:218] Training  [50350/60000]  eta: 1:54:10  loss: 0.3171 (0.3169)  grad: 0.2013 (0.2055)  batch_size: 10.0000 (10.0000)  lr: 0.0000 (0.0000)  time: 0.706379  data: 0.000327  max mem: 11928
I20260825 12:17:07 3626304 mum utils.py:218] Training  [50400/60000]  eta: 1:53:33  loss: 0.3252 (0.3167)  grad: 0.1887 (0.2054)  batch_size: 10.0000 (10.0000)  lr: 0.0000 (0.0000)  time: 0.706091  data: 0.000332  max mem: 11928
I20260825 12:17:43 3626304 mum utils.py:218] Training  [50450/60000]  eta: 1:52:57  loss: 0.3108 (0.3168)  grad: 0.2094 (0.2054)  batch_size: 10.0000 (10.0000)  lr: 0.0000 (0.0000)  time: 0.706708  data: 0.000360  max mem: 11928
I20260825 12:18:18 3626304 mum utils.py:218] Training  [50500/60000]  eta: 1:52:21  loss: 0.3232 (0.3167)  grad: 0.2073 (0.2054)  batch_size: 10.0000 (10.0000)  lr: 0.0000 (0.0000)  time: 0.706327  data: 0.000332  max mem: 11928
I20260825 12:18:53 3626304 mum utils.py:218] Training  [50550/60000]  eta: 1:51:45  loss: 0.2991 (0.3167)  grad: 0.2025 (0.2054)  batch_size: 10.0000 (10.0000)  lr: 0.0000 (0.0000)  time: 0.707107  data: 0.000356  max mem: 11928
I20260825 12:19:29 3626304 mum utils.py:218] Training  [50600/60000]  eta: 1:51:09  loss: 0.3073 (0.3166)  grad: 0.2012 (0.2054)  batch_size: 10.0000 (10.0000)  lr: 0.0000 (0.0000)  time: 0.707047  data: 0.000343  max mem: 11928
I20260825 12:20:04 3626304 mum utils.py:218] Training  [50650/60000]  eta: 1:50:33  loss: 0.3196 (0.3164)  grad: 0.1932 (0.2054)  batch_size: 10.0000 (10.0000)  lr: 0.0000 (0.0000)  time: 0.707724  data: 0.000330  max mem: 11928
I20260825 12:20:39 3626304 mum utils.py:218] Training  [50700/60000]  eta: 1:49:58  loss: 0.3280 (0.3164)  grad: 0.2161 (0.2055)  batch_size: 10.0000 (10.0000)  lr: 0.0000 (0.0000)  time: 0.707323  data: 0.000343  max mem: 11928
I20260825 12:21:15 3626304 mum utils.py:218] Training  [50750/60000]  eta: 1:49:22  loss: 0.3197 (0.3164)  grad: 0.2103 (0.2056)  batch_size: 10.0000 (10.0000)  lr: 0.0000 (0.0000)  time: 0.707285  data: 0.000347  max mem: 11928
I20260825 12:21:50 3626304 mum utils.py:218] Training  [50800/60000]  eta: 1:48:46  loss: 0.3052 (0.3164)  grad: 0.2040 (0.2055)  batch_size: 10.0000 (10.0000)  lr: 0.0000 (0.0000)  time: 0.706262  data: 0.000335  max mem: 11928
I20260825 12:22:25 3626304 mum utils.py:218] Training  [50850/60000]  eta: 1:48:10  loss: 0.3123 (0.3165)  grad: 0.2094 (0.2057)  batch_size: 10.0000 (10.0000)  lr: 0.0000 (0.0000)  time: 0.707518  data: 0.000331  max mem: 11928
I20260825 12:23:01 3626304 mum utils.py:218] Training  [50900/60000]  eta: 1:47:34  loss: 0.3082 (0.3164)  grad: 0.2072 (0.2057)  batch_size: 10.0000 (10.0000)  lr: 0.0000 (0.0000)  time: 0.707307  data: 0.000332  max mem: 11928
I20260825 12:23:36 3626304 mum utils.py:218] Training  [50950/60000]  eta: 1:46:58  loss: 0.2993 (0.3163)  grad: 0.2054 (0.2057)  batch_size: 10.0000 (10.0000)  lr: 0.0000 (0.0000)  time: 0.708372  data: 0.000313  max mem: 11928
I20260825 12:24:12 3626304 mum utils.py:218] Training  [51000/60000]  eta: 1:46:23  loss: 0.3147 (0.3163)  grad: 0.2042 (0.2058)  batch_size: 10.0000 (10.0000)  lr: 0.0000 (0.0000)  time: 0.707949  data: 0.000369  max mem: 11928
I20260825 12:24:47 3626304 mum utils.py:218] Training  [51050/60000]  eta: 1:45:47  loss: 0.3257 (0.3164)  grad: 0.2024 (0.2058)  batch_size: 10.0000 (10.0000)  lr: 0.0000 (0.0000)  time: 0.709774  data: 0.000402  max mem: 11928
I20260825 12:25:22 3626304 mum utils.py:218] Training  [51100/60000]  eta: 1:45:12  loss: 0.3259 (0.3164)  grad: 0.1937 (0.2058)  batch_size: 10.0000 (10.0000)  lr: 0.0000 (0.0000)  time: 0.709005  data: 0.000359  max mem: 11928
I20260825 12:25:58 3626304 mum utils.py:218] Training  [51150/60000]  eta: 1:44:36  loss: 0.3066 (0.3164)  grad: 0.2118 (0.2058)  batch_size: 10.0000 (10.0000)  lr: 0.0000 (0.0000)  time: 0.709575  data: 0.000339  max mem: 11928
I20260825 12:26:33 3626304 mum utils.py:218] Training  [51200/60000]  eta: 1:44:01  loss: 0.3162 (0.3163)  grad: 0.2124 (0.2058)  batch_size: 10.0000 (10.0000)  lr: 0.0000 (0.0000)  time: 0.708434  data: 0.000349  max mem: 11928
I20260825 12:27:09 3626304 mum utils.py:218] Training  [51250/60000]  eta: 1:43:25  loss: 0.3114 (0.3164)  grad: 0.2014 (0.2059)  batch_size: 10.0000 (10.0000)  lr: 0.0000 (0.0000)  time: 0.708441  data: 0.000315  max mem: 11928
I20260825 12:27:44 3626304 mum utils.py:218] Training  [51300/60000]  eta: 1:42:50  loss: 0.3047 (0.3162)  grad: 0.1926 (0.2058)  batch_size: 10.0000 (10.0000)  lr: 0.0000 (0.0000)  time: 0.709652  data: 0.000314  max mem: 11928
I20260825 12:28:20 3626304 mum utils.py:218] Training  [51350/60000]  eta: 1:42:14  loss: 0.3248 (0.3162)  grad: 0.1965 (0.2057)  batch_size: 10.0000 (10.0000)  lr: 0.0000 (0.0000)  time: 0.709401  data: 0.000310  max mem: 11928
I20260825 12:28:55 3626304 mum utils.py:218] Training  [51400/60000]  eta: 1:41:39  loss: 0.2989 (0.3162)  grad: 0.2050 (0.2057)  batch_size: 10.0000 (10.0000)  lr: 0.0000 (0.0000)  time: 0.710170  data: 0.000354  max mem: 11928
I20260825 12:29:31 3626304 mum utils.py:218] Training  [51450/60000]  eta: 1:41:04  loss: 0.3237 (0.3163)  grad: 0.2070 (0.2058)  batch_size: 10.0000 (10.0000)  lr: 0.0000 (0.0000)  time: 0.711193  data: 0.000361  max mem: 11928
I20260825 12:30:06 3626304 mum utils.py:218] Training  [51500/60000]  eta: 1:40:28  loss: 0.3096 (0.3163)  grad: 0.1979 (0.2059)  batch_size: 10.0000 (10.0000)  lr: 0.0000 (0.0000)  time: 0.709771  data: 0.000329  max mem: 11928
I20260825 12:30:42 3626304 mum utils.py:218] Training  [51550/60000]  eta: 1:39:53  loss: 0.3175 (0.3164)  grad: 0.2018 (0.2059)  batch_size: 10.0000 (10.0000)  lr: 0.0000 (0.0000)  time: 0.709748  data: 0.000340  max mem: 11928
I20260825 12:31:17 3626304 mum utils.py:218] Training  [51600/60000]  eta: 1:39:17  loss: 0.3369 (0.3164)  grad: 0.2093 (0.2059)  batch_size: 10.0000 (10.0000)  lr: 0.0000 (0.0000)  time: 0.705034  data: 0.000342  max mem: 11928
I20260825 12:31:53 3626304 mum utils.py:218] Training  [51650/60000]  eta: 1:38:43  loss: 0.3063 (0.3163)  grad: 0.2144 (0.2060)  batch_size: 10.0000 (10.0000)  lr: 0.0000 (0.0000)  time: 0.726526  data: 0.000367  max mem: 11928
I20260825 12:32:29 3626304 mum utils.py:218] Training  [51700/60000]  eta: 1:38:09  loss: 0.3130 (0.3164)  grad: 0.2085 (0.2060)  batch_size: 10.0000 (10.0000)  lr: 0.0000 (0.0000)  time: 0.707271  data: 0.000364  max mem: 11928
I20260825 12:33:04 3626304 mum utils.py:218] Training  [51750/60000]  eta: 1:37:32  loss: 0.3079 (0.3164)  grad: 0.2028 (0.2060)  batch_size: 10.0000 (10.0000)  lr: 0.0000 (0.0000)  time: 0.700975  data: 0.000312  max mem: 11928
I20260825 12:33:39 3626304 mum utils.py:218] Training  [51800/60000]  eta: 1:36:56  loss: 0.3317 (0.3165)  grad: 0.2066 (0.2061)  batch_size: 10.0000 (10.0000)  lr: 0.0000 (0.0000)  time: 0.702557  data: 0.000343  max mem: 11928
I20260825 12:34:14 3626304 mum utils.py:218] Training  [51850/60000]  eta: 1:36:20  loss: 0.3224 (0.3165)  grad: 0.2160 (0.2062)  batch_size: 10.0000 (10.0000)  lr: 0.0000 (0.0000)  time: 0.702847  data: 0.000337  max mem: 11928
I20260825 12:34:50 3626304 mum utils.py:218] Training  [51900/60000]  eta: 1:35:44  loss: 0.3129 (0.3164)  grad: 0.1888 (0.2062)  batch_size: 10.0000 (10.0000)  lr: 0.0000 (0.0000)  time: 0.702769  data: 0.000335  max mem: 11928
I20260825 12:35:25 3626304 mum utils.py:218] Training  [51950/60000]  eta: 1:35:07  loss: 0.3176 (0.3165)  grad: 0.2008 (0.2062)  batch_size: 10.0000 (10.0000)  lr: 0.0000 (0.0000)  time: 0.703080  data: 0.000310  max mem: 11928
I20260825 12:36:00 3626304 mum utils.py:218] Training  [52000/60000]  eta: 1:34:31  loss: 0.3106 (0.3166)  grad: 0.2019 (0.2062)  batch_size: 10.0000 (10.0000)  lr: 0.0000 (0.0000)  time: 0.703876  data: 0.000352  max mem: 11928
I20260825 12:36:35 3626304 mum utils.py:218] Training  [52050/60000]  eta: 1:33:55  loss: 0.3058 (0.3166)  grad: 0.2080 (0.2062)  batch_size: 10.0000 (10.0000)  lr: 0.0000 (0.0000)  time: 0.703962  data: 0.000356  max mem: 11928
I20260825 12:37:10 3626304 mum utils.py:218] Training  [52100/60000]  eta: 1:33:19  loss: 0.3049 (0.3165)  grad: 0.2139 (0.2063)  batch_size: 10.0000 (10.0000)  lr: 0.0000 (0.0000)  time: 0.703753  data: 0.000343  max mem: 11928
I20260825 12:37:45 3626304 mum utils.py:218] Training  [52150/60000]  eta: 1:32:44  loss: 0.3122 (0.3164)  grad: 0.2007 (0.2062)  batch_size: 10.0000 (10.0000)  lr: 0.0000 (0.0000)  time: 0.703593  data: 0.000339  max mem: 11928
I20260825 12:38:21 3626304 mum utils.py:218] Training  [52200/60000]  eta: 1:32:08  loss: 0.3170 (0.3165)  grad: 0.2079 (0.2063)  batch_size: 10.0000 (10.0000)  lr: 0.0000 (0.0000)  time: 0.704544  data: 0.000336  max mem: 11928
I20260825 12:38:56 3626304 mum utils.py:218] Training  [52250/60000]  eta: 1:31:32  loss: 0.3197 (0.3165)  grad: 0.2269 (0.2064)  batch_size: 10.0000 (10.0000)  lr: 0.0000 (0.0000)  time: 0.705133  data: 0.000352  max mem: 11928
I20260825 12:39:31 3626304 mum utils.py:218] Training  [52300/60000]  eta: 1:30:56  loss: 0.3120 (0.3165)  grad: 0.2077 (0.2063)  batch_size: 10.0000 (10.0000)  lr: 0.0000 (0.0000)  time: 0.704639  data: 0.000318  max mem: 11928
I20260825 12:40:06 3626304 mum utils.py:218] Training  [52350/60000]  eta: 1:30:20  loss: 0.3143 (0.3165)  grad: 0.2015 (0.2063)  batch_size: 10.0000 (10.0000)  lr: 0.0000 (0.0000)  time: 0.704125  data: 0.000303  max mem: 11928
I20260825 12:40:41 3626304 mum utils.py:218] Training  [52400/60000]  eta: 1:29:44  loss: 0.3070 (0.3164)  grad: 0.2088 (0.2063)  batch_size: 10.0000 (10.0000)  lr: 0.0000 (0.0000)  time: 0.703406  data: 0.000323  max mem: 11928
I20260825 12:41:17 3626304 mum utils.py:218] Training  [52450/60000]  eta: 1:29:09  loss: 0.3149 (0.3165)  grad: 0.2093 (0.2063)  batch_size: 10.0000 (10.0000)  lr: 0.0000 (0.0000)  time: 0.705652  data: 0.000322  max mem: 11928
I20260825 12:41:52 3626304 mum utils.py:218] Training  [52500/60000]  eta: 1:28:33  loss: 0.3129 (0.3165)  grad: 0.2022 (0.2063)  batch_size: 10.0000 (10.0000)  lr: 0.0000 (0.0000)  time: 0.705883  data: 0.000340  max mem: 11928
I20260825 12:42:27 3626304 mum utils.py:218] Training  [52550/60000]  eta: 1:27:57  loss: 0.3198 (0.3165)  grad: 0.2124 (0.2064)  batch_size: 10.0000 (10.0000)  lr: 0.0000 (0.0000)  time: 0.704354  data: 0.000312  max mem: 11928
I20260825 12:43:02 3626304 mum utils.py:218] Training  [52600/60000]  eta: 1:27:22  loss: 0.3249 (0.3165)  grad: 0.2118 (0.2064)  batch_size: 10.0000 (10.0000)  lr: 0.0000 (0.0000)  time: 0.705030  data: 0.000380  max mem: 11928
I20260825 12:43:38 3626304 mum utils.py:218] Training  [52650/60000]  eta: 1:26:46  loss: 0.3213 (0.3166)  grad: 0.2048 (0.2064)  batch_size: 10.0000 (10.0000)  lr: 0.0000 (0.0000)  time: 0.704760  data: 0.000365  max mem: 11928
I20260825 12:44:13 3626304 mum utils.py:218] Training  [52700/60000]  eta: 1:26:10  loss: 0.3146 (0.3165)  grad: 0.2026 (0.2065)  batch_size: 10.0000 (10.0000)  lr: 0.0000 (0.0000)  time: 0.705713  data: 0.000329  max mem: 11928
I20260825 12:44:48 3626304 mum utils.py:218] Training  [52750/60000]  eta: 1:25:35  loss: 0.3261 (0.3165)  grad: 0.2014 (0.2065)  batch_size: 10.0000 (10.0000)  lr: 0.0000 (0.0000)  time: 0.704994  data: 0.000352  max mem: 11928
I20260825 12:45:23 3626304 mum utils.py:218] Training  [52800/60000]  eta: 1:24:59  loss: 0.3188 (0.3165)  grad: 0.2067 (0.2064)  batch_size: 10.0000 (10.0000)  lr: 0.0000 (0.0000)  time: 0.705979  data: 0.000348  max mem: 11928
I20260825 12:45:59 3626304 mum utils.py:218] Training  [52850/60000]  eta: 1:24:23  loss: 0.3189 (0.3164)  grad: 0.2075 (0.2064)  batch_size: 10.0000 (10.0000)  lr: 0.0000 (0.0000)  time: 0.706587  data: 0.000322  max mem: 11928
I20260825 12:46:34 3626304 mum utils.py:218] Training  [52900/60000]  eta: 1:23:48  loss: 0.3135 (0.3165)  grad: 0.2144 (0.2064)  batch_size: 10.0000 (10.0000)  lr: 0.0000 (0.0000)  time: 0.705490  data: 0.000348  max mem: 11928
I20260825 12:47:09 3626304 mum utils.py:218] Training  [52950/60000]  eta: 1:23:12  loss: 0.3111 (0.3164)  grad: 0.2017 (0.2063)  batch_size: 10.0000 (10.0000)  lr: 0.0000 (0.0000)  time: 0.706263  data: 0.000325  max mem: 11928
I20260825 12:47:45 3626304 mum utils.py:218] Training  [53000/60000]  eta: 1:22:37  loss: 0.3079 (0.3163)  grad: 0.1969 (0.2063)  batch_size: 10.0000 (10.0000)  lr: 0.0000 (0.0000)  time: 0.705598  data: 0.000300  max mem: 11928
I20260825 12:48:20 3626304 mum utils.py:218] Training  [53050/60000]  eta: 1:22:01  loss: 0.3173 (0.3163)  grad: 0.2001 (0.2063)  batch_size: 10.0000 (10.0000)  lr: 0.0000 (0.0000)  time: 0.705670  data: 0.000334  max mem: 11928
I20260825 12:48:55 3626304 mum utils.py:218] Training  [53100/60000]  eta: 1:21:25  loss: 0.3116 (0.3163)  grad: 0.2099 (0.2063)  batch_size: 10.0000 (10.0000)  lr: 0.0000 (0.0000)  time: 0.705683  data: 0.000311  max mem: 11928
I20260825 12:49:31 3626304 mum utils.py:218] Training  [53150/60000]  eta: 1:20:50  loss: 0.3022 (0.3163)  grad: 0.2116 (0.2064)  batch_size: 10.0000 (10.0000)  lr: 0.0000 (0.0000)  time: 0.705815  data: 0.000300  max mem: 11928
I20260825 12:50:06 3626304 mum utils.py:218] Training  [53200/60000]  eta: 1:20:14  loss: 0.3346 (0.3164)  grad: 0.2041 (0.2064)  batch_size: 10.0000 (10.0000)  lr: 0.0000 (0.0000)  time: 0.708081  data: 0.000380  max mem: 11928
I20260825 12:50:41 3626304 mum utils.py:218] Training  [53250/60000]  eta: 1:19:39  loss: 0.3109 (0.3163)  grad: 0.1973 (0.2064)  batch_size: 10.0000 (10.0000)  lr: 0.0000 (0.0000)  time: 0.706492  data: 0.000337  max mem: 11928
I20260825 12:51:17 3626304 mum utils.py:218] Training  [53300/60000]  eta: 1:19:03  loss: 0.3206 (0.3164)  grad: 0.2079 (0.2064)  batch_size: 10.0000 (10.0000)  lr: 0.0000 (0.0000)  time: 0.707085  data: 0.000377  max mem: 11928
I20260825 12:51:52 3626304 mum utils.py:218] Training  [53350/60000]  eta: 1:18:28  loss: 0.2952 (0.3163)  grad: 0.1929 (0.2063)  batch_size: 10.0000 (10.0000)  lr: 0.0000 (0.0000)  time: 0.706934  data: 0.000316  max mem: 11928
I20260825 12:52:27 3626304 mum utils.py:218] Training  [53400/60000]  eta: 1:17:53  loss: 0.3046 (0.3164)  grad: 0.1888 (0.2064)  batch_size: 10.0000 (10.0000)  lr: 0.0000 (0.0000)  time: 0.706989  data: 0.000363  max mem: 11928
I20260825 12:53:03 3626304 mum utils.py:218] Training  [53450/60000]  eta: 1:17:17  loss: 0.3054 (0.3163)  grad: 0.2037 (0.2064)  batch_size: 10.0000 (10.0000)  lr: 0.0000 (0.0000)  time: 0.706863  data: 0.000316  max mem: 11928
I20260825 12:53:38 3626304 mum utils.py:218] Training  [53500/60000]  eta: 1:16:42  loss: 0.3153 (0.3163)  grad: 0.2057 (0.2064)  batch_size: 10.0000 (10.0000)  lr: 0.0000 (0.0000)  time: 0.706528  data: 0.000322  max mem: 11928
I20260825 12:54:13 3626304 mum utils.py:218] Training  [53550/60000]  eta: 1:16:06  loss: 0.3166 (0.3163)  grad: 0.2099 (0.2064)  batch_size: 10.0000 (10.0000)  lr: 0.0000 (0.0000)  time: 0.707002  data: 0.000321  max mem: 11928
I20260825 12:54:49 3626304 mum utils.py:218] Training  [53600/60000]  eta: 1:15:31  loss: 0.3120 (0.3163)  grad: 0.2036 (0.2063)  batch_size: 10.0000 (10.0000)  lr: 0.0000 (0.0000)  time: 0.708725  data: 0.000336  max mem: 11928
I20260825 12:55:24 3626304 mum utils.py:218] Training  [53650/60000]  eta: 1:14:55  loss: 0.3092 (0.3163)  grad: 0.2037 (0.2063)  batch_size: 10.0000 (10.0000)  lr: 0.0000 (0.0000)  time: 0.707601  data: 0.000346  max mem: 11928
I20260825 12:56:00 3626304 mum utils.py:218] Training  [53700/60000]  eta: 1:14:20  loss: 0.3253 (0.3162)  grad: 0.2053 (0.2063)  batch_size: 10.0000 (10.0000)  lr: 0.0000 (0.0000)  time: 0.709652  data: 0.000348  max mem: 11928
I20260825 12:56:35 3626304 mum utils.py:218] Training  [53750/60000]  eta: 1:13:45  loss: 0.3252 (0.3163)  grad: 0.2094 (0.2064)  batch_size: 10.0000 (10.0000)  lr: 0.0000 (0.0000)  time: 0.708478  data: 0.000338  max mem: 11928
I20260825 12:57:10 3626304 mum utils.py:218] Training  [53800/60000]  eta: 1:13:09  loss: 0.3255 (0.3163)  grad: 0.1925 (0.2063)  batch_size: 10.0000 (10.0000)  lr: 0.0000 (0.0000)  time: 0.707437  data: 0.000337  max mem: 11928
I20260825 12:57:46 3626304 mum utils.py:218] Training  [53850/60000]  eta: 1:12:34  loss: 0.3074 (0.3163)  grad: 0.2056 (0.2063)  batch_size: 10.0000 (10.0000)  lr: 0.0000 (0.0000)  time: 0.695668  data: 0.000353  max mem: 11928
I20260825 12:58:22 3626304 mum utils.py:218] Training  [53900/60000]  eta: 1:11:59  loss: 0.3089 (0.3163)  grad: 0.1982 (0.2063)  batch_size: 10.0000 (10.0000)  lr: 0.0000 (0.0000)  time: 0.731037  data: 0.000375  max mem: 11928
I20260825 12:58:58 3626304 mum utils.py:218] Training  [53950/60000]  eta: 1:11:24  loss: 0.3101 (0.3164)  grad: 0.2026 (0.2063)  batch_size: 10.0000 (10.0000)  lr: 0.0000 (0.0000)  time: 0.702838  data: 0.000351  max mem: 11928
Building dynamic dataloader with seed: 42
Randomly sampling [3, 3] frames
TravelUAVDataset (val): 767 scenes, 39921 frames (total 15348 scenes, split_ratio=0.95).
ComposedDataset created from 1 datasets: ['TravelUAVDataset:DATA_DIR=/data2/student1_ly/datasets/OpenUAV-QA/TravelUAV_dataset:SPLIT=val']
[step 54000] val loss: 0.3241
I20260825 13:00:47 3626304 mum utils.py:218] Training  [54000/60000]  eta: 1:12:02  loss: 0.3106 (0.3164)  grad: 0.1964 (0.2063)  batch_size: 10.0000 (10.0000)  lr: 0.0000 (0.0000)  time: 4.395694  data: 0.000306  max mem: 11928
I20260825 13:01:22 3626304 mum utils.py:218] Training  [54050/60000]  eta: 1:11:25  loss: 0.3178 (0.3163)  grad: 0.2063 (0.2063)  batch_size: 10.0000 (10.0000)  lr: 0.0000 (0.0000)  time: 0.702975  data: 0.000332  max mem: 11928
I20260825 13:01:57 3626304 mum utils.py:218] Training  [54100/60000]  eta: 1:10:49  loss: 0.3070 (0.3163)  grad: 0.1993 (0.2063)  batch_size: 10.0000 (10.0000)  lr: 0.0000 (0.0000)  time: 0.702350  data: 0.000315  max mem: 11928
I20260825 13:02:32 3626304 mum utils.py:218] Training  [54150/60000]  eta: 1:10:12  loss: 0.3157 (0.3164)  grad: 0.2046 (0.2063)  batch_size: 10.0000 (10.0000)  lr: 0.0000 (0.0000)  time: 0.702337  data: 0.000321  max mem: 11928
I20260825 13:03:07 3626304 mum utils.py:218] Training  [54200/60000]  eta: 1:09:35  loss: 0.3091 (0.3164)  grad: 0.2136 (0.2063)  batch_size: 10.0000 (10.0000)  lr: 0.0000 (0.0000)  time: 0.702933  data: 0.000351  max mem: 11928
I20260825 13:03:42 3626304 mum utils.py:218] Training  [54250/60000]  eta: 1:08:58  loss: 0.3074 (0.3163)  grad: 0.2115 (0.2063)  batch_size: 10.0000 (10.0000)  lr: 0.0000 (0.0000)  time: 0.703701  data: 0.000347  max mem: 11928
I20260825 13:04:18 3626304 mum utils.py:218] Training  [54300/60000]  eta: 1:08:21  loss: 0.3012 (0.3163)  grad: 0.1960 (0.2062)  batch_size: 10.0000 (10.0000)  lr: 0.0000 (0.0000)  time: 0.703232  data: 0.000315  max mem: 11928
I20260825 13:04:53 3626304 mum utils.py:218] Training  [54350/60000]  eta: 1:07:45  loss: 0.3129 (0.3163)  grad: 0.2005 (0.2062)  batch_size: 10.0000 (10.0000)  lr: 0.0000 (0.0000)  time: 0.703353  data: 0.000347  max mem: 11928
I20260825 13:05:28 3626304 mum utils.py:218] Training  [54400/60000]  eta: 1:07:08  loss: 0.3197 (0.3162)  grad: 0.2062 (0.2062)  batch_size: 10.0000 (10.0000)  lr: 0.0000 (0.0000)  time: 0.702940  data: 0.000341  max mem: 11928
I20260825 13:06:03 3626304 mum utils.py:218] Training  [54450/60000]  eta: 1:06:31  loss: 0.2951 (0.3162)  grad: 0.1976 (0.2062)  batch_size: 10.0000 (10.0000)  lr: 0.0000 (0.0000)  time: 0.703318  data: 0.000316  max mem: 11928
I20260825 13:06:38 3626304 mum utils.py:218] Training  [54500/60000]  eta: 1:05:55  loss: 0.3256 (0.3163)  grad: 0.2161 (0.2063)  batch_size: 10.0000 (10.0000)  lr: 0.0000 (0.0000)  time: 0.704030  data: 0.000312  max mem: 11928
I20260825 13:07:13 3626304 mum utils.py:218] Training  [54550/60000]  eta: 1:05:18  loss: 0.2968 (0.3162)  grad: 0.2135 (0.2062)  batch_size: 10.0000 (10.0000)  lr: 0.0000 (0.0000)  time: 0.703189  data: 0.000341  max mem: 11928
I20260825 13:07:49 3626304 mum utils.py:218] Training  [54600/60000]  eta: 1:04:42  loss: 0.3030 (0.3161)  grad: 0.1992 (0.2062)  batch_size: 10.0000 (10.0000)  lr: 0.0000 (0.0000)  time: 0.703700  data: 0.000330  max mem: 11928
I20260825 13:08:24 3626304 mum utils.py:218] Training  [54650/60000]  eta: 1:04:05  loss: 0.3159 (0.3162)  grad: 0.2096 (0.2062)  batch_size: 10.0000 (10.0000)  lr: 0.0000 (0.0000)  time: 0.704189  data: 0.000332  max mem: 11928
I20260825 13:08:59 3626304 mum utils.py:218] Training  [54700/60000]  eta: 1:03:29  loss: 0.3103 (0.3162)  grad: 0.2021 (0.2062)  batch_size: 10.0000 (10.0000)  lr: 0.0000 (0.0000)  time: 0.707137  data: 0.000359  max mem: 11928
I20260825 13:09:34 3626304 mum utils.py:218] Training  [54750/60000]  eta: 1:02:52  loss: 0.3104 (0.3162)  grad: 0.2111 (0.2062)  batch_size: 10.0000 (10.0000)  lr: 0.0000 (0.0000)  time: 0.705874  data: 0.000324  max mem: 11928
I20260825 13:10:10 3626304 mum utils.py:218] Training  [54800/60000]  eta: 1:02:16  loss: 0.3134 (0.3161)  grad: 0.1991 (0.2062)  batch_size: 10.0000 (10.0000)  lr: 0.0000 (0.0000)  time: 0.704489  data: 0.000330  max mem: 11928
I20260825 13:10:45 3626304 mum utils.py:218] Training  [54850/60000]  eta: 1:01:39  loss: 0.3214 (0.3162)  grad: 0.2169 (0.2062)  batch_size: 10.0000 (10.0000)  lr: 0.0000 (0.0000)  time: 0.705233  data: 0.000368  max mem: 11928
I20260825 13:11:20 3626304 mum utils.py:218] Training  [54900/60000]  eta: 1:01:03  loss: 0.3059 (0.3161)  grad: 0.2016 (0.2061)  batch_size: 10.0000 (10.0000)  lr: 0.0000 (0.0000)  time: 0.704621  data: 0.000349  max mem: 11928
I20260825 13:11:55 3626304 mum utils.py:218] Training  [54950/60000]  eta: 1:00:26  loss: 0.3170 (0.3161)  grad: 0.2051 (0.2061)  batch_size: 10.0000 (10.0000)  lr: 0.0000 (0.0000)  time: 0.705830  data: 0.000348  max mem: 11928
I20260825 13:12:31 3626304 mum utils.py:218] Training  [55000/60000]  eta: 0:59:50  loss: 0.3255 (0.3162)  grad: 0.2015 (0.2062)  batch_size: 10.0000 (10.0000)  lr: 0.0000 (0.0000)  time: 0.704814  data: 0.000366  max mem: 11928
I20260825 13:13:06 3626304 mum utils.py:218] Training  [55050/60000]  eta: 0:59:14  loss: 0.3125 (0.3162)  grad: 0.1952 (0.2061)  batch_size: 10.0000 (10.0000)  lr: 0.0000 (0.0000)  time: 0.705851  data: 0.000324  max mem: 11928
I20260825 13:13:41 3626304 mum utils.py:218] Training  [55100/60000]  eta: 0:58:37  loss: 0.3284 (0.3163)  grad: 0.2037 (0.2062)  batch_size: 10.0000 (10.0000)  lr: 0.0000 (0.0000)  time: 0.705708  data: 0.000343  max mem: 11928
I20260825 13:14:16 3626304 mum utils.py:218] Training  [55150/60000]  eta: 0:58:01  loss: 0.3102 (0.3163)  grad: 0.2038 (0.2062)  batch_size: 10.0000 (10.0000)  lr: 0.0000 (0.0000)  time: 0.705428  data: 0.000368  max mem: 11928
I20260825 13:14:52 3626304 mum utils.py:218] Training  [55200/60000]  eta: 0:57:25  loss: 0.3059 (0.3163)  grad: 0.1939 (0.2062)  batch_size: 10.0000 (10.0000)  lr: 0.0000 (0.0000)  time: 0.704200  data: 0.000328  max mem: 11928
I20260825 13:15:28 3626304 mum utils.py:218] Training  [55250/60000]  eta: 0:56:49  loss: 0.3359 (0.3163)  grad: 0.2174 (0.2062)  batch_size: 10.0000 (10.0000)  lr: 0.0000 (0.0000)  time: 0.733867  data: 0.000339  max mem: 11928
I20260825 13:16:03 3626304 mum utils.py:218] Training  [55300/60000]  eta: 0:56:13  loss: 0.3136 (0.3163)  grad: 0.2044 (0.2062)  batch_size: 10.0000 (10.0000)  lr: 0.0000 (0.0000)  time: 0.704444  data: 0.000291  max mem: 11928
I20260825 13:16:39 3626304 mum utils.py:218] Training  [55350/60000]  eta: 0:55:36  loss: 0.2907 (0.3162)  grad: 0.1986 (0.2062)  batch_size: 10.0000 (10.0000)  lr: 0.0000 (0.0000)  time: 0.704191  data: 0.000294  max mem: 11928
I20260825 13:17:14 3626304 mum utils.py:218] Training  [55400/60000]  eta: 0:55:00  loss: 0.3198 (0.3162)  grad: 0.2054 (0.2061)  batch_size: 10.0000 (10.0000)  lr: 0.0000 (0.0000)  time: 0.706772  data: 0.000288  max mem: 11928
I20260825 13:17:49 3626304 mum utils.py:218] Training  [55450/60000]  eta: 0:54:24  loss: 0.3197 (0.3162)  grad: 0.2057 (0.2062)  batch_size: 10.0000 (10.0000)  lr: 0.0000 (0.0000)  time: 0.706763  data: 0.000337  max mem: 11928
I20260825 13:18:24 3626304 mum utils.py:218] Training  [55500/60000]  eta: 0:53:48  loss: 0.3196 (0.3162)  grad: 0.1947 (0.2061)  batch_size: 10.0000 (10.0000)  lr: 0.0000 (0.0000)  time: 0.705658  data: 0.000302  max mem: 11928
I20260825 13:19:00 3626304 mum utils.py:218] Training  [55550/60000]  eta: 0:53:12  loss: 0.3176 (0.3163)  grad: 0.1925 (0.2061)  batch_size: 10.0000 (10.0000)  lr: 0.0000 (0.0000)  time: 0.705918  data: 0.000343  max mem: 11928
I20260825 13:19:35 3626304 mum utils.py:218] Training  [55600/60000]  eta: 0:52:35  loss: 0.3106 (0.3163)  grad: 0.1959 (0.2061)  batch_size: 10.0000 (10.0000)  lr: 0.0000 (0.0000)  time: 0.707176  data: 0.000339  max mem: 11928
I20260825 13:20:10 3626304 mum utils.py:218] Training  [55650/60000]  eta: 0:51:59  loss: 0.3114 (0.3163)  grad: 0.1899 (0.2061)  batch_size: 10.0000 (10.0000)  lr: 0.0000 (0.0000)  time: 0.706467  data: 0.000334  max mem: 11928
I20260825 13:20:46 3626304 mum utils.py:218] Training  [55700/60000]  eta: 0:51:23  loss: 0.3171 (0.3163)  grad: 0.2076 (0.2061)  batch_size: 10.0000 (10.0000)  lr: 0.0000 (0.0000)  time: 0.706712  data: 0.000356  max mem: 11928
I20260825 13:21:21 3626304 mum utils.py:218] Training  [55750/60000]  eta: 0:50:47  loss: 0.3196 (0.3163)  grad: 0.2068 (0.2060)  batch_size: 10.0000 (10.0000)  lr: 0.0000 (0.0000)  time: 0.706858  data: 0.000384  max mem: 11928
I20260825 13:21:56 3626304 mum utils.py:218] Training  [55800/60000]  eta: 0:50:11  loss: 0.2887 (0.3163)  grad: 0.2094 (0.2060)  batch_size: 10.0000 (10.0000)  lr: 0.0000 (0.0000)  time: 0.707973  data: 0.000339  max mem: 11928
I20260825 13:22:32 3626304 mum utils.py:218] Training  [55850/60000]  eta: 0:49:35  loss: 0.3201 (0.3163)  grad: 0.1943 (0.2060)  batch_size: 10.0000 (10.0000)  lr: 0.0000 (0.0000)  time: 0.708056  data: 0.000368  max mem: 11928
I20260825 13:23:07 3626304 mum utils.py:218] Training  [55900/60000]  eta: 0:48:59  loss: 0.3050 (0.3163)  grad: 0.1993 (0.2060)  batch_size: 10.0000 (10.0000)  lr: 0.0000 (0.0000)  time: 0.708151  data: 0.000328  max mem: 11928
I20260825 13:23:43 3626304 mum utils.py:218] Training  [55950/60000]  eta: 0:48:23  loss: 0.3158 (0.3163)  grad: 0.2026 (0.2060)  batch_size: 10.0000 (10.0000)  lr: 0.0000 (0.0000)  time: 0.708194  data: 0.000320  max mem: 11928
I20260825 13:24:18 3626304 mum utils.py:218] Training  [56000/60000]  eta: 0:47:47  loss: 0.3176 (0.3163)  grad: 0.2120 (0.2060)  batch_size: 10.0000 (10.0000)  lr: 0.0000 (0.0000)  time: 0.725185  data: 0.000352  max mem: 11928
I20260825 13:24:55 3626304 mum utils.py:218] Training  [56050/60000]  eta: 0:47:11  loss: 0.3196 (0.3163)  grad: 0.2002 (0.2060)  batch_size: 10.0000 (10.0000)  lr: 0.0000 (0.0000)  time: 0.719441  data: 0.000364  max mem: 11928
I20260825 13:25:30 3626304 mum utils.py:218] Training  [56100/60000]  eta: 0:46:35  loss: 0.3061 (0.3162)  grad: 0.2080 (0.2060)  batch_size: 10.0000 (10.0000)  lr: 0.0000 (0.0000)  time: 0.703485  data: 0.000348  max mem: 11928
I20260825 13:26:05 3626304 mum utils.py:218] Training  [56150/60000]  eta: 0:45:59  loss: 0.3192 (0.3162)  grad: 0.2121 (0.2060)  batch_size: 10.0000 (10.0000)  lr: 0.0000 (0.0000)  time: 0.704306  data: 0.000317  max mem: 11928
I20260825 13:26:40 3626304 mum utils.py:218] Training  [56200/60000]  eta: 0:45:23  loss: 0.2908 (0.3162)  grad: 0.2091 (0.2060)  batch_size: 10.0000 (10.0000)  lr: 0.0000 (0.0000)  time: 0.702875  data: 0.000367  max mem: 11928
I20260825 13:27:15 3626304 mum utils.py:218] Training  [56250/60000]  eta: 0:44:47  loss: 0.3008 (0.3161)  grad: 0.1995 (0.2060)  batch_size: 10.0000 (10.0000)  lr: 0.0000 (0.0000)  time: 0.704355  data: 0.000350  max mem: 11928
I20260825 13:27:51 3626304 mum utils.py:218] Training  [56300/60000]  eta: 0:44:10  loss: 0.3074 (0.3161)  grad: 0.2030 (0.2060)  batch_size: 10.0000 (10.0000)  lr: 0.0000 (0.0000)  time: 0.703639  data: 0.000368  max mem: 11928
I20260825 13:28:26 3626304 mum utils.py:218] Training  [56350/60000]  eta: 0:43:34  loss: 0.3026 (0.3161)  grad: 0.2017 (0.2060)  batch_size: 10.0000 (10.0000)  lr: 0.0000 (0.0000)  time: 0.703265  data: 0.000360  max mem: 11928
I20260825 13:29:01 3626304 mum utils.py:218] Training  [56400/60000]  eta: 0:42:58  loss: 0.3066 (0.3161)  grad: 0.1994 (0.2059)  batch_size: 10.0000 (10.0000)  lr: 0.0000 (0.0000)  time: 0.702919  data: 0.000364  max mem: 11928
I20260825 13:29:36 3626304 mum utils.py:218] Training  [56450/60000]  eta: 0:42:22  loss: 0.3139 (0.3161)  grad: 0.2030 (0.2059)  batch_size: 10.0000 (10.0000)  lr: 0.0000 (0.0000)  time: 0.704992  data: 0.000354  max mem: 11928
I20260825 13:30:11 3626304 mum utils.py:218] Training  [56500/60000]  eta: 0:41:46  loss: 0.3108 (0.3161)  grad: 0.2122 (0.2059)  batch_size: 10.0000 (10.0000)  lr: 0.0000 (0.0000)  time: 0.705132  data: 0.000370  max mem: 11928
I20260825 13:30:47 3626304 mum utils.py:218] Training  [56550/60000]  eta: 0:41:10  loss: 0.3036 (0.3161)  grad: 0.2038 (0.2059)  batch_size: 10.0000 (10.0000)  lr: 0.0000 (0.0000)  time: 0.704332  data: 0.000319  max mem: 11928
I20260825 13:31:22 3626304 mum utils.py:218] Training  [56600/60000]  eta: 0:40:34  loss: 0.3362 (0.3161)  grad: 0.2055 (0.2060)  batch_size: 10.0000 (10.0000)  lr: 0.0000 (0.0000)  time: 0.705665  data: 0.000351  max mem: 11928
I20260825 13:31:57 3626304 mum utils.py:218] Training  [56650/60000]  eta: 0:39:58  loss: 0.3039 (0.3161)  grad: 0.2000 (0.2059)  batch_size: 10.0000 (10.0000)  lr: 0.0000 (0.0000)  time: 0.706006  data: 0.000306  max mem: 11928
I20260825 13:32:32 3626304 mum utils.py:218] Training  [56700/60000]  eta: 0:39:22  loss: 0.3158 (0.3161)  grad: 0.2102 (0.2060)  batch_size: 10.0000 (10.0000)  lr: 0.0000 (0.0000)  time: 0.705603  data: 0.000342  max mem: 11928
I20260825 13:33:08 3626304 mum utils.py:218] Training  [56750/60000]  eta: 0:38:46  loss: 0.3043 (0.3161)  grad: 0.1987 (0.2060)  batch_size: 10.0000 (10.0000)  lr: 0.0000 (0.0000)  time: 0.702962  data: 0.000344  max mem: 11928
I20260825 13:33:43 3626304 mum utils.py:218] Training  [56800/60000]  eta: 0:38:10  loss: 0.2950 (0.3160)  grad: 0.1895 (0.2059)  batch_size: 10.0000 (10.0000)  lr: 0.0000 (0.0000)  time: 0.704755  data: 0.000327  max mem: 11928
I20260825 13:34:18 3626304 mum utils.py:218] Training  [56850/60000]  eta: 0:37:34  loss: 0.3129 (0.3160)  grad: 0.1960 (0.2059)  batch_size: 10.0000 (10.0000)  lr: 0.0000 (0.0000)  time: 0.704440  data: 0.000344  max mem: 11928
I20260825 13:34:53 3626304 mum utils.py:218] Training  [56900/60000]  eta: 0:36:58  loss: 0.3297 (0.3160)  grad: 0.2103 (0.2059)  batch_size: 10.0000 (10.0000)  lr: 0.0000 (0.0000)  time: 0.705258  data: 0.000305  max mem: 11928
I20260825 13:35:29 3626304 mum utils.py:218] Training  [56950/60000]  eta: 0:36:22  loss: 0.3176 (0.3160)  grad: 0.2079 (0.2059)  batch_size: 10.0000 (10.0000)  lr: 0.0000 (0.0000)  time: 0.704294  data: 0.000332  max mem: 11928
I20260825 13:36:04 3626304 mum utils.py:218] Training  [57000/60000]  eta: 0:35:46  loss: 0.3199 (0.3161)  grad: 0.1988 (0.2059)  batch_size: 10.0000 (10.0000)  lr: 0.0000 (0.0000)  time: 0.706246  data: 0.000328  max mem: 11928
I20260825 13:36:39 3626304 mum utils.py:218] Training  [57050/60000]  eta: 0:35:10  loss: 0.3111 (0.3161)  grad: 0.2031 (0.2059)  batch_size: 10.0000 (10.0000)  lr: 0.0000 (0.0000)  time: 0.705005  data: 0.000330  max mem: 11928
I20260825 13:37:14 3626304 mum utils.py:218] Training  [57100/60000]  eta: 0:34:34  loss: 0.3085 (0.3160)  grad: 0.2098 (0.2059)  batch_size: 10.0000 (10.0000)  lr: 0.0000 (0.0000)  time: 0.705035  data: 0.000318  max mem: 11928
I20260825 13:37:50 3626304 mum utils.py:218] Training  [57150/60000]  eta: 0:33:58  loss: 0.3115 (0.3161)  grad: 0.1979 (0.2058)  batch_size: 10.0000 (10.0000)  lr: 0.0000 (0.0000)  time: 0.705228  data: 0.000307  max mem: 11928
I20260825 13:38:25 3626304 mum utils.py:218] Training  [57200/60000]  eta: 0:33:22  loss: 0.2949 (0.3160)  grad: 0.1985 (0.2058)  batch_size: 10.0000 (10.0000)  lr: 0.0000 (0.0000)  time: 0.706058  data: 0.000320  max mem: 11928
I20260825 13:39:00 3626304 mum utils.py:218] Training  [57250/60000]  eta: 0:32:47  loss: 0.3412 (0.3161)  grad: 0.2089 (0.2058)  batch_size: 10.0000 (10.0000)  lr: 0.0000 (0.0000)  time: 0.707790  data: 0.000336  max mem: 11928
I20260825 13:39:36 3626304 mum utils.py:218] Training  [57300/60000]  eta: 0:32:11  loss: 0.3156 (0.3161)  grad: 0.1939 (0.2058)  batch_size: 10.0000 (10.0000)  lr: 0.0000 (0.0000)  time: 0.707603  data: 0.000329  max mem: 11928
I20260825 13:40:11 3626304 mum utils.py:218] Training  [57350/60000]  eta: 0:31:35  loss: 0.3027 (0.3160)  grad: 0.1903 (0.2057)  batch_size: 10.0000 (10.0000)  lr: 0.0000 (0.0000)  time: 0.706689  data: 0.000349  max mem: 11928
I20260825 13:40:46 3626304 mum utils.py:218] Training  [57400/60000]  eta: 0:30:59  loss: 0.3135 (0.3160)  grad: 0.1961 (0.2057)  batch_size: 10.0000 (10.0000)  lr: 0.0000 (0.0000)  time: 0.707009  data: 0.000324  max mem: 11928
I20260825 13:41:22 3626304 mum utils.py:218] Training  [57450/60000]  eta: 0:30:23  loss: 0.3148 (0.3160)  grad: 0.2056 (0.2057)  batch_size: 10.0000 (10.0000)  lr: 0.0000 (0.0000)  time: 0.707134  data: 0.000333  max mem: 11928
I20260825 13:41:57 3626304 mum utils.py:218] Training  [57500/60000]  eta: 0:29:47  loss: 0.3176 (0.3159)  grad: 0.1958 (0.2057)  batch_size: 10.0000 (10.0000)  lr: 0.0000 (0.0000)  time: 0.706439  data: 0.000339  max mem: 11928
I20260825 13:42:32 3626304 mum utils.py:218] Training  [57550/60000]  eta: 0:29:11  loss: 0.2982 (0.3159)  grad: 0.1997 (0.2057)  batch_size: 10.0000 (10.0000)  lr: 0.0000 (0.0000)  time: 0.706784  data: 0.000313  max mem: 11928
I20260825 13:43:08 3626304 mum utils.py:218] Training  [57600/60000]  eta: 0:28:35  loss: 0.3253 (0.3160)  grad: 0.1982 (0.2057)  batch_size: 10.0000 (10.0000)  lr: 0.0000 (0.0000)  time: 0.706665  data: 0.000308  max mem: 11928
I20260825 13:43:43 3626304 mum utils.py:218] Training  [57650/60000]  eta: 0:28:00  loss: 0.3362 (0.3160)  grad: 0.2027 (0.2057)  batch_size: 10.0000 (10.0000)  lr: 0.0000 (0.0000)  time: 0.706309  data: 0.000318  max mem: 11928
I20260825 13:44:18 3626304 mum utils.py:218] Training  [57700/60000]  eta: 0:27:24  loss: 0.3045 (0.3159)  grad: 0.2008 (0.2057)  batch_size: 10.0000 (10.0000)  lr: 0.0000 (0.0000)  time: 0.707463  data: 0.000349  max mem: 11928
I20260825 13:44:54 3626304 mum utils.py:218] Training  [57750/60000]  eta: 0:26:48  loss: 0.3300 (0.3159)  grad: 0.2009 (0.2057)  batch_size: 10.0000 (10.0000)  lr: 0.0000 (0.0000)  time: 0.708090  data: 0.000325  max mem: 11928
I20260825 13:45:29 3626304 mum utils.py:218] Training  [57800/60000]  eta: 0:26:12  loss: 0.2971 (0.3159)  grad: 0.1988 (0.2057)  batch_size: 10.0000 (10.0000)  lr: 0.0000 (0.0000)  time: 0.707789  data: 0.000311  max mem: 11928
I20260825 13:46:05 3626304 mum utils.py:218] Training  [57850/60000]  eta: 0:25:36  loss: 0.3281 (0.3159)  grad: 0.2011 (0.2057)  batch_size: 10.0000 (10.0000)  lr: 0.0000 (0.0000)  time: 0.707754  data: 0.000317  max mem: 11928
I20260825 13:46:40 3626304 mum utils.py:218] Training  [57900/60000]  eta: 0:25:00  loss: 0.3088 (0.3159)  grad: 0.1960 (0.2057)  batch_size: 10.0000 (10.0000)  lr: 0.0000 (0.0000)  time: 0.708159  data: 0.000339  max mem: 11928
I20260825 13:47:15 3626304 mum utils.py:218] Training  [57950/60000]  eta: 0:24:25  loss: 0.2964 (0.3159)  grad: 0.1997 (0.2057)  batch_size: 10.0000 (10.0000)  lr: 0.0000 (0.0000)  time: 0.707576  data: 0.000334  max mem: 11928
I20260825 13:47:51 3626304 mum utils.py:218] Training  [58000/60000]  eta: 0:23:49  loss: 0.3152 (0.3159)  grad: 0.1972 (0.2057)  batch_size: 10.0000 (10.0000)  lr: 0.0000 (0.0000)  time: 0.709223  data: 0.000410  max mem: 11928
I20260825 13:48:26 3626304 mum utils.py:218] Training  [58050/60000]  eta: 0:23:13  loss: 0.3142 (0.3159)  grad: 0.2074 (0.2057)  batch_size: 10.0000 (10.0000)  lr: 0.0000 (0.0000)  time: 0.708340  data: 0.000362  max mem: 11928
I20260825 13:49:02 3626304 mum utils.py:218] Training  [58100/60000]  eta: 0:22:37  loss: 0.3268 (0.3159)  grad: 0.2073 (0.2057)  batch_size: 10.0000 (10.0000)  lr: 0.0000 (0.0000)  time: 0.707982  data: 0.000340  max mem: 11928
I20260825 13:49:37 3626304 mum utils.py:218] Training  [58150/60000]  eta: 0:22:01  loss: 0.3152 (0.3159)  grad: 0.2064 (0.2057)  batch_size: 10.0000 (10.0000)  lr: 0.0000 (0.0000)  time: 0.707797  data: 0.000343  max mem: 11928
I20260825 13:50:13 3626304 mum utils.py:218] Training  [58200/60000]  eta: 0:21:26  loss: 0.3094 (0.3159)  grad: 0.2018 (0.2057)  batch_size: 10.0000 (10.0000)  lr: 0.0000 (0.0000)  time: 0.709983  data: 0.000347  max mem: 11928
I20260825 13:50:48 3626304 mum utils.py:218] Training  [58250/60000]  eta: 0:20:50  loss: 0.3128 (0.3159)  grad: 0.2077 (0.2057)  batch_size: 10.0000 (10.0000)  lr: 0.0000 (0.0000)  time: 0.746392  data: 0.000384  max mem: 11928
I20260825 13:51:25 3626304 mum utils.py:218] Training  [58300/60000]  eta: 0:20:14  loss: 0.3048 (0.3159)  grad: 0.2079 (0.2057)  batch_size: 10.0000 (10.0000)  lr: 0.0000 (0.0000)  time: 0.711059  data: 0.000349  max mem: 11928
I20260825 13:52:00 3626304 mum utils.py:218] Training  [58350/60000]  eta: 0:19:39  loss: 0.3223 (0.3159)  grad: 0.2023 (0.2057)  batch_size: 10.0000 (10.0000)  lr: 0.0000 (0.0000)  time: 0.702291  data: 0.000341  max mem: 11928
I20260825 13:52:35 3626304 mum utils.py:218] Training  [58400/60000]  eta: 0:19:03  loss: 0.3093 (0.3159)  grad: 0.2003 (0.2057)  batch_size: 10.0000 (10.0000)  lr: 0.0000 (0.0000)  time: 0.703603  data: 0.000309  max mem: 11928
I20260825 13:53:11 3626304 mum utils.py:218] Training  [58450/60000]  eta: 0:18:27  loss: 0.3097 (0.3159)  grad: 0.2063 (0.2057)  batch_size: 10.0000 (10.0000)  lr: 0.0000 (0.0000)  time: 0.703104  data: 0.000345  max mem: 11928
I20260825 13:53:46 3626304 mum utils.py:218] Training  [58500/60000]  eta: 0:17:51  loss: 0.3289 (0.3159)  grad: 0.1992 (0.2056)  batch_size: 10.0000 (10.0000)  lr: 0.0000 (0.0000)  time: 0.702601  data: 0.000312  max mem: 11928
I20260825 13:54:21 3626304 mum utils.py:218] Training  [58550/60000]  eta: 0:17:15  loss: 0.3023 (0.3159)  grad: 0.2028 (0.2056)  batch_size: 10.0000 (10.0000)  lr: 0.0000 (0.0000)  time: 0.704423  data: 0.000326  max mem: 11928
I20260825 13:54:56 3626304 mum utils.py:218] Training  [58600/60000]  eta: 0:16:40  loss: 0.3176 (0.3159)  grad: 0.2013 (0.2056)  batch_size: 10.0000 (10.0000)  lr: 0.0000 (0.0000)  time: 0.704221  data: 0.000331  max mem: 11928
I20260825 13:55:31 3626304 mum utils.py:218] Training  [58650/60000]  eta: 0:16:04  loss: 0.3361 (0.3159)  grad: 0.2020 (0.2056)  batch_size: 10.0000 (10.0000)  lr: 0.0000 (0.0000)  time: 0.704099  data: 0.000325  max mem: 11928
I20260825 13:56:07 3626304 mum utils.py:218] Training  [58700/60000]  eta: 0:15:28  loss: 0.3084 (0.3159)  grad: 0.1981 (0.2057)  batch_size: 10.0000 (10.0000)  lr: 0.0000 (0.0000)  time: 0.704368  data: 0.000333  max mem: 11928
I20260825 13:56:42 3626304 mum utils.py:218] Training  [58750/60000]  eta: 0:14:52  loss: 0.3110 (0.3158)  grad: 0.2040 (0.2057)  batch_size: 10.0000 (10.0000)  lr: 0.0000 (0.0000)  time: 0.705382  data: 0.000346  max mem: 11928
I20260825 13:57:17 3626304 mum utils.py:218] Training  [58800/60000]  eta: 0:14:17  loss: 0.3304 (0.3159)  grad: 0.2094 (0.2057)  batch_size: 10.0000 (10.0000)  lr: 0.0000 (0.0000)  time: 0.704363  data: 0.000332  max mem: 11928
I20260825 13:57:52 3626304 mum utils.py:218] Training  [58850/60000]  eta: 0:13:41  loss: 0.3047 (0.3159)  grad: 0.2079 (0.2056)  batch_size: 10.0000 (10.0000)  lr: 0.0000 (0.0000)  time: 0.704507  data: 0.000328  max mem: 11928
I20260825 13:58:28 3626304 mum utils.py:218] Training  [58900/60000]  eta: 0:13:05  loss: 0.3233 (0.3159)  grad: 0.2006 (0.2057)  batch_size: 10.0000 (10.0000)  lr: 0.0000 (0.0000)  time: 0.704937  data: 0.000326  max mem: 11928
I20260825 13:59:03 3626304 mum utils.py:218] Training  [58950/60000]  eta: 0:12:29  loss: 0.3016 (0.3159)  grad: 0.1979 (0.2056)  batch_size: 10.0000 (10.0000)  lr: 0.0000 (0.0000)  time: 0.704428  data: 0.000333  max mem: 11928
I20260825 13:59:38 3626304 mum utils.py:218] Training  [59000/60000]  eta: 0:11:53  loss: 0.2971 (0.3159)  grad: 0.1937 (0.2056)  batch_size: 10.0000 (10.0000)  lr: 0.0000 (0.0000)  time: 0.703651  data: 0.000360  max mem: 11928
I20260825 14:00:13 3626304 mum utils.py:218] Training  [59050/60000]  eta: 0:11:18  loss: 0.3008 (0.3159)  grad: 0.2049 (0.2056)  batch_size: 10.0000 (10.0000)  lr: 0.0000 (0.0000)  time: 0.705511  data: 0.000327  max mem: 11928
I20260825 14:00:49 3626304 mum utils.py:218] Training  [59100/60000]  eta: 0:10:42  loss: 0.3068 (0.3159)  grad: 0.1994 (0.2056)  batch_size: 10.0000 (10.0000)  lr: 0.0000 (0.0000)  time: 0.705210  data: 0.000318  max mem: 11928
I20260825 14:01:24 3626304 mum utils.py:218] Training  [59150/60000]  eta: 0:10:06  loss: 0.3184 (0.3159)  grad: 0.1965 (0.2056)  batch_size: 10.0000 (10.0000)  lr: 0.0000 (0.0000)  time: 0.705858  data: 0.000331  max mem: 11928
I20260825 14:01:59 3626304 mum utils.py:218] Training  [59200/60000]  eta: 0:09:31  loss: 0.3134 (0.3158)  grad: 0.2050 (0.2055)  batch_size: 10.0000 (10.0000)  lr: 0.0000 (0.0000)  time: 0.707392  data: 0.000319  max mem: 11928
I20260825 14:02:35 3626304 mum utils.py:218] Training  [59250/60000]  eta: 0:08:55  loss: 0.3185 (0.3158)  grad: 0.1968 (0.2055)  batch_size: 10.0000 (10.0000)  lr: 0.0000 (0.0000)  time: 0.706918  data: 0.000326  max mem: 11928
I20260825 14:03:10 3626304 mum utils.py:218] Training  [59300/60000]  eta: 0:08:19  loss: 0.3037 (0.3158)  grad: 0.2076 (0.2055)  batch_size: 10.0000 (10.0000)  lr: 0.0000 (0.0000)  time: 0.705999  data: 0.000316  max mem: 11928
I20260825 14:03:45 3626304 mum utils.py:218] Training  [59350/60000]  eta: 0:07:43  loss: 0.3225 (0.3158)  grad: 0.2038 (0.2055)  batch_size: 10.0000 (10.0000)  lr: 0.0000 (0.0000)  time: 0.707519  data: 0.000358  max mem: 11928
I20260825 14:04:21 3626304 mum utils.py:218] Training  [59400/60000]  eta: 0:07:08  loss: 0.3100 (0.3158)  grad: 0.2021 (0.2055)  batch_size: 10.0000 (10.0000)  lr: 0.0000 (0.0000)  time: 0.708416  data: 0.000352  max mem: 11928
I20260825 14:04:56 3626304 mum utils.py:218] Training  [59450/60000]  eta: 0:06:32  loss: 0.3163 (0.3158)  grad: 0.1985 (0.2055)  batch_size: 10.0000 (10.0000)  lr: 0.0000 (0.0000)  time: 0.706682  data: 0.000370  max mem: 11928
I20260825 14:05:31 3626304 mum utils.py:218] Training  [59500/60000]  eta: 0:05:56  loss: 0.3144 (0.3158)  grad: 0.2054 (0.2055)  batch_size: 10.0000 (10.0000)  lr: 0.0000 (0.0000)  time: 0.707480  data: 0.000325  max mem: 11928
I20260825 14:06:07 3626304 mum utils.py:218] Training  [59550/60000]  eta: 0:05:21  loss: 0.3334 (0.3158)  grad: 0.1956 (0.2055)  batch_size: 10.0000 (10.0000)  lr: 0.0000 (0.0000)  time: 0.708793  data: 0.000327  max mem: 11928
I20260825 14:06:42 3626304 mum utils.py:218] Training  [59600/60000]  eta: 0:04:45  loss: 0.3162 (0.3158)  grad: 0.2012 (0.2055)  batch_size: 10.0000 (10.0000)  lr: 0.0000 (0.0000)  time: 0.706727  data: 0.000323  max mem: 11928
I20260825 14:07:17 3626304 mum utils.py:218] Training  [59650/60000]  eta: 0:04:09  loss: 0.3159 (0.3158)  grad: 0.1971 (0.2055)  batch_size: 10.0000 (10.0000)  lr: 0.0000 (0.0000)  time: 0.707318  data: 0.000350  max mem: 11928
I20260825 14:07:53 3626304 mum utils.py:218] Training  [59700/60000]  eta: 0:03:34  loss: 0.3254 (0.3158)  grad: 0.2056 (0.2055)  batch_size: 10.0000 (10.0000)  lr: 0.0000 (0.0000)  time: 0.707934  data: 0.000374  max mem: 11928
I20260825 14:08:28 3626304 mum utils.py:218] Training  [59750/60000]  eta: 0:02:58  loss: 0.3018 (0.3158)  grad: 0.2028 (0.2055)  batch_size: 10.0000 (10.0000)  lr: 0.0000 (0.0000)  time: 0.708253  data: 0.000324  max mem: 11928
I20260825 14:09:04 3626304 mum utils.py:218] Training  [59800/60000]  eta: 0:02:22  loss: 0.3156 (0.3157)  grad: 0.1951 (0.2055)  batch_size: 10.0000 (10.0000)  lr: 0.0000 (0.0000)  time: 0.707515  data: 0.000299  max mem: 11928
I20260825 14:09:39 3626304 mum utils.py:218] Training  [59850/60000]  eta: 0:01:47  loss: 0.3103 (0.3157)  grad: 0.2011 (0.2055)  batch_size: 10.0000 (10.0000)  lr: 0.0000 (0.0000)  time: 0.708437  data: 0.000351  max mem: 11928
I20260825 14:10:14 3626304 mum utils.py:218] Training  [59900/60000]  eta: 0:01:11  loss: 0.3124 (0.3157)  grad: 0.2025 (0.2054)  batch_size: 10.0000 (10.0000)  lr: 0.0000 (0.0000)  time: 0.708009  data: 0.000315  max mem: 11928
I20260825 14:10:50 3626304 mum utils.py:218] Training  [59950/60000]  eta: 0:00:35  loss: 0.3185 (0.3157)  grad: 0.2036 (0.2055)  batch_size: 10.0000 (10.0000)  lr: 0.0000 (0.0000)  time: 0.707639  data: 0.000319  max mem: 11928
Launching eval: fast
Created dir /data1/Taohy/ModelReshow/modelReShow/MuM/checkpoints_traveluav_256/eval/training_59999/fast
I20260825 14:11:27 3626304 mum train.py:81] Saved eval cfg /data1/Taohy/ModelReshow/modelReShow/MuM/checkpoints_traveluav_256/eval/training_59999/fast/eval_cfg.yaml
I20260825 14:11:27 3626304 mum train.py:87] Launched eval fast
Launching eval: slow
Created dir /data1/Taohy/ModelReshow/modelReShow/MuM/checkpoints_traveluav_256/eval/training_59999/slow
I20260825 14:11:31 3626304 mum train.py:81] Saved eval cfg /data1/Taohy/ModelReshow/modelReShow/MuM/checkpoints_traveluav_256/eval/training_59999/slow/eval_cfg.yaml
I20260825 14:11:31 3626304 mum train.py:87] Launched eval slow
I20260825 14:11:31 3626304 mum utils.py:218] Training  [59999/60000]  eta: 0:00:00  loss: 0.3202 (0.3158)  grad: 0.1989 (0.2055)  batch_size: 10.0000 (10.0000)  lr: 0.0000 (0.0000)  time: 1.017841  data: 0.000319  max mem: 11928
I20260825 14:11:31 3626304 mum utils.py:246] Training Total time: 2:22:47 (0.142788 s / it)
Training time 2:22:47
[1;34mwandb[0m: 
[1;34mwandb[0m: 🚀 View run [33mtraveluav_256_4gpu[0m at: [34mhttps://wandb.ai/3222703726-huazhong-university-of-science-and-technology/MuM/runs/b0cwrkj3[0m
[1;34mwandb[0m: Find logs at: [1;35mwandb/run-20260825_114830-b0cwrkj3/logs[0m
[rank0]:[W825 14:11:39.722147617 ProcessGroupNCCL.cpp:1479] Warning: WARNING: destroy_process_group() was not called before program exit, which can leak resources. For more info, please see https://pytorch.org/docs/stable/distributed.html#shutdown (function operator())
