26-09-05 12:28:15.721 - INFO:   name: COCO_MSRS_MCUD_demo
  model: MUCMTransformer
  track_wandb: True
  wandb_project: DeFusion-plusplus
  wandb_entity: 3222703726-huazhong-university-of-science-and-technology
  use_tb_logger: False
  dataset:[
    train:[
      name: train
      noise_dataroot: /data1/Taohy/dataset/COCO
      noise_trainpairs: data/coco_train2017_train_data.txt
      train_name: train2017
      batch_size: 4
      image_size: 224
      max_iter: 40
      iter_size: 1
      workers: 2
      irvis_dataroot: /data1/Taohy/dataset/MSRS
      infrare_name: train/ir
      visible_name: train/vi
      teacher1_pth: /data1/Taohy/ModelReshow/modelReShow/DeFusion-plusplus-complete/pretrained/mae_flir_vit_base.pth
      teacher2_pth: /data1/Taohy/ModelReshow/modelReShow/DeFusion-plusplus-complete/pretrained/mae_pretrain_vit_base.pth
      phase: train
    ]
    val:[
      name: val
      noise_dataroot: /data1/Taohy/dataset/MSRS
      noise_trainpairs: data/msrs_test_ir_val_data.txt
      train_name: test/ir
      batch_size: 4
      image_size: 224
      iter_size: 1
      max_iter: 40
      workers: 2
      val_batches: 50
      irvis_dataroot: /data1/Taohy/dataset/MSRS
      infrare_name: test/ir
      visible_name: test/vi
      phase: val
    ]
  ]
  network_G:[
    in_nc: 3
    block_num: 2
    init: xavier
    hidden_channels: 128
    K: 4
  ]
  path:[
    pretrain_model_G: None
    strict_load: True
    resume_state: None
    root: /data1/Taohy/ModelReshow/modelReShow/DeFusion-plusplus-complete
    experiments_root: /data1/Taohy/ModelReshow/modelReShow/DeFusion-plusplus-complete/experiments/COCO_MSRS_MCUD_demo
    models: /data1/Taohy/ModelReshow/modelReShow/DeFusion-plusplus-complete/experiments/COCO_MSRS_MCUD_demo/models
    training_state: /data1/Taohy/ModelReshow/modelReShow/DeFusion-plusplus-complete/experiments/COCO_MSRS_MCUD_demo/training_state
    log: /data1/Taohy/ModelReshow/modelReShow/DeFusion-plusplus-complete/experiments/COCO_MSRS_MCUD_demo
    val_images: /data1/Taohy/ModelReshow/modelReShow/DeFusion-plusplus-complete/experiments/COCO_MSRS_MCUD_demo/val_images
  ]
  logger:[
    print_freq: 20
    save_checkpoint_freq: 5000
  ]
  train:[
    lr: 0.0001
    min_lr: 0.0
    warmup_steps: 2000
    steps: 20000
    checkpoint_steps: 5000
    log_steps: 20
    beta1: 0.9
    beta2: 0.999
    max_grad_norm: 20
    manual_seed: 1
  ]
  is_train: True

26-09-05 12:28:16.182 - INFO: Number of CUD train images: 50,000
26-09-05 12:28:16.183 - INFO: Number of MCUD train pairs: 1,083
26-09-05 12:28:47.460 - INFO: # network parameters: 237609344
26-09-05 12:28:47.461 - INFO: Start training: 20000 steps, warmup 2000 steps, log every 20 steps, checkpoint every 5000 steps
26-09-05 12:28:51.802 - INFO: <step:     0, lr:0.000e+00> cud_total: 4.1849e+02 mcud_total: 2.4577e+00 loss: 4.2095e+02 grad: 1.9142e+02
26-09-05 12:28:57.184 - INFO: <step:    20, lr:1.000e-06> cud_total: 4.2388e+02 mcud_total: 2.3853e+00 loss: 4.2627e+02 grad: 1.8006e+02
26-09-05 12:29:15.231 - INFO: <step:    40, lr:2.000e-06> cud_total: 4.0815e+02 mcud_total: 2.4491e+00 loss: 4.1059e+02 grad: 1.5884e+02
26-09-05 12:29:44.460 - INFO: <step:    60, lr:3.000e-06> cud_total: 3.9643e+02 mcud_total: 2.2941e+00 loss: 3.9873e+02 grad: 1.4299e+02
26-09-05 12:30:05.334 - INFO: <step:    80, lr:4.000e-06> cud_total: 3.9738e+02 mcud_total: 2.2852e+00 loss: 3.9966e+02 grad: 1.5728e+02
26-09-05 12:30:18.600 - INFO: <step:   100, lr:5.000e-06> cud_total: 3.8831e+02 mcud_total: 2.3721e+00 loss: 3.9068e+02 grad: 1.7571e+02
26-09-05 12:30:37.334 - INFO: <step:   120, lr:6.000e-06> cud_total: 3.8467e+02 mcud_total: 2.1564e+00 loss: 3.8683e+02 grad: 9.7996e+01
26-09-05 12:31:01.315 - INFO: <step:   140, lr:7.000e-06> cud_total: 3.6328e+02 mcud_total: 2.3110e+00 loss: 3.6559e+02 grad: 8.6239e+01
26-09-05 12:31:10.732 - INFO: <step:   160, lr:8.000e-06> cud_total: 3.4603e+02 mcud_total: 2.2494e+00 loss: 3.4828e+02 grad: 8.0445e+01
26-09-05 12:31:15.159 - INFO: <step:   180, lr:9.000e-06> cud_total: 3.3283e+02 mcud_total: 2.0881e+00 loss: 3.3491e+02 grad: 8.3314e+01
26-09-05 12:31:19.530 - INFO: <step:   200, lr:1.000e-05> cud_total: 3.1207e+02 mcud_total: 1.7309e+00 loss: 3.1380e+02 grad: 7.8426e+01
26-09-05 12:31:24.024 - INFO: <step:   220, lr:1.100e-05> cud_total: 2.9257e+02 mcud_total: 1.8203e+00 loss: 2.9439e+02 grad: 7.3055e+01
26-09-05 12:31:28.540 - INFO: <step:   240, lr:1.200e-05> cud_total: 2.8369e+02 mcud_total: 1.5737e+00 loss: 2.8526e+02 grad: 6.1913e+01
26-09-05 12:31:32.872 - INFO: <step:   260, lr:1.300e-05> cud_total: 2.7339e+02 mcud_total: 1.4947e+00 loss: 2.7488e+02 grad: 7.4969e+01
26-09-05 12:31:38.321 - INFO: <step:   280, lr:1.400e-05> cud_total: 2.5470e+02 mcud_total: 1.4195e+00 loss: 2.5612e+02 grad: 6.3545e+01
26-09-05 12:31:42.716 - INFO: <step:   300, lr:1.500e-05> cud_total: 2.2540e+02 mcud_total: 1.1525e+00 loss: 2.2656e+02 grad: 6.6669e+01
26-09-05 12:31:47.024 - INFO: <step:   320, lr:1.600e-05> cud_total: 2.2963e+02 mcud_total: 1.1466e+00 loss: 2.3078e+02 grad: 7.3564e+01
26-09-05 12:31:51.318 - INFO: <step:   340, lr:1.700e-05> cud_total: 2.1060e+02 mcud_total: 1.1431e+00 loss: 2.1175e+02 grad: 8.2309e+01
26-09-05 12:31:55.632 - INFO: <step:   360, lr:1.800e-05> cud_total: 1.9026e+02 mcud_total: 9.6251e-01 loss: 1.9122e+02 grad: 6.5493e+01
26-09-05 12:31:59.928 - INFO: <step:   380, lr:1.900e-05> cud_total: 1.8472e+02 mcud_total: 9.2366e-01 loss: 1.8564e+02 grad: 5.1678e+01
26-09-05 12:32:04.226 - INFO: <step:   400, lr:2.000e-05> cud_total: 1.8478e+02 mcud_total: 9.0089e-01 loss: 1.8568e+02 grad: 5.0722e+01
26-09-05 12:32:08.299 - INFO: <step:   420, lr:2.100e-05> cud_total: 1.8012e+02 mcud_total: 8.3338e-01 loss: 1.8095e+02 grad: 1.0759e+02
26-09-05 12:32:12.369 - INFO: <step:   440, lr:2.200e-05> cud_total: 1.7180e+02 mcud_total: 7.9106e-01 loss: 1.7260e+02 grad: 1.1896e+02
26-09-05 12:32:16.431 - INFO: <step:   460, lr:2.300e-05> cud_total: 1.7663e+02 mcud_total: 8.2426e-01 loss: 1.7746e+02 grad: 2.5268e+02
26-09-05 12:32:20.507 - INFO: <step:   480, lr:2.400e-05> cud_total: 1.8345e+02 mcud_total: 7.7044e-01 loss: 1.8422e+02 grad: 1.0371e+02
26-09-05 12:32:24.687 - INFO: <step:   500, lr:2.500e-05> cud_total: 1.6664e+02 mcud_total: 7.7617e-01 loss: 1.6742e+02 grad: 1.3405e+02
26-09-05 12:32:29.004 - INFO: <step:   520, lr:2.600e-05> cud_total: 1.5901e+02 mcud_total: 7.9126e-01 loss: 1.5980e+02 grad: 5.5324e+01
26-09-05 12:32:33.051 - INFO: <step:   540, lr:2.700e-05> cud_total: 1.7378e+02 mcud_total: 7.3977e-01 loss: 1.7452e+02 grad: 4.9276e+01
26-09-05 12:32:37.483 - INFO: <step:   560, lr:2.800e-05> cud_total: 1.6346e+02 mcud_total: 7.2210e-01 loss: 1.6418e+02 grad: 2.1637e+02
26-09-05 12:32:41.509 - INFO: <step:   580, lr:2.900e-05> cud_total: 1.5292e+02 mcud_total: 6.9309e-01 loss: 1.5361e+02 grad: 1.0842e+02
26-09-05 12:32:46.248 - INFO: <step:   600, lr:3.000e-05> cud_total: 1.6216e+02 mcud_total: 7.3694e-01 loss: 1.6290e+02 grad: 7.2316e+01
26-09-05 12:32:51.618 - INFO: <step:   620, lr:3.100e-05> cud_total: 1.5463e+02 mcud_total: 7.1165e-01 loss: 1.5534e+02 grad: 1.2055e+02
26-09-05 12:33:02.020 - INFO: <step:   640, lr:3.200e-05> cud_total: 1.5686e+02 mcud_total: 7.3023e-01 loss: 1.5759e+02 grad: 5.3547e+02
26-09-05 12:33:14.778 - INFO: <step:   660, lr:3.300e-05> cud_total: 1.5518e+02 mcud_total: 7.0319e-01 loss: 1.5588e+02 grad: 1.6579e+02
26-09-05 12:33:24.753 - INFO: <step:   680, lr:3.400e-05> cud_total: 1.4442e+02 mcud_total: 6.9393e-01 loss: 1.4511e+02 grad: 7.8263e+01
26-09-05 12:33:33.679 - INFO: <step:   700, lr:3.500e-05> cud_total: 1.4494e+02 mcud_total: 7.0492e-01 loss: 1.4564e+02 grad: 1.0126e+02
26-09-05 12:33:39.260 - INFO: <step:   720, lr:3.600e-05> cud_total: 1.4805e+02 mcud_total: 6.6368e-01 loss: 1.4872e+02 grad: 3.1343e+02
26-09-05 12:33:46.595 - INFO: <step:   740, lr:3.700e-05> cud_total: 1.4041e+02 mcud_total: 6.8705e-01 loss: 1.4109e+02 grad: 8.0950e+01
26-09-05 12:34:02.672 - INFO: <step:   760, lr:3.800e-05> cud_total: 1.4129e+02 mcud_total: 7.0101e-01 loss: 1.4199e+02 grad: 9.3378e+02
26-09-05 12:34:16.158 - INFO: <step:   780, lr:3.900e-05> cud_total: 1.4428e+02 mcud_total: 6.8020e-01 loss: 1.4496e+02 grad: 2.2332e+02
26-09-05 12:34:28.193 - INFO: <step:   800, lr:4.000e-05> cud_total: 1.4648e+02 mcud_total: 6.8339e-01 loss: 1.4717e+02 grad: 1.1898e+03
26-09-05 12:34:40.621 - INFO: <step:   820, lr:4.100e-05> cud_total: 1.3625e+02 mcud_total: 6.9988e-01 loss: 1.3695e+02 grad: 1.1038e+03
26-09-05 12:34:51.014 - INFO: <step:   840, lr:4.200e-05> cud_total: 1.3206e+02 mcud_total: 6.6883e-01 loss: 1.3273e+02 grad: 8.3254e+01
26-09-05 12:35:02.153 - INFO: <step:   860, lr:4.300e-05> cud_total: 1.2883e+02 mcud_total: 6.6818e-01 loss: 1.2950e+02 grad: 1.8365e+02
26-09-05 12:35:14.985 - INFO: <step:   880, lr:4.400e-05> cud_total: 1.2310e+02 mcud_total: 6.7226e-01 loss: 1.2377e+02 grad: 9.1303e+02
26-09-05 12:35:26.132 - INFO: <step:   900, lr:4.500e-05> cud_total: 1.3256e+02 mcud_total: 6.3554e-01 loss: 1.3320e+02 grad: 2.3134e+02
26-09-05 12:35:37.310 - INFO: <step:   920, lr:4.600e-05> cud_total: 1.1781e+02 mcud_total: 6.5964e-01 loss: 1.1847e+02 grad: 4.0344e+02
26-09-05 12:35:48.098 - INFO: <step:   940, lr:4.700e-05> cud_total: 1.2392e+02 mcud_total: 6.6387e-01 loss: 1.2458e+02 grad: 3.1908e+02
26-09-05 12:35:59.850 - INFO: <step:   960, lr:4.800e-05> cud_total: 1.2139e+02 mcud_total: 6.7238e-01 loss: 1.2206e+02 grad: 2.6544e+02
26-09-05 12:36:07.975 - INFO: <step:   980, lr:4.900e-05> cud_total: 1.1436e+02 mcud_total: 6.9153e-01 loss: 1.1505e+02 grad: 9.9032e+02
26-09-05 12:36:19.796 - INFO: <step:  1000, lr:5.000e-05> cud_total: 1.1171e+02 mcud_total: 6.7466e-01 loss: 1.1238e+02 grad: 1.8607e+02
26-09-05 12:36:32.132 - INFO: <step:  1020, lr:5.100e-05> cud_total: 1.0335e+02 mcud_total: 6.5987e-01 loss: 1.0401e+02 grad: 8.4990e+02
26-09-05 12:36:43.076 - INFO: <step:  1040, lr:5.200e-05> cud_total: 1.1700e+02 mcud_total: 6.8380e-01 loss: 1.1768e+02 grad: 1.6226e+02
26-09-05 12:36:56.545 - INFO: <step:  1060, lr:5.300e-05> cud_total: 1.0975e+02 mcud_total: 6.4799e-01 loss: 1.1040e+02 grad: 1.9325e+02
26-09-05 12:37:04.407 - INFO: <step:  1080, lr:5.400e-05> cud_total: 1.1464e+02 mcud_total: 6.4574e-01 loss: 1.1528e+02 grad: 3.1860e+02
26-09-05 12:37:12.582 - INFO: <step:  1100, lr:5.500e-05> cud_total: 9.9647e+01 mcud_total: 6.5604e-01 loss: 1.0030e+02 grad: 3.4518e+02
26-09-05 12:37:22.447 - INFO: <step:  1120, lr:5.600e-05> cud_total: 1.1882e+02 mcud_total: 6.9993e-01 loss: 1.1952e+02 grad: 2.3324e+02
26-09-05 12:37:28.998 - INFO: <step:  1140, lr:5.700e-05> cud_total: 9.6009e+01 mcud_total: 6.4929e-01 loss: 9.6658e+01 grad: 2.2946e+02
26-09-05 12:37:36.718 - INFO: <step:  1160, lr:5.800e-05> cud_total: 8.4163e+01 mcud_total: 6.5788e-01 loss: 8.4820e+01 grad: 3.8756e+02
26-09-05 12:37:45.221 - INFO: <step:  1180, lr:5.900e-05> cud_total: 1.1637e+02 mcud_total: 7.1402e-01 loss: 1.1708e+02 grad: 6.2180e+02
26-09-05 12:37:54.099 - INFO: <step:  1200, lr:6.000e-05> cud_total: 1.0517e+02 mcud_total: 6.7865e-01 loss: 1.0584e+02 grad: 6.8958e+02
26-09-05 12:38:00.831 - INFO: <step:  1220, lr:6.100e-05> cud_total: 1.1109e+02 mcud_total: 6.4019e-01 loss: 1.1173e+02 grad: 8.2386e+02
26-09-05 12:38:06.087 - INFO: <step:  1240, lr:6.200e-05> cud_total: 9.0869e+01 mcud_total: 6.5821e-01 loss: 9.1527e+01 grad: 3.3940e+02
26-09-05 12:38:10.514 - INFO: <step:  1260, lr:6.300e-05> cud_total: 8.8833e+01 mcud_total: 6.4266e-01 loss: 8.9475e+01 grad: 4.7182e+02
26-09-05 12:38:15.354 - INFO: <step:  1280, lr:6.400e-05> cud_total: 1.0186e+02 mcud_total: 6.1692e-01 loss: 1.0247e+02 grad: 8.5367e+02
26-09-05 12:38:21.009 - INFO: <step:  1300, lr:6.500e-05> cud_total: 8.4947e+01 mcud_total: 6.4691e-01 loss: 8.5594e+01 grad: 1.2594e+03
26-09-05 12:38:27.631 - INFO: <step:  1320, lr:6.600e-05> cud_total: 1.0306e+02 mcud_total: 7.0130e-01 loss: 1.0376e+02 grad: 6.0486e+02
26-09-05 12:38:35.745 - INFO: <step:  1340, lr:6.700e-05> cud_total: 1.0616e+02 mcud_total: 6.5711e-01 loss: 1.0682e+02 grad: 8.6762e+02
26-09-05 12:38:40.936 - INFO: <step:  1360, lr:6.800e-05> cud_total: 8.4938e+01 mcud_total: 6.3394e-01 loss: 8.5572e+01 grad: 9.3983e+02
26-09-05 12:38:46.123 - INFO: <step:  1380, lr:6.900e-05> cud_total: 8.2450e+01 mcud_total: 6.7117e-01 loss: 8.3121e+01 grad: 2.0128e+02
26-09-05 12:38:51.857 - INFO: <step:  1400, lr:7.000e-05> cud_total: 8.5857e+01 mcud_total: 6.5159e-01 loss: 8.6509e+01 grad: 8.5126e+02
26-09-05 12:38:58.830 - INFO: <step:  1420, lr:7.100e-05> cud_total: 9.4227e+01 mcud_total: 6.3747e-01 loss: 9.4864e+01 grad: 4.7166e+02
26-09-05 12:39:06.455 - INFO: <step:  1440, lr:7.200e-05> cud_total: 1.1252e+02 mcud_total: 6.3543e-01 loss: 1.1315e+02 grad: 5.6472e+02
26-09-05 12:39:11.052 - INFO: <step:  1460, lr:7.300e-05> cud_total: 8.3473e+01 mcud_total: 6.4823e-01 loss: 8.4121e+01 grad: 6.4311e+02
26-09-05 12:39:15.439 - INFO: <step:  1480, lr:7.400e-05> cud_total: 9.1145e+01 mcud_total: 6.1906e-01 loss: 9.1764e+01 grad: 3.1405e+02
26-09-05 12:39:20.033 - INFO: <step:  1500, lr:7.500e-05> cud_total: 7.2838e+01 mcud_total: 6.3992e-01 loss: 7.3477e+01 grad: 6.5373e+02
26-09-05 12:39:24.393 - INFO: <step:  1520, lr:7.600e-05> cud_total: 8.4762e+01 mcud_total: 6.1051e-01 loss: 8.5373e+01 grad: 2.1154e+02
26-09-05 12:39:28.667 - INFO: <step:  1540, lr:7.700e-05> cud_total: 6.4751e+01 mcud_total: 6.3490e-01 loss: 6.5386e+01 grad: 4.8256e+02
26-09-05 12:39:34.246 - INFO: <step:  1560, lr:7.800e-05> cud_total: 7.4374e+01 mcud_total: 6.1012e-01 loss: 7.4984e+01 grad: 2.7550e+02
26-09-05 12:39:45.052 - INFO: <step:  1580, lr:7.900e-05> cud_total: 6.6666e+01 mcud_total: 6.1845e-01 loss: 6.7284e+01 grad: 2.5646e+02
26-09-05 12:39:58.321 - INFO: <step:  1600, lr:8.000e-05> cud_total: 5.2472e+01 mcud_total: 6.3009e-01 loss: 5.3103e+01 grad: 5.3680e+02
26-09-05 12:40:08.667 - INFO: <step:  1620, lr:8.100e-05> cud_total: 5.2319e+01 mcud_total: 6.3166e-01 loss: 5.2951e+01 grad: 6.3497e+02
26-09-05 12:40:16.127 - INFO: <step:  1640, lr:8.200e-05> cud_total: 9.4129e+01 mcud_total: 6.3547e-01 loss: 9.4765e+01 grad: 1.1181e+03
26-09-05 12:40:21.790 - INFO: <step:  1660, lr:8.300e-05> cud_total: 7.2717e+01 mcud_total: 6.6100e-01 loss: 7.3378e+01 grad: 3.9334e+02
26-09-05 12:40:26.189 - INFO: <step:  1680, lr:8.400e-05> cud_total: 5.5340e+01 mcud_total: 6.0602e-01 loss: 5.5946e+01 grad: 5.6129e+02
26-09-05 12:40:30.467 - INFO: <step:  1700, lr:8.500e-05> cud_total: 9.5411e+01 mcud_total: 6.1346e-01 loss: 9.6024e+01 grad: 3.2033e+02
26-09-05 12:40:34.799 - INFO: <step:  1720, lr:8.600e-05> cud_total: 9.0569e+01 mcud_total: 6.1599e-01 loss: 9.1185e+01 grad: 5.6144e+02
26-09-05 12:40:39.124 - INFO: <step:  1740, lr:8.700e-05> cud_total: 7.0004e+01 mcud_total: 6.2309e-01 loss: 7.0628e+01 grad: 4.1661e+02
26-09-05 12:40:44.199 - INFO: <step:  1760, lr:8.800e-05> cud_total: 6.2073e+01 mcud_total: 5.9441e-01 loss: 6.2667e+01 grad: 5.3015e+02
26-09-05 12:40:51.441 - INFO: <step:  1780, lr:8.900e-05> cud_total: 7.4314e+01 mcud_total: 5.9942e-01 loss: 7.4914e+01 grad: 3.2993e+02
26-09-05 12:41:05.920 - INFO: <step:  1800, lr:9.000e-05> cud_total: 8.1525e+01 mcud_total: 6.5870e-01 loss: 8.2184e+01 grad: 8.4296e+02
26-09-05 12:41:15.813 - INFO: <step:  1820, lr:9.100e-05> cud_total: 6.0355e+01 mcud_total: 5.9888e-01 loss: 6.0954e+01 grad: 3.3063e+02
26-09-05 12:41:24.809 - INFO: <step:  1840, lr:9.200e-05> cud_total: 5.9225e+01 mcud_total: 6.0555e-01 loss: 5.9831e+01 grad: 3.5137e+02
26-09-05 12:41:33.460 - INFO: <step:  1860, lr:9.300e-05> cud_total: 6.2533e+01 mcud_total: 6.0998e-01 loss: 6.3143e+01 grad: 2.3154e+02
26-09-05 12:41:39.960 - INFO: <step:  1880, lr:9.400e-05> cud_total: 4.9194e+01 mcud_total: 6.5442e-01 loss: 4.9848e+01 grad: 6.7613e+02
26-09-05 12:41:44.775 - INFO: <step:  1900, lr:9.500e-05> cud_total: 6.9368e+01 mcud_total: 5.8448e-01 loss: 6.9952e+01 grad: 3.5920e+02
26-09-05 12:41:49.278 - INFO: <step:  1920, lr:9.600e-05> cud_total: 4.2806e+01 mcud_total: 5.7856e-01 loss: 4.3385e+01 grad: 5.0560e+02
26-09-05 12:41:53.791 - INFO: <step:  1940, lr:9.700e-05> cud_total: 6.1630e+01 mcud_total: 6.3260e-01 loss: 6.2263e+01 grad: 7.7225e+02
26-09-05 12:41:58.033 - INFO: <step:  1960, lr:9.800e-05> cud_total: 6.9800e+01 mcud_total: 6.6277e-01 loss: 7.0463e+01 grad: 3.6227e+02
26-09-05 12:42:02.279 - INFO: <step:  1980, lr:9.900e-05> cud_total: 6.1933e+01 mcud_total: 6.1466e-01 loss: 6.2548e+01 grad: 2.0793e+02
26-09-05 12:42:06.648 - INFO: <step:  2000, lr:1.000e-04> cud_total: 5.7731e+01 mcud_total: 6.2398e-01 loss: 5.8355e+01 grad: 6.4178e+02
26-09-05 12:42:10.865 - INFO: <step:  2020, lr:1.000e-04> cud_total: 8.5862e+01 mcud_total: 6.1027e-01 loss: 8.6472e+01 grad: 2.9832e+02
26-09-05 12:42:15.696 - INFO: <step:  2040, lr:1.000e-04> cud_total: 9.4186e+01 mcud_total: 6.1806e-01 loss: 9.4804e+01 grad: 3.4927e+02
26-09-05 12:42:19.873 - INFO: <step:  2060, lr:1.000e-04> cud_total: 6.9932e+01 mcud_total: 5.8548e-01 loss: 7.0518e+01 grad: 4.0051e+02
26-09-05 12:42:24.992 - INFO: <step:  2080, lr:1.000e-04> cud_total: 7.6970e+01 mcud_total: 5.9652e-01 loss: 7.7567e+01 grad: 6.9897e+02
26-09-05 12:42:29.222 - INFO: <step:  2100, lr:9.999e-05> cud_total: 6.8004e+01 mcud_total: 6.0656e-01 loss: 6.8611e+01 grad: 3.5341e+02
26-09-05 12:42:34.699 - INFO: <step:  2120, lr:9.999e-05> cud_total: 5.7432e+01 mcud_total: 5.9125e-01 loss: 5.8023e+01 grad: 4.5183e+02
26-09-05 12:42:40.135 - INFO: <step:  2140, lr:9.999e-05> cud_total: 6.1928e+01 mcud_total: 6.0085e-01 loss: 6.2528e+01 grad: 4.6162e+02
26-09-05 12:42:48.059 - INFO: <step:  2160, lr:9.998e-05> cud_total: 6.4887e+01 mcud_total: 6.1859e-01 loss: 6.5506e+01 grad: 9.0695e+02
26-09-05 12:42:55.016 - INFO: <step:  2180, lr:9.998e-05> cud_total: 8.2613e+01 mcud_total: 6.0982e-01 loss: 8.3223e+01 grad: 5.6521e+02
26-09-05 12:42:59.812 - INFO: <step:  2200, lr:9.997e-05> cud_total: 5.8957e+01 mcud_total: 5.9285e-01 loss: 5.9550e+01 grad: 4.9452e+02
26-09-05 12:43:04.443 - INFO: <step:  2220, lr:9.996e-05> cud_total: 6.3476e+01 mcud_total: 5.6746e-01 loss: 6.4043e+01 grad: 5.1138e+02
26-09-05 12:43:09.828 - INFO: <step:  2240, lr:9.996e-05> cud_total: 8.4229e+01 mcud_total: 5.6119e-01 loss: 8.4790e+01 grad: 4.3791e+02
26-09-05 12:43:20.385 - INFO: <step:  2260, lr:9.995e-05> cud_total: 1.0135e+02 mcud_total: 5.6932e-01 loss: 1.0192e+02 grad: 4.1630e+02
26-09-05 12:43:32.926 - INFO: <step:  2280, lr:9.994e-05> cud_total: 6.4497e+01 mcud_total: 5.8594e-01 loss: 6.5083e+01 grad: 4.6380e+02
26-09-05 12:43:44.056 - INFO: <step:  2300, lr:9.993e-05> cud_total: 8.0553e+01 mcud_total: 5.9348e-01 loss: 8.1147e+01 grad: 3.7782e+02
26-09-05 12:43:51.850 - INFO: <step:  2320, lr:9.992e-05> cud_total: 8.0717e+01 mcud_total: 5.8566e-01 loss: 8.1302e+01 grad: 1.7992e+02
26-09-05 12:43:56.743 - INFO: <step:  2340, lr:9.991e-05> cud_total: 5.1243e+01 mcud_total: 6.1933e-01 loss: 5.1862e+01 grad: 5.4990e+02
26-09-05 12:44:00.789 - INFO: <step:  2360, lr:9.990e-05> cud_total: 7.5340e+01 mcud_total: 5.7470e-01 loss: 7.5915e+01 grad: 2.2189e+02
26-09-05 12:44:04.855 - INFO: <step:  2380, lr:9.989e-05> cud_total: 9.3060e+01 mcud_total: 6.2074e-01 loss: 9.3681e+01 grad: 3.1184e+02
26-09-05 12:44:10.044 - INFO: <step:  2400, lr:9.988e-05> cud_total: 6.3310e+01 mcud_total: 5.9689e-01 loss: 6.3906e+01 grad: 3.3194e+02
26-09-05 12:44:19.369 - INFO: <step:  2420, lr:9.987e-05> cud_total: 6.9788e+01 mcud_total: 5.8655e-01 loss: 7.0374e+01 grad: 7.4485e+02
26-09-05 12:44:31.209 - INFO: <step:  2440, lr:9.985e-05> cud_total: 6.5872e+01 mcud_total: 5.9538e-01 loss: 6.6467e+01 grad: 4.5505e+02
26-09-05 12:44:44.731 - INFO: <step:  2460, lr:9.984e-05> cud_total: 7.4075e+01 mcud_total: 5.8849e-01 loss: 7.4664e+01 grad: 2.6822e+02
26-09-05 12:44:55.634 - INFO: <step:  2480, lr:9.982e-05> cud_total: 8.6778e+01 mcud_total: 5.8376e-01 loss: 8.7362e+01 grad: 2.3325e+02
26-09-05 12:45:09.462 - INFO: <step:  2500, lr:9.981e-05> cud_total: 6.1979e+01 mcud_total: 5.8174e-01 loss: 6.2561e+01 grad: 6.5117e+02
26-09-05 12:45:23.788 - INFO: <step:  2520, lr:9.979e-05> cud_total: 5.3501e+01 mcud_total: 5.6247e-01 loss: 5.4064e+01 grad: 7.5407e+02
26-09-05 12:45:36.252 - INFO: <step:  2540, lr:9.978e-05> cud_total: 7.8462e+01 mcud_total: 5.4900e-01 loss: 7.9011e+01 grad: 1.8262e+02
26-09-05 12:45:46.783 - INFO: <step:  2560, lr:9.976e-05> cud_total: 6.8556e+01 mcud_total: 5.8041e-01 loss: 6.9136e+01 grad: 2.5100e+02
26-09-05 12:45:57.842 - INFO: <step:  2580, lr:9.974e-05> cud_total: 6.1250e+01 mcud_total: 5.9655e-01 loss: 6.1846e+01 grad: 3.1519e+02
26-09-05 12:46:11.707 - INFO: <step:  2600, lr:9.973e-05> cud_total: 6.6273e+01 mcud_total: 5.8683e-01 loss: 6.6860e+01 grad: 6.3779e+02
26-09-05 12:46:21.510 - INFO: <step:  2620, lr:9.971e-05> cud_total: 7.5851e+01 mcud_total: 5.9093e-01 loss: 7.6442e+01 grad: 3.2100e+02
26-09-05 12:46:37.391 - INFO: <step:  2640, lr:9.969e-05> cud_total: 4.9359e+01 mcud_total: 5.4812e-01 loss: 4.9907e+01 grad: 2.9413e+02
26-09-05 12:46:45.089 - INFO: <step:  2660, lr:9.967e-05> cud_total: 7.5363e+01 mcud_total: 5.6171e-01 loss: 7.5925e+01 grad: 2.0698e+02
26-09-05 12:46:51.391 - INFO: <step:  2680, lr:9.965e-05> cud_total: 5.1883e+01 mcud_total: 6.4159e-01 loss: 5.2525e+01 grad: 3.8855e+02
26-09-05 12:47:03.466 - INFO: <step:  2700, lr:9.963e-05> cud_total: 5.8131e+01 mcud_total: 5.5837e-01 loss: 5.8690e+01 grad: 3.2979e+02
26-09-05 12:47:15.110 - INFO: <step:  2720, lr:9.961e-05> cud_total: 5.8306e+01 mcud_total: 6.0319e-01 loss: 5.8909e+01 grad: 4.5755e+02
26-09-05 12:47:24.159 - INFO: <step:  2740, lr:9.958e-05> cud_total: 7.8534e+01 mcud_total: 5.7928e-01 loss: 7.9113e+01 grad: 1.8870e+02
26-09-05 12:47:32.725 - INFO: <step:  2760, lr:9.956e-05> cud_total: 5.9110e+01 mcud_total: 5.7159e-01 loss: 5.9682e+01 grad: 3.4584e+02
26-09-05 12:47:40.933 - INFO: <step:  2780, lr:9.954e-05> cud_total: 7.2008e+01 mcud_total: 5.4476e-01 loss: 7.2553e+01 grad: 2.3809e+02
26-09-05 12:47:53.172 - INFO: <step:  2800, lr:9.951e-05> cud_total: 3.3200e+01 mcud_total: 5.9107e-01 loss: 3.3791e+01 grad: 3.6233e+02
26-09-05 12:48:03.271 - INFO: <step:  2820, lr:9.949e-05> cud_total: 5.5603e+01 mcud_total: 5.4433e-01 loss: 5.6147e+01 grad: 3.6336e+02
26-09-05 12:48:11.375 - INFO: <step:  2840, lr:9.946e-05> cud_total: 6.1144e+01 mcud_total: 5.7033e-01 loss: 6.1715e+01 grad: 3.7699e+02
26-09-05 12:48:22.061 - INFO: <step:  2860, lr:9.944e-05> cud_total: 6.4272e+01 mcud_total: 5.6548e-01 loss: 6.4838e+01 grad: 2.6774e+02
26-09-05 12:48:33.199 - INFO: <step:  2880, lr:9.941e-05> cud_total: 5.1545e+01 mcud_total: 6.0432e-01 loss: 5.2150e+01 grad: 3.5453e+02
26-09-05 12:48:45.485 - INFO: <step:  2900, lr:9.938e-05> cud_total: 4.0910e+01 mcud_total: 5.2879e-01 loss: 4.1439e+01 grad: 2.6691e+02
26-09-05 12:48:55.919 - INFO: <step:  2920, lr:9.936e-05> cud_total: 7.7858e+01 mcud_total: 5.5243e-01 loss: 7.8410e+01 grad: 1.7209e+02
26-09-05 12:49:08.950 - INFO: <step:  2940, lr:9.933e-05> cud_total: 9.0298e+01 mcud_total: 5.4478e-01 loss: 9.0843e+01 grad: 1.2031e+02
26-09-05 12:49:21.188 - INFO: <step:  2960, lr:9.930e-05> cud_total: 7.5874e+01 mcud_total: 5.3638e-01 loss: 7.6410e+01 grad: 3.3510e+02
26-09-05 12:49:32.927 - INFO: <step:  2980, lr:9.927e-05> cud_total: 6.3797e+01 mcud_total: 5.2254e-01 loss: 6.4320e+01 grad: 2.8752e+02
26-09-05 12:49:45.926 - INFO: <step:  3000, lr:9.924e-05> cud_total: 5.6326e+01 mcud_total: 5.5801e-01 loss: 5.6884e+01 grad: 3.8611e+02
26-09-05 12:50:00.963 - INFO: <step:  3020, lr:9.921e-05> cud_total: 6.2773e+01 mcud_total: 5.3499e-01 loss: 6.3308e+01 grad: 2.2209e+02
26-09-05 12:50:11.403 - INFO: <step:  3040, lr:9.918e-05> cud_total: 5.0673e+01 mcud_total: 5.9239e-01 loss: 5.1265e+01 grad: 4.6370e+02
26-09-05 12:50:23.144 - INFO: <step:  3060, lr:9.915e-05> cud_total: 5.9291e+01 mcud_total: 5.7330e-01 loss: 5.9865e+01 grad: 5.5083e+02
26-09-05 12:50:34.027 - INFO: <step:  3080, lr:9.911e-05> cud_total: 6.9606e+01 mcud_total: 5.4915e-01 loss: 7.0155e+01 grad: 3.1779e+02
26-09-05 12:50:45.109 - INFO: <step:  3100, lr:9.908e-05> cud_total: 4.5530e+01 mcud_total: 5.8731e-01 loss: 4.6117e+01 grad: 3.7911e+02
26-09-05 12:50:52.551 - INFO: <step:  3120, lr:9.905e-05> cud_total: 5.8966e+01 mcud_total: 5.8533e-01 loss: 5.9551e+01 grad: 1.3598e+02
26-09-05 12:51:02.763 - INFO: <step:  3140, lr:9.901e-05> cud_total: 5.1270e+01 mcud_total: 5.4593e-01 loss: 5.1816e+01 grad: 5.3163e+02
26-09-05 12:51:11.159 - INFO: <step:  3160, lr:9.898e-05> cud_total: 6.8664e+01 mcud_total: 5.6746e-01 loss: 6.9231e+01 grad: 5.2026e+02
26-09-05 12:51:24.847 - INFO: <step:  3180, lr:9.894e-05> cud_total: 7.0991e+01 mcud_total: 5.2969e-01 loss: 7.1521e+01 grad: 2.7512e+02
26-09-05 12:51:36.698 - INFO: <step:  3200, lr:9.891e-05> cud_total: 4.0706e+01 mcud_total: 5.7343e-01 loss: 4.1279e+01 grad: 3.1573e+02
26-09-05 12:51:47.897 - INFO: <step:  3220, lr:9.887e-05> cud_total: 6.7011e+01 mcud_total: 5.4793e-01 loss: 6.7559e+01 grad: 1.9542e+02
26-09-05 12:52:00.984 - INFO: <step:  3240, lr:9.883e-05> cud_total: 3.5896e+01 mcud_total: 5.3236e-01 loss: 3.6428e+01 grad: 2.5077e+02
26-09-05 12:52:13.023 - INFO: <step:  3260, lr:9.880e-05> cud_total: 4.2251e+01 mcud_total: 5.1813e-01 loss: 4.2769e+01 grad: 5.8180e+02
26-09-05 12:52:26.525 - INFO: <step:  3280, lr:9.876e-05> cud_total: 5.4390e+01 mcud_total: 5.2995e-01 loss: 5.4920e+01 grad: 2.4099e+02
26-09-05 12:52:35.503 - INFO: <step:  3300, lr:9.872e-05> cud_total: 3.8449e+01 mcud_total: 5.1194e-01 loss: 3.8961e+01 grad: 1.5514e+02
26-09-05 12:52:48.656 - INFO: <step:  3320, lr:9.868e-05> cud_total: 4.8185e+01 mcud_total: 5.4020e-01 loss: 4.8725e+01 grad: 3.5887e+02
26-09-05 12:53:01.079 - INFO: <step:  3340, lr:9.864e-05> cud_total: 5.0808e+01 mcud_total: 5.2427e-01 loss: 5.1332e+01 grad: 1.9456e+02
26-09-05 12:53:11.136 - INFO: <step:  3360, lr:9.860e-05> cud_total: 8.9113e+01 mcud_total: 5.0432e-01 loss: 8.9617e+01 grad: 7.1293e+01
26-09-05 12:53:26.606 - INFO: <step:  3380, lr:9.856e-05> cud_total: 7.2474e+01 mcud_total: 5.3113e-01 loss: 7.3005e+01 grad: 3.5449e+02
26-09-05 12:53:36.469 - INFO: <step:  3400, lr:9.851e-05> cud_total: 7.1157e+01 mcud_total: 5.4593e-01 loss: 7.1702e+01 grad: 3.0880e+02
26-09-05 12:53:41.462 - INFO: <step:  3420, lr:9.847e-05> cud_total: 5.9156e+01 mcud_total: 5.0052e-01 loss: 5.9657e+01 grad: 1.6255e+02
26-09-05 12:53:45.946 - INFO: <step:  3440, lr:9.843e-05> cud_total: 7.9087e+01 mcud_total: 4.9098e-01 loss: 7.9577e+01 grad: 1.1975e+02
26-09-05 12:53:50.272 - INFO: <step:  3460, lr:9.839e-05> cud_total: 4.3853e+01 mcud_total: 5.1027e-01 loss: 4.4363e+01 grad: 1.6741e+02
26-09-05 12:53:54.686 - INFO: <step:  3480, lr:9.834e-05> cud_total: 6.8989e+01 mcud_total: 5.1101e-01 loss: 6.9500e+01 grad: 2.6409e+02
26-09-05 12:53:58.956 - INFO: <step:  3500, lr:9.830e-05> cud_total: 6.5788e+01 mcud_total: 5.4653e-01 loss: 6.6334e+01 grad: 3.2520e+02
26-09-05 12:54:03.465 - INFO: <step:  3520, lr:9.825e-05> cud_total: 6.4047e+01 mcud_total: 5.0465e-01 loss: 6.4552e+01 grad: 3.9446e+02
26-09-05 12:54:08.500 - INFO: <step:  3540, lr:9.820e-05> cud_total: 3.7883e+01 mcud_total: 5.1541e-01 loss: 3.8399e+01 grad: 3.5253e+02
26-09-05 12:54:12.864 - INFO: <step:  3560, lr:9.816e-05> cud_total: 6.0037e+01 mcud_total: 5.5230e-01 loss: 6.0589e+01 grad: 1.8885e+02
26-09-05 12:54:17.388 - INFO: <step:  3580, lr:9.811e-05> cud_total: 3.5225e+01 mcud_total: 4.9388e-01 loss: 3.5719e+01 grad: 2.9236e+02
26-09-05 12:54:22.928 - INFO: <step:  3600, lr:9.806e-05> cud_total: 4.5328e+01 mcud_total: 4.8906e-01 loss: 4.5817e+01 grad: 1.2307e+02
26-09-05 12:54:28.348 - INFO: <step:  3620, lr:9.801e-05> cud_total: 5.1336e+01 mcud_total: 5.2866e-01 loss: 5.1865e+01 grad: 1.4958e+02
26-09-05 12:54:33.594 - INFO: <step:  3640, lr:9.797e-05> cud_total: 4.9414e+01 mcud_total: 5.3397e-01 loss: 4.9948e+01 grad: 1.6530e+02
26-09-05 12:54:40.324 - INFO: <step:  3660, lr:9.792e-05> cud_total: 5.9903e+01 mcud_total: 5.1265e-01 loss: 6.0416e+01 grad: 1.2899e+02
26-09-05 12:54:45.641 - INFO: <step:  3680, lr:9.787e-05> cud_total: 5.6499e+01 mcud_total: 5.4169e-01 loss: 5.7041e+01 grad: 2.0909e+02
26-09-05 12:54:51.423 - INFO: <step:  3700, lr:9.782e-05> cud_total: 6.3548e+01 mcud_total: 4.9036e-01 loss: 6.4038e+01 grad: 1.4033e+02
26-09-05 12:55:05.588 - INFO: <step:  3720, lr:9.776e-05> cud_total: 5.1964e+01 mcud_total: 5.4476e-01 loss: 5.2509e+01 grad: 1.8721e+02
26-09-05 12:55:18.228 - INFO: <step:  3740, lr:9.771e-05> cud_total: 5.3301e+01 mcud_total: 5.1001e-01 loss: 5.3811e+01 grad: 1.6761e+02
26-09-05 12:55:32.549 - INFO: <step:  3760, lr:9.766e-05> cud_total: 3.6155e+01 mcud_total: 5.4271e-01 loss: 3.6698e+01 grad: 2.6942e+02
26-09-05 12:55:43.980 - INFO: <step:  3780, lr:9.761e-05> cud_total: 7.1040e+01 mcud_total: 5.0109e-01 loss: 7.1541e+01 grad: 9.6292e+01
26-09-05 12:55:49.782 - INFO: <step:  3800, lr:9.755e-05> cud_total: 5.2515e+01 mcud_total: 4.7392e-01 loss: 5.2989e+01 grad: 3.3756e+02
26-09-05 12:55:57.451 - INFO: <step:  3820, lr:9.750e-05> cud_total: 5.7883e+01 mcud_total: 5.0522e-01 loss: 5.8388e+01 grad: 3.6602e+02
26-09-05 12:56:07.063 - INFO: <step:  3840, lr:9.744e-05> cud_total: 4.5244e+01 mcud_total: 5.1536e-01 loss: 4.5759e+01 grad: 1.7555e+02
26-09-05 12:56:13.280 - INFO: <step:  3860, lr:9.739e-05> cud_total: 7.2801e+01 mcud_total: 5.2986e-01 loss: 7.3331e+01 grad: 1.7512e+02
26-09-05 12:56:17.795 - INFO: <step:  3880, lr:9.733e-05> cud_total: 4.5007e+01 mcud_total: 5.1144e-01 loss: 4.5518e+01 grad: 2.0763e+02
26-09-05 12:56:22.042 - INFO: <step:  3900, lr:9.728e-05> cud_total: 4.6198e+01 mcud_total: 5.0176e-01 loss: 4.6699e+01 grad: 2.4969e+02
26-09-05 12:56:26.554 - INFO: <step:  3920, lr:9.722e-05> cud_total: 4.2502e+01 mcud_total: 5.1402e-01 loss: 4.3016e+01 grad: 4.7635e+02
26-09-05 12:56:31.314 - INFO: <step:  3940, lr:9.716e-05> cud_total: 5.3054e+01 mcud_total: 4.8340e-01 loss: 5.3537e+01 grad: 9.7020e+01
26-09-05 12:56:36.201 - INFO: <step:  3960, lr:9.710e-05> cud_total: 5.1740e+01 mcud_total: 5.3862e-01 loss: 5.2278e+01 grad: 2.0348e+02
26-09-05 12:56:40.853 - INFO: <step:  3980, lr:9.704e-05> cud_total: 4.6915e+01 mcud_total: 5.2075e-01 loss: 4.7436e+01 grad: 2.8947e+02
26-09-05 12:56:45.086 - INFO: <step:  4000, lr:9.698e-05> cud_total: 5.4916e+01 mcud_total: 4.8562e-01 loss: 5.5401e+01 grad: 3.8752e+02
26-09-05 12:56:50.010 - INFO: <step:  4020, lr:9.692e-05> cud_total: 3.4776e+01 mcud_total: 5.3636e-01 loss: 3.5312e+01 grad: 2.4490e+02
26-09-05 12:56:59.470 - INFO: <step:  4040, lr:9.686e-05> cud_total: 5.9261e+01 mcud_total: 5.3605e-01 loss: 5.9797e+01 grad: 1.8096e+02
26-09-05 12:57:13.078 - INFO: <step:  4060, lr:9.680e-05> cud_total: 3.9859e+01 mcud_total: 5.0639e-01 loss: 4.0365e+01 grad: 2.2041e+02
26-09-05 12:57:26.354 - INFO: <step:  4080, lr:9.674e-05> cud_total: 4.4872e+01 mcud_total: 5.2641e-01 loss: 4.5398e+01 grad: 2.1523e+02
26-09-05 12:57:33.115 - INFO: <step:  4100, lr:9.668e-05> cud_total: 5.4369e+01 mcud_total: 4.8744e-01 loss: 5.4856e+01 grad: 2.6489e+02
26-09-05 12:57:37.461 - INFO: <step:  4120, lr:9.662e-05> cud_total: 3.8075e+01 mcud_total: 5.5425e-01 loss: 3.8630e+01 grad: 2.0563e+02
26-09-05 12:57:43.137 - INFO: <step:  4140, lr:9.655e-05> cud_total: 4.0770e+01 mcud_total: 4.8793e-01 loss: 4.1258e+01 grad: 1.2184e+02
26-09-05 12:57:48.540 - INFO: <step:  4160, lr:9.649e-05> cud_total: 3.5120e+01 mcud_total: 4.8623e-01 loss: 3.5606e+01 grad: 2.0032e+02
26-09-05 12:57:58.123 - INFO: <step:  4180, lr:9.642e-05> cud_total: 3.8637e+01 mcud_total: 5.4301e-01 loss: 3.9180e+01 grad: 2.6235e+02
26-09-05 12:58:07.255 - INFO: <step:  4200, lr:9.636e-05> cud_total: 4.6888e+01 mcud_total: 4.8943e-01 loss: 4.7378e+01 grad: 1.3897e+02
26-09-05 12:58:14.590 - INFO: <step:  4220, lr:9.629e-05> cud_total: 7.9582e+01 mcud_total: 5.1710e-01 loss: 8.0100e+01 grad: 2.9470e+02
26-09-05 12:58:23.842 - INFO: <step:  4240, lr:9.623e-05> cud_total: 3.6794e+01 mcud_total: 5.2892e-01 loss: 3.7323e+01 grad: 6.0012e+02
26-09-05 12:58:30.812 - INFO: <step:  4260, lr:9.616e-05> cud_total: 3.6131e+01 mcud_total: 4.9154e-01 loss: 3.6623e+01 grad: 1.2766e+02
26-09-05 12:58:35.763 - INFO: <step:  4280, lr:9.609e-05> cud_total: 5.5704e+01 mcud_total: 5.2748e-01 loss: 5.6232e+01 grad: 1.4539e+02
26-09-05 12:58:40.557 - INFO: <step:  4300, lr:9.603e-05> cud_total: 7.3448e+01 mcud_total: 4.8309e-01 loss: 7.3931e+01 grad: 8.2117e+01
26-09-05 12:58:45.054 - INFO: <step:  4320, lr:9.596e-05> cud_total: 5.4275e+01 mcud_total: 5.3853e-01 loss: 5.4813e+01 grad: 1.1779e+02
26-09-05 12:58:49.839 - INFO: <step:  4340, lr:9.589e-05> cud_total: 6.0385e+01 mcud_total: 4.9702e-01 loss: 6.0882e+01 grad: 1.5974e+02
26-09-05 12:58:55.042 - INFO: <step:  4360, lr:9.582e-05> cud_total: 2.8346e+01 mcud_total: 5.1090e-01 loss: 2.8857e+01 grad: 1.7171e+02
26-09-05 12:59:02.422 - INFO: <step:  4380, lr:9.575e-05> cud_total: 3.7039e+01 mcud_total: 4.7296e-01 loss: 3.7512e+01 grad: 3.9652e+02
26-09-05 12:59:13.111 - INFO: <step:  4400, lr:9.568e-05> cud_total: 4.9128e+01 mcud_total: 5.2370e-01 loss: 4.9651e+01 grad: 1.2084e+02
26-09-05 12:59:18.708 - INFO: <step:  4420, lr:9.561e-05> cud_total: 4.0082e+01 mcud_total: 5.2616e-01 loss: 4.0608e+01 grad: 4.7688e+02
26-09-05 12:59:23.774 - INFO: <step:  4440, lr:9.553e-05> cud_total: 4.1564e+01 mcud_total: 4.8697e-01 loss: 4.2051e+01 grad: 1.9882e+02
26-09-05 12:59:34.338 - INFO: <step:  4460, lr:9.546e-05> cud_total: 4.7995e+01 mcud_total: 4.7455e-01 loss: 4.8469e+01 grad: 1.5944e+02
26-09-05 12:59:48.280 - INFO: <step:  4480, lr:9.539e-05> cud_total: 5.4812e+01 mcud_total: 4.8005e-01 loss: 5.5292e+01 grad: 1.0150e+02
26-09-05 13:00:02.205 - INFO: <step:  4500, lr:9.532e-05> cud_total: 6.4265e+01 mcud_total: 5.0843e-01 loss: 6.4773e+01 grad: 2.7673e+02
26-09-05 13:00:12.196 - INFO: <step:  4520, lr:9.524e-05> cud_total: 4.1469e+01 mcud_total: 5.1065e-01 loss: 4.1979e+01 grad: 1.8804e+02
26-09-05 13:00:21.867 - INFO: <step:  4540, lr:9.517e-05> cud_total: 5.2096e+01 mcud_total: 4.7222e-01 loss: 5.2568e+01 grad: 3.4157e+02
26-09-05 13:00:38.004 - INFO: <step:  4560, lr:9.509e-05> cud_total: 4.6333e+01 mcud_total: 4.5473e-01 loss: 4.6787e+01 grad: 2.9344e+02
26-09-05 13:00:49.176 - INFO: <step:  4580, lr:9.502e-05> cud_total: 5.5096e+01 mcud_total: 5.1581e-01 loss: 5.5612e+01 grad: 1.2673e+02
26-09-05 13:00:56.440 - INFO: <step:  4600, lr:9.494e-05> cud_total: 5.4551e+01 mcud_total: 4.9558e-01 loss: 5.5047e+01 grad: 1.0650e+02
26-09-05 13:01:05.949 - INFO: <step:  4620, lr:9.486e-05> cud_total: 4.1652e+01 mcud_total: 4.7372e-01 loss: 4.2126e+01 grad: 2.4841e+02
26-09-05 13:01:15.341 - INFO: <step:  4640, lr:9.479e-05> cud_total: 7.4717e+01 mcud_total: 4.8912e-01 loss: 7.5206e+01 grad: 1.3555e+02
26-09-05 13:01:24.030 - INFO: <step:  4660, lr:9.471e-05> cud_total: 6.2605e+01 mcud_total: 4.8350e-01 loss: 6.3089e+01 grad: 2.0533e+02
26-09-05 13:01:34.852 - INFO: <step:  4680, lr:9.463e-05> cud_total: 5.8811e+01 mcud_total: 4.7759e-01 loss: 5.9289e+01 grad: 3.8399e+02
26-09-05 13:01:43.075 - INFO: <step:  4700, lr:9.455e-05> cud_total: 4.7945e+01 mcud_total: 5.1492e-01 loss: 4.8460e+01 grad: 2.7515e+02
26-09-05 13:01:48.322 - INFO: <step:  4720, lr:9.447e-05> cud_total: 3.5778e+01 mcud_total: 5.0724e-01 loss: 3.6285e+01 grad: 2.8586e+02
26-09-05 13:01:54.183 - INFO: <step:  4740, lr:9.439e-05> cud_total: 7.2751e+01 mcud_total: 4.5718e-01 loss: 7.3208e+01 grad: 1.8461e+02
26-09-05 13:02:06.943 - INFO: <step:  4760, lr:9.431e-05> cud_total: 5.5665e+01 mcud_total: 4.8884e-01 loss: 5.6154e+01 grad: 1.3515e+02
26-09-05 13:02:16.061 - INFO: <step:  4780, lr:9.423e-05> cud_total: 5.0005e+01 mcud_total: 4.9175e-01 loss: 5.0497e+01 grad: 2.1394e+02
26-09-05 13:02:24.453 - INFO: <step:  4800, lr:9.415e-05> cud_total: 2.3878e+01 mcud_total: 4.6721e-01 loss: 2.4346e+01 grad: 2.0233e+02
26-09-05 13:02:30.721 - INFO: <step:  4820, lr:9.407e-05> cud_total: 3.7705e+01 mcud_total: 4.6675e-01 loss: 3.8171e+01 grad: 2.6456e+02
26-09-05 13:02:36.140 - INFO: <step:  4840, lr:9.398e-05> cud_total: 4.9335e+01 mcud_total: 5.0187e-01 loss: 4.9837e+01 grad: 1.9132e+02
26-09-05 13:02:41.635 - INFO: <step:  4860, lr:9.390e-05> cud_total: 2.9711e+01 mcud_total: 4.8310e-01 loss: 3.0194e+01 grad: 1.3826e+02
26-09-05 13:02:47.514 - INFO: <step:  4880, lr:9.382e-05> cud_total: 3.5160e+01 mcud_total: 4.6130e-01 loss: 3.5621e+01 grad: 2.0344e+02
26-09-05 13:02:53.642 - INFO: <step:  4900, lr:9.373e-05> cud_total: 6.8223e+01 mcud_total: 4.8069e-01 loss: 6.8704e+01 grad: 1.7099e+02
26-09-05 13:03:04.099 - INFO: <step:  4920, lr:9.365e-05> cud_total: 3.5780e+01 mcud_total: 4.5573e-01 loss: 3.6236e+01 grad: 1.8121e+02
26-09-05 13:03:15.638 - INFO: <step:  4940, lr:9.356e-05> cud_total: 3.8634e+01 mcud_total: 4.5678e-01 loss: 3.9090e+01 grad: 1.1780e+02
26-09-05 13:03:25.887 - INFO: <step:  4960, lr:9.347e-05> cud_total: 5.5520e+01 mcud_total: 4.6275e-01 loss: 5.5982e+01 grad: 1.2681e+02
26-09-05 13:03:39.444 - INFO: <step:  4980, lr:9.339e-05> cud_total: 4.7811e+01 mcud_total: 5.1663e-01 loss: 4.8328e+01 grad: 1.9394e+02
26-09-05 13:03:48.005 - INFO: <step:  5000, lr:9.330e-05> cud_total: 3.6018e+01 mcud_total: 4.7072e-01 loss: 3.6489e+01 grad: 3.0590e+02
26-09-05 13:04:02.418 - INFO: [step 5000] val loss: 27.0931
26-09-05 13:04:06.244 - INFO: Saved checkpoint: /data1/Taohy/ModelReshow/modelReShow/DeFusion-plusplus-complete/experiments/COCO_MSRS_MCUD_demo/models/checkpoint-Defusion-plusplus-20260905_130348-step5000-loss36.4892-valloss27.0931.pth
26-09-05 13:04:11.683 - INFO: <step:  5020, lr:9.321e-05> cud_total: 7.9991e+01 mcud_total: 5.0001e-01 loss: 8.0491e+01 grad: 2.0419e+02
26-09-05 13:04:18.376 - INFO: <step:  5040, lr:9.313e-05> cud_total: 5.0568e+01 mcud_total: 4.8559e-01 loss: 5.1053e+01 grad: 1.7968e+02
26-09-05 13:04:24.084 - INFO: <step:  5060, lr:9.304e-05> cud_total: 5.3133e+01 mcud_total: 4.7233e-01 loss: 5.3606e+01 grad: 1.6270e+02
26-09-05 13:04:30.176 - INFO: <step:  5080, lr:9.295e-05> cud_total: 2.6823e+01 mcud_total: 4.7745e-01 loss: 2.7300e+01 grad: 4.0183e+02
26-09-05 13:04:36.226 - INFO: <step:  5100, lr:9.286e-05> cud_total: 4.3326e+01 mcud_total: 4.7663e-01 loss: 4.3802e+01 grad: 2.8684e+02
26-09-05 13:04:41.959 - INFO: <step:  5120, lr:9.277e-05> cud_total: 5.3253e+01 mcud_total: 5.0148e-01 loss: 5.3754e+01 grad: 2.6338e+02
26-09-05 13:04:47.519 - INFO: <step:  5140, lr:9.268e-05> cud_total: 6.6476e+01 mcud_total: 4.4370e-01 loss: 6.6920e+01 grad: 1.2367e+02
26-09-05 13:04:53.314 - INFO: <step:  5160, lr:9.259e-05> cud_total: 3.8863e+01 mcud_total: 4.7945e-01 loss: 3.9342e+01 grad: 1.6009e+02
26-09-05 13:04:58.795 - INFO: <step:  5180, lr:9.249e-05> cud_total: 5.7108e+01 mcud_total: 4.7014e-01 loss: 5.7578e+01 grad: 1.4773e+02
26-09-05 13:05:04.396 - INFO: <step:  5200, lr:9.240e-05> cud_total: 6.1286e+01 mcud_total: 4.9396e-01 loss: 6.1780e+01 grad: 1.3993e+02
26-09-05 13:05:10.012 - INFO: <step:  5220, lr:9.231e-05> cud_total: 3.1228e+01 mcud_total: 4.8615e-01 loss: 3.1714e+01 grad: 1.4891e+02
26-09-05 13:05:16.676 - INFO: <step:  5240, lr:9.222e-05> cud_total: 6.1625e+01 mcud_total: 4.7440e-01 loss: 6.2099e+01 grad: 1.4616e+02
26-09-05 13:05:22.170 - INFO: <step:  5260, lr:9.212e-05> cud_total: 5.1034e+01 mcud_total: 4.7698e-01 loss: 5.1511e+01 grad: 8.3886e+02
26-09-05 13:05:27.699 - INFO: <step:  5280, lr:9.203e-05> cud_total: 6.2751e+01 mcud_total: 4.7379e-01 loss: 6.3225e+01 grad: 1.2581e+02
26-09-05 13:05:34.522 - INFO: <step:  5300, lr:9.193e-05> cud_total: 2.6814e+01 mcud_total: 4.6533e-01 loss: 2.7280e+01 grad: 2.5785e+02
26-09-05 13:05:43.374 - INFO: <step:  5320, lr:9.184e-05> cud_total: 4.6294e+01 mcud_total: 4.7255e-01 loss: 4.6767e+01 grad: 1.9532e+02
26-09-05 13:05:49.192 - INFO: <step:  5340, lr:9.174e-05> cud_total: 4.9555e+01 mcud_total: 4.8289e-01 loss: 5.0038e+01 grad: 3.9035e+02
26-09-05 13:05:54.821 - INFO: <step:  5360, lr:9.165e-05> cud_total: 5.2729e+01 mcud_total: 4.6786e-01 loss: 5.3197e+01 grad: 9.9769e+01
26-09-05 13:06:02.147 - INFO: <step:  5380, lr:9.155e-05> cud_total: 8.3502e+01 mcud_total: 4.6424e-01 loss: 8.3966e+01 grad: 6.4835e+01
26-09-05 13:06:07.569 - INFO: <step:  5400, lr:9.145e-05> cud_total: 4.2224e+01 mcud_total: 4.6736e-01 loss: 4.2692e+01 grad: 1.5908e+02
26-09-05 13:06:13.365 - INFO: <step:  5420, lr:9.135e-05> cud_total: 2.8549e+01 mcud_total: 4.8440e-01 loss: 2.9033e+01 grad: 2.6955e+02
26-09-05 13:06:18.979 - INFO: <step:  5440, lr:9.126e-05> cud_total: 7.3789e+01 mcud_total: 4.7113e-01 loss: 7.4260e+01 grad: 6.0896e+01
26-09-05 13:06:24.614 - INFO: <step:  5460, lr:9.116e-05> cud_total: 3.6366e+01 mcud_total: 4.7309e-01 loss: 3.6839e+01 grad: 2.3289e+02
26-09-05 13:06:30.118 - INFO: <step:  5480, lr:9.106e-05> cud_total: 6.0118e+01 mcud_total: 4.5292e-01 loss: 6.0571e+01 grad: 1.3540e+02
26-09-05 13:06:38.162 - INFO: <step:  5500, lr:9.096e-05> cud_total: 4.8079e+01 mcud_total: 4.9394e-01 loss: 4.8573e+01 grad: 2.6751e+02
26-09-05 13:06:48.840 - INFO: <step:  5520, lr:9.086e-05> cud_total: 4.1825e+01 mcud_total: 4.9295e-01 loss: 4.2318e+01 grad: 2.5478e+02
26-09-05 13:06:55.092 - INFO: <step:  5540, lr:9.076e-05> cud_total: 3.6433e+01 mcud_total: 4.8047e-01 loss: 3.6913e+01 grad: 3.9269e+02
26-09-05 13:07:00.523 - INFO: <step:  5560, lr:9.066e-05> cud_total: 3.8905e+01 mcud_total: 4.9177e-01 loss: 3.9397e+01 grad: 1.4840e+02
26-09-05 13:07:14.420 - INFO: <step:  5580, lr:9.055e-05> cud_total: 5.7301e+01 mcud_total: 4.4793e-01 loss: 5.7748e+01 grad: 1.4182e+02
26-09-05 13:07:28.779 - INFO: <step:  5600, lr:9.045e-05> cud_total: 5.2130e+01 mcud_total: 4.4807e-01 loss: 5.2579e+01 grad: 2.1138e+02
26-09-05 13:07:45.446 - INFO: <step:  5620, lr:9.035e-05> cud_total: 2.5603e+01 mcud_total: 4.4882e-01 loss: 2.6051e+01 grad: 1.8841e+02
26-09-05 13:08:00.572 - INFO: <step:  5640, lr:9.024e-05> cud_total: 2.4338e+01 mcud_total: 4.4041e-01 loss: 2.4778e+01 grad: 2.9170e+02
26-09-05 13:08:13.867 - INFO: <step:  5660, lr:9.014e-05> cud_total: 2.8329e+01 mcud_total: 4.9412e-01 loss: 2.8823e+01 grad: 2.5170e+02
26-09-05 13:08:28.658 - INFO: <step:  5680, lr:9.004e-05> cud_total: 5.2630e+01 mcud_total: 4.7608e-01 loss: 5.3106e+01 grad: 1.1494e+02
26-09-05 13:08:39.947 - INFO: <step:  5700, lr:8.993e-05> cud_total: 6.4337e+01 mcud_total: 4.6730e-01 loss: 6.4804e+01 grad: 1.0466e+02
26-09-05 13:08:51.053 - INFO: <step:  5720, lr:8.983e-05> cud_total: 5.4242e+01 mcud_total: 5.3379e-01 loss: 5.4776e+01 grad: 7.6878e+01
26-09-05 13:09:00.026 - INFO: <step:  5740, lr:8.972e-05> cud_total: 4.7329e+01 mcud_total: 4.4901e-01 loss: 4.7778e+01 grad: 2.8844e+02
26-09-05 13:09:06.503 - INFO: <step:  5760, lr:8.961e-05> cud_total: 5.0553e+01 mcud_total: 4.7533e-01 loss: 5.1028e+01 grad: 1.5366e+02
26-09-05 13:09:12.030 - INFO: <step:  5780, lr:8.951e-05> cud_total: 4.4548e+01 mcud_total: 4.6200e-01 loss: 4.5010e+01 grad: 4.8233e+02
26-09-05 13:09:17.913 - INFO: <step:  5800, lr:8.940e-05> cud_total: 4.6678e+01 mcud_total: 4.6593e-01 loss: 4.7144e+01 grad: 8.7827e+01
26-09-05 13:09:24.466 - INFO: <step:  5820, lr:8.929e-05> cud_total: 2.8788e+01 mcud_total: 4.4631e-01 loss: 2.9235e+01 grad: 4.3860e+02
26-09-05 13:09:29.922 - INFO: <step:  5840, lr:8.918e-05> cud_total: 5.9558e+01 mcud_total: 4.6352e-01 loss: 6.0022e+01 grad: 2.5230e+02
26-09-05 13:09:35.681 - INFO: <step:  5860, lr:8.908e-05> cud_total: 3.8242e+01 mcud_total: 4.2918e-01 loss: 3.8671e+01 grad: 1.2566e+02
26-09-05 13:09:41.281 - INFO: <step:  5880, lr:8.897e-05> cud_total: 4.2209e+01 mcud_total: 4.2764e-01 loss: 4.2636e+01 grad: 8.5435e+01
26-09-05 13:09:52.010 - INFO: <step:  5900, lr:8.886e-05> cud_total: 2.6006e+01 mcud_total: 4.4982e-01 loss: 2.6456e+01 grad: 2.4961e+02
26-09-05 13:10:05.997 - INFO: <step:  5920, lr:8.875e-05> cud_total: 5.2282e+01 mcud_total: 4.6700e-01 loss: 5.2749e+01 grad: 7.3869e+01
26-09-05 13:10:18.343 - INFO: <step:  5940, lr:8.864e-05> cud_total: 3.5325e+01 mcud_total: 4.1137e-01 loss: 3.5736e+01 grad: 1.6733e+02
26-09-05 13:10:24.009 - INFO: <step:  5960, lr:8.853e-05> cud_total: 3.9637e+01 mcud_total: 4.9096e-01 loss: 4.0128e+01 grad: 9.5018e+01
26-09-05 13:10:29.970 - INFO: <step:  5980, lr:8.841e-05> cud_total: 3.5195e+01 mcud_total: 4.5078e-01 loss: 3.5646e+01 grad: 1.7091e+02
26-09-05 13:10:35.584 - INFO: <step:  6000, lr:8.830e-05> cud_total: 4.6725e+01 mcud_total: 4.4263e-01 loss: 4.7168e+01 grad: 1.2823e+02
26-09-05 13:10:41.538 - INFO: <step:  6020, lr:8.819e-05> cud_total: 3.2682e+01 mcud_total: 4.3037e-01 loss: 3.3112e+01 grad: 1.2765e+02
26-09-05 13:10:47.235 - INFO: <step:  6040, lr:8.808e-05> cud_total: 4.3334e+01 mcud_total: 4.5390e-01 loss: 4.3788e+01 grad: 2.8979e+02
26-09-05 13:10:52.795 - INFO: <step:  6060, lr:8.796e-05> cud_total: 4.0568e+01 mcud_total: 4.7366e-01 loss: 4.1042e+01 grad: 8.9487e+01
26-09-05 13:10:58.353 - INFO: <step:  6080, lr:8.785e-05> cud_total: 5.0774e+01 mcud_total: 4.8091e-01 loss: 5.1255e+01 grad: 1.4167e+02
26-09-05 13:11:03.949 - INFO: <step:  6100, lr:8.774e-05> cud_total: 4.2852e+01 mcud_total: 4.5491e-01 loss: 4.3307e+01 grad: 7.8482e+01
26-09-05 13:11:09.495 - INFO: <step:  6120, lr:8.762e-05> cud_total: 3.3404e+01 mcud_total: 4.4025e-01 loss: 3.3845e+01 grad: 1.4052e+02
26-09-05 13:11:15.235 - INFO: <step:  6140, lr:8.751e-05> cud_total: 5.1333e+01 mcud_total: 4.8358e-01 loss: 5.1817e+01 grad: 1.2876e+02
26-09-05 13:11:20.927 - INFO: <step:  6160, lr:8.739e-05> cud_total: 1.9399e+01 mcud_total: 4.5941e-01 loss: 1.9858e+01 grad: 2.4936e+02
26-09-05 13:11:26.624 - INFO: <step:  6180, lr:8.727e-05> cud_total: 3.0256e+01 mcud_total: 4.6477e-01 loss: 3.0721e+01 grad: 2.2877e+02
26-09-05 13:11:33.109 - INFO: <step:  6200, lr:8.716e-05> cud_total: 4.9357e+01 mcud_total: 4.6932e-01 loss: 4.9826e+01 grad: 2.6297e+02
26-09-05 13:11:38.825 - INFO: <step:  6220, lr:8.704e-05> cud_total: 3.1958e+01 mcud_total: 4.5064e-01 loss: 3.2409e+01 grad: 8.8153e+01
26-09-05 13:11:45.458 - INFO: <step:  6240, lr:8.692e-05> cud_total: 6.1800e+01 mcud_total: 5.0290e-01 loss: 6.2303e+01 grad: 1.1785e+02
26-09-05 13:11:51.179 - INFO: <step:  6260, lr:8.680e-05> cud_total: 5.4253e+01 mcud_total: 4.6481e-01 loss: 5.4718e+01 grad: 2.0793e+02
26-09-05 13:11:56.767 - INFO: <step:  6280, lr:8.669e-05> cud_total: 4.1391e+01 mcud_total: 4.4777e-01 loss: 4.1839e+01 grad: 1.4723e+02
26-09-05 13:12:02.178 - INFO: <step:  6300, lr:8.657e-05> cud_total: 5.9346e+01 mcud_total: 4.7830e-01 loss: 5.9824e+01 grad: 1.2662e+02
26-09-05 13:12:07.656 - INFO: <step:  6320, lr:8.645e-05> cud_total: 2.7426e+01 mcud_total: 4.4657e-01 loss: 2.7872e+01 grad: 5.2399e+02
26-09-05 13:12:13.389 - INFO: <step:  6340, lr:8.633e-05> cud_total: 2.9482e+01 mcud_total: 4.7518e-01 loss: 2.9957e+01 grad: 1.1473e+02
26-09-05 13:12:18.800 - INFO: <step:  6360, lr:8.621e-05> cud_total: 3.5397e+01 mcud_total: 4.7509e-01 loss: 3.5872e+01 grad: 1.8588e+02
26-09-05 13:12:26.298 - INFO: <step:  6380, lr:8.609e-05> cud_total: 4.1405e+01 mcud_total: 4.4047e-01 loss: 4.1845e+01 grad: 1.6104e+02
26-09-05 13:12:35.672 - INFO: <step:  6400, lr:8.597e-05> cud_total: 3.4817e+01 mcud_total: 4.6356e-01 loss: 3.5280e+01 grad: 1.3091e+02
26-09-05 13:12:41.537 - INFO: <step:  6420, lr:8.585e-05> cud_total: 4.3146e+01 mcud_total: 4.3152e-01 loss: 4.3578e+01 grad: 1.2205e+02
26-09-05 13:12:47.097 - INFO: <step:  6440, lr:8.572e-05> cud_total: 5.6513e+01 mcud_total: 4.2860e-01 loss: 5.6942e+01 grad: 1.5181e+02
26-09-05 13:12:52.624 - INFO: <step:  6460, lr:8.560e-05> cud_total: 3.9758e+01 mcud_total: 4.3927e-01 loss: 4.0197e+01 grad: 1.3669e+02
26-09-05 13:12:58.243 - INFO: <step:  6480, lr:8.548e-05> cud_total: 4.9568e+01 mcud_total: 4.2668e-01 loss: 4.9995e+01 grad: 2.2336e+02
26-09-05 13:13:03.731 - INFO: <step:  6500, lr:8.536e-05> cud_total: 2.7649e+01 mcud_total: 4.5736e-01 loss: 2.8106e+01 grad: 8.2062e+01
26-09-05 13:13:11.060 - INFO: <step:  6520, lr:8.523e-05> cud_total: 2.3739e+01 mcud_total: 4.4546e-01 loss: 2.4184e+01 grad: 2.3714e+02
26-09-05 13:13:27.663 - INFO: <step:  6540, lr:8.511e-05> cud_total: 4.1019e+01 mcud_total: 4.4872e-01 loss: 4.1468e+01 grad: 8.6926e+01
26-09-05 13:13:40.847 - INFO: <step:  6560, lr:8.498e-05> cud_total: 6.1726e+01 mcud_total: 4.4592e-01 loss: 6.2171e+01 grad: 1.0532e+02
26-09-05 13:13:59.064 - INFO: <step:  6580, lr:8.486e-05> cud_total: 5.8876e+01 mcud_total: 4.7089e-01 loss: 5.9346e+01 grad: 1.1689e+02
26-09-05 13:14:12.043 - INFO: <step:  6600, lr:8.473e-05> cud_total: 3.9303e+01 mcud_total: 4.6958e-01 loss: 3.9773e+01 grad: 2.0051e+02
26-09-05 13:14:25.929 - INFO: <step:  6620, lr:8.461e-05> cud_total: 3.6364e+01 mcud_total: 4.4885e-01 loss: 3.6813e+01 grad: 2.2430e+02
26-09-05 13:14:38.622 - INFO: <step:  6640, lr:8.448e-05> cud_total: 5.1972e+01 mcud_total: 4.4582e-01 loss: 5.2418e+01 grad: 7.9239e+01
26-09-05 13:14:51.678 - INFO: <step:  6660, lr:8.435e-05> cud_total: 3.7811e+01 mcud_total: 4.5636e-01 loss: 3.8267e+01 grad: 2.7274e+02
26-09-05 13:15:04.766 - INFO: <step:  6680, lr:8.423e-05> cud_total: 5.3846e+01 mcud_total: 4.6933e-01 loss: 5.4315e+01 grad: 1.2653e+02
26-09-05 13:15:18.848 - INFO: <step:  6700, lr:8.410e-05> cud_total: 4.0234e+01 mcud_total: 4.4356e-01 loss: 4.0678e+01 grad: 1.1819e+02
26-09-05 13:15:29.701 - INFO: <step:  6720, lr:8.397e-05> cud_total: 5.7967e+01 mcud_total: 4.3479e-01 loss: 5.8402e+01 grad: 1.5577e+02
26-09-05 13:15:39.372 - INFO: <step:  6740, lr:8.384e-05> cud_total: 6.2032e+01 mcud_total: 4.2182e-01 loss: 6.2454e+01 grad: 1.0639e+02
26-09-05 13:15:53.977 - INFO: <step:  6760, lr:8.372e-05> cud_total: 4.0005e+01 mcud_total: 4.2273e-01 loss: 4.0428e+01 grad: 9.7239e+01
26-09-05 13:16:06.195 - INFO: <step:  6780, lr:8.359e-05> cud_total: 2.7748e+01 mcud_total: 4.3488e-01 loss: 2.8183e+01 grad: 2.5821e+02
26-09-05 13:16:18.621 - INFO: <step:  6800, lr:8.346e-05> cud_total: 6.3499e+01 mcud_total: 4.6948e-01 loss: 6.3968e+01 grad: 2.8914e+02
26-09-05 13:16:30.719 - INFO: <step:  6820, lr:8.333e-05> cud_total: 4.3584e+01 mcud_total: 4.5406e-01 loss: 4.4038e+01 grad: 1.8628e+02
26-09-05 13:16:43.994 - INFO: <step:  6840, lr:8.320e-05> cud_total: 4.5985e+01 mcud_total: 4.8324e-01 loss: 4.6468e+01 grad: 1.8926e+02
26-09-05 13:16:57.976 - INFO: <step:  6860, lr:8.307e-05> cud_total: 5.1622e+01 mcud_total: 4.4677e-01 loss: 5.2069e+01 grad: 1.5258e+02
26-09-05 13:17:11.588 - INFO: <step:  6880, lr:8.293e-05> cud_total: 2.8937e+01 mcud_total: 4.9081e-01 loss: 2.9427e+01 grad: 1.3287e+02
26-09-05 13:17:28.102 - INFO: <step:  6900, lr:8.280e-05> cud_total: 3.6621e+01 mcud_total: 4.5082e-01 loss: 3.7072e+01 grad: 2.7783e+02
26-09-05 13:17:39.497 - INFO: <step:  6920, lr:8.267e-05> cud_total: 4.8841e+01 mcud_total: 4.6926e-01 loss: 4.9310e+01 grad: 1.7061e+02
26-09-05 13:17:53.360 - INFO: <step:  6940, lr:8.254e-05> cud_total: 4.2448e+01 mcud_total: 4.7306e-01 loss: 4.2921e+01 grad: 2.3638e+02
26-09-05 13:18:04.753 - INFO: <step:  6960, lr:8.241e-05> cud_total: 3.2907e+01 mcud_total: 4.3957e-01 loss: 3.3346e+01 grad: 1.7757e+02
26-09-05 13:18:21.877 - INFO: <step:  6980, lr:8.227e-05> cud_total: 2.5744e+01 mcud_total: 4.4124e-01 loss: 2.6185e+01 grad: 2.9768e+02
26-09-05 13:18:36.287 - INFO: <step:  7000, lr:8.214e-05> cud_total: 3.6327e+01 mcud_total: 4.3574e-01 loss: 3.6763e+01 grad: 8.3611e+01
26-09-05 13:18:46.208 - INFO: <step:  7020, lr:8.201e-05> cud_total: 6.8852e+01 mcud_total: 4.4295e-01 loss: 6.9295e+01 grad: 2.3541e+02
26-09-05 13:18:59.653 - INFO: <step:  7040, lr:8.187e-05> cud_total: 4.3067e+01 mcud_total: 4.8145e-01 loss: 4.3548e+01 grad: 1.0144e+02
26-09-05 13:19:06.938 - INFO: <step:  7060, lr:8.174e-05> cud_total: 5.5661e+01 mcud_total: 4.5324e-01 loss: 5.6115e+01 grad: 9.3764e+01
26-09-05 13:19:13.291 - INFO: <step:  7080, lr:8.160e-05> cud_total: 5.9540e+01 mcud_total: 4.4259e-01 loss: 5.9982e+01 grad: 1.0059e+02
26-09-05 13:19:27.497 - INFO: <step:  7100, lr:8.147e-05> cud_total: 3.1889e+01 mcud_total: 4.4313e-01 loss: 3.2332e+01 grad: 1.2946e+02
26-09-05 13:19:39.257 - INFO: <step:  7120, lr:8.133e-05> cud_total: 5.9643e+01 mcud_total: 4.4343e-01 loss: 6.0087e+01 grad: 1.9504e+02
26-09-05 13:19:53.210 - INFO: <step:  7140, lr:8.119e-05> cud_total: 2.8262e+01 mcud_total: 4.3962e-01 loss: 2.8702e+01 grad: 1.4461e+02
26-09-05 13:20:03.602 - INFO: <step:  7160, lr:8.106e-05> cud_total: 4.3246e+01 mcud_total: 4.4926e-01 loss: 4.3696e+01 grad: 1.1106e+02
26-09-05 13:20:09.099 - INFO: <step:  7180, lr:8.092e-05> cud_total: 4.0778e+01 mcud_total: 4.2450e-01 loss: 4.1203e+01 grad: 1.7298e+02
26-09-05 13:20:14.564 - INFO: <step:  7200, lr:8.078e-05> cud_total: 4.8510e+01 mcud_total: 4.5653e-01 loss: 4.8967e+01 grad: 2.0794e+02
26-09-05 13:20:20.075 - INFO: <step:  7220, lr:8.065e-05> cud_total: 7.5841e+01 mcud_total: 4.3481e-01 loss: 7.6276e+01 grad: 6.2349e+01
26-09-05 13:20:25.811 - INFO: <step:  7240, lr:8.051e-05> cud_total: 8.1910e+01 mcud_total: 4.3953e-01 loss: 8.2349e+01 grad: 7.0086e+01
26-09-05 13:20:31.818 - INFO: <step:  7260, lr:8.037e-05> cud_total: 3.5128e+01 mcud_total: 4.3667e-01 loss: 3.5565e+01 grad: 1.6393e+02
26-09-05 13:20:37.612 - INFO: <step:  7280, lr:8.023e-05> cud_total: 1.4351e+01 mcud_total: 4.5733e-01 loss: 1.4808e+01 grad: 1.7164e+02
26-09-05 13:20:43.049 - INFO: <step:  7300, lr:8.009e-05> cud_total: 4.6176e+01 mcud_total: 4.3823e-01 loss: 4.6614e+01 grad: 1.2393e+02
26-09-05 13:20:48.974 - INFO: <step:  7320, lr:7.995e-05> cud_total: 4.6392e+01 mcud_total: 4.5404e-01 loss: 4.6846e+01 grad: 7.4129e+01
26-09-05 13:20:54.522 - INFO: <step:  7340, lr:7.981e-05> cud_total: 4.9309e+01 mcud_total: 4.2501e-01 loss: 4.9734e+01 grad: 1.3065e+02
26-09-05 13:21:00.068 - INFO: <step:  7360, lr:7.967e-05> cud_total: 3.9476e+01 mcud_total: 4.7411e-01 loss: 3.9950e+01 grad: 1.4374e+02
26-09-05 13:21:05.510 - INFO: <step:  7380, lr:7.953e-05> cud_total: 3.1170e+01 mcud_total: 4.3458e-01 loss: 3.1605e+01 grad: 1.2344e+02
26-09-05 13:21:11.199 - INFO: <step:  7400, lr:7.939e-05> cud_total: 4.9592e+01 mcud_total: 4.4927e-01 loss: 5.0042e+01 grad: 9.7363e+01
26-09-05 13:21:29.378 - INFO: <step:  7420, lr:7.925e-05> cud_total: 4.4760e+01 mcud_total: 4.3561e-01 loss: 4.5195e+01 grad: 1.4562e+02
26-09-05 13:21:41.862 - INFO: <step:  7440, lr:7.911e-05> cud_total: 2.5958e+01 mcud_total: 4.3450e-01 loss: 2.6393e+01 grad: 7.2440e+01
26-09-05 13:21:56.241 - INFO: <step:  7460, lr:7.896e-05> cud_total: 2.4167e+01 mcud_total: 4.4324e-01 loss: 2.4610e+01 grad: 5.1340e+02
26-09-05 13:22:09.534 - INFO: <step:  7480, lr:7.882e-05> cud_total: 4.1751e+01 mcud_total: 4.2090e-01 loss: 4.2172e+01 grad: 8.8767e+01
26-09-05 13:22:22.000 - INFO: <step:  7500, lr:7.868e-05> cud_total: 4.0276e+01 mcud_total: 4.7579e-01 loss: 4.0751e+01 grad: 1.9724e+02
26-09-05 13:22:35.822 - INFO: <step:  7520, lr:7.854e-05> cud_total: 5.2933e+01 mcud_total: 4.6817e-01 loss: 5.3401e+01 grad: 1.3601e+02
26-09-05 13:22:45.097 - INFO: <step:  7540, lr:7.839e-05> cud_total: 3.1069e+01 mcud_total: 4.5828e-01 loss: 3.1528e+01 grad: 1.8241e+02
26-09-05 13:22:50.929 - INFO: <step:  7560, lr:7.825e-05> cud_total: 3.0817e+01 mcud_total: 4.5778e-01 loss: 3.1275e+01 grad: 7.3962e+01
26-09-05 13:22:56.489 - INFO: <step:  7580, lr:7.810e-05> cud_total: 1.6045e+01 mcud_total: 4.3138e-01 loss: 1.6477e+01 grad: 3.8792e+02
26-09-05 13:23:02.396 - INFO: <step:  7600, lr:7.796e-05> cud_total: 3.0039e+01 mcud_total: 4.6281e-01 loss: 3.0501e+01 grad: 1.0676e+02
26-09-05 13:23:07.988 - INFO: <step:  7620, lr:7.781e-05> cud_total: 3.2410e+01 mcud_total: 4.5318e-01 loss: 3.2863e+01 grad: 1.1679e+02
26-09-05 13:23:14.051 - INFO: <step:  7640, lr:7.767e-05> cud_total: 4.3941e+01 mcud_total: 4.5844e-01 loss: 4.4399e+01 grad: 1.2989e+02
26-09-05 13:23:19.855 - INFO: <step:  7660, lr:7.752e-05> cud_total: 1.8679e+01 mcud_total: 4.2697e-01 loss: 1.9106e+01 grad: 4.3583e+02
26-09-05 13:23:25.940 - INFO: <step:  7680, lr:7.738e-05> cud_total: 4.9620e+01 mcud_total: 4.3690e-01 loss: 5.0056e+01 grad: 7.3195e+01
26-09-05 13:23:35.902 - INFO: <step:  7700, lr:7.723e-05> cud_total: 3.7349e+01 mcud_total: 4.4795e-01 loss: 3.7797e+01 grad: 9.7600e+01
26-09-05 13:23:44.732 - INFO: <step:  7720, lr:7.709e-05> cud_total: 2.7974e+01 mcud_total: 3.9794e-01 loss: 2.8371e+01 grad: 8.6610e+01
26-09-05 13:23:50.479 - INFO: <step:  7740, lr:7.694e-05> cud_total: 4.5808e+01 mcud_total: 4.3300e-01 loss: 4.6241e+01 grad: 1.4231e+02
26-09-05 13:23:58.377 - INFO: <step:  7760, lr:7.679e-05> cud_total: 3.0308e+01 mcud_total: 4.6802e-01 loss: 3.0776e+01 grad: 1.7057e+02
26-09-05 13:24:05.531 - INFO: <step:  7780, lr:7.664e-05> cud_total: 3.5568e+01 mcud_total: 4.2027e-01 loss: 3.5988e+01 grad: 2.6001e+02
26-09-05 13:24:11.689 - INFO: <step:  7800, lr:7.650e-05> cud_total: 4.4194e+01 mcud_total: 4.4515e-01 loss: 4.4639e+01 grad: 1.2979e+02
26-09-05 13:24:17.527 - INFO: <step:  7820, lr:7.635e-05> cud_total: 2.6308e+01 mcud_total: 4.2678e-01 loss: 2.6734e+01 grad: 2.2288e+02
26-09-05 13:24:26.021 - INFO: <step:  7840, lr:7.620e-05> cud_total: 3.1524e+01 mcud_total: 4.4520e-01 loss: 3.1970e+01 grad: 1.5975e+02
26-09-05 13:24:35.847 - INFO: <step:  7860, lr:7.605e-05> cud_total: 5.2267e+01 mcud_total: 4.2243e-01 loss: 5.2690e+01 grad: 1.2527e+02
26-09-05 13:24:41.208 - INFO: <step:  7880, lr:7.590e-05> cud_total: 3.7059e+01 mcud_total: 4.4709e-01 loss: 3.7506e+01 grad: 8.7077e+01
26-09-05 13:24:46.631 - INFO: <step:  7900, lr:7.575e-05> cud_total: 4.9793e+01 mcud_total: 4.3186e-01 loss: 5.0225e+01 grad: 5.7875e+01
26-09-05 13:24:52.169 - INFO: <step:  7920, lr:7.560e-05> cud_total: 4.6157e+01 mcud_total: 4.5767e-01 loss: 4.6614e+01 grad: 1.1780e+02
26-09-05 13:24:59.242 - INFO: <step:  7940, lr:7.545e-05> cud_total: 5.1395e+01 mcud_total: 4.5052e-01 loss: 5.1845e+01 grad: 2.1188e+02
26-09-05 13:25:13.851 - INFO: <step:  7960, lr:7.530e-05> cud_total: 3.0178e+01 mcud_total: 4.3163e-01 loss: 3.0609e+01 grad: 1.1084e+02
26-09-05 13:25:24.939 - INFO: <step:  7980, lr:7.515e-05> cud_total: 3.4340e+01 mcud_total: 4.1833e-01 loss: 3.4758e+01 grad: 4.8296e+02
26-09-05 13:25:35.860 - INFO: <step:  8000, lr:7.500e-05> cud_total: 5.1997e+01 mcud_total: 4.1887e-01 loss: 5.2416e+01 grad: 5.6573e+01
26-09-05 13:25:44.971 - INFO: <step:  8020, lr:7.485e-05> cud_total: 3.8039e+01 mcud_total: 4.2744e-01 loss: 3.8466e+01 grad: 1.6512e+02
26-09-05 13:25:51.857 - INFO: <step:  8040, lr:7.470e-05> cud_total: 2.4996e+01 mcud_total: 4.3148e-01 loss: 2.5427e+01 grad: 9.0994e+01
26-09-05 13:25:57.796 - INFO: <step:  8060, lr:7.455e-05> cud_total: 5.4236e+01 mcud_total: 4.1354e-01 loss: 5.4650e+01 grad: 7.4775e+01
26-09-05 13:26:04.414 - INFO: <step:  8080, lr:7.439e-05> cud_total: 4.3988e+01 mcud_total: 4.5634e-01 loss: 4.4445e+01 grad: 1.1272e+02
26-09-05 13:26:16.560 - INFO: <step:  8100, lr:7.424e-05> cud_total: 2.6863e+01 mcud_total: 4.6174e-01 loss: 2.7325e+01 grad: 4.3255e+02
26-09-05 13:26:29.970 - INFO: <step:  8120, lr:7.409e-05> cud_total: 3.9264e+01 mcud_total: 4.3561e-01 loss: 3.9700e+01 grad: 1.3846e+02
26-09-05 13:26:45.175 - INFO: <step:  8140, lr:7.393e-05> cud_total: 5.0398e+01 mcud_total: 4.3046e-01 loss: 5.0828e+01 grad: 1.2871e+02
26-09-05 13:26:57.800 - INFO: <step:  8160, lr:7.378e-05> cud_total: 3.0680e+01 mcud_total: 4.2908e-01 loss: 3.1109e+01 grad: 2.2073e+02
26-09-05 13:27:11.084 - INFO: <step:  8180, lr:7.363e-05> cud_total: 5.6500e+01 mcud_total: 4.5004e-01 loss: 5.6950e+01 grad: 2.9836e+02
26-09-05 13:27:24.346 - INFO: <step:  8200, lr:7.347e-05> cud_total: 4.3594e+01 mcud_total: 4.0701e-01 loss: 4.4001e+01 grad: 1.5502e+02
26-09-05 13:27:35.587 - INFO: <step:  8220, lr:7.332e-05> cud_total: 3.5788e+01 mcud_total: 4.1972e-01 loss: 3.6207e+01 grad: 1.6996e+02
26-09-05 13:27:46.339 - INFO: <step:  8240, lr:7.316e-05> cud_total: 4.4596e+01 mcud_total: 4.2960e-01 loss: 4.5026e+01 grad: 1.6341e+02
26-09-05 13:27:55.620 - INFO: <step:  8260, lr:7.301e-05> cud_total: 2.5791e+01 mcud_total: 4.4579e-01 loss: 2.6237e+01 grad: 3.0596e+02
26-09-05 13:28:02.589 - INFO: <step:  8280, lr:7.285e-05> cud_total: 4.5764e+01 mcud_total: 4.4548e-01 loss: 4.6210e+01 grad: 4.2459e+02
26-09-05 13:28:14.361 - INFO: <step:  8300, lr:7.270e-05> cud_total: 2.6918e+01 mcud_total: 4.3051e-01 loss: 2.7349e+01 grad: 9.6667e+01
26-09-05 13:28:24.865 - INFO: <step:  8320, lr:7.254e-05> cud_total: 5.7166e+01 mcud_total: 4.1041e-01 loss: 5.7576e+01 grad: 1.2221e+02
26-09-05 13:28:36.569 - INFO: <step:  8340, lr:7.239e-05> cud_total: 6.3271e+01 mcud_total: 4.6951e-01 loss: 6.3741e+01 grad: 1.1412e+02
26-09-05 13:28:49.342 - INFO: <step:  8360, lr:7.223e-05> cud_total: 5.7094e+01 mcud_total: 4.3645e-01 loss: 5.7531e+01 grad: 1.2264e+02
26-09-05 13:29:01.408 - INFO: <step:  8380, lr:7.208e-05> cud_total: 4.0302e+01 mcud_total: 4.2860e-01 loss: 4.0730e+01 grad: 1.5630e+02
26-09-05 13:29:14.958 - INFO: <step:  8400, lr:7.192e-05> cud_total: 1.7125e+01 mcud_total: 4.6214e-01 loss: 1.7588e+01 grad: 3.4603e+02
26-09-05 13:29:27.310 - INFO: <step:  8420, lr:7.176e-05> cud_total: 4.7647e+01 mcud_total: 4.6687e-01 loss: 4.8113e+01 grad: 1.8667e+02
26-09-05 13:29:41.979 - INFO: <step:  8440, lr:7.160e-05> cud_total: 3.3945e+01 mcud_total: 4.4562e-01 loss: 3.4390e+01 grad: 2.8015e+02
26-09-05 13:29:53.995 - INFO: <step:  8460, lr:7.145e-05> cud_total: 3.0105e+01 mcud_total: 4.4361e-01 loss: 3.0548e+01 grad: 3.7349e+02
26-09-05 13:30:07.610 - INFO: <step:  8480, lr:7.129e-05> cud_total: 4.8011e+01 mcud_total: 4.1100e-01 loss: 4.8422e+01 grad: 7.4882e+01
26-09-05 13:30:22.007 - INFO: <step:  8500, lr:7.113e-05> cud_total: 5.5134e+01 mcud_total: 4.3333e-01 loss: 5.5568e+01 grad: 1.4611e+02
26-09-05 13:30:37.410 - INFO: <step:  8520, lr:7.097e-05> cud_total: 5.4036e+01 mcud_total: 4.4121e-01 loss: 5.4477e+01 grad: 1.5430e+02
26-09-05 13:30:50.371 - INFO: <step:  8540, lr:7.081e-05> cud_total: 3.6820e+01 mcud_total: 4.2132e-01 loss: 3.7241e+01 grad: 1.2504e+02
26-09-05 13:31:03.566 - INFO: <step:  8560, lr:7.066e-05> cud_total: 5.3064e+01 mcud_total: 4.0954e-01 loss: 5.3474e+01 grad: 7.3968e+01
26-09-05 13:31:15.025 - INFO: <step:  8580, lr:7.050e-05> cud_total: 3.0637e+01 mcud_total: 4.3956e-01 loss: 3.1076e+01 grad: 1.6195e+02
26-09-05 13:31:25.759 - INFO: <step:  8600, lr:7.034e-05> cud_total: 3.0305e+01 mcud_total: 4.4311e-01 loss: 3.0748e+01 grad: 1.7640e+02
26-09-05 13:31:36.483 - INFO: <step:  8620, lr:7.018e-05> cud_total: 2.2375e+01 mcud_total: 4.4993e-01 loss: 2.2825e+01 grad: 1.5483e+02
26-09-05 13:31:45.688 - INFO: <step:  8640, lr:7.002e-05> cud_total: 6.3448e+01 mcud_total: 4.5746e-01 loss: 6.3906e+01 grad: 1.5233e+02
26-09-05 13:31:54.863 - INFO: <step:  8660, lr:6.986e-05> cud_total: 3.4208e+01 mcud_total: 4.5185e-01 loss: 3.4660e+01 grad: 2.0251e+02
26-09-05 13:32:02.174 - INFO: <step:  8680, lr:6.970e-05> cud_total: 3.0338e+01 mcud_total: 4.3186e-01 loss: 3.0770e+01 grad: 3.8232e+02
26-09-05 13:32:08.313 - INFO: <step:  8700, lr:6.954e-05> cud_total: 3.2040e+01 mcud_total: 4.3433e-01 loss: 3.2474e+01 grad: 1.3664e+02
26-09-05 13:32:14.416 - INFO: <step:  8720, lr:6.938e-05> cud_total: 2.9349e+01 mcud_total: 4.1218e-01 loss: 2.9761e+01 grad: 1.5182e+02
26-09-05 13:32:20.038 - INFO: <step:  8740, lr:6.921e-05> cud_total: 3.4375e+01 mcud_total: 4.2596e-01 loss: 3.4801e+01 grad: 2.4209e+02
26-09-05 13:32:25.590 - INFO: <step:  8760, lr:6.905e-05> cud_total: 5.8415e+01 mcud_total: 4.4436e-01 loss: 5.8860e+01 grad: 1.2641e+02
26-09-05 13:32:31.196 - INFO: <step:  8780, lr:6.889e-05> cud_total: 4.0180e+01 mcud_total: 4.3926e-01 loss: 4.0619e+01 grad: 1.9564e+02
26-09-05 13:32:36.740 - INFO: <step:  8800, lr:6.873e-05> cud_total: 4.6675e+01 mcud_total: 4.1385e-01 loss: 4.7089e+01 grad: 9.7057e+01
26-09-05 13:32:46.750 - INFO: <step:  8820, lr:6.857e-05> cud_total: 6.4477e+01 mcud_total: 4.3844e-01 loss: 6.4915e+01 grad: 9.7050e+01
26-09-05 13:33:01.086 - INFO: <step:  8840, lr:6.841e-05> cud_total: 5.0803e+01 mcud_total: 4.4038e-01 loss: 5.1243e+01 grad: 1.2438e+02
26-09-05 13:33:14.068 - INFO: <step:  8860, lr:6.824e-05> cud_total: 4.5961e+01 mcud_total: 4.0363e-01 loss: 4.6364e+01 grad: 1.3127e+02
26-09-05 13:33:27.566 - INFO: <step:  8880, lr:6.808e-05> cud_total: 3.2059e+01 mcud_total: 4.2762e-01 loss: 3.2486e+01 grad: 9.4882e+01
26-09-05 13:33:39.243 - INFO: <step:  8900, lr:6.792e-05> cud_total: 4.8083e+01 mcud_total: 4.4912e-01 loss: 4.8532e+01 grad: 1.0981e+02
26-09-05 13:33:48.209 - INFO: <step:  8920, lr:6.776e-05> cud_total: 4.9961e+01 mcud_total: 4.5100e-01 loss: 5.0412e+01 grad: 7.0794e+01
26-09-05 13:33:54.317 - INFO: <step:  8940, lr:6.759e-05> cud_total: 3.8385e+01 mcud_total: 4.0215e-01 loss: 3.8787e+01 grad: 1.1631e+02
26-09-05 13:34:00.212 - INFO: <step:  8960, lr:6.743e-05> cud_total: 5.4865e+01 mcud_total: 4.3747e-01 loss: 5.5302e+01 grad: 9.3216e+01
26-09-05 13:34:05.794 - INFO: <step:  8980, lr:6.726e-05> cud_total: 6.1680e+01 mcud_total: 4.1298e-01 loss: 6.2093e+01 grad: 4.7883e+02
26-09-05 13:34:14.245 - INFO: <step:  9000, lr:6.710e-05> cud_total: 2.1086e+01 mcud_total: 4.3939e-01 loss: 2.1526e+01 grad: 1.9048e+02
26-09-05 13:34:27.216 - INFO: <step:  9020, lr:6.694e-05> cud_total: 4.3869e+01 mcud_total: 4.4275e-01 loss: 4.4312e+01 grad: 6.8797e+01
26-09-05 13:34:42.629 - INFO: <step:  9040, lr:6.677e-05> cud_total: 1.7378e+01 mcud_total: 4.1354e-01 loss: 1.7791e+01 grad: 3.6728e+02
26-09-05 13:34:55.752 - INFO: <step:  9060, lr:6.661e-05> cud_total: 3.5555e+01 mcud_total: 4.1765e-01 loss: 3.5973e+01 grad: 1.9428e+02
26-09-05 13:35:01.882 - INFO: <step:  9080, lr:6.644e-05> cud_total: 4.2314e+01 mcud_total: 4.1300e-01 loss: 4.2727e+01 grad: 1.0190e+02
26-09-05 13:35:07.288 - INFO: <step:  9100, lr:6.628e-05> cud_total: 3.3220e+01 mcud_total: 4.2338e-01 loss: 3.3643e+01 grad: 3.1717e+02
26-09-05 13:35:12.595 - INFO: <step:  9120, lr:6.611e-05> cud_total: 5.5571e+01 mcud_total: 4.0541e-01 loss: 5.5977e+01 grad: 2.5016e+02
26-09-05 13:35:17.890 - INFO: <step:  9140, lr:6.595e-05> cud_total: 3.3828e+01 mcud_total: 4.1276e-01 loss: 3.4241e+01 grad: 8.4680e+01
26-09-05 13:35:23.207 - INFO: <step:  9160, lr:6.578e-05> cud_total: 3.9305e+01 mcud_total: 4.1103e-01 loss: 3.9716e+01 grad: 1.5088e+02
26-09-05 13:35:28.501 - INFO: <step:  9180, lr:6.562e-05> cud_total: 4.4965e+01 mcud_total: 4.0034e-01 loss: 4.5365e+01 grad: 1.3794e+02
26-09-05 13:35:34.173 - INFO: <step:  9200, lr:6.545e-05> cud_total: 6.4858e+01 mcud_total: 4.2534e-01 loss: 6.5283e+01 grad: 8.1950e+01
26-09-05 13:35:40.074 - INFO: <step:  9220, lr:6.528e-05> cud_total: 4.9380e+01 mcud_total: 4.6003e-01 loss: 4.9840e+01 grad: 4.7049e+01
26-09-05 13:35:45.527 - INFO: <step:  9240, lr:6.512e-05> cud_total: 3.5539e+01 mcud_total: 4.2162e-01 loss: 3.5961e+01 grad: 1.3977e+02
26-09-05 13:35:51.183 - INFO: <step:  9260, lr:6.495e-05> cud_total: 5.6430e+01 mcud_total: 4.2850e-01 loss: 5.6858e+01 grad: 1.2226e+02
26-09-05 13:35:58.386 - INFO: <step:  9280, lr:6.479e-05> cud_total: 5.6579e+01 mcud_total: 4.1950e-01 loss: 5.6998e+01 grad: 5.6503e+01
26-09-05 13:36:08.116 - INFO: <step:  9300, lr:6.462e-05> cud_total: 3.7825e+01 mcud_total: 4.0498e-01 loss: 3.8230e+01 grad: 6.0082e+01
26-09-05 13:36:21.213 - INFO: <step:  9320, lr:6.445e-05> cud_total: 5.3910e+01 mcud_total: 4.1852e-01 loss: 5.4328e+01 grad: 1.8494e+02
26-09-05 13:36:36.538 - INFO: <step:  9340, lr:6.428e-05> cud_total: 8.4208e+01 mcud_total: 4.0862e-01 loss: 8.4617e+01 grad: 9.1416e+01
26-09-05 13:36:49.651 - INFO: <step:  9360, lr:6.412e-05> cud_total: 3.1856e+01 mcud_total: 4.3963e-01 loss: 3.2295e+01 grad: 1.3329e+02
26-09-05 13:37:01.854 - INFO: <step:  9380, lr:6.395e-05> cud_total: 3.2873e+01 mcud_total: 4.0179e-01 loss: 3.3275e+01 grad: 1.2870e+02
26-09-05 13:37:12.484 - INFO: <step:  9400, lr:6.378e-05> cud_total: 4.0259e+01 mcud_total: 4.1953e-01 loss: 4.0678e+01 grad: 9.0176e+01
26-09-05 13:37:22.662 - INFO: <step:  9420, lr:6.361e-05> cud_total: 5.7433e+01 mcud_total: 4.5691e-01 loss: 5.7890e+01 grad: 9.1281e+01
26-09-05 13:37:32.044 - INFO: <step:  9440, lr:6.345e-05> cud_total: 2.0487e+01 mcud_total: 4.0992e-01 loss: 2.0897e+01 grad: 3.5410e+02
26-09-05 13:37:41.366 - INFO: <step:  9460, lr:6.328e-05> cud_total: 5.3639e+01 mcud_total: 4.0998e-01 loss: 5.4049e+01 grad: 8.9019e+01
26-09-05 13:37:49.161 - INFO: <step:  9480, lr:6.311e-05> cud_total: 3.5081e+01 mcud_total: 4.2147e-01 loss: 3.5502e+01 grad: 2.5547e+02
26-09-05 13:37:59.889 - INFO: <step:  9500, lr:6.294e-05> cud_total: 3.2406e+01 mcud_total: 4.0694e-01 loss: 3.2813e+01 grad: 1.2303e+02
26-09-05 13:38:14.895 - INFO: <step:  9520, lr:6.277e-05> cud_total: 3.9322e+01 mcud_total: 3.9183e-01 loss: 3.9714e+01 grad: 3.8126e+02
26-09-05 13:38:22.501 - INFO: <step:  9540, lr:6.260e-05> cud_total: 4.3267e+01 mcud_total: 4.0303e-01 loss: 4.3670e+01 grad: 1.1018e+02
26-09-05 13:38:33.318 - INFO: <step:  9560, lr:6.243e-05> cud_total: 4.3837e+01 mcud_total: 4.0201e-01 loss: 4.4239e+01 grad: 1.0128e+02
26-09-05 13:38:40.530 - INFO: <step:  9580, lr:6.227e-05> cud_total: 3.7033e+01 mcud_total: 3.7580e-01 loss: 3.7409e+01 grad: 1.2032e+02
26-09-05 13:38:48.893 - INFO: <step:  9600, lr:6.210e-05> cud_total: 4.2098e+01 mcud_total: 3.9310e-01 loss: 4.2491e+01 grad: 9.1677e+01
26-09-05 13:38:59.668 - INFO: <step:  9620, lr:6.193e-05> cud_total: 4.2284e+01 mcud_total: 4.0283e-01 loss: 4.2687e+01 grad: 6.0904e+01
26-09-05 13:39:06.456 - INFO: <step:  9640, lr:6.176e-05> cud_total: 6.4986e+01 mcud_total: 4.0708e-01 loss: 6.5393e+01 grad: 6.8349e+01
26-09-05 13:39:11.928 - INFO: <step:  9660, lr:6.159e-05> cud_total: 3.3460e+01 mcud_total: 4.1465e-01 loss: 3.3874e+01 grad: 1.6505e+02
26-09-05 13:39:18.048 - INFO: <step:  9680, lr:6.142e-05> cud_total: 5.8206e+01 mcud_total: 4.0888e-01 loss: 5.8615e+01 grad: 2.5419e+02
26-09-05 13:39:31.232 - INFO: <step:  9700, lr:6.125e-05> cud_total: 3.5904e+01 mcud_total: 4.1819e-01 loss: 3.6322e+01 grad: 1.2738e+02
26-09-05 13:39:43.674 - INFO: <step:  9720, lr:6.108e-05> cud_total: 4.2814e+01 mcud_total: 4.0055e-01 loss: 4.3214e+01 grad: 1.0176e+02
26-09-05 13:39:57.200 - INFO: <step:  9740, lr:6.091e-05> cud_total: 3.8075e+01 mcud_total: 4.3376e-01 loss: 3.8509e+01 grad: 6.4609e+01
26-09-05 13:40:07.912 - INFO: <step:  9760, lr:6.074e-05> cud_total: 3.7600e+01 mcud_total: 4.4466e-01 loss: 3.8045e+01 grad: 9.9462e+01
26-09-05 13:40:14.972 - INFO: <step:  9780, lr:6.057e-05> cud_total: 2.6153e+01 mcud_total: 4.1298e-01 loss: 2.6566e+01 grad: 1.0760e+02
26-09-05 13:40:23.776 - INFO: <step:  9800, lr:6.040e-05> cud_total: 3.6392e+01 mcud_total: 4.2782e-01 loss: 3.6820e+01 grad: 1.0908e+02
26-09-05 13:40:35.900 - INFO: <step:  9820, lr:6.022e-05> cud_total: 3.0811e+01 mcud_total: 4.0717e-01 loss: 3.1219e+01 grad: 1.1627e+02
26-09-05 13:40:45.059 - INFO: <step:  9840, lr:6.005e-05> cud_total: 3.5713e+01 mcud_total: 4.7888e-01 loss: 3.6192e+01 grad: 6.3044e+01
26-09-05 13:40:56.562 - INFO: <step:  9860, lr:5.988e-05> cud_total: 3.0850e+01 mcud_total: 4.1492e-01 loss: 3.1265e+01 grad: 9.6812e+01
26-09-05 13:41:09.285 - INFO: <step:  9880, lr:5.971e-05> cud_total: 4.3312e+01 mcud_total: 4.1880e-01 loss: 4.3731e+01 grad: 2.6624e+02
26-09-05 13:41:23.649 - INFO: <step:  9900, lr:5.954e-05> cud_total: 2.7362e+01 mcud_total: 4.0345e-01 loss: 2.7766e+01 grad: 1.2817e+02
26-09-05 13:41:34.470 - INFO: <step:  9920, lr:5.937e-05> cud_total: 1.6797e+01 mcud_total: 4.5658e-01 loss: 1.7253e+01 grad: 1.2128e+02
26-09-05 13:41:47.147 - INFO: <step:  9940, lr:5.920e-05> cud_total: 3.1956e+01 mcud_total: 4.7043e-01 loss: 3.2427e+01 grad: 6.9458e+01
26-09-05 13:41:56.580 - INFO: <step:  9960, lr:5.903e-05> cud_total: 2.9406e+01 mcud_total: 4.2495e-01 loss: 2.9830e+01 grad: 2.8389e+02
26-09-05 13:42:07.121 - INFO: <step:  9980, lr:5.885e-05> cud_total: 4.9415e+01 mcud_total: 4.4019e-01 loss: 4.9855e+01 grad: 1.8299e+02
26-09-05 13:42:16.920 - INFO: <step: 10000, lr:5.868e-05> cud_total: 3.6996e+01 mcud_total: 4.2320e-01 loss: 3.7419e+01 grad: 1.8146e+02
26-09-05 13:42:31.968 - INFO: [step 10000] val loss: 31.2056
26-09-05 13:43:58.245 - INFO: Saved checkpoint: /data1/Taohy/ModelReshow/modelReShow/DeFusion-plusplus-complete/experiments/COCO_MSRS_MCUD_demo/models/checkpoint-Defusion-plusplus-20260905_134216-step10000-loss37.4190-valloss31.2056.pth
26-09-05 13:44:10.463 - INFO: <step: 10020, lr:5.851e-05> cud_total: 5.8241e+01 mcud_total: 4.1930e-01 loss: 5.8660e+01 grad: 4.8989e+01
26-09-05 13:44:25.830 - INFO: <step: 10040, lr:5.834e-05> cud_total: 3.3971e+01 mcud_total: 3.9288e-01 loss: 3.4364e+01 grad: 1.0379e+02
26-09-05 13:44:35.344 - INFO: <step: 10060, lr:5.817e-05> cud_total: 5.2522e+01 mcud_total: 4.2136e-01 loss: 5.2943e+01 grad: 1.2343e+02
26-09-05 13:44:44.420 - INFO: <step: 10080, lr:5.799e-05> cud_total: 3.6950e+01 mcud_total: 4.1402e-01 loss: 3.7364e+01 grad: 8.0546e+01
26-09-05 13:44:52.149 - INFO: <step: 10100, lr:5.782e-05> cud_total: 3.3220e+01 mcud_total: 4.1558e-01 loss: 3.3636e+01 grad: 1.0275e+02
26-09-05 13:45:05.562 - INFO: <step: 10120, lr:5.765e-05> cud_total: 2.8188e+01 mcud_total: 4.2346e-01 loss: 2.8611e+01 grad: 9.3431e+01
26-09-05 13:45:14.095 - INFO: <step: 10140, lr:5.748e-05> cud_total: 5.0225e+01 mcud_total: 4.0532e-01 loss: 5.0631e+01 grad: 8.2420e+01
26-09-05 13:45:20.511 - INFO: <step: 10160, lr:5.730e-05> cud_total: 4.3358e+01 mcud_total: 4.1088e-01 loss: 4.3769e+01 grad: 7.4273e+01
26-09-05 13:45:25.827 - INFO: <step: 10180, lr:5.713e-05> cud_total: 5.1008e+01 mcud_total: 3.9824e-01 loss: 5.1406e+01 grad: 7.0293e+01
26-09-05 13:45:34.232 - INFO: <step: 10200, lr:5.696e-05> cud_total: 1.8004e+01 mcud_total: 4.1761e-01 loss: 1.8422e+01 grad: 2.7787e+02
26-09-05 13:45:45.665 - INFO: <step: 10220, lr:5.679e-05> cud_total: 5.1700e+01 mcud_total: 3.8337e-01 loss: 5.2083e+01 grad: 1.5420e+02
26-09-05 13:45:54.309 - INFO: <step: 10240, lr:5.661e-05> cud_total: 3.8395e+01 mcud_total: 3.6795e-01 loss: 3.8763e+01 grad: 2.2220e+02
26-09-05 13:46:01.508 - INFO: <step: 10260, lr:5.644e-05> cud_total: 4.3988e+01 mcud_total: 3.9376e-01 loss: 4.4382e+01 grad: 8.6287e+01
26-09-05 13:46:14.050 - INFO: <step: 10280, lr:5.627e-05> cud_total: 2.3701e+01 mcud_total: 3.9141e-01 loss: 2.4092e+01 grad: 9.0880e+01
26-09-05 13:46:28.973 - INFO: <step: 10300, lr:5.609e-05> cud_total: 3.8654e+01 mcud_total: 4.2877e-01 loss: 3.9082e+01 grad: 1.0754e+02
26-09-05 13:46:41.300 - INFO: <step: 10320, lr:5.592e-05> cud_total: 3.9334e+01 mcud_total: 4.1379e-01 loss: 3.9747e+01 grad: 1.4930e+02
26-09-05 13:46:54.868 - INFO: <step: 10340, lr:5.575e-05> cud_total: 3.8895e+01 mcud_total: 4.4662e-01 loss: 3.9342e+01 grad: 1.4099e+02
26-09-05 13:47:09.166 - INFO: <step: 10360, lr:5.557e-05> cud_total: 3.9400e+01 mcud_total: 4.2246e-01 loss: 3.9822e+01 grad: 1.7610e+02
26-09-05 13:47:18.995 - INFO: <step: 10380, lr:5.540e-05> cud_total: 3.5703e+01 mcud_total: 3.8832e-01 loss: 3.6092e+01 grad: 1.0531e+02
26-09-05 13:47:28.415 - INFO: <step: 10400, lr:5.523e-05> cud_total: 3.9421e+01 mcud_total: 4.3267e-01 loss: 3.9853e+01 grad: 7.0175e+01
26-09-05 13:47:36.064 - INFO: <step: 10420, lr:5.505e-05> cud_total: 3.7743e+01 mcud_total: 4.0891e-01 loss: 3.8152e+01 grad: 1.2675e+02
26-09-05 13:47:42.834 - INFO: <step: 10440, lr:5.488e-05> cud_total: 3.7576e+01 mcud_total: 4.0111e-01 loss: 3.7977e+01 grad: 1.8054e+02
26-09-05 13:47:51.275 - INFO: <step: 10460, lr:5.471e-05> cud_total: 1.9209e+01 mcud_total: 4.0967e-01 loss: 1.9619e+01 grad: 3.4378e+02
26-09-05 13:47:57.094 - INFO: <step: 10480, lr:5.453e-05> cud_total: 3.7962e+01 mcud_total: 4.0425e-01 loss: 3.8366e+01 grad: 2.6243e+02
26-09-05 13:48:03.040 - INFO: <step: 10500, lr:5.436e-05> cud_total: 4.7251e+01 mcud_total: 4.2367e-01 loss: 4.7674e+01 grad: 8.5043e+01
26-09-05 13:48:08.672 - INFO: <step: 10520, lr:5.418e-05> cud_total: 3.1851e+01 mcud_total: 4.1554e-01 loss: 3.2267e+01 grad: 1.0274e+02
26-09-05 13:48:15.413 - INFO: <step: 10540, lr:5.401e-05> cud_total: 2.7721e+01 mcud_total: 4.3382e-01 loss: 2.8155e+01 grad: 2.8194e+02
26-09-05 13:48:20.709 - INFO: <step: 10560, lr:5.384e-05> cud_total: 3.6223e+01 mcud_total: 4.2222e-01 loss: 3.6645e+01 grad: 1.2959e+02
26-09-05 13:48:26.259 - INFO: <step: 10580, lr:5.366e-05> cud_total: 4.1276e+01 mcud_total: 4.0693e-01 loss: 4.1683e+01 grad: 9.9085e+01
26-09-05 13:48:30.764 - INFO: <step: 10600, lr:5.349e-05> cud_total: 4.1983e+01 mcud_total: 4.1586e-01 loss: 4.2399e+01 grad: 7.1387e+01
26-09-05 13:48:35.699 - INFO: <step: 10620, lr:5.331e-05> cud_total: 5.3365e+01 mcud_total: 4.1487e-01 loss: 5.3780e+01 grad: 2.0203e+02
26-09-05 13:48:40.549 - INFO: <step: 10640, lr:5.314e-05> cud_total: 2.5961e+01 mcud_total: 3.9470e-01 loss: 2.6356e+01 grad: 1.0703e+02
26-09-05 13:48:47.139 - INFO: <step: 10660, lr:5.297e-05> cud_total: 1.9740e+01 mcud_total: 4.0699e-01 loss: 2.0147e+01 grad: 1.0402e+02
26-09-05 13:48:58.962 - INFO: <step: 10680, lr:5.279e-05> cud_total: 4.0633e+01 mcud_total: 3.8836e-01 loss: 4.1022e+01 grad: 4.2821e+02
26-09-05 13:49:09.173 - INFO: <step: 10700, lr:5.262e-05> cud_total: 3.3587e+01 mcud_total: 4.1353e-01 loss: 3.4001e+01 grad: 1.0727e+02
26-09-05 13:49:21.388 - INFO: <step: 10720, lr:5.244e-05> cud_total: 3.0776e+01 mcud_total: 4.3798e-01 loss: 3.1214e+01 grad: 2.3463e+02
26-09-05 13:49:31.802 - INFO: <step: 10740, lr:5.227e-05> cud_total: 6.2154e+01 mcud_total: 4.3557e-01 loss: 6.2590e+01 grad: 3.7177e+02
26-09-05 13:49:39.591 - INFO: <step: 10760, lr:5.209e-05> cud_total: 5.9747e+01 mcud_total: 4.2572e-01 loss: 6.0172e+01 grad: 9.4547e+01
26-09-05 13:49:45.634 - INFO: <step: 10780, lr:5.192e-05> cud_total: 5.0843e+01 mcud_total: 4.1597e-01 loss: 5.1259e+01 grad: 1.1927e+02
26-09-05 13:49:50.929 - INFO: <step: 10800, lr:5.174e-05> cud_total: 3.1704e+01 mcud_total: 4.0560e-01 loss: 3.2110e+01 grad: 2.2790e+02
26-09-05 13:50:00.305 - INFO: <step: 10820, lr:5.157e-05> cud_total: 5.3728e+01 mcud_total: 3.9073e-01 loss: 5.4119e+01 grad: 1.2125e+02
26-09-05 13:50:13.540 - INFO: <step: 10840, lr:5.140e-05> cud_total: 1.9751e+01 mcud_total: 4.3788e-01 loss: 2.0189e+01 grad: 6.4343e+01
26-09-05 13:50:24.715 - INFO: <step: 10860, lr:5.122e-05> cud_total: 2.9939e+01 mcud_total: 3.9411e-01 loss: 3.0333e+01 grad: 1.1994e+02
26-09-05 13:50:38.066 - INFO: <step: 10880, lr:5.105e-05> cud_total: 4.4115e+01 mcud_total: 4.0744e-01 loss: 4.4523e+01 grad: 1.3400e+02
26-09-05 13:50:48.458 - INFO: <step: 10900, lr:5.087e-05> cud_total: 2.5786e+01 mcud_total: 3.7512e-01 loss: 2.6162e+01 grad: 1.8537e+02
26-09-05 13:50:56.666 - INFO: <step: 10920, lr:5.070e-05> cud_total: 2.5861e+01 mcud_total: 3.9911e-01 loss: 2.6260e+01 grad: 8.5495e+01
26-09-05 13:51:01.416 - INFO: <step: 10940, lr:5.052e-05> cud_total: 3.7577e+01 mcud_total: 3.8822e-01 loss: 3.7966e+01 grad: 5.5162e+01
26-09-05 13:51:06.255 - INFO: <step: 10960, lr:5.035e-05> cud_total: 2.6260e+01 mcud_total: 3.9789e-01 loss: 2.6658e+01 grad: 1.6913e+02
26-09-05 13:51:10.768 - INFO: <step: 10980, lr:5.017e-05> cud_total: 4.5652e+01 mcud_total: 4.0535e-01 loss: 4.6057e+01 grad: 1.3443e+02
26-09-05 13:51:15.018 - INFO: <step: 11000, lr:5.000e-05> cud_total: 2.4452e+01 mcud_total: 4.0897e-01 loss: 2.4861e+01 grad: 1.4749e+02
26-09-05 13:51:19.246 - INFO: <step: 11020, lr:4.983e-05> cud_total: 2.5430e+01 mcud_total: 4.1866e-01 loss: 2.5849e+01 grad: 1.2513e+02
26-09-05 13:51:23.465 - INFO: <step: 11040, lr:4.965e-05> cud_total: 5.0605e+01 mcud_total: 3.9883e-01 loss: 5.1003e+01 grad: 1.1518e+02
26-09-05 13:51:28.011 - INFO: <step: 11060, lr:4.948e-05> cud_total: 5.2075e+01 mcud_total: 3.8996e-01 loss: 5.2465e+01 grad: 6.0389e+01
26-09-05 13:51:32.563 - INFO: <step: 11080, lr:4.930e-05> cud_total: 2.4620e+01 mcud_total: 4.2200e-01 loss: 2.5042e+01 grad: 1.9995e+02
26-09-05 13:51:37.221 - INFO: <step: 11100, lr:4.913e-05> cud_total: 5.8900e+01 mcud_total: 3.9335e-01 loss: 5.9294e+01 grad: 9.8302e+01
26-09-05 13:51:41.907 - INFO: <step: 11120, lr:4.895e-05> cud_total: 3.4227e+01 mcud_total: 4.1276e-01 loss: 3.4639e+01 grad: 9.8666e+01
26-09-05 13:51:46.366 - INFO: <step: 11140, lr:4.878e-05> cud_total: 5.2411e+01 mcud_total: 4.2767e-01 loss: 5.2839e+01 grad: 4.8299e+01
26-09-05 13:51:50.883 - INFO: <step: 11160, lr:4.860e-05> cud_total: 2.6910e+01 mcud_total: 4.3491e-01 loss: 2.7345e+01 grad: 1.6097e+02
26-09-05 13:51:55.699 - INFO: <step: 11180, lr:4.843e-05> cud_total: 4.3911e+01 mcud_total: 4.0784e-01 loss: 4.4319e+01 grad: 6.4841e+01
26-09-05 13:52:00.919 - INFO: <step: 11200, lr:4.826e-05> cud_total: 2.7490e+01 mcud_total: 4.1959e-01 loss: 2.7909e+01 grad: 7.6371e+01
26-09-05 13:52:06.022 - INFO: <step: 11220, lr:4.808e-05> cud_total: 2.5346e+01 mcud_total: 4.0470e-01 loss: 2.5751e+01 grad: 2.8577e+02
26-09-05 13:52:17.257 - INFO: <step: 11240, lr:4.791e-05> cud_total: 2.5560e+01 mcud_total: 4.1021e-01 loss: 2.5970e+01 grad: 1.1050e+02
26-09-05 13:52:28.821 - INFO: <step: 11260, lr:4.773e-05> cud_total: 5.1570e+01 mcud_total: 3.9703e-01 loss: 5.1967e+01 grad: 5.0991e+01
26-09-05 13:52:37.042 - INFO: <step: 11280, lr:4.756e-05> cud_total: 2.8030e+01 mcud_total: 4.0584e-01 loss: 2.8435e+01 grad: 1.1689e+02
26-09-05 13:52:43.920 - INFO: <step: 11300, lr:4.738e-05> cud_total: 4.3339e+01 mcud_total: 4.2669e-01 loss: 4.3766e+01 grad: 1.3379e+02
26-09-05 13:52:49.033 - INFO: <step: 11320, lr:4.721e-05> cud_total: 2.3069e+01 mcud_total: 4.0443e-01 loss: 2.3473e+01 grad: 1.0120e+02
26-09-05 13:52:53.802 - INFO: <step: 11340, lr:4.703e-05> cud_total: 3.0099e+01 mcud_total: 4.2797e-01 loss: 3.0527e+01 grad: 7.5569e+01
26-09-05 13:52:58.337 - INFO: <step: 11360, lr:4.686e-05> cud_total: 3.4956e+01 mcud_total: 4.0668e-01 loss: 3.5362e+01 grad: 9.3679e+01
26-09-05 13:53:02.531 - INFO: <step: 11380, lr:4.669e-05> cud_total: 2.8301e+01 mcud_total: 3.9392e-01 loss: 2.8695e+01 grad: 1.5874e+02
26-09-05 13:53:07.286 - INFO: <step: 11400, lr:4.651e-05> cud_total: 3.1649e+01 mcud_total: 4.1556e-01 loss: 3.2065e+01 grad: 1.7265e+02
26-09-05 13:53:12.574 - INFO: <step: 11420, lr:4.634e-05> cud_total: 3.0655e+01 mcud_total: 4.1135e-01 loss: 3.1066e+01 grad: 1.3679e+02
26-09-05 13:53:24.858 - INFO: <step: 11440, lr:4.616e-05> cud_total: 1.8255e+01 mcud_total: 3.9937e-01 loss: 1.8655e+01 grad: 1.0760e+02
26-09-05 13:53:32.990 - INFO: <step: 11460, lr:4.599e-05> cud_total: 3.8158e+01 mcud_total: 4.1464e-01 loss: 3.8573e+01 grad: 9.6398e+01
26-09-05 13:53:37.858 - INFO: <step: 11480, lr:4.582e-05> cud_total: 5.1527e+01 mcud_total: 3.9223e-01 loss: 5.1920e+01 grad: 1.0593e+02
26-09-05 13:53:42.979 - INFO: <step: 11500, lr:4.564e-05> cud_total: 2.6414e+01 mcud_total: 3.9801e-01 loss: 2.6812e+01 grad: 7.9635e+01
26-09-05 13:53:47.812 - INFO: <step: 11520, lr:4.547e-05> cud_total: 6.4488e+01 mcud_total: 4.3626e-01 loss: 6.4924e+01 grad: 7.9208e+01
26-09-05 13:53:52.661 - INFO: <step: 11540, lr:4.529e-05> cud_total: 2.6819e+01 mcud_total: 3.8159e-01 loss: 2.7200e+01 grad: 1.5669e+02
26-09-05 13:53:58.974 - INFO: <step: 11560, lr:4.512e-05> cud_total: 5.6555e+01 mcud_total: 4.1479e-01 loss: 5.6970e+01 grad: 1.5068e+02
26-09-05 13:54:09.054 - INFO: <step: 11580, lr:4.495e-05> cud_total: 4.0409e+01 mcud_total: 4.1187e-01 loss: 4.0821e+01 grad: 1.6190e+02
26-09-05 13:54:17.614 - INFO: <step: 11600, lr:4.477e-05> cud_total: 2.9894e+01 mcud_total: 3.9454e-01 loss: 3.0289e+01 grad: 2.2067e+02
26-09-05 13:54:26.580 - INFO: <step: 11620, lr:4.460e-05> cud_total: 3.8367e+01 mcud_total: 4.1481e-01 loss: 3.8782e+01 grad: 1.0512e+02
26-09-05 13:54:39.483 - INFO: <step: 11640, lr:4.443e-05> cud_total: 1.9729e+01 mcud_total: 3.7545e-01 loss: 2.0104e+01 grad: 1.6375e+02
26-09-05 13:54:49.511 - INFO: <step: 11660, lr:4.425e-05> cud_total: 6.3179e+01 mcud_total: 3.9982e-01 loss: 6.3579e+01 grad: 6.7153e+01
26-09-05 13:54:55.573 - INFO: <step: 11680, lr:4.408e-05> cud_total: 4.1976e+01 mcud_total: 4.3528e-01 loss: 4.2411e+01 grad: 7.5273e+01
26-09-05 13:55:01.736 - INFO: <step: 11700, lr:4.391e-05> cud_total: 5.5398e+01 mcud_total: 4.3384e-01 loss: 5.5832e+01 grad: 6.4272e+01
26-09-05 13:55:13.216 - INFO: <step: 11720, lr:4.373e-05> cud_total: 2.7441e+01 mcud_total: 4.1620e-01 loss: 2.7857e+01 grad: 9.9556e+01
26-09-05 13:55:27.159 - INFO: <step: 11740, lr:4.356e-05> cud_total: 5.1973e+01 mcud_total: 4.0932e-01 loss: 5.2382e+01 grad: 1.3009e+02
26-09-05 13:55:38.853 - INFO: <step: 11760, lr:4.339e-05> cud_total: 3.2525e+01 mcud_total: 4.0295e-01 loss: 3.2928e+01 grad: 7.0420e+01
26-09-05 13:55:48.471 - INFO: <step: 11780, lr:4.321e-05> cud_total: 4.2083e+01 mcud_total: 3.9658e-01 loss: 4.2480e+01 grad: 7.6377e+01
26-09-05 13:56:02.710 - INFO: <step: 11800, lr:4.304e-05> cud_total: 5.5498e+01 mcud_total: 3.7860e-01 loss: 5.5877e+01 grad: 5.5495e+01
26-09-05 13:56:09.153 - INFO: <step: 11820, lr:4.287e-05> cud_total: 6.0437e+01 mcud_total: 3.9680e-01 loss: 6.0834e+01 grad: 1.2329e+02
26-09-05 13:56:16.424 - INFO: <step: 11840, lr:4.270e-05> cud_total: 1.8735e+01 mcud_total: 4.2454e-01 loss: 1.9160e+01 grad: 1.8620e+02
26-09-05 13:56:29.556 - INFO: <step: 11860, lr:4.252e-05> cud_total: 5.1281e+01 mcud_total: 4.3172e-01 loss: 5.1713e+01 grad: 2.3484e+02
26-09-05 13:56:41.177 - INFO: <step: 11880, lr:4.235e-05> cud_total: 3.0781e+01 mcud_total: 4.1910e-01 loss: 3.1200e+01 grad: 4.6729e+01
26-09-05 13:56:53.720 - INFO: <step: 11900, lr:4.218e-05> cud_total: 4.1706e+01 mcud_total: 4.1896e-01 loss: 4.2125e+01 grad: 6.8367e+01
26-09-05 13:57:04.528 - INFO: <step: 11920, lr:4.201e-05> cud_total: 3.9035e+01 mcud_total: 3.8897e-01 loss: 3.9424e+01 grad: 1.2588e+02
26-09-05 13:57:15.367 - INFO: <step: 11940, lr:4.183e-05> cud_total: 4.4868e+01 mcud_total: 3.8836e-01 loss: 4.5257e+01 grad: 1.1227e+02
26-09-05 13:57:30.957 - INFO: <step: 11960, lr:4.166e-05> cud_total: 2.6180e+01 mcud_total: 3.9292e-01 loss: 2.6573e+01 grad: 8.5684e+01
26-09-05 13:57:45.221 - INFO: <step: 11980, lr:4.149e-05> cud_total: 4.9196e+01 mcud_total: 3.9393e-01 loss: 4.9590e+01 grad: 6.1017e+01
26-09-05 13:57:57.684 - INFO: <step: 12000, lr:4.132e-05> cud_total: 2.4738e+01 mcud_total: 4.1667e-01 loss: 2.5155e+01 grad: 7.2563e+01
26-09-05 13:58:10.759 - INFO: <step: 12020, lr:4.115e-05> cud_total: 2.6318e+01 mcud_total: 4.2743e-01 loss: 2.6746e+01 grad: 1.0888e+02
26-09-05 13:58:20.647 - INFO: <step: 12040, lr:4.097e-05> cud_total: 5.4736e+01 mcud_total: 4.2832e-01 loss: 5.5165e+01 grad: 8.2610e+01
26-09-05 13:58:29.217 - INFO: <step: 12060, lr:4.080e-05> cud_total: 5.1265e+01 mcud_total: 4.2405e-01 loss: 5.1689e+01 grad: 1.0794e+02
26-09-05 13:58:35.614 - INFO: <step: 12080, lr:4.063e-05> cud_total: 3.8782e+01 mcud_total: 4.0219e-01 loss: 3.9184e+01 grad: 6.3683e+01
26-09-05 13:58:41.671 - INFO: <step: 12100, lr:4.046e-05> cud_total: 2.2038e+01 mcud_total: 3.7621e-01 loss: 2.2414e+01 grad: 2.9131e+02
26-09-05 13:58:47.153 - INFO: <step: 12120, lr:4.029e-05> cud_total: 2.4308e+01 mcud_total: 3.8273e-01 loss: 2.4691e+01 grad: 6.6418e+01
26-09-05 13:58:54.544 - INFO: <step: 12140, lr:4.012e-05> cud_total: 7.7968e+01 mcud_total: 4.0020e-01 loss: 7.8368e+01 grad: 1.2305e+02
26-09-05 13:59:04.804 - INFO: <step: 12160, lr:3.995e-05> cud_total: 2.6323e+01 mcud_total: 3.9946e-01 loss: 2.6722e+01 grad: 2.1799e+02
26-09-05 13:59:16.322 - INFO: <step: 12180, lr:3.978e-05> cud_total: 3.5429e+01 mcud_total: 4.2655e-01 loss: 3.5856e+01 grad: 1.2300e+02
26-09-05 13:59:28.408 - INFO: <step: 12200, lr:3.960e-05> cud_total: 3.9624e+01 mcud_total: 4.0507e-01 loss: 4.0030e+01 grad: 8.3101e+01
26-09-05 13:59:41.787 - INFO: <step: 12220, lr:3.943e-05> cud_total: 3.0749e+01 mcud_total: 4.2069e-01 loss: 3.1170e+01 grad: 2.3570e+02
26-09-05 13:59:50.787 - INFO: <step: 12240, lr:3.926e-05> cud_total: 3.3072e+01 mcud_total: 4.1227e-01 loss: 3.3484e+01 grad: 5.3451e+01
26-09-05 14:00:00.784 - INFO: <step: 12260, lr:3.909e-05> cud_total: 3.2695e+01 mcud_total: 4.3165e-01 loss: 3.3127e+01 grad: 2.2005e+02
26-09-05 14:00:09.470 - INFO: <step: 12280, lr:3.892e-05> cud_total: 3.6702e+01 mcud_total: 4.0362e-01 loss: 3.7106e+01 grad: 1.3944e+02
26-09-05 14:00:16.231 - INFO: <step: 12300, lr:3.875e-05> cud_total: 6.4306e+01 mcud_total: 4.1476e-01 loss: 6.4721e+01 grad: 1.0052e+02
26-09-05 14:00:25.919 - INFO: <step: 12320, lr:3.858e-05> cud_total: 5.3336e+01 mcud_total: 4.2325e-01 loss: 5.3759e+01 grad: 7.6123e+01
26-09-05 14:00:37.123 - INFO: <step: 12340, lr:3.841e-05> cud_total: 4.1488e+01 mcud_total: 4.0186e-01 loss: 4.1890e+01 grad: 1.2959e+02
26-09-05 14:00:41.404 - INFO: <step: 12360, lr:3.824e-05> cud_total: 5.3353e+01 mcud_total: 4.1244e-01 loss: 5.3766e+01 grad: 1.3901e+02
26-09-05 14:00:45.743 - INFO: <step: 12380, lr:3.807e-05> cud_total: 3.3875e+01 mcud_total: 4.1172e-01 loss: 3.4287e+01 grad: 8.5846e+01
26-09-05 14:00:50.560 - INFO: <step: 12400, lr:3.790e-05> cud_total: 5.4996e+01 mcud_total: 4.0505e-01 loss: 5.5401e+01 grad: 1.0167e+02
26-09-05 14:00:55.112 - INFO: <step: 12420, lr:3.773e-05> cud_total: 2.2851e+01 mcud_total: 3.9753e-01 loss: 2.3248e+01 grad: 1.2046e+02
26-09-05 14:00:59.445 - INFO: <step: 12440, lr:3.757e-05> cud_total: 1.4238e+01 mcud_total: 4.0852e-01 loss: 1.4647e+01 grad: 1.0680e+02
26-09-05 14:01:04.753 - INFO: <step: 12460, lr:3.740e-05> cud_total: 6.9460e+01 mcud_total: 4.1308e-01 loss: 6.9874e+01 grad: 6.5748e+01
26-09-05 14:01:13.253 - INFO: <step: 12480, lr:3.723e-05> cud_total: 3.3796e+01 mcud_total: 3.9518e-01 loss: 3.4191e+01 grad: 5.8723e+01
26-09-05 14:01:23.219 - INFO: <step: 12500, lr:3.706e-05> cud_total: 2.0728e+01 mcud_total: 4.1002e-01 loss: 2.1138e+01 grad: 1.4481e+02
26-09-05 14:01:27.857 - INFO: <step: 12520, lr:3.689e-05> cud_total: 4.0369e+01 mcud_total: 4.1369e-01 loss: 4.0782e+01 grad: 1.4390e+02
26-09-05 14:01:32.416 - INFO: <step: 12540, lr:3.672e-05> cud_total: 3.9482e+01 mcud_total: 3.9622e-01 loss: 3.9878e+01 grad: 5.3037e+01
26-09-05 14:01:36.736 - INFO: <step: 12560, lr:3.655e-05> cud_total: 3.4504e+01 mcud_total: 4.0806e-01 loss: 3.4912e+01 grad: 8.0353e+01
26-09-05 14:01:40.919 - INFO: <step: 12580, lr:3.639e-05> cud_total: 1.8681e+01 mcud_total: 3.8037e-01 loss: 1.9061e+01 grad: 1.5330e+02
26-09-05 14:01:46.292 - INFO: <step: 12600, lr:3.622e-05> cud_total: 3.1115e+01 mcud_total: 4.0699e-01 loss: 3.1522e+01 grad: 2.0692e+02
26-09-05 14:01:51.681 - INFO: <step: 12620, lr:3.605e-05> cud_total: 2.8870e+01 mcud_total: 3.8060e-01 loss: 2.9250e+01 grad: 7.3208e+01
26-09-05 14:01:57.609 - INFO: <step: 12640, lr:3.588e-05> cud_total: 4.7869e+01 mcud_total: 4.3944e-01 loss: 4.8309e+01 grad: 3.4733e+02
26-09-05 14:02:04.286 - INFO: <step: 12660, lr:3.572e-05> cud_total: 2.5777e+01 mcud_total: 3.8173e-01 loss: 2.6159e+01 grad: 5.5119e+01
26-09-05 14:02:10.095 - INFO: <step: 12680, lr:3.555e-05> cud_total: 1.2517e+01 mcud_total: 4.0171e-01 loss: 1.2919e+01 grad: 2.3370e+02
26-09-05 14:02:16.485 - INFO: <step: 12700, lr:3.538e-05> cud_total: 3.0476e+01 mcud_total: 4.1084e-01 loss: 3.0887e+01 grad: 2.1489e+02
26-09-05 14:02:22.830 - INFO: <step: 12720, lr:3.521e-05> cud_total: 2.7804e+01 mcud_total: 3.8334e-01 loss: 2.8187e+01 grad: 6.2113e+01
26-09-05 14:02:27.790 - INFO: <step: 12740, lr:3.505e-05> cud_total: 3.0051e+01 mcud_total: 4.0693e-01 loss: 3.0458e+01 grad: 9.7435e+01
26-09-05 14:02:32.098 - INFO: <step: 12760, lr:3.488e-05> cud_total: 3.9164e+01 mcud_total: 3.7796e-01 loss: 3.9542e+01 grad: 8.0319e+01
26-09-05 14:02:36.368 - INFO: <step: 12780, lr:3.472e-05> cud_total: 1.9702e+01 mcud_total: 4.0308e-01 loss: 2.0105e+01 grad: 1.0679e+02
26-09-05 14:02:40.677 - INFO: <step: 12800, lr:3.455e-05> cud_total: 4.5749e+01 mcud_total: 3.7747e-01 loss: 4.6126e+01 grad: 1.8007e+02
26-09-05 14:02:45.003 - INFO: <step: 12820, lr:3.438e-05> cud_total: 2.4916e+01 mcud_total: 4.1056e-01 loss: 2.5327e+01 grad: 1.0326e+02
26-09-05 14:02:49.378 - INFO: <step: 12840, lr:3.422e-05> cud_total: 4.6143e+01 mcud_total: 3.9940e-01 loss: 4.6542e+01 grad: 1.3848e+02
26-09-05 14:02:53.718 - INFO: <step: 12860, lr:3.405e-05> cud_total: 4.0533e+01 mcud_total: 3.9746e-01 loss: 4.0930e+01 grad: 5.7103e+01
26-09-05 14:02:57.952 - INFO: <step: 12880, lr:3.389e-05> cud_total: 1.9216e+01 mcud_total: 4.2748e-01 loss: 1.9643e+01 grad: 2.3670e+02
26-09-05 14:03:02.229 - INFO: <step: 12900, lr:3.372e-05> cud_total: 2.0447e+01 mcud_total: 3.8140e-01 loss: 2.0828e+01 grad: 1.9700e+02
26-09-05 14:03:06.487 - INFO: <step: 12920, lr:3.356e-05> cud_total: 3.4140e+01 mcud_total: 3.7451e-01 loss: 3.4515e+01 grad: 1.1938e+02
26-09-05 14:03:10.751 - INFO: <step: 12940, lr:3.339e-05> cud_total: 3.3061e+01 mcud_total: 4.0292e-01 loss: 3.3464e+01 grad: 1.1922e+02
26-09-05 14:03:15.152 - INFO: <step: 12960, lr:3.323e-05> cud_total: 1.4222e+01 mcud_total: 4.2500e-01 loss: 1.4647e+01 grad: 1.4430e+02
26-09-05 14:03:19.460 - INFO: <step: 12980, lr:3.306e-05> cud_total: 6.5919e+01 mcud_total: 4.3402e-01 loss: 6.6353e+01 grad: 5.9448e+01
26-09-05 14:03:23.967 - INFO: <step: 13000, lr:3.290e-05> cud_total: 4.0291e+01 mcud_total: 3.9352e-01 loss: 4.0684e+01 grad: 9.8165e+01
26-09-05 14:03:28.766 - INFO: <step: 13020, lr:3.274e-05> cud_total: 3.5810e+01 mcud_total: 3.8490e-01 loss: 3.6195e+01 grad: 1.2546e+03
26-09-05 14:03:34.075 - INFO: <step: 13040, lr:3.257e-05> cud_total: 2.0743e+01 mcud_total: 3.8483e-01 loss: 2.1128e+01 grad: 9.0868e+01
26-09-05 14:03:39.788 - INFO: <step: 13060, lr:3.241e-05> cud_total: 4.9858e+01 mcud_total: 4.0272e-01 loss: 5.0260e+01 grad: 9.3393e+01
26-09-05 14:03:45.505 - INFO: <step: 13080, lr:3.224e-05> cud_total: 2.3065e+01 mcud_total: 3.9548e-01 loss: 2.3461e+01 grad: 5.9722e+01
26-09-05 14:03:51.914 - INFO: <step: 13100, lr:3.208e-05> cud_total: 3.3451e+01 mcud_total: 3.9433e-01 loss: 3.3846e+01 grad: 2.4632e+02
26-09-05 14:03:56.446 - INFO: <step: 13120, lr:3.192e-05> cud_total: 2.5550e+01 mcud_total: 3.7329e-01 loss: 2.5923e+01 grad: 6.1469e+01
26-09-05 14:04:00.749 - INFO: <step: 13140, lr:3.176e-05> cud_total: 3.4635e+01 mcud_total: 4.2319e-01 loss: 3.5058e+01 grad: 9.5202e+01
26-09-05 14:04:06.014 - INFO: <step: 13160, lr:3.159e-05> cud_total: 1.7409e+01 mcud_total: 4.1646e-01 loss: 1.7826e+01 grad: 7.9729e+01
26-09-05 14:04:11.427 - INFO: <step: 13180, lr:3.143e-05> cud_total: 4.9788e+01 mcud_total: 4.0781e-01 loss: 5.0195e+01 grad: 7.3198e+01
26-09-05 14:04:17.780 - INFO: <step: 13200, lr:3.127e-05> cud_total: 3.9017e+01 mcud_total: 3.9688e-01 loss: 3.9414e+01 grad: 1.1548e+02
26-09-05 14:04:22.784 - INFO: <step: 13220, lr:3.111e-05> cud_total: 3.3199e+01 mcud_total: 3.8437e-01 loss: 3.3583e+01 grad: 1.8501e+02
26-09-05 14:04:27.711 - INFO: <step: 13240, lr:3.095e-05> cud_total: 3.6488e+01 mcud_total: 3.9890e-01 loss: 3.6887e+01 grad: 1.4980e+02
26-09-05 14:04:33.114 - INFO: <step: 13260, lr:3.079e-05> cud_total: 3.3978e+01 mcud_total: 3.9790e-01 loss: 3.4376e+01 grad: 9.1376e+01
26-09-05 14:04:39.790 - INFO: <step: 13280, lr:3.062e-05> cud_total: 5.4855e+01 mcud_total: 4.1707e-01 loss: 5.5272e+01 grad: 1.0130e+02
26-09-05 14:04:45.326 - INFO: <step: 13300, lr:3.046e-05> cud_total: 4.2658e+01 mcud_total: 3.5216e-01 loss: 4.3010e+01 grad: 6.5347e+01
26-09-05 14:04:49.920 - INFO: <step: 13320, lr:3.030e-05> cud_total: 2.0545e+01 mcud_total: 4.0189e-01 loss: 2.0947e+01 grad: 1.0486e+02
26-09-05 14:04:56.147 - INFO: <step: 13340, lr:3.014e-05> cud_total: 1.5090e+01 mcud_total: 3.7834e-01 loss: 1.5469e+01 grad: 8.3336e+01
26-09-05 14:05:01.819 - INFO: <step: 13360, lr:2.998e-05> cud_total: 4.2620e+01 mcud_total: 3.5777e-01 loss: 4.2978e+01 grad: 1.9404e+02
26-09-05 14:05:07.797 - INFO: <step: 13380, lr:2.982e-05> cud_total: 2.7703e+01 mcud_total: 4.3204e-01 loss: 2.8135e+01 grad: 8.5894e+01
26-09-05 14:05:13.808 - INFO: <step: 13400, lr:2.966e-05> cud_total: 4.2956e+01 mcud_total: 4.1113e-01 loss: 4.3367e+01 grad: 1.8056e+02
26-09-05 14:05:21.313 - INFO: <step: 13420, lr:2.950e-05> cud_total: 3.3868e+01 mcud_total: 4.1412e-01 loss: 3.4282e+01 grad: 6.1881e+01
26-09-05 14:05:26.832 - INFO: <step: 13440, lr:2.934e-05> cud_total: 2.2223e+01 mcud_total: 3.7348e-01 loss: 2.2596e+01 grad: 7.5639e+01
26-09-05 14:05:32.754 - INFO: <step: 13460, lr:2.919e-05> cud_total: 4.2388e+01 mcud_total: 3.9110e-01 loss: 4.2780e+01 grad: 8.1892e+01
26-09-05 14:05:38.802 - INFO: <step: 13480, lr:2.903e-05> cud_total: 3.9637e+01 mcud_total: 3.6141e-01 loss: 3.9999e+01 grad: 8.1687e+01
26-09-05 14:05:44.411 - INFO: <step: 13500, lr:2.887e-05> cud_total: 1.4336e+01 mcud_total: 3.7546e-01 loss: 1.4712e+01 grad: 8.3450e+01
26-09-05 14:05:52.841 - INFO: <step: 13520, lr:2.871e-05> cud_total: 3.2200e+01 mcud_total: 3.9909e-01 loss: 3.2599e+01 grad: 5.4262e+01
26-09-05 14:05:59.394 - INFO: <step: 13540, lr:2.855e-05> cud_total: 2.1076e+01 mcud_total: 3.8658e-01 loss: 2.1462e+01 grad: 9.3614e+01
26-09-05 14:06:04.921 - INFO: <step: 13560, lr:2.840e-05> cud_total: 4.2277e+01 mcud_total: 4.2183e-01 loss: 4.2699e+01 grad: 1.1999e+02
26-09-05 14:06:09.765 - INFO: <step: 13580, lr:2.824e-05> cud_total: 1.4971e+01 mcud_total: 4.1797e-01 loss: 1.5389e+01 grad: 1.5395e+02
26-09-05 14:06:16.555 - INFO: <step: 13600, lr:2.808e-05> cud_total: 2.5118e+01 mcud_total: 4.1828e-01 loss: 2.5536e+01 grad: 9.8479e+01
26-09-05 14:06:23.758 - INFO: <step: 13620, lr:2.792e-05> cud_total: 3.5977e+01 mcud_total: 3.8244e-01 loss: 3.6360e+01 grad: 2.5891e+02
26-09-05 14:06:28.589 - INFO: <step: 13640, lr:2.777e-05> cud_total: 3.6833e+01 mcud_total: 4.1196e-01 loss: 3.7245e+01 grad: 7.0752e+01
26-09-05 14:06:35.278 - INFO: <step: 13660, lr:2.761e-05> cud_total: 2.7749e+01 mcud_total: 4.0729e-01 loss: 2.8156e+01 grad: 5.0692e+01
26-09-05 14:06:42.359 - INFO: <step: 13680, lr:2.746e-05> cud_total: 1.9949e+01 mcud_total: 4.0839e-01 loss: 2.0357e+01 grad: 8.0060e+01
26-09-05 14:06:47.812 - INFO: <step: 13700, lr:2.730e-05> cud_total: 5.1439e+01 mcud_total: 3.4967e-01 loss: 5.1789e+01 grad: 1.7159e+02
26-09-05 14:06:55.290 - INFO: <step: 13720, lr:2.715e-05> cud_total: 2.9001e+01 mcud_total: 3.9710e-01 loss: 2.9398e+01 grad: 7.7751e+01
26-09-05 14:07:01.683 - INFO: <step: 13740, lr:2.699e-05> cud_total: 5.1744e+01 mcud_total: 3.8989e-01 loss: 5.2134e+01 grad: 7.0432e+01
26-09-05 14:07:06.705 - INFO: <step: 13760, lr:2.684e-05> cud_total: 5.0157e+01 mcud_total: 4.2026e-01 loss: 5.0577e+01 grad: 1.1579e+02
26-09-05 14:07:12.213 - INFO: <step: 13780, lr:2.668e-05> cud_total: 5.2754e+01 mcud_total: 3.7200e-01 loss: 5.3126e+01 grad: 8.2978e+01
26-09-05 14:07:20.572 - INFO: <step: 13800, lr:2.653e-05> cud_total: 3.9096e+01 mcud_total: 4.0904e-01 loss: 3.9505e+01 grad: 5.1979e+01
26-09-05 14:07:28.703 - INFO: <step: 13820, lr:2.637e-05> cud_total: 3.2385e+01 mcud_total: 4.0540e-01 loss: 3.2790e+01 grad: 1.5010e+02
26-09-05 14:07:36.454 - INFO: <step: 13840, lr:2.622e-05> cud_total: 2.6430e+01 mcud_total: 4.0056e-01 loss: 2.6830e+01 grad: 1.2211e+02
26-09-05 14:07:42.991 - INFO: <step: 13860, lr:2.607e-05> cud_total: 3.1569e+01 mcud_total: 4.0338e-01 loss: 3.1972e+01 grad: 1.4585e+02
26-09-05 14:07:49.632 - INFO: <step: 13880, lr:2.591e-05> cud_total: 3.5460e+01 mcud_total: 4.0117e-01 loss: 3.5861e+01 grad: 9.1715e+01
26-09-05 14:07:55.002 - INFO: <step: 13900, lr:2.576e-05> cud_total: 1.7235e+01 mcud_total: 4.1920e-01 loss: 1.7654e+01 grad: 1.5803e+02
26-09-05 14:08:00.896 - INFO: <step: 13920, lr:2.561e-05> cud_total: 5.1932e+01 mcud_total: 3.8453e-01 loss: 5.2317e+01 grad: 7.7402e+01
26-09-05 14:08:06.860 - INFO: <step: 13940, lr:2.545e-05> cud_total: 2.8236e+01 mcud_total: 3.9077e-01 loss: 2.8627e+01 grad: 6.5843e+01
26-09-05 14:08:12.342 - INFO: <step: 13960, lr:2.530e-05> cud_total: 4.0966e+01 mcud_total: 4.2646e-01 loss: 4.1392e+01 grad: 1.0196e+02
26-09-05 14:08:17.312 - INFO: <step: 13980, lr:2.515e-05> cud_total: 3.9842e+01 mcud_total: 3.8685e-01 loss: 4.0229e+01 grad: 5.1391e+01
26-09-05 14:08:23.318 - INFO: <step: 14000, lr:2.500e-05> cud_total: 2.9122e+01 mcud_total: 4.1778e-01 loss: 2.9540e+01 grad: 1.8260e+02
26-09-05 14:08:30.597 - INFO: <step: 14020, lr:2.485e-05> cud_total: 2.8580e+01 mcud_total: 3.6552e-01 loss: 2.8946e+01 grad: 8.5132e+01
26-09-05 14:08:35.934 - INFO: <step: 14040, lr:2.470e-05> cud_total: 3.4354e+01 mcud_total: 3.9875e-01 loss: 3.4752e+01 grad: 8.9239e+01
26-09-05 14:08:41.517 - INFO: <step: 14060, lr:2.455e-05> cud_total: 2.0547e+01 mcud_total: 3.9571e-01 loss: 2.0943e+01 grad: 1.2811e+02
26-09-05 14:08:48.171 - INFO: <step: 14080, lr:2.440e-05> cud_total: 3.4784e+01 mcud_total: 3.9020e-01 loss: 3.5174e+01 grad: 1.0328e+02
26-09-05 14:08:57.576 - INFO: <step: 14100, lr:2.425e-05> cud_total: 4.1701e+01 mcud_total: 3.7865e-01 loss: 4.2080e+01 grad: 9.1336e+01
26-09-05 14:09:03.171 - INFO: <step: 14120, lr:2.410e-05> cud_total: 1.4925e+01 mcud_total: 3.7502e-01 loss: 1.5300e+01 grad: 1.1921e+02
26-09-05 14:09:10.114 - INFO: <step: 14140, lr:2.395e-05> cud_total: 3.7569e+01 mcud_total: 4.2372e-01 loss: 3.7993e+01 grad: 8.4880e+01
26-09-05 14:09:15.627 - INFO: <step: 14160, lr:2.380e-05> cud_total: 5.1474e+01 mcud_total: 3.8084e-01 loss: 5.1855e+01 grad: 6.4568e+01
26-09-05 14:09:21.810 - INFO: <step: 14180, lr:2.365e-05> cud_total: 2.9501e+01 mcud_total: 3.9484e-01 loss: 2.9896e+01 grad: 7.5260e+01
26-09-05 14:09:28.679 - INFO: <step: 14200, lr:2.350e-05> cud_total: 4.2713e+01 mcud_total: 3.5602e-01 loss: 4.3069e+01 grad: 8.9395e+01
26-09-05 14:09:36.929 - INFO: <step: 14220, lr:2.336e-05> cud_total: 3.7939e+01 mcud_total: 3.9312e-01 loss: 3.8333e+01 grad: 8.0708e+01
26-09-05 14:09:42.993 - INFO: <step: 14240, lr:2.321e-05> cud_total: 2.7385e+01 mcud_total: 3.9727e-01 loss: 2.7782e+01 grad: 5.1883e+01
26-09-05 14:09:50.180 - INFO: <step: 14260, lr:2.306e-05> cud_total: 3.3874e+01 mcud_total: 3.9715e-01 loss: 3.4272e+01 grad: 6.6415e+01
26-09-05 14:09:59.197 - INFO: <step: 14280, lr:2.291e-05> cud_total: 2.2567e+01 mcud_total: 3.8452e-01 loss: 2.2952e+01 grad: 7.4771e+01
26-09-05 14:10:04.694 - INFO: <step: 14300, lr:2.277e-05> cud_total: 3.0869e+01 mcud_total: 3.8076e-01 loss: 3.1250e+01 grad: 4.6201e+01
26-09-05 14:10:12.784 - INFO: <step: 14320, lr:2.262e-05> cud_total: 1.6052e+01 mcud_total: 4.2482e-01 loss: 1.6477e+01 grad: 2.8233e+02
26-09-05 14:10:19.258 - INFO: <step: 14340, lr:2.248e-05> cud_total: 4.9647e+01 mcud_total: 3.9430e-01 loss: 5.0041e+01 grad: 5.8373e+01
26-09-05 14:10:26.258 - INFO: <step: 14360, lr:2.233e-05> cud_total: 2.6109e+01 mcud_total: 3.9280e-01 loss: 2.6502e+01 grad: 8.5215e+01
26-09-05 14:10:32.847 - INFO: <step: 14380, lr:2.219e-05> cud_total: 3.6327e+01 mcud_total: 4.2209e-01 loss: 3.6749e+01 grad: 9.2661e+01
26-09-05 14:10:40.505 - INFO: <step: 14400, lr:2.204e-05> cud_total: 3.6255e+01 mcud_total: 4.3288e-01 loss: 3.6688e+01 grad: 1.2646e+02
26-09-05 14:10:47.909 - INFO: <step: 14420, lr:2.190e-05> cud_total: 3.8104e+01 mcud_total: 4.1428e-01 loss: 3.8518e+01 grad: 6.1187e+01
26-09-05 14:10:54.760 - INFO: <step: 14440, lr:2.175e-05> cud_total: 2.9549e+01 mcud_total: 3.9737e-01 loss: 2.9946e+01 grad: 1.7418e+02
26-09-05 14:11:01.869 - INFO: <step: 14460, lr:2.161e-05> cud_total: 2.3227e+01 mcud_total: 3.9133e-01 loss: 2.3618e+01 grad: 6.4435e+01
26-09-05 14:11:07.677 - INFO: <step: 14480, lr:2.146e-05> cud_total: 3.3185e+01 mcud_total: 4.1429e-01 loss: 3.3599e+01 grad: 6.6073e+01
26-09-05 14:11:14.232 - INFO: <step: 14500, lr:2.132e-05> cud_total: 4.8848e+01 mcud_total: 3.8680e-01 loss: 4.9235e+01 grad: 9.0709e+01
26-09-05 14:11:21.766 - INFO: <step: 14520, lr:2.118e-05> cud_total: 3.7172e+01 mcud_total: 3.9121e-01 loss: 3.7563e+01 grad: 1.9189e+02
26-09-05 14:11:27.689 - INFO: <step: 14540, lr:2.104e-05> cud_total: 3.3560e+01 mcud_total: 4.1127e-01 loss: 3.3972e+01 grad: 6.6504e+01
26-09-05 14:11:34.318 - INFO: <step: 14560, lr:2.089e-05> cud_total: 4.2375e+01 mcud_total: 4.0651e-01 loss: 4.2782e+01 grad: 6.6126e+01
26-09-05 14:11:39.864 - INFO: <step: 14580, lr:2.075e-05> cud_total: 4.5589e+01 mcud_total: 3.8627e-01 loss: 4.5975e+01 grad: 5.6782e+01
26-09-05 14:11:45.931 - INFO: <step: 14600, lr:2.061e-05> cud_total: 4.0426e+01 mcud_total: 4.3511e-01 loss: 4.0861e+01 grad: 4.1353e+01
26-09-05 14:11:52.433 - INFO: <step: 14620, lr:2.047e-05> cud_total: 2.3495e+01 mcud_total: 4.0938e-01 loss: 2.3905e+01 grad: 1.3105e+02
26-09-05 14:11:59.346 - INFO: <step: 14640, lr:2.033e-05> cud_total: 2.0443e+01 mcud_total: 3.6512e-01 loss: 2.0808e+01 grad: 1.3360e+02
26-09-05 14:12:06.148 - INFO: <step: 14660, lr:2.019e-05> cud_total: 2.5830e+01 mcud_total: 3.8254e-01 loss: 2.6213e+01 grad: 1.7559e+02
26-09-05 14:12:14.331 - INFO: <step: 14680, lr:2.005e-05> cud_total: 1.7504e+01 mcud_total: 3.7394e-01 loss: 1.7878e+01 grad: 1.6255e+02
26-09-05 14:12:21.751 - INFO: <step: 14700, lr:1.991e-05> cud_total: 2.9107e+01 mcud_total: 4.1672e-01 loss: 2.9524e+01 grad: 9.5608e+01
26-09-05 14:12:27.524 - INFO: <step: 14720, lr:1.977e-05> cud_total: 2.0968e+01 mcud_total: 3.6371e-01 loss: 2.1332e+01 grad: 1.1500e+02
26-09-05 14:12:33.477 - INFO: <step: 14740, lr:1.963e-05> cud_total: 5.1262e+01 mcud_total: 3.9258e-01 loss: 5.1654e+01 grad: 8.9744e+01
26-09-05 14:12:40.077 - INFO: <step: 14760, lr:1.949e-05> cud_total: 4.3450e+01 mcud_total: 3.9952e-01 loss: 4.3850e+01 grad: 4.3540e+01
26-09-05 14:12:47.056 - INFO: <step: 14780, lr:1.935e-05> cud_total: 3.2701e+01 mcud_total: 3.6187e-01 loss: 3.3063e+01 grad: 1.5680e+02
26-09-05 14:12:52.564 - INFO: <step: 14800, lr:1.922e-05> cud_total: 3.2243e+01 mcud_total: 3.9730e-01 loss: 3.2640e+01 grad: 8.1292e+01
26-09-05 14:12:57.925 - INFO: <step: 14820, lr:1.908e-05> cud_total: 1.2399e+01 mcud_total: 4.2269e-01 loss: 1.2822e+01 grad: 1.1629e+02
26-09-05 14:13:03.567 - INFO: <step: 14840, lr:1.894e-05> cud_total: 2.9934e+01 mcud_total: 3.7810e-01 loss: 3.0312e+01 grad: 1.1987e+02
26-09-05 14:13:09.291 - INFO: <step: 14860, lr:1.881e-05> cud_total: 2.4570e+01 mcud_total: 4.0291e-01 loss: 2.4973e+01 grad: 1.0801e+02
26-09-05 14:13:16.125 - INFO: <step: 14880, lr:1.867e-05> cud_total: 4.4155e+01 mcud_total: 4.0758e-01 loss: 4.4563e+01 grad: 4.7423e+01
26-09-05 14:13:25.125 - INFO: <step: 14900, lr:1.853e-05> cud_total: 1.2451e+01 mcud_total: 3.7712e-01 loss: 1.2828e+01 grad: 2.0545e+02
26-09-05 14:13:31.490 - INFO: <step: 14920, lr:1.840e-05> cud_total: 4.3767e+01 mcud_total: 4.1040e-01 loss: 4.4178e+01 grad: 1.0882e+02
26-09-05 14:13:37.270 - INFO: <step: 14940, lr:1.826e-05> cud_total: 2.5383e+01 mcud_total: 3.9832e-01 loss: 2.5781e+01 grad: 7.9251e+01
26-09-05 14:13:43.512 - INFO: <step: 14960, lr:1.813e-05> cud_total: 4.4340e+01 mcud_total: 4.0999e-01 loss: 4.4750e+01 grad: 8.3521e+01
26-09-05 14:13:50.878 - INFO: <step: 14980, lr:1.799e-05> cud_total: 3.2905e+01 mcud_total: 3.9247e-01 loss: 3.3297e+01 grad: 5.2009e+01
26-09-05 14:13:57.774 - INFO: <step: 15000, lr:1.786e-05> cud_total: 3.2314e+01 mcud_total: 3.9155e-01 loss: 3.2706e+01 grad: 6.2409e+01
26-09-05 14:14:13.622 - INFO: [step 15000] val loss: 47.5923
26-09-05 14:15:40.625 - INFO: Saved checkpoint: /data1/Taohy/ModelReshow/modelReShow/DeFusion-plusplus-complete/experiments/COCO_MSRS_MCUD_demo/models/checkpoint-Defusion-plusplus-20260905_141357-step15000-loss32.7057-valloss47.5923.pth
26-09-05 14:15:48.252 - INFO: <step: 15020, lr:1.773e-05> cud_total: 3.1730e+01 mcud_total: 3.9859e-01 loss: 3.2128e+01 grad: 1.1865e+02
26-09-05 14:15:55.342 - INFO: <step: 15040, lr:1.759e-05> cud_total: 5.0315e+01 mcud_total: 4.1653e-01 loss: 5.0732e+01 grad: 4.6184e+01
26-09-05 14:16:02.154 - INFO: <step: 15060, lr:1.746e-05> cud_total: 3.7298e+01 mcud_total: 3.7740e-01 loss: 3.7675e+01 grad: 6.4083e+01
26-09-05 14:16:07.042 - INFO: <step: 15080, lr:1.733e-05> cud_total: 4.4664e+01 mcud_total: 3.8958e-01 loss: 4.5054e+01 grad: 8.8251e+01
26-09-05 14:16:12.981 - INFO: <step: 15100, lr:1.720e-05> cud_total: 3.8029e+01 mcud_total: 4.0304e-01 loss: 3.8432e+01 grad: 6.1577e+01
26-09-05 14:16:18.688 - INFO: <step: 15120, lr:1.707e-05> cud_total: 3.5015e+01 mcud_total: 3.7588e-01 loss: 3.5391e+01 grad: 4.7368e+01
26-09-05 14:16:25.188 - INFO: <step: 15140, lr:1.693e-05> cud_total: 3.7141e+01 mcud_total: 4.1309e-01 loss: 3.7554e+01 grad: 7.5170e+01
26-09-05 14:16:32.796 - INFO: <step: 15160, lr:1.680e-05> cud_total: 2.6868e+01 mcud_total: 3.7043e-01 loss: 2.7239e+01 grad: 6.0187e+01
26-09-05 14:16:39.144 - INFO: <step: 15180, lr:1.667e-05> cud_total: 1.8320e+01 mcud_total: 4.0685e-01 loss: 1.8727e+01 grad: 2.9385e+02
26-09-05 14:16:45.857 - INFO: <step: 15200, lr:1.654e-05> cud_total: 2.1158e+01 mcud_total: 3.6262e-01 loss: 2.1520e+01 grad: 5.8421e+01
26-09-05 14:16:52.646 - INFO: <step: 15220, lr:1.641e-05> cud_total: 1.6934e+01 mcud_total: 4.1228e-01 loss: 1.7346e+01 grad: 1.3254e+02
26-09-05 14:16:59.548 - INFO: <step: 15240, lr:1.628e-05> cud_total: 3.1362e+01 mcud_total: 3.9803e-01 loss: 3.1760e+01 grad: 1.0695e+02
26-09-05 14:17:06.847 - INFO: <step: 15260, lr:1.616e-05> cud_total: 1.2279e+01 mcud_total: 3.6655e-01 loss: 1.2645e+01 grad: 1.3723e+02
26-09-05 14:17:15.600 - INFO: <step: 15280, lr:1.603e-05> cud_total: 3.0206e+01 mcud_total: 3.8926e-01 loss: 3.0595e+01 grad: 8.3374e+01
26-09-05 14:17:23.313 - INFO: <step: 15300, lr:1.590e-05> cud_total: 4.2729e+01 mcud_total: 3.7729e-01 loss: 4.3106e+01 grad: 6.4365e+01
26-09-05 14:17:29.401 - INFO: <step: 15320, lr:1.577e-05> cud_total: 2.8339e+01 mcud_total: 3.6898e-01 loss: 2.8708e+01 grad: 7.5274e+01
26-09-05 14:17:37.035 - INFO: <step: 15340, lr:1.565e-05> cud_total: 2.5668e+01 mcud_total: 3.9067e-01 loss: 2.6059e+01 grad: 9.5213e+01
26-09-05 14:17:44.457 - INFO: <step: 15360, lr:1.552e-05> cud_total: 3.9034e+01 mcud_total: 3.8473e-01 loss: 3.9418e+01 grad: 8.2087e+01
26-09-05 14:17:49.564 - INFO: <step: 15380, lr:1.539e-05> cud_total: 1.7952e+01 mcud_total: 4.0692e-01 loss: 1.8359e+01 grad: 7.1591e+01
26-09-05 14:17:55.128 - INFO: <step: 15400, lr:1.527e-05> cud_total: 4.6546e+01 mcud_total: 3.8309e-01 loss: 4.6929e+01 grad: 6.0448e+01
26-09-05 14:18:01.254 - INFO: <step: 15420, lr:1.514e-05> cud_total: 4.3305e+01 mcud_total: 3.9420e-01 loss: 4.3699e+01 grad: 9.6337e+01
26-09-05 14:18:06.651 - INFO: <step: 15440, lr:1.502e-05> cud_total: 3.2894e+01 mcud_total: 3.9566e-01 loss: 3.3290e+01 grad: 6.3522e+01
26-09-05 14:18:12.696 - INFO: <step: 15460, lr:1.489e-05> cud_total: 3.4866e+01 mcud_total: 4.0590e-01 loss: 3.5272e+01 grad: 7.4283e+01
26-09-05 14:18:18.146 - INFO: <step: 15480, lr:1.477e-05> cud_total: 1.8626e+01 mcud_total: 3.9548e-01 loss: 1.9022e+01 grad: 2.2817e+02
26-09-05 14:18:25.382 - INFO: <step: 15500, lr:1.464e-05> cud_total: 2.7910e+01 mcud_total: 3.9729e-01 loss: 2.8307e+01 grad: 6.3762e+01
26-09-05 14:18:32.458 - INFO: <step: 15520, lr:1.452e-05> cud_total: 2.3666e+01 mcud_total: 3.7220e-01 loss: 2.4038e+01 grad: 4.8669e+01
26-09-05 14:18:39.281 - INFO: <step: 15540, lr:1.440e-05> cud_total: 2.6162e+01 mcud_total: 4.1042e-01 loss: 2.6572e+01 grad: 7.1510e+01
26-09-05 14:18:45.033 - INFO: <step: 15560, lr:1.428e-05> cud_total: 2.9713e+01 mcud_total: 3.9581e-01 loss: 3.0109e+01 grad: 4.7295e+01
26-09-05 14:18:50.540 - INFO: <step: 15580, lr:1.415e-05> cud_total: 2.9233e+01 mcud_total: 3.5311e-01 loss: 2.9586e+01 grad: 5.0772e+01
26-09-05 14:18:56.007 - INFO: <step: 15600, lr:1.403e-05> cud_total: 3.2804e+01 mcud_total: 3.7716e-01 loss: 3.3181e+01 grad: 8.1330e+01
26-09-05 14:19:01.531 - INFO: <step: 15620, lr:1.391e-05> cud_total: 1.7368e+01 mcud_total: 4.2077e-01 loss: 1.7789e+01 grad: 9.5532e+01
26-09-05 14:19:12.078 - INFO: <step: 15640, lr:1.379e-05> cud_total: 1.6531e+01 mcud_total: 3.9407e-01 loss: 1.6925e+01 grad: 7.7068e+01
26-09-05 14:19:20.501 - INFO: <step: 15660, lr:1.367e-05> cud_total: 2.8658e+01 mcud_total: 3.8458e-01 loss: 2.9043e+01 grad: 1.5394e+02
26-09-05 14:19:27.441 - INFO: <step: 15680, lr:1.355e-05> cud_total: 3.6251e+01 mcud_total: 3.8805e-01 loss: 3.6639e+01 grad: 5.5354e+01
26-09-05 14:19:34.655 - INFO: <step: 15700, lr:1.343e-05> cud_total: 4.2496e+01 mcud_total: 3.9877e-01 loss: 4.2895e+01 grad: 9.9318e+01
26-09-05 14:19:40.877 - INFO: <step: 15720, lr:1.331e-05> cud_total: 2.4879e+01 mcud_total: 3.9298e-01 loss: 2.5272e+01 grad: 1.3536e+02
26-09-05 14:19:47.953 - INFO: <step: 15740, lr:1.320e-05> cud_total: 3.6735e+01 mcud_total: 4.1210e-01 loss: 3.7147e+01 grad: 1.2143e+02
26-09-05 14:19:54.073 - INFO: <step: 15760, lr:1.308e-05> cud_total: 2.2484e+01 mcud_total: 4.0633e-01 loss: 2.2891e+01 grad: 5.8162e+01
26-09-05 14:20:00.779 - INFO: <step: 15780, lr:1.296e-05> cud_total: 3.3815e+01 mcud_total: 3.5601e-01 loss: 3.4171e+01 grad: 5.3070e+01
26-09-05 14:20:06.367 - INFO: <step: 15800, lr:1.284e-05> cud_total: 3.3585e+01 mcud_total: 3.6317e-01 loss: 3.3948e+01 grad: 1.8806e+02
26-09-05 14:20:12.178 - INFO: <step: 15820, lr:1.273e-05> cud_total: 2.9887e+01 mcud_total: 3.7723e-01 loss: 3.0264e+01 grad: 5.0826e+01
26-09-05 14:20:19.674 - INFO: <step: 15840, lr:1.261e-05> cud_total: 2.6526e+01 mcud_total: 3.8963e-01 loss: 2.6916e+01 grad: 5.3154e+01
26-09-05 14:20:25.513 - INFO: <step: 15860, lr:1.249e-05> cud_total: 1.7997e+01 mcud_total: 3.9436e-01 loss: 1.8391e+01 grad: 6.0588e+01
26-09-05 14:20:33.894 - INFO: <step: 15880, lr:1.238e-05> cud_total: 2.2198e+01 mcud_total: 3.9881e-01 loss: 2.2597e+01 grad: 1.3416e+02
26-09-05 14:20:41.919 - INFO: <step: 15900, lr:1.226e-05> cud_total: 3.1689e+01 mcud_total: 3.8772e-01 loss: 3.2076e+01 grad: 7.6326e+01
26-09-05 14:20:48.424 - INFO: <step: 15920, lr:1.215e-05> cud_total: 3.1130e+01 mcud_total: 3.9574e-01 loss: 3.1525e+01 grad: 6.5005e+01
26-09-05 14:20:54.678 - INFO: <step: 15940, lr:1.204e-05> cud_total: 2.9060e+01 mcud_total: 3.6898e-01 loss: 2.9429e+01 grad: 8.0324e+01
26-09-05 14:21:02.445 - INFO: <step: 15960, lr:1.192e-05> cud_total: 2.3426e+01 mcud_total: 3.8381e-01 loss: 2.3810e+01 grad: 4.8284e+01
26-09-05 14:21:08.542 - INFO: <step: 15980, lr:1.181e-05> cud_total: 1.3278e+01 mcud_total: 3.7627e-01 loss: 1.3654e+01 grad: 9.9124e+01
26-09-05 14:21:16.516 - INFO: <step: 16000, lr:1.170e-05> cud_total: 4.0620e+01 mcud_total: 3.6973e-01 loss: 4.0989e+01 grad: 2.4734e+02
26-09-05 14:21:24.951 - INFO: <step: 16020, lr:1.159e-05> cud_total: 3.1733e+01 mcud_total: 3.9137e-01 loss: 3.2125e+01 grad: 3.2941e+01
26-09-05 14:21:34.221 - INFO: <step: 16040, lr:1.147e-05> cud_total: 3.6646e+01 mcud_total: 3.9405e-01 loss: 3.7040e+01 grad: 1.1462e+02
26-09-05 14:21:40.022 - INFO: <step: 16060, lr:1.136e-05> cud_total: 3.9518e+01 mcud_total: 3.9411e-01 loss: 3.9912e+01 grad: 9.7123e+01
26-09-05 14:21:47.238 - INFO: <step: 16080, lr:1.125e-05> cud_total: 2.2933e+01 mcud_total: 3.6452e-01 loss: 2.3298e+01 grad: 1.4881e+02
26-09-05 14:21:53.419 - INFO: <step: 16100, lr:1.114e-05> cud_total: 2.2516e+01 mcud_total: 4.0111e-01 loss: 2.2917e+01 grad: 6.9967e+01
26-09-05 14:22:00.225 - INFO: <step: 16120, lr:1.103e-05> cud_total: 5.1094e+01 mcud_total: 3.8226e-01 loss: 5.1476e+01 grad: 8.4262e+01
26-09-05 14:22:07.626 - INFO: <step: 16140, lr:1.092e-05> cud_total: 2.0428e+01 mcud_total: 4.0630e-01 loss: 2.0834e+01 grad: 8.2756e+01
26-09-05 14:22:13.174 - INFO: <step: 16160, lr:1.082e-05> cud_total: 2.3641e+01 mcud_total: 3.7337e-01 loss: 2.4015e+01 grad: 1.0506e+02
26-09-05 14:22:19.033 - INFO: <step: 16180, lr:1.071e-05> cud_total: 1.0819e+01 mcud_total: 3.8328e-01 loss: 1.1202e+01 grad: 1.4423e+02
26-09-05 14:22:24.673 - INFO: <step: 16200, lr:1.060e-05> cud_total: 4.3025e+01 mcud_total: 4.1000e-01 loss: 4.3435e+01 grad: 5.6935e+01
26-09-05 14:22:30.290 - INFO: <step: 16220, lr:1.049e-05> cud_total: 2.2058e+01 mcud_total: 3.9647e-01 loss: 2.2454e+01 grad: 1.8143e+02
26-09-05 14:22:37.189 - INFO: <step: 16240, lr:1.039e-05> cud_total: 4.2437e+01 mcud_total: 4.0339e-01 loss: 4.2840e+01 grad: 6.1309e+01
26-09-05 14:22:43.212 - INFO: <step: 16260, lr:1.028e-05> cud_total: 2.0444e+01 mcud_total: 3.6505e-01 loss: 2.0810e+01 grad: 5.1837e+01
26-09-05 14:22:50.336 - INFO: <step: 16280, lr:1.017e-05> cud_total: 2.3357e+01 mcud_total: 3.6799e-01 loss: 2.3725e+01 grad: 6.5037e+01
26-09-05 14:22:56.205 - INFO: <step: 16300, lr:1.007e-05> cud_total: 1.9130e+01 mcud_total: 3.9665e-01 loss: 1.9527e+01 grad: 1.6176e+02
26-09-05 14:23:02.149 - INFO: <step: 16320, lr:9.963e-06> cud_total: 2.9317e+01 mcud_total: 3.7933e-01 loss: 2.9697e+01 grad: 4.9153e+01
26-09-05 14:23:07.653 - INFO: <step: 16340, lr:9.859e-06> cud_total: 3.1607e+01 mcud_total: 3.6743e-01 loss: 3.1974e+01 grad: 4.9919e+01
26-09-05 14:23:13.160 - INFO: <step: 16360, lr:9.755e-06> cud_total: 2.9282e+01 mcud_total: 3.8215e-01 loss: 2.9665e+01 grad: 5.7397e+01
26-09-05 14:23:18.703 - INFO: <step: 16380, lr:9.652e-06> cud_total: 1.4331e+01 mcud_total: 3.8231e-01 loss: 1.4714e+01 grad: 6.2206e+01
26-09-05 14:23:24.193 - INFO: <step: 16400, lr:9.549e-06> cud_total: 1.4969e+01 mcud_total: 3.8707e-01 loss: 1.5356e+01 grad: 5.7164e+01
26-09-05 14:23:31.013 - INFO: <step: 16420, lr:9.447e-06> cud_total: 1.8716e+01 mcud_total: 3.9061e-01 loss: 1.9107e+01 grad: 5.5549e+01
26-09-05 14:23:37.625 - INFO: <step: 16440, lr:9.345e-06> cud_total: 4.0812e+01 mcud_total: 4.1196e-01 loss: 4.1224e+01 grad: 7.7724e+01
26-09-05 14:23:43.830 - INFO: <step: 16460, lr:9.244e-06> cud_total: 5.1653e+01 mcud_total: 3.7123e-01 loss: 5.2024e+01 grad: 6.0051e+01
26-09-05 14:23:49.557 - INFO: <step: 16480, lr:9.143e-06> cud_total: 2.8565e+01 mcud_total: 3.8086e-01 loss: 2.8946e+01 grad: 1.1954e+02
26-09-05 14:23:54.995 - INFO: <step: 16500, lr:9.042e-06> cud_total: 1.8981e+01 mcud_total: 3.7671e-01 loss: 1.9358e+01 grad: 4.7832e+01
26-09-05 14:24:00.506 - INFO: <step: 16520, lr:8.943e-06> cud_total: 3.5923e+01 mcud_total: 4.0329e-01 loss: 3.6326e+01 grad: 5.0543e+01
26-09-05 14:24:08.050 - INFO: <step: 16540, lr:8.843e-06> cud_total: 3.8915e+01 mcud_total: 3.7830e-01 loss: 3.9293e+01 grad: 5.5237e+01
26-09-05 14:24:15.816 - INFO: <step: 16560, lr:8.744e-06> cud_total: 2.7184e+01 mcud_total: 3.7605e-01 loss: 2.7560e+01 grad: 3.6829e+01
26-09-05 14:24:22.881 - INFO: <step: 16580, lr:8.646e-06> cud_total: 4.5577e+01 mcud_total: 4.3592e-01 loss: 4.6013e+01 grad: 3.1706e+01
26-09-05 14:24:29.183 - INFO: <step: 16600, lr:8.548e-06> cud_total: 2.5734e+01 mcud_total: 3.7422e-01 loss: 2.6109e+01 grad: 1.2757e+02
26-09-05 14:24:34.774 - INFO: <step: 16620, lr:8.451e-06> cud_total: 3.5605e+01 mcud_total: 3.6553e-01 loss: 3.5971e+01 grad: 5.4015e+01
26-09-05 14:24:41.502 - INFO: <step: 16640, lr:8.354e-06> cud_total: 2.5784e+01 mcud_total: 3.8009e-01 loss: 2.6164e+01 grad: 6.8104e+01
26-09-05 14:24:48.430 - INFO: <step: 16660, lr:8.258e-06> cud_total: 1.7162e+01 mcud_total: 4.1424e-01 loss: 1.7577e+01 grad: 6.0873e+01
26-09-05 14:24:54.484 - INFO: <step: 16680, lr:8.162e-06> cud_total: 4.3357e+01 mcud_total: 3.9634e-01 loss: 4.3753e+01 grad: 4.1494e+01
26-09-05 14:25:00.756 - INFO: <step: 16700, lr:8.066e-06> cud_total: 5.2292e+01 mcud_total: 3.7837e-01 loss: 5.2670e+01 grad: 7.1152e+01
26-09-05 14:25:07.764 - INFO: <step: 16720, lr:7.972e-06> cud_total: 3.8918e+01 mcud_total: 4.0085e-01 loss: 3.9319e+01 grad: 4.5998e+01
26-09-05 14:25:13.762 - INFO: <step: 16740, lr:7.877e-06> cud_total: 4.0125e+01 mcud_total: 3.9333e-01 loss: 4.0518e+01 grad: 5.4750e+01
26-09-05 14:25:20.199 - INFO: <step: 16760, lr:7.784e-06> cud_total: 5.9916e+01 mcud_total: 4.0606e-01 loss: 6.0322e+01 grad: 7.5197e+01
26-09-05 14:25:26.524 - INFO: <step: 16780, lr:7.690e-06> cud_total: 2.4353e+01 mcud_total: 3.8361e-01 loss: 2.4736e+01 grad: 1.0160e+02
26-09-05 14:25:32.368 - INFO: <step: 16800, lr:7.598e-06> cud_total: 4.3433e+01 mcud_total: 3.7191e-01 loss: 4.3805e+01 grad: 4.8527e+01
26-09-05 14:25:38.522 - INFO: <step: 16820, lr:7.505e-06> cud_total: 1.1394e+01 mcud_total: 3.8835e-01 loss: 1.1782e+01 grad: 9.9158e+01
26-09-05 14:25:44.036 - INFO: <step: 16840, lr:7.414e-06> cud_total: 2.9991e+01 mcud_total: 4.0526e-01 loss: 3.0396e+01 grad: 8.9741e+01
26-09-05 14:25:49.224 - INFO: <step: 16860, lr:7.322e-06> cud_total: 4.1599e+01 mcud_total: 4.0363e-01 loss: 4.2002e+01 grad: 4.5135e+01
26-09-05 14:25:55.642 - INFO: <step: 16880, lr:7.232e-06> cud_total: 3.3434e+01 mcud_total: 3.7547e-01 loss: 3.3810e+01 grad: 5.3167e+01
26-09-05 14:26:02.826 - INFO: <step: 16900, lr:7.142e-06> cud_total: 4.5537e+01 mcud_total: 3.7085e-01 loss: 4.5908e+01 grad: 1.0293e+02
26-09-05 14:26:09.160 - INFO: <step: 16920, lr:7.052e-06> cud_total: 2.8520e+01 mcud_total: 3.9644e-01 loss: 2.8916e+01 grad: 6.9054e+01
26-09-05 14:26:15.967 - INFO: <step: 16940, lr:6.963e-06> cud_total: 4.9123e+01 mcud_total: 3.8873e-01 loss: 4.9511e+01 grad: 7.7390e+01
26-09-05 14:26:23.216 - INFO: <step: 16960, lr:6.874e-06> cud_total: 6.0089e+01 mcud_total: 3.8898e-01 loss: 6.0478e+01 grad: 4.3810e+01
26-09-05 14:26:31.004 - INFO: <step: 16980, lr:6.786e-06> cud_total: 4.5742e+01 mcud_total: 3.6958e-01 loss: 4.6111e+01 grad: 7.0575e+01
26-09-05 14:26:37.260 - INFO: <step: 17000, lr:6.699e-06> cud_total: 3.7142e+01 mcud_total: 3.8200e-01 loss: 3.7524e+01 grad: 8.3208e+01
26-09-05 14:26:43.288 - INFO: <step: 17020, lr:6.612e-06> cud_total: 2.3742e+01 mcud_total: 3.9259e-01 loss: 2.4135e+01 grad: 7.1498e+01
26-09-05 14:26:51.159 - INFO: <step: 17040, lr:6.525e-06> cud_total: 1.9475e+01 mcud_total: 4.4449e-01 loss: 1.9920e+01 grad: 6.1116e+01
26-09-05 14:27:00.822 - INFO: <step: 17060, lr:6.439e-06> cud_total: 2.3242e+01 mcud_total: 3.8587e-01 loss: 2.3627e+01 grad: 7.0530e+01
26-09-05 14:27:07.600 - INFO: <step: 17080, lr:6.354e-06> cud_total: 2.8538e+01 mcud_total: 4.0809e-01 loss: 2.8946e+01 grad: 3.7470e+01
26-09-05 14:27:13.107 - INFO: <step: 17100, lr:6.269e-06> cud_total: 2.8667e+01 mcud_total: 4.0098e-01 loss: 2.9068e+01 grad: 4.7845e+01
26-09-05 14:27:18.914 - INFO: <step: 17120, lr:6.185e-06> cud_total: 3.4736e+01 mcud_total: 3.8844e-01 loss: 3.5124e+01 grad: 7.7501e+01
26-09-05 14:27:24.825 - INFO: <step: 17140, lr:6.101e-06> cud_total: 4.8580e+01 mcud_total: 3.7538e-01 loss: 4.8955e+01 grad: 3.9939e+01
26-09-05 14:27:31.107 - INFO: <step: 17160, lr:6.018e-06> cud_total: 5.0210e+01 mcud_total: 4.1297e-01 loss: 5.0623e+01 grad: 4.6414e+01
26-09-05 14:27:35.510 - INFO: <step: 17180, lr:5.935e-06> cud_total: 1.4761e+01 mcud_total: 3.9623e-01 loss: 1.5157e+01 grad: 1.2998e+02
26-09-05 14:27:39.882 - INFO: <step: 17200, lr:5.853e-06> cud_total: 2.0755e+01 mcud_total: 3.9636e-01 loss: 2.1152e+01 grad: 9.1289e+01
26-09-05 14:27:44.359 - INFO: <step: 17220, lr:5.771e-06> cud_total: 2.1559e+01 mcud_total: 3.7304e-01 loss: 2.1932e+01 grad: 4.9648e+01
26-09-05 14:27:48.677 - INFO: <step: 17240, lr:5.690e-06> cud_total: 3.5153e+01 mcud_total: 3.7797e-01 loss: 3.5531e+01 grad: 3.9996e+01
26-09-05 14:27:53.011 - INFO: <step: 17260, lr:5.609e-06> cud_total: 3.3112e+01 mcud_total: 3.7203e-01 loss: 3.3484e+01 grad: 4.2863e+01
26-09-05 14:27:57.444 - INFO: <step: 17280, lr:5.529e-06> cud_total: 3.8584e+01 mcud_total: 3.4956e-01 loss: 3.8933e+01 grad: 4.5955e+01
26-09-05 14:28:02.189 - INFO: <step: 17300, lr:5.450e-06> cud_total: 2.1592e+01 mcud_total: 3.6434e-01 loss: 2.1956e+01 grad: 4.5426e+01
26-09-05 14:28:06.735 - INFO: <step: 17320, lr:5.371e-06> cud_total: 2.9458e+01 mcud_total: 3.7957e-01 loss: 2.9838e+01 grad: 2.9597e+01
26-09-05 14:28:11.136 - INFO: <step: 17340, lr:5.292e-06> cud_total: 5.0239e+01 mcud_total: 4.2771e-01 loss: 5.0667e+01 grad: 5.8697e+01
26-09-05 14:28:15.863 - INFO: <step: 17360, lr:5.214e-06> cud_total: 2.4871e+01 mcud_total: 3.8363e-01 loss: 2.5255e+01 grad: 1.4120e+02
26-09-05 14:28:21.322 - INFO: <step: 17380, lr:5.137e-06> cud_total: 4.2246e+01 mcud_total: 3.7846e-01 loss: 4.2624e+01 grad: 7.3274e+01
26-09-05 14:28:27.027 - INFO: <step: 17400, lr:5.060e-06> cud_total: 2.4361e+01 mcud_total: 3.8330e-01 loss: 2.4744e+01 grad: 4.6824e+01
26-09-05 14:28:36.508 - INFO: <step: 17420, lr:4.984e-06> cud_total: 2.2838e+01 mcud_total: 3.9572e-01 loss: 2.3234e+01 grad: 7.8684e+01
26-09-05 14:28:44.957 - INFO: <step: 17440, lr:4.908e-06> cud_total: 2.6383e+01 mcud_total: 3.9170e-01 loss: 2.6774e+01 grad: 6.0898e+01
26-09-05 14:28:49.363 - INFO: <step: 17460, lr:4.833e-06> cud_total: 2.1807e+01 mcud_total: 3.9151e-01 loss: 2.2198e+01 grad: 7.1893e+01
26-09-05 14:28:53.898 - INFO: <step: 17480, lr:4.759e-06> cud_total: 2.4845e+01 mcud_total: 4.1631e-01 loss: 2.5261e+01 grad: 9.9826e+01
26-09-05 14:29:00.027 - INFO: <step: 17500, lr:4.685e-06> cud_total: 4.1765e+01 mcud_total: 3.8967e-01 loss: 4.2154e+01 grad: 1.3923e+02
26-09-05 14:29:05.955 - INFO: <step: 17520, lr:4.611e-06> cud_total: 2.3820e+01 mcud_total: 3.6585e-01 loss: 2.4186e+01 grad: 1.0333e+02
26-09-05 14:29:13.491 - INFO: <step: 17540, lr:4.538e-06> cud_total: 2.8634e+01 mcud_total: 4.1345e-01 loss: 2.9047e+01 grad: 4.9052e+01
26-09-05 14:29:20.386 - INFO: <step: 17560, lr:4.466e-06> cud_total: 2.0920e+01 mcud_total: 3.7483e-01 loss: 2.1295e+01 grad: 4.9265e+01
26-09-05 14:29:28.616 - INFO: <step: 17580, lr:4.394e-06> cud_total: 1.6732e+01 mcud_total: 3.8436e-01 loss: 1.7116e+01 grad: 1.2617e+02
26-09-05 14:29:33.451 - INFO: <step: 17600, lr:4.323e-06> cud_total: 2.5127e+01 mcud_total: 3.8790e-01 loss: 2.5515e+01 grad: 5.6867e+01
26-09-05 14:29:39.756 - INFO: <step: 17620, lr:4.252e-06> cud_total: 4.1927e+01 mcud_total: 3.9702e-01 loss: 4.2324e+01 grad: 2.9472e+01
26-09-05 14:29:45.839 - INFO: <step: 17640, lr:4.182e-06> cud_total: 5.4876e+01 mcud_total: 3.9543e-01 loss: 5.5272e+01 grad: 3.8516e+01
26-09-05 14:29:51.921 - INFO: <step: 17660, lr:4.112e-06> cud_total: 3.0413e+01 mcud_total: 3.9055e-01 loss: 3.0804e+01 grad: 5.3600e+01
26-09-05 14:30:00.951 - INFO: <step: 17680, lr:4.043e-06> cud_total: 3.8803e+01 mcud_total: 3.6156e-01 loss: 3.9165e+01 grad: 4.1157e+01
26-09-05 14:30:07.665 - INFO: <step: 17700, lr:3.975e-06> cud_total: 3.0140e+01 mcud_total: 3.4998e-01 loss: 3.0490e+01 grad: 4.7408e+01
26-09-05 14:30:14.350 - INFO: <step: 17720, lr:3.907e-06> cud_total: 2.9061e+01 mcud_total: 3.8752e-01 loss: 2.9448e+01 grad: 7.5899e+01
26-09-05 14:30:20.232 - INFO: <step: 17740, lr:3.839e-06> cud_total: 4.7126e+01 mcud_total: 3.6836e-01 loss: 4.7494e+01 grad: 6.2951e+01
26-09-05 14:30:25.902 - INFO: <step: 17760, lr:3.773e-06> cud_total: 3.1090e+01 mcud_total: 3.7296e-01 loss: 3.1463e+01 grad: 5.3799e+01
26-09-05 14:30:30.945 - INFO: <step: 17780, lr:3.706e-06> cud_total: 5.7779e+01 mcud_total: 4.2946e-01 loss: 5.8209e+01 grad: 6.4075e+01
26-09-05 14:30:36.765 - INFO: <step: 17800, lr:3.641e-06> cud_total: 2.7833e+01 mcud_total: 3.8127e-01 loss: 2.8214e+01 grad: 3.4731e+01
26-09-05 14:30:43.451 - INFO: <step: 17820, lr:3.576e-06> cud_total: 3.7111e+01 mcud_total: 3.4864e-01 loss: 3.7460e+01 grad: 5.1614e+01
26-09-05 14:30:49.888 - INFO: <step: 17840, lr:3.511e-06> cud_total: 3.5613e+01 mcud_total: 3.9466e-01 loss: 3.6008e+01 grad: 1.0375e+02
26-09-05 14:30:59.611 - INFO: <step: 17860, lr:3.447e-06> cud_total: 4.2060e+01 mcud_total: 3.9668e-01 loss: 4.2457e+01 grad: 5.0087e+01
26-09-05 14:31:06.256 - INFO: <step: 17880, lr:3.384e-06> cud_total: 3.8278e+01 mcud_total: 3.8813e-01 loss: 3.8666e+01 grad: 7.3478e+01
26-09-05 14:31:11.524 - INFO: <step: 17900, lr:3.321e-06> cud_total: 2.7748e+01 mcud_total: 3.7534e-01 loss: 2.8123e+01 grad: 1.2085e+02
26-09-05 14:31:17.324 - INFO: <step: 17920, lr:3.259e-06> cud_total: 1.7917e+01 mcud_total: 3.6031e-01 loss: 1.8278e+01 grad: 5.2857e+01
26-09-05 14:31:26.005 - INFO: <step: 17940, lr:3.197e-06> cud_total: 5.0119e+01 mcud_total: 3.8403e-01 loss: 5.0503e+01 grad: 3.0691e+01
26-09-05 14:31:34.875 - INFO: <step: 17960, lr:3.136e-06> cud_total: 2.7993e+01 mcud_total: 3.6531e-01 loss: 2.8359e+01 grad: 6.5845e+01
26-09-05 14:31:39.152 - INFO: <step: 17980, lr:3.075e-06> cud_total: 7.8556e+00 mcud_total: 3.5078e-01 loss: 8.2064e+00 grad: 6.8193e+01
26-09-05 14:31:43.496 - INFO: <step: 18000, lr:3.015e-06> cud_total: 3.7634e+01 mcud_total: 4.0556e-01 loss: 3.8039e+01 grad: 5.4233e+01
26-09-05 14:31:47.860 - INFO: <step: 18020, lr:2.956e-06> cud_total: 4.6010e+01 mcud_total: 3.9120e-01 loss: 4.6401e+01 grad: 5.1937e+01
26-09-05 14:31:52.263 - INFO: <step: 18040, lr:2.897e-06> cud_total: 1.2382e+01 mcud_total: 3.7843e-01 loss: 1.2760e+01 grad: 7.4252e+01
26-09-05 14:31:56.675 - INFO: <step: 18060, lr:2.839e-06> cud_total: 2.7991e+01 mcud_total: 3.7194e-01 loss: 2.8363e+01 grad: 3.7812e+01
26-09-05 14:32:01.234 - INFO: <step: 18080, lr:2.781e-06> cud_total: 4.6891e+01 mcud_total: 3.8873e-01 loss: 4.7280e+01 grad: 5.2048e+01
26-09-05 14:32:05.819 - INFO: <step: 18100, lr:2.724e-06> cud_total: 4.7076e+01 mcud_total: 3.6662e-01 loss: 4.7443e+01 grad: 4.2891e+01
26-09-05 14:32:10.270 - INFO: <step: 18120, lr:2.668e-06> cud_total: 2.2298e+01 mcud_total: 4.0103e-01 loss: 2.2699e+01 grad: 5.3004e+01
26-09-05 14:32:14.806 - INFO: <step: 18140, lr:2.612e-06> cud_total: 2.2871e+01 mcud_total: 4.0474e-01 loss: 2.3275e+01 grad: 4.4190e+01
26-09-05 14:32:19.660 - INFO: <step: 18160, lr:2.556e-06> cud_total: 3.6199e+01 mcud_total: 3.8549e-01 loss: 3.6585e+01 grad: 3.4861e+01
26-09-05 14:32:24.678 - INFO: <step: 18180, lr:2.501e-06> cud_total: 3.9146e+01 mcud_total: 3.6678e-01 loss: 3.9513e+01 grad: 9.7743e+01
26-09-05 14:32:30.120 - INFO: <step: 18200, lr:2.447e-06> cud_total: 4.4066e+01 mcud_total: 4.0863e-01 loss: 4.4475e+01 grad: 3.4893e+01
26-09-05 14:32:35.878 - INFO: <step: 18220, lr:2.394e-06> cud_total: 2.9983e+01 mcud_total: 3.8461e-01 loss: 3.0368e+01 grad: 4.2102e+01
26-09-05 14:32:43.421 - INFO: <step: 18240, lr:2.340e-06> cud_total: 3.4433e+01 mcud_total: 3.8537e-01 loss: 3.4818e+01 grad: 9.4654e+01
26-09-05 14:32:52.058 - INFO: <step: 18260, lr:2.288e-06> cud_total: 5.1749e+01 mcud_total: 3.9172e-01 loss: 5.2141e+01 grad: 4.6833e+01
26-09-05 14:32:59.016 - INFO: <step: 18280, lr:2.236e-06> cud_total: 2.9339e+01 mcud_total: 3.6270e-01 loss: 2.9702e+01 grad: 5.5553e+01
26-09-05 14:33:04.205 - INFO: <step: 18300, lr:2.185e-06> cud_total: 4.8936e+01 mcud_total: 3.8960e-01 loss: 4.9326e+01 grad: 6.6536e+01
26-09-05 14:33:10.636 - INFO: <step: 18320, lr:2.134e-06> cud_total: 4.0915e+01 mcud_total: 3.9370e-01 loss: 4.1308e+01 grad: 5.5424e+01
26-09-05 14:33:19.209 - INFO: <step: 18340, lr:2.084e-06> cud_total: 2.0337e+01 mcud_total: 3.6122e-01 loss: 2.0698e+01 grad: 4.8326e+01
26-09-05 14:33:25.431 - INFO: <step: 18360, lr:2.034e-06> cud_total: 3.6299e+01 mcud_total: 3.8438e-01 loss: 3.6683e+01 grad: 5.3364e+01
26-09-05 14:33:31.235 - INFO: <step: 18380, lr:1.985e-06> cud_total: 3.7827e+01 mcud_total: 3.9171e-01 loss: 3.8219e+01 grad: 1.0786e+02
26-09-05 14:33:37.843 - INFO: <step: 18400, lr:1.937e-06> cud_total: 7.1935e+01 mcud_total: 3.7876e-01 loss: 7.2314e+01 grad: 4.7494e+01
26-09-05 14:33:43.525 - INFO: <step: 18420, lr:1.889e-06> cud_total: 3.8288e+01 mcud_total: 3.7586e-01 loss: 3.8664e+01 grad: 5.2129e+01
26-09-05 14:33:49.182 - INFO: <step: 18440, lr:1.842e-06> cud_total: 2.7073e+01 mcud_total: 3.7945e-01 loss: 2.7452e+01 grad: 8.3006e+01
26-09-05 14:33:54.720 - INFO: <step: 18460, lr:1.795e-06> cud_total: 5.0334e+01 mcud_total: 3.5876e-01 loss: 5.0693e+01 grad: 4.5238e+01
26-09-05 14:34:02.965 - INFO: <step: 18480, lr:1.749e-06> cud_total: 2.2320e+01 mcud_total: 3.8988e-01 loss: 2.2710e+01 grad: 4.9806e+01
26-09-05 14:34:10.185 - INFO: <step: 18500, lr:1.704e-06> cud_total: 2.6367e+01 mcud_total: 4.1422e-01 loss: 2.6781e+01 grad: 8.3444e+01
26-09-05 14:34:15.035 - INFO: <step: 18520, lr:1.659e-06> cud_total: 2.4642e+01 mcud_total: 3.6508e-01 loss: 2.5007e+01 grad: 3.6375e+01
26-09-05 14:34:19.257 - INFO: <step: 18540, lr:1.615e-06> cud_total: 4.6583e+01 mcud_total: 3.6382e-01 loss: 4.6947e+01 grad: 3.7479e+01
26-09-05 14:34:23.621 - INFO: <step: 18560, lr:1.571e-06> cud_total: 3.8506e+01 mcud_total: 3.8251e-01 loss: 3.8888e+01 grad: 4.4618e+01
26-09-05 14:34:29.260 - INFO: <step: 18580, lr:1.528e-06> cud_total: 3.8645e+01 mcud_total: 3.8572e-01 loss: 3.9031e+01 grad: 4.0804e+01
26-09-05 14:34:34.896 - INFO: <step: 18600, lr:1.485e-06> cud_total: 3.9058e+01 mcud_total: 3.6545e-01 loss: 3.9424e+01 grad: 4.4891e+01
26-09-05 14:34:42.256 - INFO: <step: 18620, lr:1.443e-06> cud_total: 1.9630e+01 mcud_total: 3.4619e-01 loss: 1.9976e+01 grad: 4.3065e+01
26-09-05 14:34:48.140 - INFO: <step: 18640, lr:1.402e-06> cud_total: 3.4128e+01 mcud_total: 3.9283e-01 loss: 3.4521e+01 grad: 4.0127e+01
26-09-05 14:34:56.816 - INFO: <step: 18660, lr:1.361e-06> cud_total: 1.5486e+01 mcud_total: 4.1724e-01 loss: 1.5903e+01 grad: 4.4951e+01
26-09-05 14:35:03.215 - INFO: <step: 18680, lr:1.321e-06> cud_total: 2.3785e+01 mcud_total: 3.9157e-01 loss: 2.4177e+01 grad: 6.3116e+01
26-09-05 14:35:10.098 - INFO: <step: 18700, lr:1.281e-06> cud_total: 3.0784e+01 mcud_total: 3.8154e-01 loss: 3.1165e+01 grad: 4.4946e+01
26-09-05 14:35:17.168 - INFO: <step: 18720, lr:1.243e-06> cud_total: 3.9691e+01 mcud_total: 3.8532e-01 loss: 4.0076e+01 grad: 5.8635e+01
26-09-05 14:35:25.187 - INFO: <step: 18740, lr:1.204e-06> cud_total: 3.1811e+01 mcud_total: 3.7293e-01 loss: 3.2183e+01 grad: 7.2657e+01
26-09-05 14:35:31.926 - INFO: <step: 18760, lr:1.166e-06> cud_total: 3.5398e+01 mcud_total: 3.9429e-01 loss: 3.5792e+01 grad: 3.4221e+01
26-09-05 14:35:38.819 - INFO: <step: 18780, lr:1.129e-06> cud_total: 2.4525e+01 mcud_total: 4.0242e-01 loss: 2.4927e+01 grad: 3.9488e+01
26-09-05 14:35:47.296 - INFO: <step: 18800, lr:1.093e-06> cud_total: 4.6593e+01 mcud_total: 3.8319e-01 loss: 4.6977e+01 grad: 3.5840e+01
26-09-05 14:35:55.212 - INFO: <step: 18820, lr:1.057e-06> cud_total: 3.2632e+01 mcud_total: 3.5797e-01 loss: 3.2990e+01 grad: 5.6900e+01
26-09-05 14:36:05.332 - INFO: <step: 18840, lr:1.021e-06> cud_total: 8.5981e+00 mcud_total: 4.0394e-01 loss: 9.0021e+00 grad: 4.3594e+01
26-09-05 14:36:12.793 - INFO: <step: 18860, lr:9.864e-07> cud_total: 2.6219e+01 mcud_total: 3.8082e-01 loss: 2.6600e+01 grad: 1.0107e+02
26-09-05 14:36:22.113 - INFO: <step: 18880, lr:9.522e-07> cud_total: 1.5343e+01 mcud_total: 4.0858e-01 loss: 1.5751e+01 grad: 4.3700e+01
26-09-05 14:36:29.102 - INFO: <step: 18900, lr:9.186e-07> cud_total: 3.4487e+01 mcud_total: 3.9453e-01 loss: 3.4881e+01 grad: 3.5985e+01
26-09-05 14:36:36.753 - INFO: <step: 18920, lr:8.856e-07> cud_total: 2.5668e+01 mcud_total: 3.7616e-01 loss: 2.6044e+01 grad: 7.5724e+01
26-09-05 14:36:45.409 - INFO: <step: 18940, lr:8.532e-07> cud_total: 5.0403e+01 mcud_total: 3.8562e-01 loss: 5.0788e+01 grad: 4.9652e+01
26-09-05 14:36:52.839 - INFO: <step: 18960, lr:8.214e-07> cud_total: 5.9583e+01 mcud_total: 3.9629e-01 loss: 5.9979e+01 grad: 3.8943e+01
26-09-05 14:36:59.463 - INFO: <step: 18980, lr:7.902e-07> cud_total: 4.6813e+01 mcud_total: 3.9640e-01 loss: 4.7210e+01 grad: 5.1504e+01
26-09-05 14:37:05.423 - INFO: <step: 19000, lr:7.596e-07> cud_total: 4.1779e+01 mcud_total: 4.2017e-01 loss: 4.2199e+01 grad: 3.1189e+01
26-09-05 14:37:11.229 - INFO: <step: 19020, lr:7.296e-07> cud_total: 1.8082e+01 mcud_total: 3.9939e-01 loss: 1.8482e+01 grad: 3.4722e+01
26-09-05 14:37:17.370 - INFO: <step: 19040, lr:7.002e-07> cud_total: 3.9398e+01 mcud_total: 3.7309e-01 loss: 3.9771e+01 grad: 3.2085e+01
26-09-05 14:37:23.180 - INFO: <step: 19060, lr:6.714e-07> cud_total: 3.1824e+01 mcud_total: 4.0556e-01 loss: 3.2230e+01 grad: 5.0734e+01
26-09-05 14:37:29.385 - INFO: <step: 19080, lr:6.432e-07> cud_total: 4.2953e+01 mcud_total: 3.7232e-01 loss: 4.3325e+01 grad: 4.5253e+01
26-09-05 14:37:36.616 - INFO: <step: 19100, lr:6.156e-07> cud_total: 3.2850e+01 mcud_total: 3.5595e-01 loss: 3.3206e+01 grad: 3.1105e+01
26-09-05 14:37:43.358 - INFO: <step: 19120, lr:5.886e-07> cud_total: 3.5814e+01 mcud_total: 3.9195e-01 loss: 3.6206e+01 grad: 3.7167e+01
26-09-05 14:37:50.022 - INFO: <step: 19140, lr:5.622e-07> cud_total: 6.4104e+01 mcud_total: 3.8436e-01 loss: 6.4488e+01 grad: 6.0645e+01
26-09-05 14:37:57.392 - INFO: <step: 19160, lr:5.364e-07> cud_total: 4.8639e+01 mcud_total: 4.1022e-01 loss: 4.9049e+01 grad: 6.3230e+01
26-09-05 14:38:02.992 - INFO: <step: 19180, lr:5.112e-07> cud_total: 2.5206e+01 mcud_total: 3.5300e-01 loss: 2.5559e+01 grad: 7.0211e+01
26-09-05 14:38:08.496 - INFO: <step: 19200, lr:4.866e-07> cud_total: 2.6722e+01 mcud_total: 3.8297e-01 loss: 2.7105e+01 grad: 3.5048e+01
26-09-05 14:38:14.277 - INFO: <step: 19220, lr:4.626e-07> cud_total: 3.1295e+01 mcud_total: 3.6203e-01 loss: 3.1657e+01 grad: 3.0532e+01
26-09-05 14:38:22.907 - INFO: <step: 19240, lr:4.392e-07> cud_total: 3.4190e+01 mcud_total: 3.8157e-01 loss: 3.4572e+01 grad: 5.2388e+01
26-09-05 14:38:32.247 - INFO: <step: 19260, lr:4.164e-07> cud_total: 3.9992e+01 mcud_total: 3.6347e-01 loss: 4.0355e+01 grad: 5.6212e+01
26-09-05 14:38:40.433 - INFO: <step: 19280, lr:3.943e-07> cud_total: 4.2164e+01 mcud_total: 3.6851e-01 loss: 4.2533e+01 grad: 2.8300e+01
26-09-05 14:38:50.112 - INFO: <step: 19300, lr:3.727e-07> cud_total: 3.6806e+01 mcud_total: 3.6676e-01 loss: 3.7173e+01 grad: 3.3101e+01
26-09-05 14:38:57.494 - INFO: <step: 19320, lr:3.517e-07> cud_total: 2.9862e+01 mcud_total: 3.5540e-01 loss: 3.0217e+01 grad: 3.9828e+01
26-09-05 14:39:05.652 - INFO: <step: 19340, lr:3.314e-07> cud_total: 3.0898e+01 mcud_total: 4.0027e-01 loss: 3.1298e+01 grad: 4.0593e+01
26-09-05 14:39:14.909 - INFO: <step: 19360, lr:3.116e-07> cud_total: 5.8157e+01 mcud_total: 3.8958e-01 loss: 5.8547e+01 grad: 4.2837e+01
26-09-05 14:39:24.803 - INFO: <step: 19380, lr:2.925e-07> cud_total: 3.5665e+01 mcud_total: 3.8952e-01 loss: 3.6054e+01 grad: 3.8105e+01
26-09-05 14:39:34.664 - INFO: <step: 19400, lr:2.739e-07> cud_total: 2.2466e+01 mcud_total: 3.6956e-01 loss: 2.2835e+01 grad: 8.3438e+01
26-09-05 14:39:42.973 - INFO: <step: 19420, lr:2.560e-07> cud_total: 5.5616e+01 mcud_total: 3.8244e-01 loss: 5.5999e+01 grad: 3.9581e+01
26-09-05 14:39:50.322 - INFO: <step: 19440, lr:2.386e-07> cud_total: 3.5440e+01 mcud_total: 3.7904e-01 loss: 3.5819e+01 grad: 3.1858e+01
26-09-05 14:39:57.137 - INFO: <step: 19460, lr:2.219e-07> cud_total: 2.3342e+01 mcud_total: 3.6716e-01 loss: 2.3709e+01 grad: 4.1971e+01
26-09-05 14:40:06.031 - INFO: <step: 19480, lr:2.058e-07> cud_total: 4.4469e+01 mcud_total: 3.7732e-01 loss: 4.4846e+01 grad: 3.8930e+01
26-09-05 14:40:14.478 - INFO: <step: 19500, lr:1.903e-07> cud_total: 3.0581e+01 mcud_total: 4.0285e-01 loss: 3.0984e+01 grad: 5.3817e+01
26-09-05 14:40:21.945 - INFO: <step: 19520, lr:1.754e-07> cud_total: 4.0221e+01 mcud_total: 3.8263e-01 loss: 4.0604e+01 grad: 6.3727e+01
26-09-05 14:40:29.796 - INFO: <step: 19540, lr:1.611e-07> cud_total: 4.5278e+01 mcud_total: 3.8369e-01 loss: 4.5662e+01 grad: 8.9173e+01
26-09-05 14:40:36.974 - INFO: <step: 19560, lr:1.474e-07> cud_total: 6.0201e+01 mcud_total: 3.8783e-01 loss: 6.0589e+01 grad: 3.3669e+01
26-09-05 14:40:44.813 - INFO: <step: 19580, lr:1.343e-07> cud_total: 3.4572e+01 mcud_total: 3.8351e-01 loss: 3.4955e+01 grad: 7.6394e+01
26-09-05 14:40:55.196 - INFO: <step: 19600, lr:1.218e-07> cud_total: 2.9679e+01 mcud_total: 3.9053e-01 loss: 3.0070e+01 grad: 5.7942e+01
26-09-05 14:41:03.185 - INFO: <step: 19620, lr:1.099e-07> cud_total: 2.6966e+01 mcud_total: 3.5828e-01 loss: 2.7324e+01 grad: 3.4246e+01
26-09-05 14:41:10.234 - INFO: <step: 19640, lr:9.866e-08> cud_total: 3.9260e+01 mcud_total: 3.9470e-01 loss: 3.9655e+01 grad: 4.1822e+01
26-09-05 14:41:21.420 - INFO: <step: 19660, lr:8.801e-08> cud_total: 3.0342e+01 mcud_total: 3.7796e-01 loss: 3.0720e+01 grad: 3.8112e+01
26-09-05 14:41:29.209 - INFO: <step: 19680, lr:7.796e-08> cud_total: 1.4322e+01 mcud_total: 4.0326e-01 loss: 1.4725e+01 grad: 4.1421e+01
26-09-05 14:41:37.649 - INFO: <step: 19700, lr:6.852e-08> cud_total: 2.6722e+01 mcud_total: 3.6617e-01 loss: 2.7089e+01 grad: 2.8535e+01
26-09-05 14:41:44.763 - INFO: <step: 19720, lr:5.969e-08> cud_total: 2.2971e+01 mcud_total: 4.0911e-01 loss: 2.3380e+01 grad: 3.4154e+01
26-09-05 14:41:54.035 - INFO: <step: 19740, lr:5.147e-08> cud_total: 3.2356e+01 mcud_total: 3.7776e-01 loss: 3.2734e+01 grad: 3.5307e+01
26-09-05 14:42:01.485 - INFO: <step: 19760, lr:4.386e-08> cud_total: 2.6098e+01 mcud_total: 3.9811e-01 loss: 2.6496e+01 grad: 3.1919e+01
26-09-05 14:42:07.074 - INFO: <step: 19780, lr:3.685e-08> cud_total: 3.9157e+01 mcud_total: 4.1753e-01 loss: 3.9575e+01 grad: 3.0887e+01
26-09-05 14:42:15.655 - INFO: <step: 19800, lr:3.046e-08> cud_total: 3.5853e+01 mcud_total: 4.0540e-01 loss: 3.6258e+01 grad: 5.9260e+01
26-09-05 14:42:24.299 - INFO: <step: 19820, lr:2.467e-08> cud_total: 3.1794e+01 mcud_total: 4.0139e-01 loss: 3.2195e+01 grad: 8.5387e+01
26-09-05 14:42:32.528 - INFO: <step: 19840, lr:1.949e-08> cud_total: 2.0673e+01 mcud_total: 3.8485e-01 loss: 2.1058e+01 grad: 3.6315e+01
26-09-05 14:42:43.663 - INFO: <step: 19860, lr:1.493e-08> cud_total: 2.6635e+01 mcud_total: 3.7557e-01 loss: 2.7010e+01 grad: 4.2740e+01
26-09-05 14:42:52.753 - INFO: <step: 19880, lr:1.097e-08> cud_total: 2.5277e+01 mcud_total: 3.6569e-01 loss: 2.5642e+01 grad: 6.2825e+01
26-09-05 14:42:59.303 - INFO: <step: 19900, lr:7.615e-09> cud_total: 2.6495e+01 mcud_total: 3.9431e-01 loss: 2.6889e+01 grad: 4.5513e+01
26-09-05 14:43:06.657 - INFO: <step: 19920, lr:4.874e-09> cud_total: 3.5291e+01 mcud_total: 3.6242e-01 loss: 3.5653e+01 grad: 4.0123e+01
26-09-05 14:43:14.430 - INFO: <step: 19940, lr:2.742e-09> cud_total: 3.1386e+01 mcud_total: 3.9462e-01 loss: 3.1781e+01 grad: 5.4468e+01
26-09-05 14:43:22.317 - INFO: <step: 19960, lr:1.218e-09> cud_total: 2.0604e+01 mcud_total: 3.5813e-01 loss: 2.0962e+01 grad: 5.0349e+01
26-09-05 14:43:30.616 - INFO: <step: 19980, lr:3.046e-10> cud_total: 4.6515e+01 mcud_total: 4.0815e-01 loss: 4.6923e+01 grad: 3.4484e+01
26-09-05 14:43:41.609 - INFO: <step: 20000, lr:0.000e+00> cud_total: 3.2149e+01 mcud_total: 3.8051e-01 loss: 3.2530e+01 grad: 1.2271e+02
26-09-05 14:44:02.849 - INFO: [step 20000] val loss: 33.0530
26-09-05 14:44:36.866 - INFO: Saved checkpoint: /data1/Taohy/ModelReshow/modelReShow/DeFusion-plusplus-complete/experiments/COCO_MSRS_MCUD_demo/models/checkpoint-Defusion-plusplus-20260905_144341-step20000-loss32.5298-valloss33.0530.pth
26-09-05 14:44:52.808 - INFO: Saved final checkpoint: /data1/Taohy/ModelReshow/modelReShow/DeFusion-plusplus-complete/experiments/COCO_MSRS_MCUD_demo/models/checkpoint-last.pth
26-09-05 14:44:52.809 - INFO: End of training. Total time 8165.0s
