ImageId,left_eye_center_x,left_eye_center_y,left_eye_inner_corner_x,left_eye_inner_corner_y,left_eye_outer_corner_x,left_eye_outer_corner_y,left_eyebrow_inner_end_x,left_eyebrow_inner_end_y,left_eyebrow_outer_end_x,left_eyebrow_outer_end_y,mouth_center_bottom_lip_x,mouth_center_bottom_lip_y,mouth_center_top_lip_x,mouth_center_top_lip_y,mouth_left_corner_x,mouth_left_corner_y,mouth_right_corner_x,mouth_right_corner_y,nose_tip_x,nose_tip_y,right_eye_center_x,right_eye_center_y,right_eye_inner_corner_x,right_eye_inner_corner_y,right_eye_outer_corner_x,right_eye_outer_corner_y,right_eyebrow_inner_end_x,right_eyebrow_inner_end_y,right_eyebrow_outer_end_x,right_eyebrow_outer_end_y
1,66.01424,37.88128,60.192997,38.082447,72.76305,38.8335,57.69966,25.793581,79.48312,29.044964,48.32432,83.728264,49.011627,68.572,63.37867,75.64113,32.720413,75.176285,49.932972,52.39619,29.152187,36.50408,35.402557,36.97737,22.047028,37.28123,37.745613,24.55002,15.572224,26.252285
2,67.40286,36.481087,60.867302,37.7139,73.48543,37.335518,55.77358,31.38229,79.54486,29.25064,49.194553,87.127426,48.586594,71.6289,64.32119,75.73352,33.278107,77.14028,48.70613,58.969193,27.277185,37.556774,33.27255,38.357548,20.752756,38.737602,35.387745,31.41856,13.892471,30.66328
3,65.44635,36.150352,59.54082,37.150288,71.69148,35.8656,58.222713,29.901567,75.27163,28.232338,49.52807,85.03478,49.101727,71.78035,63.056007,74.58763,36.091652,75.37309,48.896538,57.401367,31.055346,38.30852,37.14772,38.4608,23.843866,39.218975,38.62076,31.668985,19.078415,33.209
4,65.46923,39.161125,58.538948,40.75785,72.22372,40.602116,55.85362,31.226027,76.55831,31.661936,49.044792,82.18856,48.17812,71.06529,64.40177,77.70822,33.542095,78.8005,47.508095,52.436733,30.528635,40.589386,36.89625,41.491318,23.620909,42.49791,37.557922,31.776217,18.888796,33.821434
5,67.28436,37.47079,60.626053,37.683384,73.996735,38.069157,57.70996,26.759365,79.93048,28.419073,49.25367,84.53037,48.864094,70.631065,64.195465,76.82382,33.824833,76.93998,48.691025,53.015568,28.100666,38.71393,35.348595,38.33157,21.285845,39.875416,37.381252,27.630228,14.226456,30.622232
6,66.86313,36.927105,59.731403,36.985718,75.70736,38.67416,54.252426,30.257786,80.860634,30.629488,48.989002,85.42847,48.567543,72.45217,65.26758,76.45139,31.822718,76.773705,47.980263,50.569542,28.083036,37.108364,36.245934,36.91192,20.153296,39.04133,41.258503,29.85847,15.898991,30.513317
7,66.31462,34.89119,59.572464,35.998775,74.47801,36.359318,57.82752,26.721619,79.65431,26.820213,48.25925,82.7215,48.49162,71.51954,62.87677,77.74686,30.71904,76.901634,50.833176,51.567333,24.585196,34.85327,33.013645,36.264896,16.670689,36.718567,38.7028,26.601154,11.79014,27.372404
8,67.49197,36.66132,61.437965,37.27012,73.421745,37.514053,56.37341,31.208576,79.19577,29.696468,49.966785,82.750145,49.89134,69.56543,64.14585,73.865074,35.088165,74.56047,50.68576,54.860706,29.570126,36.674187,35.35959,37.091087,23.837563,37.29716,38.30052,30.120295,17.481077,29.390873
9,64.54424,39.229156,58.888844,40.128185,70.48745,40.178825,55.606995,30.682074,79.31753,32.65157,46.379814,86.86255,46.693604,69.94261,61.32632,76.346634,31.265173,75.26875,47.06809,57.942814,31.602468,37.743374,37.24893,39.212944,25.717192,38.127544,41.2784,30.097652,16.870497,29.977226
10,66.296104,36.23446,59.257793,37.806076,73.10294,37.602505,59.22628,25.874537,79.04555,30.546217,48.36197,82.363365,48.682728,66.75799,63.52899,73.6347,32.546764,73.36316,49.35024,53.425537,30.659027,35.81552,37.54112,37.06352,23.279745,37.07102,38.09825,25.724697,16.988129,29.8497
11,67.033554,39.270905,61.425262,39.69351,73.31402,40.61253,58.06445,31.476938,81.23164,32.88949,46.8466,86.59888,47.84483,70.22186,60.898777,78.87648,33.558655,77.40903,48.96827,51.750458,30.928082,36.484367,36.472267,37.856358,24.554802,37.030727,40.132217,29.86152,17.626993,27.682796
12,65.5918,38.187683,59.89433,39.071335,72.017815,39.351852,54.571526,31.220213,78.83764,33.70168,48.443863,82.83914,48.56425,73.23793,62.666306,77.99173,33.55353,77.50841,49.04645,56.944202,31.206186,37.642494,37.361015,38.710682,25.22865,38.5244,42.9392,30.590374,18.69854,32.015305
13,66.06604,36.629597,60.25444,37.41487,71.9105,36.64953,57.228836,30.132832,77.47681,27.779297,46.341896,86.342,46.65678,73.25856,61.373642,77.42015,32.54286,76.85112,47.099087,65.446175,30.181202,35.71183,35.33389,36.7866,24.173727,35.663723,38.228123,30.08199,18.053715,26.94335
14,64.78557,37.037807,59.513733,36.95275,71.90141,38.21994,55.13999,25.278446,78.79023,27.449274,44.80139,81.52028,45.05933,69.53479,59.98859,73.26325,31.3678,71.56095,43.592087,63.85293,25.183174,35.751907,31.304258,36.04612,19.6545,36.26532,35.09981,24.466988,12.912514,25.357138
15,65.712036,39.30598,58.446613,40.677677,72.957794,40.654724,54.748486,31.290314,80.76225,33.30706,45.41074,86.30913,45.9048,77.147095,61.897717,81.23788,29.74903,79.69661,46.127277,60.34086,31.37571,37.40673,38.02212,39.299797,23.940582,38.036736,41.932705,30.600916,16.801157,30.40763
16,66.72877,36.316402,60.175377,36.41549,72.2802,37.88702,58.834736,28.38312,78.43194,28.12282,44.62694,75.53128,45.497326,65.474495,58.532597,72.565895,31.062517,70.10101,46.987774,49.421207,29.387098,33.375927,36.075916,34.4967,23.422775,33.758022,38.492977,26.43076,18.956938,23.088146
17,65.369095,37.423016,58.80733,38.681274,72.11641,38.67643,54.537865,29.206013,79.958275,32.995697,47.434734,84.431,47.40875,73.86942,61.692085,78.47822,31.99496,78.30442,48.296387,58.5731,29.430485,36.290375,35.93014,37.942783,22.495192,37.266197,40.277782,28.239027,14.648397,30.691523
18,62.54407,35.46192,57.549618,36.45679,67.85651,35.112324,55.284218,30.197012,73.59277,28.096403,49.57143,77.29223,48.969944,68.74117,63.7051,70.04329,32.589794,72.47936,49.408455,59.57652,30.611904,37.867092,35.89388,38.16018,25.10102,38.371464,38.365967,31.298847,18.080368,32.3327
19,62.878983,35.713356,57.37823,36.281982,68.71883,35.967827,54.582382,29.45648,74.022285,28.715618,48.330326,80.37239,47.69521,70.64897,60.443844,73.561935,36.265594,74.58835,46.92879,54.808167,29.808466,36.993336,35.983967,37.13759,24.383123,37.621735,36.52487,30.448631,18.302593,31.797235
20,64.89558,34.298115,58.323864,35.85248,71.52731,35.62869,56.9796,24.169697,76.93795,28.82085,48.136913,81.743774,48.00392,63.316006,63.09664,71.27136,32.335377,71.41787,47.846294,49.79904,29.744738,34.90675,36.31355,35.764984,23.066923,36.37764,37.316425,24.613869,17.052912,29.570295
21,63.440525,35.903957,57.339336,37.47771,70.07868,36.055866,53.47104,29.649385,77.45686,28.224178,48.89777,77.963936,48.463543,70.62462,62.805107,71.91077,34.969143,73.130974,47.462505,57.88044,31.180178,36.807743,37.584877,38.217083,24.754374,37.594563,40.20871,30.115591,16.819452,30.40019
22,67.19643,38.160355,61.174473,38.266865,73.83193,39.68051,57.06353,27.161026,80.41683,29.450382,47.428905,78.40515,47.5741,68.412254,63.59157,70.918465,33.66646,69.03025,46.156116,62.982723,30.280285,36.40264,36.219692,36.930588,23.990404,37.22639,39.821304,26.866827,17.7076,27.28907
23,66.560486,37.950195,61.04875,38.387733,72.69422,39.117977,56.15248,30.531868,80.56994,31.644184,47.92734,83.299126,48.03548,69.10581,61.78836,76.92824,34.204742,76.22686,48.306816,50.55018,30.185114,36.289585,35.76443,37.248363,24.385595,36.962982,39.553616,29.297508,16.73693,28.561687
24,62.98355,40.026985,57.08318,40.074963,69.83377,41.74945,54.50203,32.330997,77.57324,34.665756,39.11825,76.643166,40.261547,71.533775,56.173782,72.859726,27.426579,67.54765,39.69834,60.764214,31.405077,34.973644,37.283714,36.681335,25.52548,33.74897,39.316105,30.35411,20.73332,23.95778
25,64.978195,35.035694,58.47453,35.691147,71.13324,35.13062,57.77753,27.289804,75.39032,25.292433,49.824814,76.1716,48.648,62.909733,63.19043,69.39862,36.64131,71.79792,47.44264,46.52221,29.71131,38.627953,36.268898,37.82885,23.864765,40.052567,36.36838,30.200232,18.864056,31.147274
26,67.57231,33.942043,59.782246,35.538975,74.24775,33.376072,55.50102,26.743507,77.74276,20.97187,52.757656,78.98113,51.08043,70.02923,69.50014,70.34511,36.934288,74.81092,46.985676,55.031303,26.273754,39.58534,33.585842,39.421085,19.28771,41.248077,30.827204,30.632198,12.31428,30.696833
27,66.58475,37.430923,60.050797,38.124004,72.816284,38.58136,54.781635,31.190552,79.64629,31.043394,46.321598,86.04123,45.863827,71.6495,61.334576,76.93976,32.57665,76.53721,45.08639,56.302868,27.70056,36.278896,33.573296,37.357746,21.269844,37.278084,35.56418,30.394646,15.343987,29.161877
28,68.125404,36.671165,61.120415,36.376614,75.05275,38.08657,56.175316,27.483744,82.23437,30.807467,47.329758,84.22596,46.99398,68.882484,63.402847,74.98428,32.260094,74.49257,46.620346,49.00161,29.040108,35.732162,36.0074,35.756275,22.427845,36.98097,38.5559,26.76391,15.632803,29.196991
29,66.601616,35.93815,59.769157,36.701813,72.23663,36.647892,56.89169,30.219028,79.52393,28.624859,46.988407,88.40078,46.707783,75.2381,59.189014,80.37686,36.46295,79.703964,45.63152,59.75263,29.160614,35.96991,35.45753,36.445656,23.42753,35.898357,36.28225,30.69606,15.760675,29.26483
30,63.821266,34.972286,58.285866,36.185616,69.32046,34.765453,56.007965,28.192196,75.12174,25.321249,47.894714,82.42692,47.598957,71.18998,62.654068,74.515724,33.68175,75.83156,46.52717,60.393364,30.345484,37.195995,35.817017,37.63127,24.751953,37.51648,37.147552,30.030514,17.81423,29.532993
31,65.18148,39.613346,58.32967,40.503654,72.569565,40.934193,54.313957,30.94888,80.34067,33.614246,46.39482,84.58335,46.73496,74.597595,61.964985,79.99296,29.767504,78.53462,47.540806,57.854565,30.379196,38.111412,36.958366,39.31113,22.69203,38.911407,41.482002,29.894531,15.055892,31.205076
32,65.124954,37.33059,59.868443,37.91309,71.45742,38.088604,55.432503,30.376305,78.571106,30.895348,49.230644,81.322914,49.02689,67.90133,62.63058,74.4657,35.549706,74.72261,48.624638,50.942852,29.853981,36.839844,35.306236,37.771133,23.88439,37.77207,39.27786,29.748995,17.416813,29.611055
33,64.85637,34.996952,58.606186,35.333496,70.568474,36.055305,56.96101,26.983528,77.62233,27.091509,46.910904,80.05228,46.17799,60.641556,59.61016,72.75959,34.25525,73.01565,45.568954,42.50468,29.40084,35.84686,35.443253,35.631416,23.961864,37.33827,36.5186,28.22439,16.781431,29.357471
34,66.44854,37.780342,61.436195,37.893593,73.30542,38.922947,57.146454,27.269531,79.54346,29.739574,48.079773,78.74748,48.51242,66.76372,62.94245,70.89252,35.22507,69.49618,46.92789,61.83957,31.281748,37.156796,37.070408,37.29141,25.970276,37.710304,41.1569,27.1739,19.775398,28.059694
35,64.00777,35.098698,58.795956,35.613903,68.58003,36.09251,57.02717,30.058298,74.49174,30.75213,44.723625,72.82037,45.146023,63.44026,56.48202,67.12278,33.4352,65.64339,46.46925,52.879715,31.266752,32.712868,36.189358,34.04083,26.584412,33.059452,38.89436,28.72515,21.702408,27.18764
36,63.705738,40.20985,57.965267,40.338963,70.31087,40.732063,55.15157,27.767727,78.9906,30.1044,46.9178,85.94887,46.933876,68.60179,61.692513,74.51763,31.98455,74.229836,47.0729,57.879196,31.484325,39.84958,37.77141,39.587982,25.067406,39.859493,40.517876,27.86323,16.433807,29.566341
37,66.99482,36.620163,60.63768,36.97578,73.38451,38.10232,56.114433,28.456095,80.44464,31.539522,47.10304,83.55846,47.024384,70.35698,61.703697,76.342445,33.055214,75.665016,47.441257,51.326508,29.313637,34.844864,35.803696,35.68361,22.937815,36.03202,38.393692,27.116177,16.411505,28.42661
38,66.41035,38.438408,59.82383,39.209263,72.90966,39.649536,58.254707,27.939135,80.63761,31.537354,47.079304,89.91049,47.346,77.21588,59.04146,83.204796,34.706352,82.425674,47.617897,58.912903,28.90045,36.540558,35.660328,37.54909,23.063175,36.872337,38.08517,26.373587,16.290213,28.099894
39,65.22789,37.89461,58.415794,38.24945,71.9144,38.805786,56.099243,27.110262,77.44262,31.323439,48.51981,84.51889,47.975647,68.58367,62.838123,74.059,33.366222,75.08074,47.715714,52.546272,28.65699,38.433678,35.450905,38.473038,22.056454,39.704235,35.31388,26.82293,15.937556,31.798199
40,63.44914,36.051632,57.10513,37.297867,70.16783,36.537468,53.36569,28.213211,78.36141,27.646666,46.69872,79.69777,46.08052,71.426865,62.142628,72.82373,31.365253,73.13111,45.070328,58.548344,29.651014,35.96075,36.29458,37.428658,23.363548,36.244617,38.44398,28.14182,14.599184,27.590496
41,64.76361,38.83305,57.459774,40.303253,71.74333,40.129158,54.73768,30.292599,76.46994,31.291168,48.564266,81.32495,47.426754,70.90853,64.48715,77.647934,32.204113,78.89823,46.374336,51.623745,29.38396,40.791367,36.09969,41.30323,22.418825,42.66495,35.75306,31.069191,16.786692,34.37433
42,65.747375,37.171993,58.717213,38.4436,72.4097,38.64925,58.451286,26.959568,78.48628,31.344942,47.253563,78.338684,47.77832,67.67947,62.53294,72.82338,31.648138,72.02718,48.400562,54.281918,30.602314,35.979492,37.435574,37.446198,23.366848,36.95274,38.670376,26.458117,17.416286,29.18352
43,64.77875,35.167976,59.47331,35.287857,71.97178,36.492504,55.384956,23.077892,78.575195,25.227646,44.78573,81.081184,44.89873,66.98255,59.40919,71.51901,32.01263,70.03325,43.364674,62.38088,24.631372,34.595924,30.813105,34.87204,19.103294,35.377823,34.388775,22.856062,12.760145,24.243433
44,65.93648,34.894535,60.508213,35.66921,70.52893,35.854958,59.024796,29.29181,76.4614,30.217113,45.858562,73.73376,46.560814,64.16272,57.65701,68.723076,34.790405,66.92397,48.067467,53.346733,32.97957,32.424446,38.015896,33.96589,28.3098,32.850414,40.89554,28.27106,22.937572,26.864521
45,64.87905,34.781464,58.394096,35.20069,70.55911,35.68412,56.37483,26.68895,77.736305,26.651981,47.08384,77.40216,46.16957,61.655506,60.31806,71.81086,33.93333,72.57039,45.146072,43.8162,28.916555,36.015144,34.97608,35.731544,23.564486,37.495136,36.08574,28.162212,15.879048,29.58566
46,63.20319,37.188286,57.706795,37.84276,68.56562,37.95104,53.563435,29.448277,74.069214,29.692886,43.548615,81.28227,43.363083,68.4884,57.875607,74.32886,31.326588,74.030594,42.457275,54.760464,29.981285,36.968994,34.82572,37.59704,25.025572,37.305157,38.380512,29.282667,20.960411,28.391691
47,69.90791,36.788387,63.057453,37.651207,76.17429,39.36961,60.08322,21.540422,83.6949,30.286951,42.63686,85.592155,44.11772,63.89017,59.19562,76.21839,29.720251,73.340416,45.81142,50.121346,32.404354,34.58205,38.038815,36.135014,24.611353,35.877922,43.63004,21.261875,20.109728,25.930649
48,66.453674,35.18662,61.20606,36.145016,72.07401,34.9828,57.57004,29.791763,77.56604,25.699152,50.312775,82.40938,49.722862,70.78786,63.656727,74.70073,35.09516,75.57391,50.135918,62.614124,30.360579,36.65738,36.334743,37.23665,24.813465,37.18368,40.022385,30.668015,17.67037,29.109247
49,68.15895,37.53884,60.451393,37.950527,75.55173,39.48595,55.859207,30.302694,82.78507,33.388298,44.074608,83.031105,44.286766,74.1879,60.349415,78.92052,29.663477,76.859116,45.131546,55.66762,29.293697,34.47566,36.298405,36.052864,21.437395,35.621044,39.538925,28.872694,16.174715,28.184818
50,63.767487,37.57564,57.224968,38.48384,70.4516,38.032425,54.271687,30.817413,76.737854,29.219303,48.830486,80.29835,47.42703,68.61014,64.05412,75.17105,32.16823,77.8606,45.617256,50.454662,25.941414,40.64001,32.703976,40.232807,20.223936,41.998894,34.859203,32.30807,12.547784,34.41648
51,67.94881,35.608356,61.00879,36.451927,73.79314,36.50536,57.48124,29.646023,81.58594,28.818857,48.253567,89.796295,47.84523,75.32891,59.813,81.557274,37.627796,80.96138,47.020267,59.022118,29.441944,35.912952,35.841156,36.33343,23.431004,36.230198,37.73624,30.08265,14.969544,30.080513
52,64.794975,36.38401,59.269398,37.785473,69.8972,36.988583,56.759224,30.092802,74.79964,29.255514,47.234142,79.13759,47.063942,68.97563,60.50552,73.569016,33.182175,72.773964,47.839264,58.914635,31.948263,35.467403,37.07855,36.910023,27.464441,35.619114,40.52402,29.800512,21.079624,28.496538
53,65.40678,38.696148,58.467323,40.19626,72.552246,39.973587,54.862335,30.784866,79.93494,32.67404,46.087578,84.066605,46.37829,74.99163,62.635124,78.99085,30.476791,77.99419,46.261353,58.24976,32.098465,37.884365,38.31864,39.535637,24.523624,38.766277,41.788605,30.466787,17.575796,31.4091
54,66.05818,36.19028,58.314137,37.124203,73.19442,37.685482,54.39094,30.031052,80.353355,31.696959,42.493137,80.253365,42.316704,71.17432,57.68893,74.975784,30.76205,73.905365,40.161106,54.872906,30.786411,33.74357,36.16678,35.8627,23.31918,34.18672,37.25886,29.534843,18.815954,26.241777
55,65.71621,37.86469,60.55416,37.81427,72.375595,39.1804,55.939095,27.125809,78.52597,30.109028,47.474056,80.40421,47.61246,66.747856,62.31563,71.49868,34.3168,70.48865,45.989365,61.168873,29.996628,37.378304,35.912575,37.41994,24.371405,38.345715,39.778667,27.126144,18.256948,28.997623
56,65.04897,38.09933,59.82171,38.350372,71.26669,38.921097,55.951725,31.013737,78.95959,31.090437,47.24279,87.58187,47.69504,69.896164,59.685287,77.434906,34.700275,77.42211,48.263348,51.73743,28.820023,36.623016,34.362545,37.391273,22.728933,37.161015,37.80599,29.823624,15.3825655,28.414217
57,64.61832,38.459885,59.47544,39.159122,70.15234,38.73171,55.286118,31.755243,76.08921,30.606695,48.4115,81.73095,47.768875,71.15036,63.784058,74.68092,32.457474,75.27508,47.737785,60.829468,29.999529,38.78943,35.501236,39.341877,24.447605,39.34829,38.97507,31.993526,17.30436,31.999111
58,66.437195,36.491455,59.398376,37.767284,73.660385,37.587826,58.03193,25.142471,79.59538,29.970049,49.244892,83.721,48.782516,66.8128,65.670525,74.45537,31.556477,74.63871,48.73434,51.614567,29.69992,36.911915,36.553825,37.883564,22.305653,38.47938,37.583252,25.329245,16.221962,30.94435
59,67.534996,39.006668,61.453053,39.387985,73.50317,40.29244,57.40738,32.855938,79.86823,32.42466,46.140366,85.23999,46.986866,69.85656,61.817375,75.35607,31.095865,73.65332,48.476196,57.271492,29.31442,36.41156,35.098656,37.543686,22.92229,37.087433,37.743004,30.86833,17.034191,28.646397
60,60.74968,34.110504,55.780334,35.12273,66.10526,34.16885,53.80686,28.830112,71.01388,28.10974,45.3423,74.08847,45.10526,65.041176,59.594814,67.788605,30.937462,68.08367,45.146954,56.081078,30.429035,34.490486,35.512394,35.74887,25.351099,34.78468,37.462032,28.98095,19.583511,28.806839
61,67.453,37.331245,60.22316,37.520256,74.13724,38.291435,57.6129,27.220234,79.96183,31.081644,49.671146,85.75977,49.26351,71.338684,64.63701,75.2811,33.666016,76.16395,49.29063,55.569756,28.373587,37.607788,35.52887,37.608185,21.483747,38.917274,36.391163,26.664366,15.126641,31.14731
62,66.56075,39.16725,59.998142,39.86201,73.29602,40.557575,55.5947,31.292824,81.045044,35.593525,-1,-1,46.29747,74.74128,62.89506,81.007576,28.717358,79.44463,47.08227,61.450996,30.086636,37.726612,36.22242,38.952873,22.665138,38.67626,41.425842,30.47327,15.23838,33.09073
63,65.5359,33.980988,59.79239,35.162067,71.44886,34.981335,57.5823,23.546745,77.074486,24.248066,49.371407,83.409775,48.803207,67.04755,62.95593,74.03624,34.313774,74.691,48.50177,51.7134,26.839148,35.97111,32.87191,35.917343,20.990143,37.39507,36.051357,24.76454,14.215067,28.458538
64,66.84494,37.63564,60.812878,38.10733,72.90579,38.85441,56.965866,28.576588,79.94188,30.557623,44.688046,85.73874,45.807568,68.214874,57.553574,76.144104,31.923258,74.31427,48.352768,56.058285,28.086208,35.334763,34.038013,36.06897,22.109749,35.970074,40.12363,26.92347,15.335027,27.026743
65,65.81632,39.969444,59.554756,40.623962,72.47347,41.467995,57.57614,31.016558,80.65288,34.13117,45.15904,92.7538,45.45888,80.04743,57.30114,85.56837,32.10709,85.03974,46.093197,61.62945,27.776516,37.20186,34.16551,38.68478,21.917446,37.481564,37.434685,28.75334,15.358079,28.790653
66,65.929695,38.162296,60.838142,38.352303,72.690414,39.414467,56.607418,28.168781,78.87213,30.553736,48.180557,79.26557,48.325756,65.89466,61.962822,70.77227,35.932823,69.624146,47.0909,61.701263,31.154015,37.855217,36.68155,38.06992,25.287605,38.758636,40.321873,28.134167,19.383394,29.499258
67,64.5416,36.079323,59.874542,36.610443,70.52855,36.27049,54.870052,29.044783,76.61548,28.260672,49.809082,81.61457,49.729,67.55483,62.060707,72.90013,36.65325,73.92118,50.356678,51.191498,30.469898,36.399216,35.542645,37.07373,24.754492,37.153904,39.97023,28.85553,18.20974,28.419317
68,64.26748,34.960697,57.885975,35.25917,69.94351,35.8881,56.85311,27.485945,76.849,27.635572,47.311657,72.96169,46.60371,62.493176,62.558044,69.800026,32.0289,70.255615,46.15698,43.22215,29.750801,35.703125,35.981117,35.63174,24.34317,37.10959,36.90392,28.704214,17.16415,29.754105
69,66.64673,34.594883,60.56242,35.57912,72.58418,34.797947,59.190773,28.21796,76.61339,27.436415,50.697998,80.92691,50.474583,69.68719,64.870636,72.78504,36.85144,73.57498,49.793037,54.51144,31.40617,36.63566,37.44737,36.832767,24.77484,37.51438,39.132523,29.619997,19.418173,31.964266
70,65.51781,32.904472,59.2136,33.711052,71.534065,33.13798,57.962605,25.941597,76.29894,23.809652,51.463684,73.27012,50.298927,62.70796,65.19563,68.27414,37.441353,70.72376,49.087646,44.62834,30.630964,36.49207,37.185158,35.98167,24.770193,38.07753,37.65687,28.908375,19.481274,29.727068
71,66.5717,35.01,59.788692,36.639706,73.34281,35.62819,55.835674,25.961624,79.17349,26.409302,50.894783,81.36786,49.5426,67.172676,70.01359,67.925514,32.22856,69.872856,47.154263,57.73684,28.64909,38.265926,35.666344,38.45529,22.356853,39.755543,35.030647,28.187088,14.538277,32.695034
72,70.14233,31.196068,64.0195,32.19708,76.6494,32.72907,61.434456,19.416996,83.75837,23.430876,50.34367,82.38537,50.27952,64.2347,66.40845,73.049126,35.778114,71.99098,50.477287,46.3214,28.690722,32.794136,35.62461,33.038548,22.776972,34.455074,40.027668,21.280233,14.460628,27.689976
73,65.00511,38.978703,58.46434,39.672157,73.359245,39.567562,55.009796,31.656506,79.96199,29.701012,47.426052,87.99035,46.169006,70.14924,62.023277,79.884315,32.54522,82.04196,44.725014,51.07912,24.428316,41.826954,31.718784,41.32647,17.727995,42.92697,35.147343,33.090397,11.970503,33.78619
74,64.81852,37.00027,60.02175,37.16215,71.23903,38.03312,55.816418,26.914814,77.46435,28.99748,47.742115,78.73546,47.792366,63.941563,60.573532,69.67357,36.072952,68.63239,46.40144,60.407856,30.805532,36.697647,35.960777,36.906933,25.400816,37.64813,40.199432,26.952461,19.336447,28.536755
75,67.062546,34.809727,61.71688,35.5452,73.40209,35.483715,56.50222,27.770197,80.569984,28.104563,50.09914,78.86493,50.27425,67.42914,64.439575,72.64948,36.191135,72.971756,49.95945,50.455353,30.372831,34.836315,36.06792,35.558712,24.39339,35.56686,39.71961,27.355625,17.451565,27.025375
76,68.91668,34.644974,61.92554,36.193798,75.70573,36.40967,55.839954,19.313162,80.983665,25.143263,46.269737,87.87893,45.314682,69.34841,63.371754,78.86208,29.901802,79.95115,45.026863,51.558037,27.954601,37.153175,34.109455,37.50992,20.544725,39.15045,38.682285,20.940607,13.50562,29.807314
77,64.21134,36.964497,58.578938,37.608166,70.86391,37.75775,53.203426,30.305927,77.88725,31.534643,46.346222,85.1972,46.569588,73.13819,58.3384,77.971886,33.834126,77.76127,47.42704,57.26504,30.09525,36.225113,36.18279,37.371532,23.786438,36.712173,42.52372,29.610321,17.19925,29.473602
78,65.16073,40.417458,59.13447,41.341377,72.19825,41.631523,57.55887,31.959648,79.961136,33.858673,46.059505,91.80052,46.555065,80.97638,58.54847,85.20722,32.535904,84.94389,47.376625,63.976574,28.085657,38.393326,34.618492,39.928482,21.541624,38.947056,37.481827,30.302456,15.419079,29.60864
79,68.002144,36.156994,61.49982,36.601856,73.96558,37.268566,60.05856,27.872833,79.149895,26.700369,47.915184,79.125694,48.337006,64.86909,61.801384,73.2334,33.942455,72.14054,48.642788,48.383606,29.952097,34.83595,36.694458,35.752003,23.991436,35.535248,38.313553,26.954214,19.669638,23.87513
80,67.080475,36.58251,60.837494,37.85004,72.82861,37.376522,56.18884,31.27182,78.366394,29.435175,52.039665,80.61457,51.53832,66.86943,68.68215,69.51583,33.799442,71.46551,51.678795,52.934532,30.892252,38.329613,36.49237,38.94599,24.782011,39.382256,38.43087,31.309734,18.004324,32.33175
81,64.25582,36.845623,57.83293,37.39478,70.3748,37.725456,55.545124,28.636406,75.91064,31.30221,49.122192,80.12941,48.65781,67.80035,61.437763,71.43852,35.361465,72.52515,48.8528,52.456173,29.267748,37.33376,35.96582,37.60993,23.376194,38.49448,37.140175,28.2568,17.082699,32.03606
82,67.30279,34.798367,61.092865,35.693207,72.61184,36.0107,59.907173,28.069859,79.099144,29.545195,47.010353,78.33133,47.27975,68.19812,60.35876,72.14414,32.740936,71.24919,48.561234,55.779488,29.944624,33.224495,36.100533,34.568813,24.377922,34.020126,39.272247,27.36568,18.355385,27.41537
83,67.94234,37.928852,61.54399,37.563766,74.62098,39.61975,57.558678,26.202053,81.53704,29.468855,46.386562,80.40352,46.409336,69.032585,61.802658,73.42397,34.106956,70.6874,44.86733,62.369217,30.200602,35.592083,36.48395,35.87178,23.66951,36.32472,39.365047,25.76342,17.153727,26.674088
84,68.30923,37.955433,61.596413,38.114517,75.64554,39.31792,57.20523,27.145983,82.39182,29.4875,47.94426,79.78713,47.865635,71.6836,64.03717,74.09013,35.33284,72.00307,45.78831,64.28006,30.499243,36.655422,37.440372,36.99192,23.593126,37.58328,39.607826,27.177183,16.908413,27.972569
85,66.09707,37.646248,60.354652,38.51478,71.77585,37.776707,58.136856,31.083643,77.10732,29.111036,46.74238,85.442566,46.920765,73.05425,60.96922,77.68905,32.91883,76.44815,48.07813,64.39292,31.605267,36.078133,36.770287,37.524464,25.770226,36.13268,39.90288,30.572203,19.764317,27.872845
86,65.703995,41.5197,59.553795,42.07861,72.475006,42.68048,57.560265,32.381126,80.15003,34.82397,46.18006,91.960365,46.52974,80.33987,58.212967,85.688416,33.502655,84.775024,47.191906,62.81754,29.004139,39.11754,35.41723,40.517532,22.205908,39.830326,38.198345,30.692211,16.193413,30.93935
87,67.4013,38.208984,60.69315,38.789043,73.40958,39.04306,59.828518,31.61816,77.77499,27.158964,47.567318,79.81003,47.49729,67.65174,62.953224,71.53146,32.667892,70.9635,47.085537,53.497982,28.67134,37.599255,35.317192,38.571262,23.089716,38.209164,36.27935,31.368223,19.403458,26.404287
88,66.63972,37.29828,59.797276,37.281868,74.932274,39.026688,55.33409,31.027578,80.44583,31.18675,47.891743,83.44038,48.02002,72.06017,63.141712,76.254265,31.635975,75.60499,48.731285,51.157837,28.445705,36.483124,36.470512,36.766987,20.994099,37.898785,42.195293,30.236938,16.348497,29.865065
89,66.242386,36.31267,60.521847,36.73699,71.854004,37.31574,55.9428,27.709667,78.85621,29.453688,46.346527,84.64789,47.027348,66.65073,58.68794,74.25088,33.448265,73.38255,49.075348,54.147938,28.676844,34.98995,34.37384,35.372734,22.681585,35.864826,40.303913,26.537985,15.567285,27.538189
90,65.25034,38.415775,58.21397,38.49502,72.09933,39.604282,56.482597,27.994806,77.95509,32.75215,47.049984,82.9407,46.805252,69.21174,61.69719,74.49024,31.386673,74.69362,47.253044,52.589844,27.954836,37.689095,34.958252,37.938442,21.056988,38.835037,35.541466,26.753683,15.283253,31.235014
91,66.374176,37.971268,60.08378,38.94019,73.28503,39.190388,57.39779,29.946655,80.179695,31.038261,47.51188,85.804794,47.424488,71.22163,62.016743,78.533585,33.49945,78.47444,47.250217,54.432396,28.73467,37.44802,35.045242,38.54438,20.89542,38.959297,35.156216,29.66755,14.341963,30.380297
92,65.348526,36.68399,59.66827,37.48486,71.08038,36.88282,57.050346,31.533178,77.414986,28.549437,45.960808,83.00921,46.06804,71.52616,59.902058,75.8137,29.908028,75.04758,47.751686,65.24646,29.736618,35.415054,35.310665,36.4561,24.06541,35.163486,39.63116,30.59096,17.737494,26.886051
93,66.99938,38.574646,61.115765,38.690807,72.91612,39.870823,57.0823,31.542652,79.07579,31.60062,47.600594,83.52018,47.957798,67.64357,61.58036,75.055016,33.347824,73.962135,49.10739,52.127148,30.43116,36.937767,36.260315,37.48217,24.7035,37.617386,39.58695,30.003332,19.360126,28.479788
94,67.738335,36.738144,60.873928,37.37703,75.214806,38.879257,59.185696,27.568983,81.89967,32.347042,44.383087,80.28349,45.568825,64.68093,61.943665,73.42632,27.209808,70.40151,47.763996,48.233658,28.891449,33.560257,36.13618,35.26197,21.60225,34.446144,39.738445,25.434181,16.615866,26.67221
95,67.203094,36.46819,60.453293,37.083294,73.000206,37.252804,59.451393,29.001917,77.65731,26.1167,47.387276,78.64653,47.543175,66.509865,61.963654,72.2216,32.66585,72.19278,47.623196,50.783833,28.488932,35.799767,35.099865,36.715157,22.698889,36.320457,35.88364,28.258127,18.252462,24.628355
96,65.609924,35.793976,59.78021,36.505703,70.792244,37.118195,54.70524,28.05481,77.85295,29.073648,46.623325,78.38345,46.84682,65.8529,60.65424,70.36121,32.14187,69.9149,48.00322,53.378395,28.966545,34.76271,34.578037,35.502125,23.49985,35.81988,39.54071,27.202316,16.019928,28.202988
97,65.88674,38.260532,58.469677,39.0357,73.49167,39.30663,55.250187,26.705482,82.25025,29.997921,47.64632,87.750084,47.40135,69.98123,64.0426,78.99173,31.121021,79.268654,46.77324,54.251915,28.438358,38.51297,35.7329,39.05134,21.067146,39.57091,38.328133,26.486841,12.365013,30.54372
98,63.609795,36.791565,57.245758,38.122437,70.647675,37.39364,52.754692,27.77404,76.044044,27.952991,49.571182,82.4046,48.35359,70.10584,64.41255,72.77089,31.609505,75.78583,48.37951,56.790936,25.785324,40.13626,32.152042,40.19279,19.229322,42.090935,34.628204,28.895998,11.057984,33.907642
99,63.82579,35.1929,58.809193,35.810074,69.753105,36.15018,54.6874,27.6741,77.18706,30.367327,46.619137,83.12507,47.241688,69.878494,57.01894,75.931305,34.998894,75.3706,49.071564,55.861675,30.348598,33.801296,36.59923,34.94461,24.668972,34.105762,43.61718,26.918371,17.205097,27.303724
100,63.257095,39.450523,57.724907,39.094406,69.51896,41.309303,52.805065,30.966204,78.47885,36.151436,39.006145,86.30459,40.52567,72.63835,51.58598,79.89495,27.168375,76.19369,42.808006,58.15176,28.01901,34.280235,33.798885,36.051277,22.002714,33.72939,41.598175,28.46432,15.365297,26.018265
101,62.512207,36.568832,57.938744,37.76515,67.82809,36.355247,56.409058,31.45607,73.43006,30.557732,49.464638,76.96504,49.23782,68.29803,63.239227,69.669556,34.46848,71.370766,49.11135,59.42717,31.97401,38.118713,36.88336,39.16609,27.032677,38.70634,39.137066,32.502907,21.012592,32.739334
102,63.996426,35.14047,58.365597,35.803425,68.86506,36.336456,57.62983,28.373589,75.572624,30.532616,43.847935,78.31016,44.510628,66.469315,55.17947,71.85186,32.165623,70.317085,46.885075,53.784733,29.545261,32.556885,34.989243,33.929058,24.004177,33.20343,39.031414,27.179487,18.3741,27.756836
103,66.00822,33.67797,59.723793,34.574703,71.73377,34.8466,57.834194,27.215525,78.83107,27.91405,44.80671,78.04733,45.052494,68.671524,59.414883,71.54875,29.40144,70.23811,46.270733,55.708096,27.708868,31.726803,34.02359,33.31316,21.941196,32.29834,37.723804,26.119642,15.903272,25.482107
104,65.01967,36.635586,57.86352,37.5294,71.815285,37.328884,56.77331,24.557692,77.280075,27.505486,48.48283,77.00928,48.244514,66.834656,64.83652,69.650795,31.240236,70.957634,48.27765,53.97017,29.083225,37.862125,35.88397,37.98837,21.517126,38.85015,36.29156,25.173117,15.097571,29.398495
105,66.45239,38.48202,59.566925,38.459335,73.04218,39.933624,56.452065,29.29008,79.4346,32.577152,45.629543,80.534004,45.941933,70.6439,61.70631,73.98321,31.045801,72.772804,45.53646,55.0414,28.670177,36.22984,35.664047,36.89227,22.28358,36.912983,36.52769,27.459932,17.077232,27.887667
106,66.21592,36.367504,60.167576,37.27367,71.86517,37.08552,53.927708,28.348076,77.248276,27.240742,45.512535,90.44264,45.375313,72.625206,61.770782,78.93694,32.25895,78.476295,43.992615,61.2392,30.181911,36.718422,35.354916,37.34464,24.60779,37.167255,38.68262,28.803856,18.779003,27.79128
107,66.02137,38.849083,60.32346,39.255707,72.058205,39.807743,54.62501,30.371717,80.69888,34.473946,48.722923,91.62339,48.73038,74.57797,60.57092,82.48524,35.52502,82.4864,48.890526,58.5568,29.220135,38.4456,35.162586,39.17771,23.195889,39.26676,41.776676,29.808275,14.409086,33.38728
108,65.36805,37.796658,60.486195,37.770557,71.950005,38.93378,55.73716,27.183636,78.22,29.433867,48.009567,79.28089,48.02752,64.27924,61.25925,70.200066,35.94731,69.37058,46.586414,60.455482,30.458015,37.811462,35.946815,37.757835,24.837164,38.85449,40.08835,27.427217,18.535475,29.61503
109,65.274025,37.43609,58.565514,37.86179,71.98051,38.31477,55.522293,28.674793,77.258995,31.617607,49.370308,84.11894,48.582905,69.7117,63.104046,74.068214,33.945644,75.60347,48.406124,53.232224,28.302155,38.440144,35.150635,38.510773,21.679443,39.83005,35.529064,28.47481,15.506175,33.00266
110,63.933136,37.16343,57.6228,37.793427,71.49078,37.517056,54.611507,30.54343,77.55696,28.337875,47.408054,85.153755,46.17327,66.606575,59.187214,76.05145,34.981865,77.911705,44.547024,50.38454,24.902918,39.735455,31.672308,39.30821,18.453566,40.620167,34.345924,31.653967,12.762498,32.022526
111,63.363,37.99716,57.55175,38.106277,70.10911,39.534195,52.87033,30.325111,77.22971,33.72069,41.498535,82.58375,42.38248,74.28163,55.13966,78.75632,28.112097,76.09626,44.461327,58.51638,27.967653,34.68614,34.550663,36.081234,21.838825,34.46397,40.820923,28.40698,15.818294,26.821661
112,67.0413,36.145855,60.393116,37.099693,73.25081,37.0686,58.60962,29.41939,77.80851,26.519085,47.43591,80.81603,47.426434,66.33261,62.813316,72.1757,32.07787,71.95375,47.254772,50.69208,28.31701,35.71538,34.978107,36.922962,22.257757,36.491074,36.160774,28.781715,18.021147,25.364998
113,63.243538,35.07989,57.01941,35.691692,69.38211,35.158665,55.85376,27.042282,73.08627,25.459188,50.67269,73.07886,48.97243,62.747066,64.28126,67.78409,36.81221,71.085655,47.124474,44.816998,29.694452,39.284626,36.25926,38.27116,24.05196,41.10957,35.93296,30.447744,19.610174,32.3864
114,66.52262,36.60278,60.1657,37.00684,72.10684,37.616783,59.596222,28.838766,76.99573,26.789356,47.490707,76.4684,48.04915,64.73576,61.181522,71.18437,32.61613,70.251526,49.287365,49.93361,29.625923,35.35744,36.142685,36.18321,23.73095,35.852642,38.08325,27.956738,19.35544,24.569801
115,66.16467,35.68586,59.40336,36.71093,72.19012,36.372078,56.676617,30.038994,79.36422,28.220015,47.43138,90.06636,47.032784,75.74205,58.930035,81.24757,36.404766,81.328224,46.40804,59.662186,27.975193,36.196457,34.593735,36.696247,22.183477,36.40317,36.268623,30.320408,14.537431,29.519737
116,67.449875,36.66186,60.54807,36.99252,73.97148,38.121532,55.500168,29.596357,81.06197,31.464607,46.636078,86.13307,46.113884,73.12783,61.628822,77.53187,32.366234,77.38452,46.0332,53.15918,28.077747,35.612926,34.886723,36.35798,21.590551,37.008717,37.628845,28.633059,15.202765,29.866413
117,63.50037,35.385784,58.128002,36.3909,70.26354,35.816063,53.06088,28.638731,76.61758,29.315966,48.795715,85.15155,49.0345,72.01489,58.876614,77.27529,36.882442,78.1113,50.051796,57.05649,29.18757,36.09154,35.866158,36.81133,23.400671,36.6662,42.752613,28.321463,16.505598,29.155388
118,64.14373,35.318733,58.515892,36.26724,70.88262,36.32925,56.04263,28.247652,76.45805,29.819393,47.88326,81.57892,48.00675,65.97985,60.579803,72.19659,34.760616,72.50385,48.09728,52.329437,30.006077,35.33069,36.071423,36.411533,23.505938,36.702946,39.071457,28.188038,18.25879,29.9707
119,75.80975,30.510221,69.04034,31.188265,83.57384,32.52957,67.35632,14.57173,89.52839,22.227531,56.760384,82.4081,57.032467,64.80673,74.785835,74.60047,42.508217,71.83141,56.446102,46.189148,29.615585,30.573626,37.993057,31.63984,21.901752,33.907555,43.33077,17.707777,15.39831,25.444075
120,63.37768,37.98429,57.22145,38.496994,69.618744,38.443886,54.662334,31.321505,75.72589,29.444427,48.754307,84.33634,47.318047,65.5026,60.953114,75.50818,34.98676,77.605675,45.486572,48.43936,27.227926,40.551838,33.378193,39.96876,21.428473,41.999157,35.17506,32.607628,14.33131,33.96353
121,66.3696,39.567383,58.896084,38.51542,74.35053,40.899746,55.513977,30.056862,79.916,31.19844,47.738804,82.77958,47.537735,71.71976,63.382446,76.2682,30.834494,75.84965,47.815147,48.95707,28.189348,38.17188,36.0895,37.59376,19.815374,39.685177,39.932953,29.234922,14.752371,29.645767
122,65.887985,40.000614,59.885746,40.224205,71.941986,40.786762,56.618675,30.19723,81.140594,31.415066,46.372364,87.50893,46.863476,70.70448,62.022457,77.18034,30.87085,75.66436,47.367786,58.968254,31.278364,37.827953,37.38173,38.87614,25.397665,37.78685,41.393726,29.403238,16.13398,28.282509
123,67.844284,36.184032,60.351494,36.725536,74.78135,37.937195,55.771133,31.32058,82.20815,32.375866,43.494705,83.05453,43.811867,73.75512,58.915073,77.14271,30.23094,74.83094,44.33235,56.32926,29.275167,32.44453,36.315216,34.21956,22.10204,33.03621,39.425476,29.645452,16.696896,26.094934
124,64.7314,35.53823,59.146538,36.340706,70.67268,35.507336,58.058678,29.89259,74.24873,28.881798,48.70048,79.988335,48.571835,69.90648,63.334824,71.09163,34.468765,71.340195,47.844727,56.54557,31.013807,37.047886,36.959995,37.43932,24.591242,37.558514,38.623447,30.86057,19.856638,32.550087
125,67.32732,37.58323,60.934555,38.047573,73.332504,38.32204,59.592594,30.247446,78.05734,27.675814,48.572018,76.98189,48.8205,67.20165,62.4338,73.41028,34.771805,72.94749,48.702923,50.03649,29.76488,36.719078,36.3956,37.67917,23.858732,37.465477,37.955067,29.473278,19.479046,25.972809
126,64.58457,37.28308,59.99633,37.36935,70.98018,38.13429,55.971607,27.149399,77.32067,28.924454,47.98442,77.397224,48.096848,63.082596,60.76389,68.643845,36.315094,67.59035,46.553566,59.72826,31.359434,37.166767,36.41348,37.148853,26.036482,37.92472,40.493774,27.273027,19.849531,28.580057
127,64.88831,37.524292,59.301273,38.22117,71.17756,38.07488,54.801487,31.212511,77.65929,31.233503,48.594368,77.78891,48.746914,69.317024,63.0129,72.26702,35.063206,72.466995,48.54375,53.92621,30.878231,37.06294,36.64904,37.94632,25.146446,37.45748,39.82161,30.614668,19.425346,29.729076
128,66.97411,38.04528,59.92247,37.889675,73.35255,39.42551,58.639915,26.284962,79.40153,31.909096,47.48686,80.40299,47.961414,67.88894,62.57877,73.94724,32.8527,73.43054,48.548157,50.6508,28.891935,36.791885,35.868492,36.869854,22.49877,37.579357,36.82557,25.013557,16.796444,29.194065
129,65.633675,37.474678,60.865368,37.457943,72.148796,38.512524,56.523624,26.986017,78.29612,29.201252,48.46935,78.85102,48.571476,65.381775,62.3995,70.07743,35.687473,69.17266,47.00563,60.92513,31.197998,37.294178,36.72728,37.1967,25.914785,38.049892,40.722656,27.178852,19.677187,28.61981
130,65.85443,34.77025,59.325787,34.95738,71.54506,35.945904,58.074677,26.687338,78.90932,27.93907,47.819706,78.175674,47.30115,60.606876,61.3501,72.21049,34.45941,72.247765,46.90437,41.589066,29.435587,35.43766,35.834957,35.162304,23.75384,37.02721,36.752277,27.698145,16.054203,29.73944
131,72.398834,33.73343,63.461655,34.357887,80.624626,34.834286,57.888992,26.201458,87.61707,26.805693,46.102493,91.40664,45.992268,79.10174,65.21801,81.49083,29.786818,80.79119,44.475357,58.149162,24.067688,33.09229,32.07836,34.265747,15.579182,34.202873,34.127605,25.927193,8.870433,25.056244
132,67.91818,39.431023,61.546608,40.20948,74.950424,40.765217,57.351814,31.07223,82.316154,31.576788,46.30082,92.611855,46.51664,76.665245,63.142136,83.10747,30.00921,82.2335,46.530582,65.47404,28.63801,38.83879,35.215103,39.801483,21.864351,39.50039,39.533062,30.725828,15.390697,30.157854
133,65.75325,38.439182,58.428757,40.198788,72.68401,39.83298,56.428654,30.375015,77.121185,31.282578,49.433865,81.44245,48.624386,71.37204,65.78376,77.60037,32.814045,78.92506,48.03339,51.493996,30.384048,40.340446,37.111,41.148956,23.416553,42.148205,37.464375,31.140762,18.23721,34.049717
134,66.07724,35.112995,59.44403,36.771618,72.38898,35.208885,55.004677,29.249878,77.456635,25.921362,53.186058,85.5479,52.139523,74.02217,67.32795,76.280945,34.653828,80.90496,52.302456,56.682766,25.869179,39.779675,32.23619,39.540955,18.468712,41.86825,34.660835,30.866291,10.104228,34.779823
135,66.734665,37.144714,60.391163,38.19383,72.68072,37.819912,60.64909,31.933666,77.40979,28.270014,46.821934,80.75258,47.0941,69.776955,60.021034,73.97582,32.962254,73.382454,48.2536,55.577106,28.370735,35.98689,34.97507,37.665985,22.631363,36.32209,36.79681,30.913054,18.834602,26.293589
136,64.5913,34.341164,58.85554,35.191803,69.34059,35.4574,57.65784,27.965296,75.91896,29.391125,44.76344,76.18948,45.095104,64.86798,56.686413,69.691765,32.884037,68.60408,46.57541,53.347214,30.160109,32.60127,35.530025,33.87583,24.8653,33.44091,38.714626,27.11515,19.126308,27.661203
137,65.466736,38.01765,59.16912,38.712307,73.54244,38.47058,54.875675,31.210897,79.973145,29.464083,48.5893,87.88114,47.076725,68.826004,63.539536,78.308365,33.639957,80.713295,45.40626,51.07428,25.737164,41.067947,32.60953,40.66157,19.001095,42.33736,35.514717,32.78758,12.450879,34.21776
138,64.77635,34.617085,58.811768,35.469894,70.0662,35.118923,56.048763,28.152525,75.41423,26.820288,50.7313,79.560104,49.824528,68.904396,63.01597,72.66222,37.95601,74.155975,48.793766,53.09246,31.255682,37.071945,37.30242,37.02916,25.716284,38.07344,37.366287,29.91329,18.722658,32.29347
139,69.68839,32.02302,63.871258,33.113335,75.625145,33.38268,60.631405,20.904648,82.428894,23.038595,52.940773,81.37523,52.238556,64.03659,68.35756,72.7004,38.410835,72.4316,51.36505,46.82167,29.633183,34.741844,36.393322,34.633568,24.360357,36.22006,39.730274,23.860653,15.769707,29.047844
140,64.24588,36.792564,59.272316,37.381916,70.12438,37.33206,55.240116,30.028156,77.46828,31.342043,49.285255,76.11857,49.501534,65.96341,62.426697,70.046295,36.309467,70.58143,49.0605,50.745033,31.72035,36.429173,36.83793,37.09085,26.715937,36.66613,40.465214,29.397343,20.548939,29.55072
141,65.59396,38.547806,59.71353,38.26954,72.256836,40.314354,55.790096,27.728163,78.88674,31.725018,45.634388,77.932236,45.686974,67.787125,60.06021,72.18173,34.31533,69.28544,43.905598,61.040257,30.523014,36.48837,36.688477,36.713665,24.698162,37.28955,39.468983,27.327145,18.227715,28.893122
142,64.706345,39.75921,57.431618,40.9683,71.69602,40.87386,54.819233,30.538025,77.119576,31.805746,49.223583,81.20446,47.874527,69.73443,65.565,76.4264,31.519629,78.27022,47.0998,51.76802,28.865435,41.989365,35.2666,42.42692,21.744194,43.972206,35.534367,31.60994,14.890365,35.90562
143,66.32921,36.775646,59.8641,37.24911,72.12564,38.01662,58.69318,29.135214,77.32725,28.282381,46.8846,77.720085,47.19619,64.68003,60.291634,71.82263,33.221428,70.51932,47.518143,49.36203,29.902641,35.21371,36.429188,36.1969,24.033567,36.056694,38.141632,28.037992,20.01035,25.466066
144,66.73924,35.787277,60.563343,36.521584,72.474365,35.933926,60.243805,29.519272,76.429474,28.82035,49.15534,80.8904,49.166737,71.360504,63.494602,72.80852,34.317734,72.245544,49.56132,57.58493,31.96999,36.531532,38.04167,36.978676,24.991568,36.974476,40.171566,30.329449,20.082262,31.69415
145,65.49538,37.22544,59.18342,38.11492,72.939064,37.65561,55.422386,32.895927,78.29141,32.146152,47.636765,84.54025,47.164604,75.65015,62.374187,76.496864,33.008266,76.886024,46.70013,59.96204,28.162914,37.47957,35.02396,38.53578,21.228941,38.131195,38.288578,33.023743,16.13384,31.837719
146,64.24274,36.463764,59.002514,37.034138,70.37753,37.034283,54.358692,29.400236,77.27971,31.288187,47.476788,83.50711,47.95731,69.43962,57.227192,75.687904,37.447666,75.10803,48.77919,55.589954,31.32863,35.758472,37.195698,36.564053,25.645542,35.95201,43.600147,28.836975,19.527,29.068003
147,65.89141,34.504642,59.969288,35.284916,71.70504,34.59271,58.82741,29.00306,75.64476,27.698908,48.79387,80.35597,48.62033,70.6461,63.53807,71.899124,34.132267,71.923676,48.230522,57.2512,30.442602,36.134327,36.758453,36.41943,23.972845,36.73885,38.377007,30.356956,19.077845,31.499928
148,65.080734,37.044037,58.310368,38.00045,73.48577,37.523846,54.62525,29.479244,80.13656,27.619644,47.897053,87.79762,46.4652,68.98632,61.964764,78.88526,33.056465,81.65622,44.666897,49.72072,23.85692,40.353073,31.241646,39.791763,16.834358,41.6641,34.511917,30.94254,10.546085,32.73362
149,66.37246,37.64044,60.204098,38.153183,72.234535,38.68584,55.196762,32.16322,78.988495,31.298594,47.272602,81.90991,46.981323,69.31144,61.46757,74.49851,33.738277,74.33534,46.770393,54.809376,29.409134,36.852577,34.9621,37.6913,23.71089,37.566082,37.679813,31.384743,17.469662,29.842934
150,66.19032,37.989693,60.427563,38.27178,72.62409,39.24782,56.765583,29.725964,80.38428,31.67689,46.429543,82.59826,46.95784,68.08569,60.34149,76.34932,32.835125,75.2854,47.69714,50.3513,29.419804,35.81527,35.27865,36.82549,22.94385,36.516808,38.042965,27.841982,16.097256,27.34175
151,67.65549,36.96643,60.091217,37.368744,74.53226,38.024273,57.669823,27.32902,80.42533,31.305643,49.32413,85.65375,49.188244,71.37935,65.69019,74.60926,31.447002,75.658394,49.480217,56.98878,27.151674,37.31109,34.363724,37.414837,19.73466,38.61562,35.28316,26.569016,13.053593,30.914326
152,65.40424,38.590923,58.9409,39.852093,72.41433,39.753696,56.47761,30.364109,79.02639,30.817379,47.77073,83.25247,47.635067,72.51372,63.22498,78.3367,32.484455,78.502335,47.09366,55.74715,28.21934,38.6588,34.86366,39.76949,21.336357,39.969463,35.65257,30.21397,14.860632,30.71849
153,67.28927,36.91432,59.960617,36.94034,74.34174,38.536785,55.815624,29.683554,81.58589,32.810177,44.525177,87.42873,44.861443,76.05596,62.37236,78.76975,27.606783,77.81975,46.692753,55.286285,26.04807,34.20959,33.765373,35.044968,18.689169,35.137966,37.642883,28.003738,12.135007,28.45821
154,67.26167,34.955708,61.081573,35.73317,72.77786,36.203022,59.653957,28.586353,79.41655,30.624063,45.470303,79.820724,46.032337,68.56675,58.31606,73.78914,32.59729,72.0514,47.82271,56.02879,30.087273,32.29826,36.30465,33.80336,24.580166,32.881428,40.518864,27.221628,18.930279,26.612772
155,67.38406,30.614925,61.398674,31.87239,73.37923,32.07909,61.260216,18.25303,80.6456,23.100372,52.19382,82.68496,51.604027,64.21661,64.79175,73.39657,39.208115,72.98511,52.207985,46.76548,28.591135,32.474594,35.36923,32.71482,22.64285,34.5923,38.478455,20.720198,13.1868925,29.76305
156,64.5594,34.384335,59.033215,34.611736,71.574234,35.56842,55.54376,23.029715,78.02695,25.17091,45.51037,79.38793,45.538956,67.052376,60.263153,70.325714,31.635826,69.33973,44.099552,61.62347,25.228792,33.846306,31.439014,34.118446,19.63454,34.677284,34.324097,22.64987,13.171525,23.967505
157,64.403305,37.250202,58.849667,38.02168,70.755005,37.746677,53.21109,30.79585,77.77393,32.163776,49.51647,86.48158,49.248962,73.26543,59.35924,78.845375,38.493164,79.42763,49.42953,57.07795,29.972641,37.997505,35.88006,38.592728,23.75212,38.851677,42.365135,30.358444,16.879019,32.765797
158,65.45222,38.638874,58.330307,39.94112,72.665504,40.157444,54.30514,30.621067,80.633545,32.836586,43.747528,88.17841,44.338074,77.83972,60.797585,81.98401,27.923689,80.48587,44.831375,61.51628,29.784601,36.32868,36.306442,38.396805,22.300629,36.962086,39.777687,29.599186,15.161382,29.120493
159,66.968735,35.418106,60.988377,36.62859,72.85647,36.125847,55.825085,31.688398,79.08224,29.235756,52.244392,81.278,51.753475,68.51399,66.70123,71.07336,35.958427,72.864174,51.88355,55.124996,29.831173,36.91152,35.636986,37.529472,23.906994,37.865578,38.378563,31.236399,17.326872,31.381458
160,65.18409,40.497047,58.90942,41.1701,72.46951,41.908646,56.947365,31.672667,80.55004,34.752552,44.628223,94.39819,44.838417,82.74958,57.108616,87.68118,31.014927,86.91179,45.57996,63.416344,26.520878,37.787247,33.297512,39.37847,20.00684,38.431793,36.92993,29.410711,13.673356,29.81592
161,66.879234,33.91554,61.12862,34.796715,72.45559,35.25445,59.28828,23.869478,79.40014,26.586021,48.07373,80.7873,48.37823,64.14816,61.78188,72.23222,34.772476,70.93422,49.056736,48.804333,29.520412,34.058495,35.60525,34.405148,24.438265,35.064514,39.35658,24.49541,17.01094,27.95614
162,64.50259,34.00045,59.25979,34.36965,71.26129,34.916355,54.520897,23.483828,77.68517,25.00948,47.2195,79.11937,46.83757,65.83519,61.33263,68.49724,33.99291,68.50292,44.769417,60.76188,27.367418,34.49669,33.074738,34.568424,21.633505,35.565315,36.10729,23.879883,14.744737,25.587667
163,66.23091,38.035275,59.95911,39.212795,73.02762,39.09559,57.643375,30.00821,79.60547,30.301603,49.294296,86.457306,49.11674,70.695366,62.42985,78.463524,36.20311,78.72905,48.782574,53.21104,29.412964,38.229637,35.921814,39.177902,22.536385,39.635796,37.16596,30.129848,16.210928,30.569765
164,66.50516,38.232475,57.797085,40.195526,75.21671,39.35689,56.297318,32.243477,79.95216,30.852295,48.042103,88.96206,47.56537,80.783554,65.06189,82.91148,29.681892,83.64584,47.75652,60.27597,27.924137,39.134674,36.335743,40.46868,18.481432,40.855576,36.845253,32.506977,13.385477,32.58922
165,64.60152,38.469822,57.694035,39.676044,71.31279,39.535847,55.115105,28.732872,76.456924,30.699205,49.557114,77.86901,48.60545,67.9534,65.26907,74.56895,33.58033,76.21039,47.77525,50.038578,29.900684,40.821182,36.680626,40.976982,23.47879,42.574467,36.38631,29.936943,17.258446,34.464462
166,65.14244,38.973236,58.847565,40.037853,71.88479,40.370495,56.103554,30.246664,80.026474,32.648556,45.496765,92.41092,45.694855,79.75765,57.281307,85.23792,33.412743,84.759895,45.628704,62.520325,27.224335,37.0392,33.494617,38.549877,21.466156,37.35647,36.767345,28.538893,14.321616,28.869808
167,68.25963,37.57338,61.547928,38.427982,74.70156,38.590225,56.9512,32.31173,80.70586,30.420948,49.150703,86.03989,49.18146,73.23605,65.27596,76.493866,32.47818,77.05625,49.99922,58.92344,28.027187,37.90446,34.361248,38.530952,21.010216,38.98341,36.61528,32.08286,14.239421,30.988241
168,66.33189,36.04707,59.42926,37.827938,73.33526,37.59226,58.13853,26.903818,79.317116,30.33243,48.07243,81.53527,48.471172,67.2963,65.22307,71.935974,30.34784,71.468796,48.90832,54.83382,29.974655,35.743076,36.772858,37.256363,22.589884,36.999084,38.24839,26.599672,16.274895,29.580265
169,67.76151,36.960655,61.18293,37.89227,73.30968,37.833084,59.061356,26.892204,79.18759,28.842583,48.725647,78.59635,49.063824,67.4192,62.52808,72.00782,34.259293,71.72231,50.397755,54.68556,30.79405,36.020863,36.83803,37.01448,24.497276,36.90573,39.70759,26.618567,17.62134,28.600252
170,68.04046,36.04753,60.93333,36.869114,74.20038,36.89825,58.358234,29.93978,81.44991,29.095999,48.124687,88.946106,47.824764,75.51791,61.58503,80.553505,34.88089,80.2867,47.779224,59.512833,29.172405,35.623173,35.807182,36.252724,22.590916,36.202045,37.504368,29.831238,14.986541,29.443747
171,65.22912,39.568714,58.264862,40.55053,72.27834,40.706436,55.986088,28.834562,77.401924,31.80812,49.552784,79.39333,48.65393,68.47304,65.57962,75.930916,33.10694,77.49732,48.225445,50.470222,29.861473,41.63675,36.68002,41.787544,23.24726,43.350822,36.898033,29.932108,17.053148,34.918575
172,63.06635,35.457855,56.63909,38.105766,69.73743,33.965366,50.05382,30.740765,73.0947,25.090387,54.416092,76.2161,54.393982,76.28183,70.08907,72.79088,43.373882,79.031075,47.50675,63.17597,33.71612,43.358917,39.897797,42.91842,28.022741,45.60443,37.43306,36.160786,22.035378,38.69291
173,65.3161,37.15707,57.926704,37.48335,73.2183,38.81981,54.31118,31.769035,78.28976,31.282764,46.25918,79.97579,45.73751,73.18785,60.34821,75.03347,31.744734,74.38246,45.5348,52.860794,28.220705,36.48539,36.269657,36.75171,20.73667,37.81443,40.157394,31.343262,16.715612,30.129133
174,64.78731,34.772587,58.61691,36.52615,71.21609,35.053173,54.50847,27.975098,79.394806,26.434301,48.239384,79.44238,47.852364,67.701385,63.477695,69.75748,33.339638,70.1159,46.676968,57.784794,32.301315,34.797314,38.464855,36.455135,26.314194,34.8512,41.47281,28.107977,17.375717,26.60519
175,66.34089,38.264713,60.503624,38.844845,72.18565,38.980465,54.69243,30.210222,80.34775,33.718285,50.681046,92.85355,50.34811,75.54994,61.448013,83.231705,37.81614,83.63647,50.29817,59.694355,29.456505,38.767353,35.35106,39.224037,23.306602,39.77154,41.980846,30.10095,14.069664,34.90524
176,64.418785,40.281868,59.182682,40.71262,70.1527,41.619724,54.31442,31.504168,77.80336,37.06716,45.741043,92.44888,46.636658,71.6946,59.2548,80.72881,31.313074,79.7451,48.449352,57.075687,30.546429,38.395576,36.255623,39.539223,24.969017,38.77299,42.841774,30.363708,16.863514,33.279522
177,66.84717,33.585808,60.634693,34.549236,72.4021,34.957066,58.870266,27.423584,78.93841,28.924822,44.6126,78.08524,45.221462,66.51118,57.63752,71.75396,31.905397,69.82469,46.910694,55.12794,30.283722,30.842554,36.02344,32.598137,24.576647,31.34579,40.145546,25.985008,19.238,24.721947
178,65.945526,37.42534,60.26701,38.136154,71.776306,38.508667,58.197987,29.59525,78.11203,30.552635,44.905827,80.97119,45.615307,72.018394,59.792,77.245865,30.485376,75.334816,47.506866,58.47109,31.13392,34.685524,36.99926,36.16513,25.657394,34.487427,42.345078,28.181847,20.349045,25.815811
179,65.13804,36.438084,58.78497,37.86736,71.80192,36.562374,57.749134,27.327236,76.86467,29.330269,51.155106,77.31814,50.786877,68.245834,65.9537,70.84547,35.285755,73.204285,50.26635,54.340927,29.974604,38.724533,36.816353,39.248993,23.119223,40.20456,37.419575,28.827942,17.12429,33.74411
180,67.73096,35.738518,60.894516,36.39059,74.09675,36.33686,56.760895,27.073786,80.91268,25.867193,46.81008,87.07374,46.465885,76.07146,63.762394,80.11865,28.838411,80.028046,47.72367,62.19726,27.339163,35.642475,33.89904,36.384422,20.282959,36.12974,38.72361,27.006882,12.516332,27.064928
181,70.65473,37.76097,62.053593,38.77653,79.0408,37.451878,58.966324,32.094864,85.355576,29.423605,48.932587,81.48987,49.04341,76.70976,69.46751,70.17066,32.191772,69.401825,47.74392,70.606575,28.183905,36.879284,36.393517,38.13676,20.046373,36.022198,36.831448,31.519165,13.574292,26.760258
182,64.06305,34.69937,58.33328,35.820526,69.20023,35.580975,57.741325,29.070736,74.968056,30.004019,45.96586,74.76095,46.269207,65.14675,56.956627,68.45809,34.179176,67.31983,48.215256,53.63018,31.50095,32.85287,37.142212,34.377148,26.288992,33.66004,40.118484,28.257689,21.086742,28.217777
183,64.216515,37.876144,57.97139,38.510445,71.97772,38.223114,54.78528,30.570208,78.52534,28.944927,48.04429,84.58406,46.68261,67.53372,62.355907,76.73007,33.464844,79.06967,44.637024,49.877903,25.599108,40.706577,32.145554,40.18328,19.208775,41.671467,34.59786,32.010273,12.646066,33.38253
184,66.48652,39.005894,59.193264,39.474873,73.46174,40.232502,56.04763,27.294765,82.35564,30.575615,46.7833,87.502785,46.988987,70.51856,62.916462,79.628494,30.84756,78.49078,47.01522,55.451244,29.529041,37.858047,36.585148,38.470657,22.386337,38.528843,39.811203,26.558058,13.898391,29.062517
185,65.034035,36.87704,59.359325,37.75021,70.478745,37.299625,54.57348,32.69304,75.959175,30.286802,50.414337,81.60692,49.77748,68.432945,63.3168,71.898346,36.129944,73.526245,50.355656,54.121284,29.818634,38.186592,35.15935,38.601974,23.979704,39.046852,37.081787,32.579082,17.726831,32.706844
186,64.05439,35.544838,58.28307,36.39646,69.92563,35.468327,56.045002,29.236652,73.52568,28.387505,49.231346,77.473175,48.578903,70.19498,63.62309,70.54307,35.181458,71.99071,47.695435,55.928673,30.67378,37.880222,36.658764,38.04498,24.234766,38.668583,37.59303,31.06073,19.34078,33.101433
187,62.78149,35.522755,56.36379,36.349075,69.72631,36.308712,53.146698,26.358755,77.512665,28.63608,44.172764,76.70914,43.74515,67.831696,60.86621,70.58982,28.398262,70.08809,42.56409,55.00932,27.977976,34.606075,34.680534,35.826366,21.655739,35.10567,36.905476,25.95091,14.794399,27.088219
188,67.71209,39.74758,61.1815,39.81321,74.09348,41.09847,57.152763,33.189533,81.0497,33.024208,45.78408,86.226715,46.386562,73.41506,61.45616,78.7428,30.274912,77.29448,48.0011,58.34917,28.003532,36.910583,34.282257,37.922855,21.31289,37.377094,37.15125,31.219456,15.405875,28.264229
189,65.58862,39.33388,59.512768,40.35144,72.419754,40.511147,57.01565,30.86418,80.3146,32.932396,46.997375,93.135544,47.138912,80.189804,58.882725,85.43594,34.504852,85.30633,47.138573,62.327267,28.282103,37.888344,34.623844,39.209633,22.137346,38.473335,37.55536,29.410738,15.556826,29.825565
190,68.168976,37.47858,61.544384,37.725327,74.704994,38.820827,58.17207,27.544928,81.40781,30.048803,46.535408,80.91204,46.952934,70.169426,63.831184,75.757195,30.670732,74.28002,47.375397,53.517647,29.424372,35.504204,36.101734,36.45374,22.187616,36.281197,36.724052,26.22374,15.946501,26.24124
191,66.16918,36.83666,59.853928,37.78903,72.11785,37.519527,54.85938,30.997988,78.10008,29.014004,50.13287,83.93375,49.069183,70.33483,64.35965,75.194534,35.344376,76.708565,47.815575,54.362305,28.912256,38.428806,34.858437,38.87541,22.960682,39.759964,36.361942,31.724846,16.410028,31.795343
192,68.65359,36.896015,62.120422,37.039692,74.60959,38.161987,60.781948,27.50873,80.06297,27.370543,48.44376,76.42647,49.120544,64.76216,64.54458,72.1194,31.922857,70.67994,50.030186,48.09006,30.156998,34.99472,36.88441,36.00741,24.238008,35.596626,39.64349,26.370544,19.483501,24.109737
193,65.74505,35.952442,59.713634,36.85886,71.99984,35.950775,59.0235,30.380936,76.14408,29.01058,49.454876,85.15019,49.15916,72.17064,64.65909,72.85655,33.44954,73.31185,48.957977,60.140644,30.679953,37.501545,36.69967,37.804073,23.501667,38.050106,37.98275,31.473465,18.43633,33.023945
194,65.11099,39.69809,59.406082,40.222355,71.4579,41.11916,55.51492,32.30713,77.83354,35.912704,45.864475,81.09615,46.49514,72.97439,59.74492,78.040474,31.829275,75.69561,48.33992,56.92817,31.725594,36.999176,37.972893,38.504486,25.788311,37.31586,43.689377,30.709713,20.166265,30.606508
195,64.21618,36.15652,59.251087,37.178066,69.256584,36.27706,57.10099,30.246122,75.078285,29.910131,49.204544,76.37436,48.976074,67.42949,62.877876,70.5295,34.748592,71.41982,48.856403,57.330376,32.313366,37.26224,37.2202,38.20652,27.502842,37.8436,40.091503,31.244972,21.473436,31.322285
196,66.16467,35.68586,59.40336,36.71093,72.19012,36.372078,56.676617,30.038994,79.36422,28.220015,47.43138,90.06636,47.032784,75.74205,58.930035,81.24757,36.404766,81.328224,46.40804,59.662186,27.975193,36.196457,34.593735,36.696247,22.183477,36.40317,36.268623,30.320408,14.537431,29.519737
197,65.08322,36.521347,59.18382,37.294346,70.082954,37.55836,55.271484,28.47692,76.361275,29.737312,46.474426,77.9673,46.55522,64.85429,58.65773,70.704704,33.727287,70.197205,47.831837,53.446426,30.11394,35.49901,35.523106,36.44493,24.497204,36.47797,39.361782,27.7721,17.55407,29.026764
198,64.53072,36.322067,58.893238,37.172894,70.7265,36.978256,54.283775,29.157368,77.12898,30.748398,48.325188,81.380295,48.411667,70.63523,60.538372,74.48509,35.972485,74.947296,48.67218,55.592693,31.607399,36.651237,37.39678,37.47066,25.661072,37.239094,42.109577,29.19295,19.521198,30.658598
199,64.40904,35.015705,59.243286,35.664032,69.00879,36.070976,57.370712,29.814644,74.7304,30.393232,45.88869,73.14777,46.313736,63.58716,57.16276,67.781395,34.68678,66.354614,47.59644,53.307373,32.01218,32.85243,37.11213,34.19722,27.47505,33.258022,40.04503,28.613771,22.200436,27.09964
200,67.89478,39.057453,62.044804,39.194675,73.72638,40.524616,58.061985,32.833336,80.27328,33.088688,45.57913,83.51753,47.0198,68.975296,61.555088,74.4579,30.768173,71.815056,49.299225,55.706394,30.783222,35.302055,36.54719,36.494083,24.577593,35.62988,39.751965,30.165472,18.695137,27.387136
201,64.82083,37.914005,58.789257,38.723656,70.70352,38.89845,56.08045,28.594135,79.131966,30.390068,46.830135,84.31659,46.98869,67.353264,61.92628,73.8976,31.59592,72.99891,46.97041,56.722607,32.20575,36.77449,37.867477,37.86827,26.122347,37.077175,41.034294,28.280725,17.285223,28.627947
202,66.864845,38.728172,60.60748,39.503376,73.170555,39.727566,57.404892,30.144558,81.87905,30.91834,46.63523,84.68207,47.234184,71.91703,62.789143,77.28047,31.308352,75.60011,47.694126,59.062965,32.39244,36.362576,38.477253,38.103046,26.082262,36.425793,42.41424,29.32859,17.534815,27.06465
203,67.29762,34.961327,61.854706,36.12118,72.90207,35.3695,59.393295,30.791983,79.55544,26.910252,49.00769,81.4595,48.953648,71.09353,63.240627,73.92764,33.030075,74.10119,50.177963,65.56872,32.074753,35.314335,37.396534,36.334045,26.557592,35.396603,40.604294,30.886887,19.427193,27.980917
204,64.95908,37.822647,58.878963,39.088074,71.1243,38.62135,55.55376,29.041296,79.806145,30.373497,47.5422,89.501595,47.575832,71.092224,62.416462,77.55523,32.247654,77.46482,47.401867,58.42293,31.333088,37.35313,37.216522,38.76766,25.191505,37.862103,40.715343,29.130672,16.186134,29.50093
205,64.32223,34.438446,58.075035,35.176655,70.71101,34.44655,57.086014,26.920815,74.857735,24.990423,51.163445,73.40801,49.842316,63.668575,65.44608,68.51001,36.737076,71.2788,48.102623,45.656418,30.364471,38.172035,37.01136,37.382404,24.655226,39.71096,37.131,29.991798,20.110159,30.808115
206,65.09631,39.37588,59.86702,40.064148,71.61366,40.913715,55.110092,31.61065,78.98782,36.70511,45.375736,90.99138,46.5709,70.68695,59.821762,79.00479,31.07458,77.04966,48.342796,56.87702,31.256035,36.73181,36.932312,38.324368,25.112795,37.437824,42.99753,30.16455,17.927385,31.601637
207,62.64336,33.59837,56.94086,34.191628,68.6514,33.728012,55.46486,26.676384,72.76975,24.512894,50.1996,70.42824,48.94188,60.19463,62.93619,65.83304,37.741875,68.272446,47.08722,43.579395,30.419077,37.353493,36.567,36.64351,24.8805,39.071022,36.390903,29.83517,20.734068,29.896965
208,65.24465,36.973427,59.419567,37.639347,70.386986,37.822212,55.451878,28.83711,76.434784,30.452126,47.092365,79.991455,47.080574,65.650314,58.4191,71.99692,35.36225,71.610504,47.893967,54.1748,30.225946,36.146965,35.768856,36.881165,24.789469,37.04982,39.60082,28.227278,18.07841,29.65704
209,65.57147,36.872185,58.53089,38.29529,72.92256,38.10046,57.603535,26.467916,79.02981,30.092422,48.600655,84.36134,48.24398,68.79063,63.316433,75.0299,31.598156,75.637344,48.85848,54.81686,28.363457,37.07977,35.515244,38.247467,20.904055,38.66537,36.283848,26.282309,14.384174,30.844315
210,63.829056,35.727894,58.272305,36.77255,70.905624,36.75072,56.38851,27.83949,76.08265,29.769835,48.372654,83.746605,48.092033,64.75065,60.97589,72.93787,34.290268,73.84615,47.912018,49.80727,28.900103,36.507694,34.985184,37.418983,22.385777,38.056877,38.047092,28.18941,17.37287,31.11493
211,63.95291,35.687744,59.108063,36.076015,69.80965,36.477444,54.181896,28.168764,77.305145,29.940466,48.60558,78.61563,48.294094,64.29861,60.927357,71.46954,36.118202,71.7625,47.674225,47.706158,30.422682,35.825405,35.38153,36.43199,24.823063,36.95311,39.300987,28.162642,17.726732,29.742409
212,68.50985,37.47493,61.377922,37.76274,75.40989,38.660873,59.321312,27.025562,81.609634,32.014786,48.399097,87.667015,48.571877,70.72951,63.961597,75.91639,32.593338,76.14826,49.136223,54.725792,28.601122,36.94397,35.816734,37.315117,22.008135,37.972355,37.669067,25.991558,15.970641,30.0025
213,65.93794,39.989162,59.64245,40.622597,72.95553,41.238518,58.468296,29.826778,80.771706,33.04732,45.91564,91.39167,46.281826,78.94501,58.44269,84.46965,32.563988,83.91663,47.129215,60.735447,28.24647,37.59239,34.965527,38.916527,21.804829,38.170654,37.76735,28.000175,15.862527,28.758738
214,64.88798,33.138184,58.373898,34.078003,72.32941,33.80695,53.682877,25.863268,79.02285,25.86511,46.122784,79.61094,45.453613,68.513535,62.763947,70.735344,30.155119,71.58593,43.350185,52.25261,25.990211,34.50471,32.59277,34.73331,19.853336,35.360607,35.86159,26.31003,12.870905,27.830854
215,64.742096,34.357834,57.961983,34.923393,70.7182,35.26107,56.63431,26.25301,77.81186,26.573631,47.343616,73.894455,46.402702,63.046947,63.018505,70.88817,31.544867,71.60271,45.647457,43.07745,28.655128,35.509052,35.08729,35.38506,23.00289,37.077763,35.883698,27.714231,15.157664,29.578247
216,66.44607,37.57012,60.16251,38.116283,72.04574,38.567814,59.44605,31.415218,76.63873,28.925709,46.345055,79.170845,46.81971,66.9283,59.134903,73.135185,33.371338,72.00977,47.420174,52.62639,29.346754,35.631668,35.4551,37.10286,23.788761,36.23041,37.18248,29.813452,20.459097,25.405235
217,68.78709,35.049114,61.645443,36.047707,75.6617,35.973236,59.611645,24.908133,82.07858,27.86298,50.664368,83.772484,50.405254,75.73523,65.73155,78.15204,34.30113,78.600655,50.24779,60.394413,26.927866,36.49121,34.68212,36.67587,20.516535,37.5917,37.315765,25.352072,12.568551,29.773586
218,64.90185,38.44779,58.887077,38.434452,71.945915,39.394264,54.225143,29.26987,78.42202,30.046736,47.183872,80.21399,46.963486,70.20936,61.521694,72.48806,35.628017,71.64189,44.97218,63.088184,29.421919,38.751553,36.0921,38.334137,23.197056,39.372757,37.881298,29.607952,16.156916,30.413074
219,68.3491,35.103466,61.923393,36.50299,74.344925,35.987095,57.29879,30.304823,79.97119,28.033964,51.83554,80.75449,51.49995,69.20257,67.59582,71.47613,32.941605,73.61211,52.443134,54.24018,29.305243,37.581802,35.18416,38.23081,22.734734,38.770393,38.802742,30.584902,15.860145,31.37317
220,67.37947,34.54818,60.77721,35.797844,73.66722,35.91206,57.48399,26.591513,81.83128,31.213947,48.52325,80.161766,48.389034,71.59509,63.06348,75.01998,35.27578,74.829544,47.53477,54.75655,30.332632,35.12283,36.803577,36.27424,24.258091,36.740406,39.84628,27.701797,15.945951,32.430115
221,66.88507,36.22017,59.707035,36.85437,72.44275,36.83876,56.47982,30.17866,79.57959,28.207504,47.642006,88.4282,47.19995,75.26474,59.305443,80.514824,37.138184,79.73578,46.154484,59.153088,29.22831,36.484505,35.614437,36.596027,23.383818,36.4261,36.49996,30.722591,15.237309,29.745142
222,65.422966,37.82528,59.287556,38.027946,72.36532,39.20428,54.78265,28.571636,78.886116,29.924114,47.31508,78.44838,47.10056,68.68043,62.071404,71.29182,35.036633,69.97729,45.270576,61.53211,29.793623,37.44039,36.364506,37.44576,23.68466,38.391216,38.424683,28.510077,16.688389,29.429188
223,68.15622,36.602757,61.458836,37.494602,74.71263,37.867283,58.052605,28.083725,81.87473,29.38302,48.32315,86.66342,48.287495,72.58029,62.85151,78.855995,34.3688,78.98253,48.306633,54.99026,28.376484,35.691036,34.940647,36.668415,20.847446,37.02527,35.410133,27.143852,13.499856,28.011108
224,66.03591,35.394653,60.385464,36.66888,71.70361,35.60241,58.59321,29.830914,77.21332,27.043242,47.1757,81.17222,47.182983,70.5251,60.959045,74.58284,32.8753,73.832306,48.496605,62.371452,31.422318,34.671215,36.916252,35.996357,25.96584,34.698723,40.137695,29.566452,19.416275,26.906483
225,65.01504,35.871075,59.409004,36.708324,71.9513,36.580368,54.66495,28.430122,79.25993,30.09453,47.97144,87.09421,48.49499,73.57151,58.59753,79.48082,36.2467,79.556816,49.613537,57.86604,28.964628,35.62492,35.869667,36.601326,22.779428,36.18499,42.966984,27.773115,15.496161,28.099281
226,66.81065,38.39645,61.30053,38.831306,73.04851,39.63708,56.635765,31.635035,80.53415,32.091583,46.03563,83.79351,46.612617,70.022705,60.470387,77.11357,32.86065,75.9248,47.159065,51.598274,31.021578,36.03638,36.305023,37.285015,24.898108,36.469746,40.169712,30.2107,18.711706,27.395168
227,64.991104,37.883533,57.886242,39.53207,72.60062,38.75244,54.119667,30.972952,80.05418,32.136467,47.31765,85.8605,47.284588,77.20392,63.599422,79.76441,31.253077,79.68583,46.559883,60.618336,30.667166,37.50299,37.65745,39.295597,23.416504,38.4148,40.814648,30.963257,15.970371,31.757215
228,63.705338,37.049984,58.21104,37.62386,70.107056,37.702625,52.603683,30.414825,77.169655,32.125175,47.225456,85.85855,47.19655,72.61065,57.48131,78.09438,36.29362,78.30154,47.703583,56.69179,29.5526,36.822,35.448788,37.615765,23.349232,37.500416,41.96891,29.814611,16.71923,31.095758
229,64.45598,36.488895,59.01753,37.382584,71.27379,36.723587,54.23792,30.594122,77.275604,31.038834,49.311153,84.52429,49.53811,73.28266,59.74582,77.55158,37.78613,78.17567,50.249306,58.25775,30.784697,36.59522,37.10258,37.531673,24.57192,37.115242,43.160156,29.982908,18.695295,30.15553
230,65.43808,33.364105,59.06421,33.677765,70.72227,34.55384,57.37303,25.377148,78.68277,26.289263,47.174496,76.474724,46.322834,58.88813,60.445656,70.40645,34.17794,70.626915,45.512283,39.504375,29.078495,34.475395,35.404026,34.08596,23.83682,36.182877,36.0434,26.487883,15.518591,28.974955
231,65.77864,34.814285,59.981667,35.845806,71.501144,34.553516,59.308933,29.638433,75.1357,27.686678,49.953766,79.85954,49.822083,70.40435,64.70451,71.048904,35.392216,71.60007,49.090637,57.38084,31.599241,36.74621,37.47212,37.249374,25.05757,37.296852,39.075356,31.042498,20.084602,32.71792
232,65.769936,35.368946,59.408604,35.98733,71.43995,35.761173,56.841427,28.349598,76.85547,27.690786,50.81713,84.26419,49.772633,72.21328,63.15584,76.35384,38.17091,77.50596,48.526566,54.618088,30.602486,37.814556,36.97617,37.54769,24.437864,38.908585,36.680943,30.245342,17.368454,33.18923
233,64.1663,37.37194,58.106697,38.843494,70.18869,37.83257,54.598,29.20062,78.733864,29.185083,48.594418,78.74008,48.210644,65.92513,66.531044,66.978836,31.165672,67.33697,46.766644,59.378582,32.10819,38.03825,37.78979,39.133667,26.492733,38.213184,39.913788,29.59605,17.335321,30.467638
234,64.65794,37.668682,59.07463,38.514343,70.89034,38.64629,53.668526,30.633839,77.71874,32.793575,48.162415,82.43524,48.002274,72.47071,62.22827,76.69815,33.54967,76.87332,47.94919,56.378563,30.598701,37.96871,36.48239,38.8537,24.606388,38.903366,41.79333,30.492477,18.286331,32.417507
235,64.15981,36.138454,59.415783,36.92907,69.663284,36.456566,55.40002,29.91925,75.90028,29.457384,49.028446,75.45057,49.06147,65.988625,61.808285,69.202484,35.78047,69.57897,49.424274,50.94358,32.452118,35.511593,37.064404,36.58576,27.09815,35.823257,40.569492,29.119572,21.461586,27.510983
236,67.67498,38.310562,61.376904,38.23994,74.69217,39.555767,56.9131,26.164583,81.03606,28.77609,47.68427,81.02567,47.48482,69.96517,62.802673,73.55102,35.410343,71.72362,45.603737,62.347755,30.196423,37.175034,36.758175,37.218887,23.651993,38.197327,39.930393,26.305515,17.418915,27.696138
237,67.437805,39.348904,60.924133,39.68697,73.56496,40.08387,61.126225,31.993793,78.351135,28.685957,46.72436,81.93156,47.296272,68.846344,60.29498,76.01379,32.47471,74.806984,48.308716,53.066685,28.902538,36.81145,35.58478,38.206173,22.703033,37.311962,37.2179,30.109438,19.754837,24.567474
238,66.616806,35.575485,60.473934,36.55078,72.56158,36.34706,58.54769,24.68498,78.62096,26.157665,49.51579,85.314445,49.006645,68.50871,63.7992,75.40896,34.283325,76.048874,48.41047,53.68499,27.663544,36.936275,33.704803,37.154312,21.69712,38.34787,36.93127,25.752502,15.089845,29.663975
239,64.61717,35.54125,58.400623,36.722126,70.76275,36.994366,54.474728,28.527267,78.80639,31.77208,47.018864,80.62909,46.734886,72.13746,60.925926,74.845566,33.596416,75.16362,45.88827,55.17027,29.053743,35.8331,35.297043,37.035873,23.356567,37.344276,38.22097,29.248745,15.214494,33.126198
240,63.10802,35.427284,57.92561,36.528324,69.23684,35.8432,54.290443,27.620903,75.05524,28.843113,49.563236,84.884476,49.658222,70.43733,60.48315,75.15983,35.597736,77.0224,51.558292,55.808643,29.8596,36.62243,36.186592,37.13686,24.577463,37.222904,42.0698,27.689629,17.080082,30.224812
241,65.65304,31.152086,59.580288,32.699963,71.50692,31.923021,57.19385,22.009558,78.091835,22.23938,50.6128,83.547386,49.29784,65.88785,61.853985,73.148,37.439133,74.71275,48.736473,49.85732,26.212488,34.484276,32.67338,34.480843,20.460466,36.307446,35.68036,23.757048,11.950717,29.404726
242,66.44726,36.283527,60.75964,37.083332,71.67243,37.51173,55.848377,28.544872,78.31959,29.892845,47.375874,80.03221,47.689995,66.24156,59.194626,72.62925,35.85069,71.700745,48.96449,53.731266,30.541195,35.237385,36.25364,35.986397,25.260221,36.178562,41.400158,27.967123,17.86821,28.739807
243,66.79879,36.20175,60.76973,36.99307,72.9116,36.868824,55.800983,30.789196,78.86414,28.465235,50.67094,83.01896,50.161995,70.84091,65.37987,74.2763,34.586994,75.811646,50.484894,55.379883,28.642342,37.41659,34.734642,37.796474,22.889608,38.28835,37.122524,30.568525,15.831403,30.472073
244,67.71918,38.671307,61.253807,39.630688,75.04861,39.9704,59.367752,29.980125,82.4962,32.196194,47.084026,93.553856,47.526855,81.576996,60.389896,86.06451,33.46271,86.124405,48.314487,62.30789,28.109282,36.860786,35.109566,38.320946,21.659573,37.601738,38.09288,28.25339,15.590556,28.326534
245,65.80592,36.95716,60.0229,37.894035,71.21391,37.4592,56.137325,33.414562,76.997894,31.702967,49.497967,81.09626,49.378983,69.02736,62.71904,72.4355,35.420715,72.87293,50.254154,55.691467,30.694042,37.033043,36.092033,37.783733,24.878115,37.536278,38.187157,32.644115,18.801214,31.666136
246,65.982445,38.187355,59.495667,39.298084,72.31745,39.744495,55.390915,29.344645,81.78022,34.34807,44.315395,90.99221,44.97491,75.43227,56.243965,83.29165,32.405693,82.189476,46.206482,60.51022,29.287247,35.50868,35.393463,37.44957,22.585773,35.851093,41.386776,27.741156,13.775382,29.099327
247,64.670746,35.4918,59.146465,36.535748,69.738525,35.94771,57.41945,29.057102,75.37226,28.006876,46.54952,82.53689,46.659737,70.08393,59.144623,75.050865,33.454662,74.80806,47.898342,59.626324,30.833515,34.727695,36.013317,35.898754,25.261606,35.33036,39.856052,28.871035,19.271816,27.991428
248,67.30248,35.762302,60.475548,36.761616,74.30012,37.3031,58.71096,27.636017,80.37078,30.870106,45.72464,80.34185,46.47962,65.28451,62.132587,72.953926,31.41498,71.37971,47.062366,50.5972,30.32922,34.229244,36.48048,35.68523,23.460855,35.341484,39.17819,27.019133,18.183142,28.117281
249,65.56999,39.265297,58.936337,40.297737,72.680725,40.91309,55.581566,30.237402,80.573685,34.928856,45.881634,84.66655,46.388615,74.83764,60.928486,79.742004,29.763958,77.956474,48.165344,59.60729,29.44461,36.69219,36.315506,38.704052,22.126211,37.50611,41.177696,28.462414,14.724778,30.205841
250,64.125984,34.13469,58.336582,35.098694,68.72593,35.091026,57.291492,27.412241,74.942245,28.633072,45.478867,76.14968,45.659325,64.00121,56.78324,68.957695,33.704056,68.261536,47.091198,52.78724,30.533243,33.163532,35.677723,34.413357,25.477858,34.088512,38.498074,27.059967,19.742592,28.2147
251,64.79985,37.07256,58.069313,37.451656,70.95348,38.235523,56.8748,27.289803,76.5306,31.314821,48.38396,78.122185,48.515575,67.16236,61.451866,71.2366,34.114338,71.55261,49.17422,51.40726,28.838135,36.31738,35.757114,36.756943,22.771303,37.329426,37.031338,25.951588,17.24224,29.588848
252,68.166306,36.466705,60.976097,37.10718,74.49493,37.318455,56.253902,28.056168,81.949936,29.411758,48.205437,83.30873,47.734425,72.09092,67.08207,73.78061,30.171999,74.30008,46.583843,60.226254,27.715658,36.17298,34.247276,36.759117,20.626133,36.818127,34.714664,27.58899,12.878264,28.40192
253,64.87951,38.022686,58.913727,39.27287,71.05581,38.834057,55.311806,29.16526,79.92452,30.82824,47.934032,88.25002,47.87119,70.757805,62.878384,77.18681,32.407894,77.23573,47.688763,57.931774,31.26805,37.77572,37.181805,39.161892,25.35919,38.40738,40.902634,29.256826,16.149693,30.34364
254,68.49794,36.444668,61.602024,37.90502,75.61568,37.055645,56.037262,29.077682,81.59967,27.968494,47.206944,87.49176,47.153664,75.85247,65.35731,79.63118,33.04944,79.0836,44.943413,63.06269,30.532969,37.134144,37.184887,38.0523,23.535677,37.79973,38.868732,30.084911,18.009066,29.149446
255,65.26937,38.89692,57.973713,40.954216,72.27813,40.406544,55.57057,31.881317,77.0143,32.33388,48.752964,83.01888,48.205788,71.64811,64.410164,78.44111,32.809135,79.536224,47.740738,52.525475,30.28028,40.214073,36.82721,41.524143,22.938711,42.27827,37.76764,32.20498,17.948341,34.24251
256,62.844933,36.91683,56.611507,37.890186,69.17958,36.80427,52.047287,29.079878,77.403725,27.041193,47.78508,79.29658,46.964085,68.76444,63.62164,69.661255,32.149506,70.3944,45.01976,59.39234,30.57734,37.659855,37.084286,38.176228,24.619081,37.59762,38.413902,29.71829,15.672271,28.63392
257,66.80322,36.79536,60.71057,37.740807,72.182945,37.722553,56.32609,32.64678,77.7616,31.034796,49.486797,81.01196,49.542183,68.099,63.181107,72.07585,35.010826,72.41242,50.848785,54.256306,30.813797,36.647976,36.23561,37.357414,24.946615,37.27598,38.67519,31.493807,18.996738,30.43365
258,67.539734,34.80307,60.86747,35.872715,74.29957,36.047337,59.21032,26.028784,80.78346,28.735437,48.879856,78.17336,48.765408,63.896248,64.46782,71.23193,32.370922,71.47264,49.330383,47.978947,29.229877,35.31653,35.89814,36.306747,23.049301,36.382416,38.754414,26.175974,16.558052,29.52132
259,67.27497,35.77671,59.96352,37.379112,74.340576,37.059536,59.036404,25.189857,80.42762,29.233881,49.720303,81.400475,49.619797,66.45956,67.772484,71.06281,30.167868,71.19427,50.083206,53.568012,29.837513,36.32309,36.83966,37.266586,22.466833,37.45676,38.03509,25.286955,15.595837,30.17894
260,67.27269,34.72182,61.20748,35.696026,72.96817,34.657707,60.141697,29.551523,76.80951,27.977041,50.49749,79.11434,50.472557,70.566864,65.498985,71.57433,35.579956,71.77157,49.86386,56.673996,32.428753,36.0572,38.358997,36.63317,25.840343,36.469067,40.338413,30.567905,21.11108,31.534227
261,65.956375,32.592503,60.444366,33.010025,72.748886,33.808685,57.15357,21.325668,79.88234,22.89449,46.743687,79.32314,46.576763,66.48203,61.053535,69.96327,32.273758,69.29576,45.645103,60.86511,26.57053,32.499756,32.67455,32.850704,20.634048,33.595512,36.060497,21.291471,13.510106,23.043663
262,65.40229,35.102116,58.46492,36.352783,72.25468,36.308273,57.61238,23.78858,78.635185,28.851698,48.060333,76.82412,47.79971,66.12136,64.30413,70.97973,30.937681,71.3153,47.846455,51.87995,28.571697,35.20114,35.44907,36.169785,21.425915,36.38775,36.277336,23.814978,14.759391,29.261227
263,66.92059,36.441807,60.101418,37.204582,73.08532,37.135204,56.98204,27.719862,78.69323,28.416365,48.55065,84.18876,48.046795,71.40041,62.806633,77.099686,33.522514,77.42722,47.85185,54.756256,27.93655,37.870716,34.64978,37.945236,20.91344,39.377586,36.032204,28.461632,13.952894,31.495829
264,67.25434,38.083675,58.473522,40.305317,76.32203,39.528763,56.45872,32.45661,81.074295,31.09209,47.90128,90.52,47.459393,80.68937,64.98549,83.841255,30.040632,84.417854,47.246555,60.08673,27.858648,38.919228,36.171635,40.59259,18.106869,40.856842,37.17046,32.840088,13.122873,32.769993
265,63.90374,38.361523,57.199276,39.205402,72.2165,38.94827,54.25715,30.690863,78.551674,29.021387,46.82129,86.28512,45.482117,68.95216,61.31804,78.65227,31.62687,81.257324,44.04273,50.025475,23.59001,41.616142,30.692356,41.048435,16.86637,42.860546,33.733444,32.43559,10.916664,34.215736
266,65.47773,36.07593,58.635323,37.684277,71.99661,37.317688,58.133198,27.084217,77.75287,30.47351,48.58286,79.644424,48.740112,66.787125,62.831776,72.06902,33.461853,71.79762,49.064377,54.045937,31.224285,35.736443,38.100864,37.06967,24.407251,36.853817,39.344574,27.105074,18.155493,30.019878
267,64.22543,39.754406,58.0199,40.365246,70.82963,41.08354,56.21671,29.418577,78.64072,33.139793,43.56994,88.26186,44.128582,76.5661,55.735764,82.22716,31.288847,80.94883,45.175423,58.94156,27.946383,36.588062,34.36657,38.029434,21.696022,36.77686,37.4642,27.087496,15.770519,27.530722
268,65.31761,38.31963,59.990376,38.498707,71.55065,39.209217,56.64194,30.374582,79.27583,31.137033,46.90846,87.45211,47.532482,68.997665,60.183304,76.82094,33.22199,76.472984,48.53283,51.515347,29.376945,36.48211,34.9295,37.269478,22.995567,37.024284,37.895824,28.928635,15.479094,27.777527
269,64.42119,37.04495,57.927597,37.724247,71.88562,37.36706,54.66324,29.795017,78.75247,27.669062,47.974728,83.272606,46.698402,67.44257,62.138935,76.03981,33.399555,78.473885,44.691696,50.18574,24.959772,39.913036,31.55583,39.3102,18.523956,40.812572,34.335484,31.141586,11.575392,32.323093
270,66.61655,38.293873,58.49529,39.030865,74.88994,39.032585,55.395153,32.1513,81.50427,30.238903,45.701027,87.19589,45.32228,80.605675,62.550095,81.169266,28.500832,81.46463,44.511425,63.388336,22.965988,39.22006,31.318043,39.85234,15.087085,39.775345,35.05111,32.396233,8.452293,30.446423
271,66.09708,33.42736,59.62439,34.468132,72.34545,33.75515,55.150803,25.770594,78.21259,24.560238,46.870487,80.7545,46.301834,69.82548,62.834526,73.824524,31.242125,74.178635,46.06362,55.499466,29.105562,34.197468,35.214664,34.93181,22.119919,34.975887,39.21272,26.305737,16.061674,27.062943
272,65.941925,39.646088,59.7522,40.232513,72.43745,41.465405,58.47001,34.081387,78.47179,35.031536,42.880356,84.1697,44.319576,69.50076,59.25878,73.896866,24.803736,70.57449,48.66149,58.351883,27.743149,35.62066,34.23479,37.23291,21.011637,35.848133,38.85965,30.504826,16.565147,27.606133
273,67.82627,39.763206,60.13662,40.257828,75.48178,41.094704,55.753975,30.892723,81.8721,32.508476,46.67019,83.17333,46.096523,72.61945,63.596336,78.44725,32.23081,78.2903,44.96337,52.658047,29.661718,39.651028,37.02278,39.98815,22.681725,41.14255,37.141407,30.872267,17.020805,31.884027
274,64.39978,35.497013,58.264893,37.127823,70.767845,35.81379,53.895874,28.641584,78.715195,27.091398,48.803795,80.593925,48.199234,69.71981,63.81492,71.8115,34.095844,72.67895,46.734074,58.54425,31.69317,36.150696,37.915207,37.663467,25.618769,36.6271,40.112583,29.18935,16.497765,28.649052
275,66.12283,38.621677,59.281334,38.842514,72.83791,39.93563,57.149693,29.403542,79.03715,33.39659,46.521053,85.482994,46.63956,70.51006,61.2483,75.64258,31.365328,75.11837,47.03538,54.804703,28.729177,37.3284,35.62982,37.83496,21.842918,38.39544,37.02597,27.976664,16.270018,30.80175
276,65.94458,39.502266,59.705532,40.306667,73.04675,40.977917,57.37417,30.758848,80.836624,33.441708,45.98339,93.190575,46.055042,80.79495,58.444256,85.82074,32.105396,85.75543,46.444195,61.601425,27.385422,37.262497,34.137077,38.730984,21.426548,37.852074,37.382225,28.729252,15.131657,29.049082
277,66.71214,38.26181,59.630516,38.588913,73.639366,39.48107,57.131573,29.091684,79.801926,32.67935,46.79464,89.56356,46.735725,72.23262,61.867607,76.82642,31.27658,76.96587,47.0578,56.99743,27.344334,37.665558,34.419884,38.12319,20.363987,38.823017,35.6552,27.950394,14.599048,31.04783
278,69.365776,33.177692,63.213917,34.51762,75.72139,34.29688,60.408184,23.048544,82.020676,24.977625,52.205757,83.6289,51.36531,67.23869,66.80191,74.77919,37.690796,74.71042,50.904366,51.016632,29.549217,35.48693,36.498577,35.714897,24.160797,37.03538,39.547077,25.607582,16.208723,30.471008
279,67.9946,37.052746,60.27194,36.553566,76.0692,37.905823,55.884495,28.843378,83.28658,29.012283,46.035583,87.79829,46.352333,77.113014,64.21051,78.96026,28.84572,78.69881,46.115475,56.721836,26.226013,36.411953,33.711807,36.206383,18.485258,36.720325,38.368664,28.465412,11.698176,27.874874
280,65.18203,39.648273,58.408253,40.20412,72.275856,40.85878,56.160004,27.860994,79.424416,32.519394,46.65754,86.8942,46.524128,76.752914,61.16231,82.09532,30.6931,82.09657,46.887833,57.26604,27.073364,38.258087,34.069187,39.14001,20.274563,39.025276,36.183563,26.088367,14.118102,29.721601
281,69.23184,36.740242,62.80123,36.53976,75.01858,38.678734,61.419655,26.343536,81.56632,28.029175,45.54235,80.53976,46.886024,64.45124,59.526867,75.049866,32.386395,71.766174,48.959385,46.998253,30.772287,32.61409,37.448112,33.97981,24.472727,33.133316,40.4817,24.041327,19.862637,21.247047
282,65.92668,38.263397,60.56659,39.106865,71.65998,38.419613,55.17325,31.036783,77.16134,29.407713,47.952396,88.65599,47.79935,72.36481,63.878532,78.084854,32.879284,77.85143,47.35566,62.595478,29.853916,38.442974,35.242554,39.02372,24.203405,38.87446,39.702534,31.193563,17.429968,30.26361
283,63.43371,34.969536,58.04657,35.76633,68.06652,35.866997,57.224167,28.834211,73.99765,29.820337,44.884777,74.89962,45.34866,64.00217,55.32241,68.684586,33.883503,67.6209,47.382633,52.62473,30.685064,33.152107,35.9578,34.449894,25.83886,33.887497,39.43325,28.064775,20.60656,28.0675
284,65.28521,36.33546,59.74197,37.563267,70.899185,36.533127,55.95184,29.38853,76.922615,27.449064,49.16924,83.19472,48.533894,71.06102,63.019245,75.90689,36.59051,76.53266,46.80437,59.947598,31.25846,37.852913,36.975555,38.52851,25.969404,38.47017,38.977104,30.702557,19.37028,30.59075
285,66.75875,36.09703,59.608982,36.48204,74.79766,36.614803,54.832176,28.935923,81.702774,27.711987,47.464973,88.17521,46.67832,73.95014,65.27225,76.26258,29.710546,77.173584,44.921646,55.32995,25.471613,37.61853,32.858154,37.613003,18.206474,38.533913,36.73219,29.609985,10.438411,30.224993
286,67.64292,36.16741,61.597496,36.93796,74.229774,37.099434,57.285374,29.655766,80.645134,30.40691,51.15654,81.51119,51.216087,68.32348,64.63347,74.11158,38.314785,74.48879,51.11383,51.203743,31.94362,36.113483,38.036415,36.866493,26.014448,36.714397,40.963757,29.366556,19.92493,29.369427
287,65.646965,36.215267,58.803627,37.666897,72.44493,37.67116,58.470764,26.016413,77.8151,30.59155,49.298695,81.56207,49.503746,65.43644,63.99278,72.21456,32.91281,72.08615,49.921906,52.706127,30.672997,36.19467,37.696415,37.191364,23.685535,37.47524,38.530865,26.05214,17.565731,30.455353
288,66.31194,37.41778,60.148247,38.240467,71.89987,38.11156,55.88552,28.937052,77.66491,29.42654,47.799103,84.188286,47.663544,68.98978,59.24866,75.48633,35.948414,75.14994,48.56699,56.74352,29.62386,37.20491,35.46878,37.798935,23.610273,38.224533,39.163006,28.78947,16.390451,30.025148
289,67.49208,32.985794,61.22514,34.479836,73.30668,33.32101,54.78362,29.515558,79.175156,25.73738,54.07563,80.632416,52.85112,69.03813,67.97498,71.55422,38.15033,74.56461,51.878674,53.97054,29.1338,36.72511,34.89901,36.884403,23.224855,38.07367,36.796326,30.468554,15.832248,31.890444
290,65.05487,39.12465,58.880962,38.822456,71.97267,40.645786,55.526833,30.219877,78.830925,32.133247,45.332508,74.4315,45.517124,69.8195,59.90815,71.00165,32.887062,67.97592,44.5846,63.47784,30.247517,37.104927,36.870117,37.295025,24.048021,37.082584,39.49202,29.328987,17.485033,28.13463
291,64.75736,38.05375,58.40321,39.835827,71.39637,39.041603,56.25887,31.705286,74.90371,30.904198,49.48802,81.25664,48.74961,73.12835,64.08093,77.059364,34.678402,77.66192,48.582394,55.234844,31.772432,39.547688,38.439205,40.43804,25.078188,40.911148,38.604298,32.399025,20.861294,33.379498
292,66.88478,37.360817,60.3574,37.803425,73.048836,38.138004,59.89592,29.60185,76.94451,27.24664,48.25401,79.70929,48.709747,66.523544,61.729435,73.179565,33.143803,72.99141,50.08944,51.119705,28.938808,36.218445,35.629856,37.060223,22.820742,36.732452,37.343163,28.14959,19.17401,24.849527
293,64.29822,38.260487,58.045124,38.725063,71.51703,38.570812,55.252476,30.851494,77.64825,29.787218,48.33169,81.01696,46.849327,69.34211,63.888947,75.58832,32.199993,77.98619,45.323086,50.882538,26.570595,41.04391,32.879406,40.63194,20.336159,42.095684,35.254375,32.661366,13.550907,34.557228
294,66.20886,30.366436,57.397022,32.642918,75.55137,29.964493,52.096645,24.424099,78.89996,18.27362,50.588696,80.033424,49.07091,72.07122,65.21172,74.42254,36.188484,77.23569,45.99376,56.377518,28.10095,34.885624,36.352436,35.432354,18.30897,36.54561,36.959305,26.48874,13.091257,25.757034
295,64.455086,36.706074,56.106453,38.312393,73.94149,37.41837,51.90088,29.262238,81.020195,28.219027,46.781937,84.93434,46.301052,75.59834,61.779625,79.44687,31.91,79.806366,45.553265,60.85642,27.78276,37.22248,36.14044,38.581287,18.415821,38.298054,38.79605,29.615704,11.884944,29.693611
296,65.77282,37.277992,58.94212,38.159164,72.20743,38.229034,54.868896,29.51873,79.22163,30.209846,49.996265,79.580025,49.37664,74.055374,64.058525,76.81992,34.215805,77.68519,49.396988,58.954285,29.102266,37.489346,35.7496,38.269524,22.170702,38.705338,38.73085,29.377056,15.411911,31.219841
297,66.368,35.74788,58.489605,35.879894,74.47178,36.466373,54.58244,26.811235,80.857735,30.279425,48.395367,79.22834,48.092426,73.04049,66.643234,74.373566,29.004032,74.4906,48.27217,60.560635,28.425383,35.9011,35.88237,35.818077,19.999163,36.64112,38.806583,26.358637,13.125303,30.533909
298,67.27931,40.919903,59.103043,42.201588,75.914894,41.96285,52.27629,33.559666,83.24061,33.539917,49.667057,89.44019,48.792942,78.57011,70.29618,79.13704,28.31784,82.38767,47.714607,64.12367,26.265726,44.23708,34.940613,44.183918,18.092573,46.58029,38.892124,34.815105,9.1448145,39.51988
299,65.50728,36.379547,58.01755,36.899597,72.430786,35.97202,54.305466,27.994413,77.85783,27.94518,49.971687,76.683495,49.84356,72.8836,68.23212,69.95913,31.578163,72.92907,49.104557,63.988243,28.532454,39.834343,35.75388,39.17877,20.966211,40.6413,36.66517,29.777971,14.246211,33.871426
300,66.47085,35.7814,57.82127,36.977707,75.83228,36.906906,55.69732,29.90139,82.96701,28.205925,45.328976,85.15002,45.792255,76.026955,60.553616,79.211334,29.620989,77.87002,48.033363,60.3259,28.052402,34.099827,36.863674,35.86034,18.4749,34.48709,40.945717,29.115316,11.36726,25.452175
301,65.21731,35.60458,57.028915,36.201527,73.73081,36.074284,52.570377,29.552553,80.29503,29.20154,48.02279,79.70656,47.851387,75.49532,64.21275,76.917786,31.402693,78.27856,47.257862,57.027416,27.669085,36.050674,35.453365,36.723724,18.539564,37.507713,39.26681,29.885067,12.659983,31.047054
302,64.45079,39.8492,57.180027,39.978107,73.41109,41.111465,53.52928,33.049736,79.77517,36.92603,45.46415,83.42806,46.13722,73.33314,62.65136,76.31352,28.225626,74.44602,47.983006,60.058132,29.783655,37.896626,38.03133,38.7989,20.978334,38.6432,42.210533,31.932379,15.059156,33.590385
303,65.96692,35.74149,58.590343,37.368916,73.59043,36.4234,55.430645,26.404203,80.19177,27.2508,48.82758,79.77769,48.211445,72.43304,63.071793,75.64923,33.17751,76.75677,48.15755,57.864132,29.106424,36.952473,36.512867,38.327442,21.274864,38.13725,38.746773,26.550459,14.073268,29.274311
304,66.187386,37.174335,57.926327,37.79702,75.2739,38.57322,55.810673,29.123314,81.81669,33.240757,45.38376,82.47124,45.920425,74.29655,61.812645,79.15326,29.110008,77.70358,46.916794,57.457924,28.644384,35.499977,37.084198,36.807842,19.63067,36.323265,40.683605,28.064865,13.784003,29.871616
305,64.964066,36.388565,57.288662,37.17312,73.33377,37.118637,53.13239,30.2271,80.74953,31.332512,47.4966,83.51318,47.28926,74.12605,63.252235,76.42955,29.672565,77.495224,48.20057,58.750065,25.39957,37.061756,33.652943,37.701775,16.677727,38.658768,38.454655,30.246336,9.3678,33.458366
306,66.330025,35.52234,57.60546,36.792435,75.29389,35.982597,54.758842,28.081898,81.40558,28.57246,49.19472,82.955246,48.923878,75.307884,64.82882,77.86495,33.71338,78.29057,48.237553,59.761658,30.124594,36.630447,38.378582,37.17211,20.425203,37.981907,40.11751,28.538036,13.48063,31.184187
307,66.01902,37.728275,57.871475,38.269672,75.12036,39.145973,54.248318,29.244642,81.802704,33.541306,47.500492,81.580475,47.143047,71.86826,63.357098,77.704,30.078804,77.989815,47.516953,54.112213,26.691427,37.93811,34.830025,38.600456,17.80469,39.615696,39.703064,29.015354,11.759164,33.92709
308,66.313995,35.867214,57.911182,37.82041,75.64148,36.967373,56.404152,31.681324,82.014534,29.21517,47.810875,83.779816,48.252644,78.85695,63.148006,79.0128,30.659916,79.08508,51.413948,61.988766,27.348515,36.02328,36.551186,37.876823,17.87442,37.139572,40.459904,31.351625,10.864117,30.112556
309,64.2363,36.372604,56.198746,38.43956,74.308586,36.91619,55.688442,30.211323,80.27111,28.414911,47.09814,80.64513,47.38186,75.075424,62.092068,75.12101,31.730478,74.79535,48.103962,61.573936,29.103035,35.489258,37.970753,37.87583,19.584864,35.88031,39.75879,29.514454,14.378522,26.49868
310,65.60884,35.277206,58.03295,37.051464,73.22694,35.77784,53.238537,27.585516,80.814644,29.211012,49.789177,83.886955,48.78497,75.02389,64.638214,77.85312,34.17062,79.48514,46.97472,60.632767,28.741352,37.352135,35.659718,38.2947,20.628378,39.169567,39.13671,28.339792,12.889451,33.79848
311,67.9868,37.952984,60.205956,38.258083,76.04072,39.070923,55.895676,26.875269,84.5716,28.947224,48.077915,88.14365,48.172607,77.63713,66.89533,81.65589,28.80295,81.48392,49.196228,60.692505,28.556564,36.897995,36.415432,37.625767,19.709377,37.646,40.94524,26.539349,11.383727,28.006376
312,65.4998,37.052822,57.06243,38.609776,74.76595,38.19237,56.115044,31.628716,81.03001,30.508318,46.79258,82.39615,47.164497,76.096466,62.047836,77.31408,30.381777,76.69353,49.450233,60.364605,28.918707,36.35775,37.532204,38.174854,19.48595,36.95662,40.405945,30.930601,13.140141,29.310314
313,67.496216,37.9482,59.295464,38.05369,76.22645,38.590935,55.969696,24.818127,83.18227,29.10346,48.500546,86.741776,48.28256,71.409744,68.7726,76.511246,27.228992,76.26362,48.367542,57.590767,29.035376,38.00545,37.105602,38.288326,20.213266,38.87065,40.13843,24.99813,12.917077,30.182718
314,65.00106,37.316513,57.938553,37.9624,72.348045,38.674133,53.895794,30.852346,80.149635,31.695477,45.539295,84.93241,45.837048,74.601494,58.904045,78.81801,30.848501,77.7159,48.01718,59.214474,27.9161,35.3796,35.21964,36.677452,20.176846,36.067966,41.18814,29.92403,12.481431,28.95157
315,66.33845,38.970818,58.589916,39.050755,75.38704,39.91493,56.44059,29.531118,82.41253,32.855835,46.913147,85.384964,47.12422,73.087685,65.72291,76.34769,27.813824,75.20221,47.477764,59.46763,29.391066,37.307842,37.62774,38.203712,20.794443,37.548126,40.615383,28.509413,14.418013,29.881113
316,65.72324,36.7151,57.920597,37.047455,74.05146,36.63802,53.376396,27.633026,80.27635,28.177786,49.807106,84.662476,48.844215,70.06862,69.82958,71.3512,28.19343,73.54608,48.0089,56.893383,27.558388,38.89336,35.749805,38.48423,19.563541,39.78974,38.274055,28.516329,12.164091,32.471546
317,66.49365,32.676193,58.076283,34.587196,75.52995,33.38623,53.192574,27.580307,82.23557,27.95341,50.646194,82.22242,49.68595,73.23582,66.3289,75.95963,33.74306,78.66118,48.467796,56.113308,27.105225,36.183765,35.36039,36.667828,17.919527,38.587746,39.216927,28.992987,10.360011,34.66494
318,65.979065,36.444405,58.642506,37.024563,73.73658,38.01815,55.820824,27.99841,82.69904,33.43983,44.442883,82.84236,44.845085,73.25098,59.625294,78.322464,28.475426,76.9523,46.470894,57.4977,28.032938,34.59757,35.751614,35.916836,20.170706,35.417957,41.76265,27.076872,12.786123,30.36143
319,66.95535,38.456406,59.47302,38.97231,74.63416,40.318848,55.718014,28.825756,82.63672,34.580933,46.21734,83.785095,46.26295,72.858154,61.022884,79.66213,30.413658,77.943535,46.920113,57.765736,28.565596,36.837925,35.849613,37.861713,20.430021,38.144173,42.299263,28.024776,13.945881,32.89054
320,65.583374,39.38114,57.861736,39.86478,74.94675,41.173573,53.94566,33.124126,81.15873,37.145023,47.66748,82.960434,48.14853,75.664894,62.300877,80.14736,32.07199,78.64888,49.57129,59.677002,29.858576,37.792866,38.495186,38.85392,20.750893,38.96903,43.97286,32.095863,14.951189,34.065434
321,65.54373,37.0489,58.59176,38.051872,72.82289,37.919357,54.612762,27.01135,80.55145,31.346727,48.783417,79.62783,48.226547,73.04646,63.737343,76.90099,32.538925,77.35815,47.851757,58.675846,29.27485,37.66306,36.324154,38.44828,21.914019,38.83373,39.86125,26.906265,14.439732,32.643074
322,65.25989,34.356693,57.591778,35.33667,73.59579,34.43774,53.918633,25.917955,79.29406,25.217695,49.626526,79.22664,49.028324,70.981705,63.677647,74.74195,34.42974,75.85577,48.741917,55.38946,29.206047,36.534237,37.226078,36.686954,21.001799,37.24574,40.69228,26.814537,14.102537,28.294468
323,65.480354,36.49839,57.031654,38.07373,73.91587,37.274643,54.2024,27.489754,80.97429,28.5034,47.74576,82.39738,47.41303,74.357025,63.124992,78.41205,33.35659,79.0406,46.21814,58.703945,30.077896,37.437996,38.21151,38.368404,21.423788,38.300007,38.860943,27.949947,14.622546,29.64383
324,65.86748,39.266075,58.23361,39.801727,74.949265,41.10448,54.421745,32.720673,81.477165,37.372063,46.843178,82.88533,47.45604,75.56173,61.682796,80.04879,31.506392,77.9737,49.140133,60.192917,30.376753,37.368492,38.913055,38.535515,21.352211,38.388115,43.824947,31.624548,15.098167,33.487965
325,65.045654,34.907597,56.67542,35.881596,73.569855,35.442314,52.1947,27.147501,80.22591,28.138264,49.383484,80.577415,48.729355,71.49199,65.36764,75.064384,32.237377,77.09673,47.757343,56.450912,28.465158,37.347553,36.561512,37.491795,19.078465,38.945766,39.96787,28.247835,11.48658,32.210327
326,65.80395,36.26901,58.893578,37.5314,73.303474,37.39174,53.404408,28.068241,81.723465,31.900341,49.228313,82.12129,48.597313,73.50395,63.712673,77.928,34.758396,78.30845,47.099277,58.89059,29.50172,37.34227,36.71452,38.084187,22.77836,38.5646,41.016537,28.482105,14.730221,33.556015
327,64.69944,37.856026,56.632793,38.394943,73.72257,38.96624,54.934227,28.697588,80.52452,31.133818,46.281303,77.40793,46.514587,69.07963,61.95772,71.663345,30.961313,71.11919,47.168526,56.288242,29.034979,37.46371,37.321373,38.18903,20.155182,38.116936,39.063087,28.196646,14.106059,29.441387
328,63.668392,35.940605,56.264587,37.068474,71.72335,36.378925,51.732838,30.15475,77.366,29.547651,48.30871,78.17424,47.80213,71.32779,62.293518,74.134926,33.953075,75.576996,47.015785,57.25362,29.645796,37.620422,37.32601,38.017517,21.753197,38.81135,40.011326,30.950535,14.7953825,32.39714
329,66.08446,33.92641,57.559696,35.316795,75.26087,34.02848,54.001217,28.872028,81.81606,26.99499,48.222977,83.56065,48.022816,75.84237,63.856125,76.63881,32.51628,77.90569,47.574688,60.835907,28.672358,35.254307,37.235367,35.906002,19.714642,36.382534,40.632355,29.200573,12.617952,29.860882
330,72.89318,41.47065,64.077866,42.829212,81.22856,42.86663,58.035175,33.829853,86.788475,34.8511,52.97941,91.14056,52.603725,84.04028,70.37191,88.619385,34.860043,89.239296,52.54995,65.20667,31.564178,42.725624,40.17081,43.515434,22.389614,44.4047,45.88464,34.560345,15.350093,37.84732
331,66.2903,34.004623,57.892006,33.89078,74.31314,34.24934,57.36332,23.137518,79.99755,26.693878,46.122364,74.2187,45.88148,71.251495,66.29653,68.70589,26.780315,66.8638,46.39591,63.07875,26.182903,33.135807,34.87593,32.992138,17.712448,33.083923,37.3476,23.118998,12.907574,25.484873
332,68.57327,36.160114,60.583214,36.742546,77.16773,35.782978,56.872658,30.367697,84.936424,25.605824,49.960476,85.92976,49.40179,74.431,68.84704,72.76549,31.746973,73.52743,46.928,63.95885,29.446747,36.514095,37.63601,36.88395,22.052668,35.84567,39.310547,30.611635,13.788537,25.697931
333,67.94686,37.75295,59.97945,38.10267,76.00815,37.654102,54.889637,29.35324,83.60616,29.22593,50.667015,86.67805,50.195763,77.75811,70.82289,76.06796,30.743574,78.340775,48.75286,63.776722,28.456678,39.457676,36.35263,39.28127,20.507595,40.357697,38.702244,30.137373,12.533534,32.929173
334,65.18861,38.46432,57.545765,39.224735,72.896286,40.132103,57.450222,28.886234,79.04666,32.566483,45.453396,78.04651,46.07441,71.536766,59.310528,76.60116,30.294086,74.35723,47.93936,57.17788,30.158295,35.198776,37.968254,37.34575,22.518526,35.17562,41.271545,26.731886,17.662205,26.154879
335,66.55631,36.343636,58.012676,37.76689,75.781364,36.530468,55.77757,31.412027,81.72609,29.490093,47.70976,84.30865,47.857365,77.51064,64.96901,77.08039,31.161098,77.533005,47.588165,63.466103,29.295456,36.6532,37.758873,37.87432,19.917532,37.310482,38.88256,31.446041,13.901379,29.562725
336,65.24342,36.11047,57.101864,37.885357,74.114,36.338066,54.723717,31.71422,80.02938,29.694635,48.61038,81.41011,48.52922,75.650276,65.17975,74.793335,31.431765,75.951324,48.340534,61.836803,29.077133,37.511337,37.231396,38.55977,20.08298,38.455097,38.263245,32.10669,13.422516,31.710089
337,66.08343,35.499,59.114983,36.867847,73.86894,36.580853,55.749218,26.976841,81.18233,29.21736,49.129356,79.5936,48.61002,70.68146,63.226433,74.47991,33.695877,74.95889,48.504864,57.146854,29.572208,35.81761,37.021156,37.152527,22.00708,37.070885,40.639233,26.961449,15.094709,29.613255
338,65.65441,34.53714,56.835075,36.700577,75.01928,34.2819,52.37117,30.169613,80.58301,26.73147,50.943203,86.401695,49.919548,78.40921,66.52918,78.30192,34.94182,80.94328,47.41068,63.37658,29.042578,37.648014,37.301186,38.3467,19.125893,39.480904,39.02129,31.538536,12.501415,33.366455
339,66.007996,36.864304,58.41106,37.261837,73.86204,36.82625,53.23467,29.11198,80.31909,28.000708,49.46351,82.921394,49.150333,76.56718,66.18865,77.25839,33.145218,79.074974,47.8656,59.8782,29.567553,38.401897,37.24247,38.088806,21.538568,39.309273,39.395615,29.520792,14.313809,31.161783
340,64.91722,37.347565,56.7816,38.20974,74.094154,38.26402,54.486828,31.129854,80.38326,32.466442,48.0347,79.817726,47.810738,71.862785,63.013683,74.72312,32.626514,74.54453,47.79565,58.040565,29.986326,37.065826,38.206802,38.137604,20.718943,38.260883,40.23658,30.63949,14.966179,31.937122
341,64.89591,39.922516,57.47348,40.071774,72.923386,41.443874,53.28223,32.848698,80.599686,38.556015,45.65523,84.35693,45.77286,76.636185,60.027893,81.08092,28.82587,79.41626,47.29534,63.354923,27.488192,38.086273,35.518654,39.06827,19.024834,39.23984,42.147797,31.652287,12.145809,35.241737
342,65.95596,36.7277,57.19444,38.203087,75.17408,37.85068,52.70627,29.054087,82.84792,31.004324,47.72463,84.837425,47.116085,76.67299,63.80414,80.366745,31.683617,80.767975,45.94904,59.716125,27.696789,37.894203,36.307587,38.70989,18.79172,39.289646,39.821724,29.78254,11.631114,32.97142
343,64.98543,31.553772,57.200737,33.225254,72.93665,30.639925,54.32799,25.128254,79.263084,17.293486,51.219734,81.61067,50.15648,72.76807,64.24413,74.10279,36.25982,76.68096,48.750523,57.979996,27.945557,35.060158,35.707443,34.974674,19.760624,35.80301,36.995995,26.613255,11.25241,25.119389
344,66.80272,36.607548,58.43137,37.791283,75.2776,37.705276,57.11227,28.491316,81.20466,29.105734,47.502525,80.32029,47.459297,74.750465,61.66481,78.06256,31.866182,77.23354,49.259148,57.500427,29.027073,35.81429,37.5171,37.543785,20.19756,36.59698,41.41401,28.028778,13.919456,27.791304
345,63.4999,35.25413,56.333298,36.4418,70.83709,35.786514,52.038834,28.075502,78.586624,29.74068,47.477024,76.58379,46.71416,67.32475,60.771122,71.13268,34.62156,73.06732,45.588028,54.00564,29.014215,37.57752,35.671154,37.6805,21.449402,39.385777,38.30301,29.381897,13.835945,34.409317
346,66.10064,35.647373,58.825687,37.412495,73.41752,36.62676,54.470173,25.914177,81.49794,29.256243,49.783867,82.04114,49.093723,73.2075,64.979706,77.54909,33.47129,79.138535,48.3618,57.928684,29.869686,36.81141,37.154827,37.983135,22.369871,38.054134,40.038826,25.98092,14.37889,30.85789
347,65.73244,38.83515,57.391197,39.735943,75.07998,39.326973,54.07768,29.913902,82.43407,31.591616,48.6648,90.12446,47.82984,75.10682,67.97684,76.660576,28.60567,77.4255,46.68722,61.16529,29.159212,39.354824,37.5662,39.926395,20.295135,40.43408,39.25452,30.43778,12.889768,33.52121
348,64.548416,38.115364,57.062054,38.97699,72.765816,39.473583,54.455093,28.777143,80.753815,32.287632,47.38636,76.77804,47.305862,68.78303,62.647793,71.96074,30.7757,71.873665,47.787502,57.146923,28.481314,37.86981,36.113052,38.737667,20.678318,38.59555,39.01424,28.199366,13.149485,30.947443
349,67.4517,35.94709,60.188736,36.59856,74.541115,36.666637,54.434807,28.292402,82.73596,27.6832,49.567932,84.123505,49.221,76.90166,65.457214,79.00838,33.48366,79.774826,48.44301,62.289295,29.224955,36.89844,36.116528,37.193245,21.63803,37.929874,40.41208,28.771915,14.070275,30.26978
350,66.422165,39.373184,58.100998,40.364178,75.4456,40.415985,52.711792,30.04163,83.05745,31.087149,48.464626,88.43409,48.232605,80.140854,64.870384,83.58694,32.570908,85.501724,47.522083,64.193985,26.156368,42.038136,35.2988,41.720787,17.038183,44.31711,39.588955,31.264793,8.734256,35.90444
351,64.61276,38.37496,56.32609,39.432762,72.8813,38.76918,51.55369,30.15208,80.106575,30.121851,47.844337,86.97309,47.60354,78.60237,66.425835,78.660515,28.99255,82.20174,46.47895,63.658195,25.776724,42.35484,34.61304,41.340397,17.245712,44.399292,37.72996,31.878279,8.17594,37.524086
352,65.05803,35.01276,57.536907,35.954254,73.1255,36.213036,55.66005,29.147318,79.79929,30.194435,46.643456,78.775024,47.151905,70.1245,61.352592,73.580444,31.315176,72.58689,48.55269,56.77286,30.096567,33.98463,38.123215,34.925526,22.209185,34.5441,41.613815,28.467918,15.245939,28.475567
353,64.03716,34.83129,57.057358,35.688557,71.23204,35.459133,52.412727,26.928421,78.48449,28.326246,48.59224,78.84071,48.12524,68.93826,62.210663,73.49784,33.854183,75.13513,47.392376,55.38955,28.49994,37.109688,35.454166,37.20188,20.815754,38.63228,39.394382,28.041899,12.761762,32.25825
354,69.99597,40.727673,61.68459,42.16694,78.1497,41.422203,57.553192,32.88986,85.424904,34.035503,51.900246,89.65501,51.96969,78.97073,71.537766,80.68006,30.879852,82.342834,52.188435,65.567375,31.586163,42.247402,39.800137,42.808834,23.166338,43.313206,44.47888,33.758217,14.378107,37.620804
355,64.80837,37.274025,57.023396,37.681423,73.726036,37.045082,52.89987,27.944286,80.125755,28.26571,50.286762,89.16297,48.89974,73.05136,71.16381,73.62145,27.74824,76.37085,47.696247,58.620934,27.637033,39.699425,35.780678,39.292522,19.085167,40.772438,38.201836,29.064444,10.882471,33.40564
356,66.0049,36.88099,57.718792,38.66634,75.33688,36.992687,55.75493,31.540655,81.7085,29.807554,48.46007,88.36417,48.168625,74.52503,71.43591,70.93287,25.322105,71.91056,48.170334,63.167294,28.491016,38.191246,36.80076,39.186596,19.38957,38.65255,37.627075,31.987116,12.574195,31.782936
357,68.15397,36.61739,59.98368,36.924885,76.18307,36.736378,55.35632,28.89677,82.69674,27.279194,49.868057,83.23435,49.66767,79.31102,66.92968,79.564926,32.44534,80.93265,49.44668,62.22813,29.153576,37.718693,37.31346,37.563023,20.605928,38.635815,40.030197,29.054806,13.732269,29.73424
358,65.260155,38.043636,57.22202,38.155113,73.99714,39.140182,54.716213,28.00798,79.88492,32.00447,46.589306,80.71501,46.538284,71.56475,63.60104,75.29229,29.317308,74.205635,46.689266,56.49099,29.07895,37.237183,37.244617,37.632202,20.264301,37.97508,39.560364,27.491232,15.0016775,30.632402
359,65.681526,38.26853,58.455345,39.09379,73.686386,39.30825,54.41467,30.763062,80.3662,33.32755,49.445213,82.722824,49.507828,75.843376,65.2132,79.10454,32.791153,79.4909,49.698418,59.777798,31.109196,38.15822,38.937855,38.94729,23.691828,39.243786,43.656384,30.571598,16.64528,32.51816
360,66.5345,39.340553,58.55344,40.32663,75.05894,40.499268,53.14258,32.625122,82.06246,32.44458,48.07872,88.542496,48.011345,79.71725,62.66943,83.56117,33.148037,84.53602,48.128174,62.350124,26.195263,40.946095,35.14308,41.331085,17.514896,42.75952,39.803757,33.139503,9.844911,34.71928
361,65.24233,38.615276,56.98967,39.10279,73.94068,39.71117,53.45696,31.772339,80.536285,34.388138,46.21314,82.420784,46.214363,76.56814,63.47461,79.11297,29.223368,78.4359,46.503498,61.286438,27.985212,37.61995,36.209194,38.43287,19.386347,38.59043,39.661564,30.820799,13.713628,32.34606
362,66.42592,38.356995,58.102325,38.417355,75.7105,39.632095,56.10481,27.583836,81.81061,32.780376,46.44384,82.062,46.802967,72.55404,62.42194,78.30726,29.99775,76.70136,47.606277,56.946236,28.721336,36.636234,37.16953,37.283062,19.109957,37.404907,40.986954,26.576,13.984763,29.986824
363,65.200584,35.826374,58.08322,36.994255,72.704384,36.33775,54.17769,28.609678,80.33262,30.588291,48.543274,80.55219,48.212925,74.15489,65.23715,74.54895,31.502611,75.59803,46.93456,62.319717,28.730719,36.800503,35.640324,37.65105,20.731129,37.768116,37.7526,29.07325,13.181725,31.86203
364,63.369747,33.3793,57.218056,34.177074,69.626495,34.31521,54.04846,26.510061,76.411125,29.210545,45.286873,76.16392,45.172985,65.14127,57.952293,69.59919,32.32902,69.31151,45.340492,52.749336,29.802935,32.923286,35.979294,33.79917,23.401487,33.925186,39.757484,26.380419,16.82458,28.958485
365,65.80946,35.35435,57.45938,36.524616,74.76199,35.106377,52.9289,26.191923,81.08102,27.751472,52.394444,86.57394,50.44686,72.82135,70.67831,73.37178,31.952639,77.43721,47.91919,59.030235,28.644619,38.739674,36.527645,38.44837,19.388807,40.60459,36.874092,27.635551,11.36128,34.679184
366,66.98255,36.86233,58.521507,37.54746,76.159935,38.14181,55.822243,29.873558,82.902054,33.631508,46.04914,82.887146,46.404644,74.37319,61.55297,79.16839,31.49597,77.74143,46.636883,58.016594,29.921083,35.522808,38.295143,36.763817,20.678144,36.264275,41.277122,29.181263,14.717747,30.468172
367,66.74274,37.48334,58.35526,38.29461,75.768105,38.323612,56.81167,29.442556,82.03525,30.365993,48.13921,84.56074,48.239426,73.79154,66.69768,75.55326,27.974426,75.09409,49.858913,58.53401,29.013693,37.325237,37.398304,38.300205,19.292185,38.029396,39.98457,29.300335,12.622306,30.99512
368,67.43626,36.381752,60.039303,38.315784,74.8609,37.59398,56.23017,30.057892,81.59625,31.687576,52.18502,79.78407,51.794228,75.2458,67.41892,77.335075,36.39857,78.36059,50.457893,59.174442,32.885376,38.370735,40.585,39.190666,25.921259,39.853577,43.912926,31.165031,18.517904,34.625683
369,65.2818,38.133823,57.940514,39.156433,72.32616,38.861835,52.991333,28.985077,80.329666,30.185358,49.529182,85.33883,48.72913,76.97638,64.66057,80.14552,33.83685,82.67965,47.644512,61.51181,27.699286,41.35115,35.483356,41.066,19.972855,43.404957,38.664677,30.749073,10.669409,36.365902
370,65.699776,37.422085,58.11301,37.459362,73.17929,37.55596,54.117783,28.697416,79.78936,30.584703,48.847744,78.49761,48.638363,73.11189,65.85123,74.37406,31.460121,75.93037,48.208824,59.84418,28.52584,38.258606,35.754524,38.116726,20.593891,39.203186,37.996227,28.797106,13.283873,32.48267
371,67.295784,34.919983,59.21369,34.571716,74.65382,35.243763,55.976803,25.248005,80.672714,29.750797,45.622387,74.92469,45.832127,73.50763,62.84079,76.259834,27.695383,74.99543,46.709293,62.17994,27.706402,34.64744,35.39183,34.645336,19.471607,34.799435,39.571087,25.042608,12.122799,28.962217
372,67.062256,36.838577,58.763363,37.807087,76.09131,37.64391,56.389793,29.843157,83.351135,28.1863,47.18386,83.71192,47.496937,73.82129,64.50846,75.3412,29.468618,74.55925,48.4757,61.111397,29.502048,35.870205,37.97983,37.05929,20.359875,35.946445,41.08663,29.41051,13.131628,26.175636
373,66.36423,36.75981,58.782562,37.432964,74.37192,38.298267,54.35107,29.36514,81.2099,33.345707,47.70853,80.3932,47.335293,72.15665,65.1376,75.64926,28.543602,76.0697,47.74675,54.897915,27.246672,37.114666,34.896336,37.83659,18.835121,38.78796,40.052673,29.241903,12.8488035,33.74485
374,64.926,36.642834,58.378506,37.235645,72.351555,37.886883,54.46105,27.522926,79.99469,33.090847,49.519127,77.71528,48.97615,66.69085,61.886578,72.92846,35.687195,73.31126,48.460083,53.665234,30.030718,37.309196,37.233257,37.505077,23.314741,38.56247,41.158867,27.292675,15.511932,33.94047
375,64.83209,35.51781,57.484657,36.54666,72.18986,35.874302,51.364975,27.860401,79.751976,27.733055,48.55628,82.812325,47.567436,73.16245,62.88889,77.66537,32.886856,79.41983,46.697353,57.1317,26.817358,37.503952,34.143566,37.800056,19.122797,38.985657,39.612377,28.514004,10.898508,31.848312
376,64.10814,34.690235,55.489403,35.700455,72.303764,35.015877,51.45144,26.259558,79.2186,26.707327,48.742428,81.337135,47.92044,75.15178,65.49132,76.450195,31.368319,78.70874,46.030266,56.603115,27.385965,36.6592,34.858448,36.55347,18.428587,37.70627,36.826183,27.085112,10.643022,30.624289
377,66.63608,33.634144,58.147957,33.60037,75.74962,33.66959,56.024406,23.076118,81.592064,24.84263,46.712246,75.0501,46.796417,73.28558,66.150215,73.92006,26.792355,72.77262,46.71418,62.14738,27.597937,32.739155,36.44142,33.016716,18.29714,32.609516,39.430405,22.672535,12.933549,23.229685
378,65.179276,37.5723,57.08418,38.563007,74.29063,38.751892,53.521767,29.944843,80.5731,33.13093,48.105038,82.30516,47.953888,74.78812,63.17727,79.18992,32.274155,78.98437,47.887558,58.49337,28.831963,37.955185,37.113934,38.782253,20.00694,39.09273,40.509987,29.695534,13.684189,33.070297
379,64.67602,37.78723,57.365402,38.63183,72.3547,38.80511,53.723278,29.904163,79.61573,32.722687,47.230713,80.97022,46.897305,72.997505,62.07522,77.23386,30.808062,77.19937,47.002037,59.52032,27.602654,37.972145,34.72594,38.762276,19.60664,39.344315,39.999386,29.787802,13.121595,33.30215
380,66.43064,37.279957,57.99861,37.91229,76.30433,38.86959,54.01797,33.25457,82.86165,34.840725,46.118835,81.62809,46.386078,73.00811,62.790165,74.94815,30.26171,73.9257,47.191822,57.822525,29.859324,36.01672,38.671394,36.974586,19.770332,37.063908,42.79242,32.540382,14.15434,32.08417
381,66.26822,36.037003,57.814476,37.392708,75.57269,36.724903,55.007393,28.643887,81.93424,27.866762,47.708,81.34127,47.342148,73.415695,62.467587,76.64112,33.465572,76.79694,47.016216,58.947353,29.561224,36.52439,38.119495,37.581944,20.178976,37.542843,39.86021,28.734955,14.454912,28.466362
382,67.531555,40.210293,59.748463,40.952656,75.38868,41.85277,53.6993,32.589058,82.83412,33.959,47.501747,88.26424,47.229538,78.27197,63.475903,83.01735,30.813047,83.26093,47.725742,61.75098,27.795118,40.42329,35.892853,41.2105,19.60982,42.06515,41.37261,32.776333,11.766165,34.584366
383,66.51288,39.565033,58.813023,41.538845,74.31801,40.613293,54.735096,33.763924,81.14665,34.326344,50.808228,87.68074,50.249027,80.05458,65.40776,83.604515,33.612553,84.92546,50.22944,63.161064,29.196917,41.545773,37.137966,42.566597,21.180023,43.576977,42.465313,34.802956,13.583212,38.72661
384,65.45228,39.768085,58.109417,40.84763,73.42055,40.758244,56.42585,31.703722,79.565056,32.80751,49.577183,82.78271,49.454002,74.62157,63.557972,78.29234,33.02069,79.01798,50.014874,58.543724,29.385815,40.16861,36.72331,41.257015,21.086739,41.192863,39.959248,31.749641,13.90364,33.632816
385,72.89318,41.47065,64.077866,42.829212,81.22856,42.86663,58.035175,33.829853,86.788475,34.8511,52.97941,91.14056,52.603725,84.04028,70.37191,88.619385,34.860043,89.239296,52.54995,65.20667,31.564178,42.725624,40.17081,43.515434,22.389614,44.4047,45.88464,34.560345,15.350093,37.84732
386,64.99481,41.14373,57.281147,42.167675,73.10414,41.896557,54.71068,32.864937,80.26038,34.91184,47.500355,82.43858,47.22648,74.87776,63.32078,77.839516,31.06992,77.95234,46.99958,61.120888,29.509882,40.81297,36.344875,42.266,20.819263,41.780384,38.05673,32.81149,13.549746,34.294266
387,69.99597,40.727673,61.68459,42.16694,78.1497,41.422203,57.553192,32.88986,85.424904,34.035503,51.900246,89.65501,51.96969,78.97073,71.537766,80.68006,30.879852,82.342834,52.188435,65.567375,31.586163,42.247402,39.800137,42.808834,23.166338,43.313206,44.47888,33.758217,14.378107,37.620804
388,67.43626,36.381752,60.039303,38.315784,74.8609,37.59398,56.23017,30.057892,81.59625,31.687576,52.18502,79.78407,51.794228,75.2458,67.41892,77.335075,36.39857,78.36059,50.457893,59.174442,32.885376,38.370735,40.585,39.190666,25.921259,39.853577,43.912926,31.165031,18.517904,34.625683
389,65.323494,36.512066,58.385372,37.858868,72.94236,37.68142,53.687588,28.147263,81.30638,30.442192,47.044647,81.623955,46.62967,72.237335,62.18369,75.94909,31.12574,75.81621,46.726067,59.5509,28.694715,36.218044,35.501102,37.66952,21.151335,37.2155,40.591736,28.088034,12.86102,30.960339
390,64.455086,36.706074,56.106453,38.312393,73.94149,37.41837,51.90088,29.262238,81.020195,28.219027,46.781937,84.93434,46.301052,75.59834,61.779625,79.44687,31.91,79.806366,45.553265,60.85642,27.78276,37.22248,36.14044,38.581287,18.415821,38.298054,38.79605,29.615704,11.884944,29.693611
391,64.563644,36.522198,56.467976,38.478516,73.09013,36.771576,54.52481,28.72443,80.257126,28.725874,47.33604,81.74012,47.241287,75.104515,63.06925,74.03546,32.085346,75.03763,46.744526,62.90045,29.68512,37.641552,38.039482,38.968678,21.37143,38.065804,39.333164,29.144508,14.462181,29.520079
392,65.045654,34.907597,56.67542,35.881596,73.569855,35.442314,52.1947,27.147501,80.22591,28.138264,49.383484,80.577415,48.729355,71.49199,65.36764,75.064384,32.237377,77.09673,47.757343,56.450912,28.465158,37.347553,36.561512,37.491795,19.078465,38.945766,39.96787,28.247835,11.48658,32.210327
393,63.925636,34.74598,56.74626,36.262157,71.271126,35.092674,52.973648,24.468746,79.56043,26.6581,49.466232,81.07062,48.50855,71.00115,64.01168,74.1527,32.599678,75.89958,47.774906,59.12154,28.656313,36.587765,36.287918,37.166374,21.105696,37.65011,39.92694,25.083933,12.153822,30.458021
394,64.91722,37.347565,56.7816,38.20974,74.094154,38.26402,54.486828,31.129854,80.38326,32.466442,48.0347,79.817726,47.810738,71.862785,63.013683,74.72312,32.626514,74.54453,47.79565,58.040565,29.986326,37.065826,38.206802,38.137604,20.718943,38.260883,40.23658,30.63949,14.966179,31.937122
395,64.03716,34.83129,57.057358,35.688557,71.23204,35.459133,52.412727,26.928421,78.48449,28.326246,48.59224,78.84071,48.12524,68.93826,62.210663,73.49784,33.854183,75.13513,47.392376,55.38955,28.49994,37.109688,35.454166,37.20188,20.815754,38.63228,39.394382,28.041899,12.761762,32.25825
396,64.926,36.642834,58.378506,37.235645,72.351555,37.886883,54.46105,27.522926,79.99469,33.090847,49.519127,77.71528,48.97615,66.69085,61.886578,72.92846,35.687195,73.31126,48.460083,53.665234,30.030718,37.309196,37.233257,37.505077,23.314741,38.56247,41.158867,27.292675,15.511932,33.94047
397,67.62202,37.85754,59.46958,39.38514,76.06292,37.438274,58.82969,33.712036,81.75217,30.02492,49.002693,80.51803,48.63277,76.97362,64.81159,74.17166,29.763332,74.56677,50.93096,64.670166,30.192335,38.23662,38.620014,39.54751,21.299545,38.305958,41.670216,33.24758,14.865118,30.524212
398,66.851006,41.909004,58.942715,41.856956,74.325745,42.77345,60.009373,33.046085,81.33347,36.993347,46.174103,80.28031,45.71611,78.82279,60.11657,79.85502,29.56423,76.175964,47.968624,68.06484,32.235435,36.62035,39.478355,38.530033,23.87194,36.35071,42.601242,30.182106,17.628078,28.869558
399,68.86031,37.063297,59.790306,38.406574,76.41765,37.17375,58.633316,28.368069,81.497116,28.816784,48.571354,77.228584,49.05773,77.95095,65.00715,78.85823,33.718586,78.643654,48.72557,61.10173,29.744919,37.459354,38.462616,38.503994,21.51317,37.851048,39.846455,28.239138,16.443296,28.6251
400,66.33204,38.099022,57.55552,40.41226,74.472145,37.933083,55.621365,30.82254,80.70419,28.404648,48.243866,80.082825,48.48862,78.91894,62.443134,78.020164,33.3786,79.08014,48.195847,67.084946,28.415228,39.569305,36.65042,41.078564,19.575756,40.301376,37.253384,31.608038,11.938614,31.442074
401,65.45284,39.27197,57.965946,40.592274,74.019005,40.44812,54.530014,29.527407,82.09567,33.364574,44.114014,80.42267,45.01492,79.32976,60.788635,80.61296,34.99904,78.19108,41.931206,64.95022,30.37846,38.755962,37.956177,40.227356,23.825027,38.68754,37.310875,30.369106,17.704855,29.736279
402,76.00005,46.25204,69.549,43.75856,80.98563,39.298676,71.170204,38.764908,89.01308,15.596625,64.62742,74.73078,64.34287,72.91533,73.76136,73.32185,47.8031,74.137314,66.47616,66.493645,51.762497,43.9375,54.654114,44.935,41.631702,43.248905,63.47728,35.411583,39.213287,28.094042
403,66.36211,34.578342,59.85016,36.47358,74.550514,32.35837,54.39337,30.883537,78.294624,27.728413,57.492058,82.270485,58.029766,80.16212,77.38796,69.50534,41.35337,77.03401,52.601208,71.86171,28.795263,42.43382,36.932575,41.36219,21.281378,44.10665,36.655693,36.34703,16.511686,38.98121
404,66.80157,36.416615,58.027695,38.22626,75.82812,37.338634,55.897167,33.388763,82.085464,31.259697,45.517178,83.31198,45.381348,79.7907,60.701748,79.686264,30.493866,78.58863,45.696636,64.37463,29.521364,34.48208,37.45027,36.875896,19.618189,34.93574,39.28406,32.609657,13.912808,28.218626
405,63.72247,41.31272,58.11966,42.162495,70.02697,41.267574,61.24932,34.64407,-1,-1,49.777203,84.258385,49.045208,81.44159,58.002724,82.01536,30.583475,81.231674,58.40013,68.19717,33.248924,38.34728,40.878113,40.164894,26.775227,38.582027,49.863068,31.078718,20.852163,31.809114
406,67.930336,36.084854,59.46666,37.98323,76.91304,36.625908,57.878677,30.572138,84.54855,29.357796,48.16957,81.407555,48.261425,78.925186,66.90065,75.118385,28.686361,74.442955,48.756428,65.36359,28.429888,35.139732,37.120045,37.456463,19.033352,35.585663,40.160442,29.55747,11.864344,27.361042
407,63.544872,36.77903,55.84279,38.8458,70.57801,36.355473,54.234127,32.570705,74.643936,30.90206,51.757645,75.7538,51.193516,72.35481,65.97339,69.92942,33.03614,73.783195,51.683372,61.698463,30.189531,40.080173,37.603973,40.58526,22.380354,41.356598,38.879303,33.7865,15.67212,37.41666
408,66.16038,36.413143,58.209286,38.652786,75.29084,37.34918,57.00002,31.490524,81.55663,29.526396,48.36826,79.109856,48.54803,75.9111,62.77701,75.60984,32.380688,75.24261,50.62211,60.894524,30.76552,35.365063,39.328903,37.736633,21.79474,35.904957,41.845398,30.44889,15.37063,28.399372
409,65.16098,32.868633,57.058792,36.948982,73.31955,30.997519,50.015884,30.456114,76.59695,19.346748,56.882225,78.34106,56.247833,77.02804,72.42314,72.114075,44.156116,77.01002,47.17846,61.99494,30.7819,40.852684,37.145687,41.797512,23.638424,42.72332,35.840378,36.019825,18.265144,32.396706
410,68.16867,39.818897,59.04783,41.55974,77.02435,40.24298,59.30313,28.563658,82.600464,25.941032,49.03707,82.39106,48.99305,81.05577,64.693016,81.115036,30.746613,81.898705,50.797382,61.24877,26.565416,40.16316,36.024784,41.78491,16.671803,41.17133,37.051193,28.731695,9.143336,28.371752
411,67.44414,38.54353,58.957897,40.249115,75.66055,39.703163,58.737175,31.902046,81.994705,31.628414,47.97858,77.5527,47.997116,73.49797,65.018005,72.15974,28.823517,70.53331,50.094257,61.187466,31.07793,36.6304,39.732758,39.088154,22.957153,36.618217,43.105465,30.296822,16.17963,28.116648
412,65.8682,40.082672,59.027172,41.616364,74.916695,41.592113,-1,-1,-1,-1,45.851326,77.06092,47.226143,72.9925,61.430492,72.51665,27.464813,68.36579,55.417225,58.63483,32.902298,35.550777,42.82705,38.29944,24.064415,35.286743,50.47468,29.555544,-1,-1
413,62.912113,38.762295,55.90494,39.652935,70.34999,39.869064,55.87211,32.797283,76.71252,32.02491,44.176434,76.3722,44.186066,73.34466,59.412003,71.436134,26.9001,69.20657,47.49754,62.491287,30.29637,36.736645,37.67396,38.305,22.20019,36.538605,41.744175,31.264177,16.578661,29.463575
414,64.047165,37.21697,57.820557,38.49936,71.43101,38.91792,54.633312,31.737566,76.043045,32.058414,45.8374,78.58073,46.094547,75.82408,59.78051,77.17665,30.870373,77.78355,46.090614,62.312916,29.721004,38.137943,-1,-1,31.467394,34.65683,-1,-1,-1,-1
415,66.14368,34.03072,57.705418,36.670013,73.23018,32.846478,55.854317,29.370611,-1,-1,54.711685,80.818954,53.62824,76.74004,69.732704,70.1867,32.509914,77.815575,54.241997,65.03058,26.563757,41.024338,35.202347,40.867546,17.586168,43.154648,36.983395,31.860178,8.5023575,36.926746
416,73.137085,35.686398,61.99356,37.947983,83.14632,34.457897,54.960064,27.80487,-1,-1,50.67891,85.13266,50.236614,79.32334,75.1119,74.46091,33.566185,74.90235,42.920456,64.62288,30.076218,35.598427,37.79411,37.75759,18.45485,36.0457,35.567028,28.881826,-1,-1
417,65.51428,32.811108,56.192616,36.78267,74.434044,31.998636,50.862427,30.764198,78.40146,22.282677,52.98431,80.33863,52.428185,79.55871,67.47614,76.19355,39.758286,80.17096,46.62717,61.251495,28.951017,38.697506,36.624832,39.874603,19.533428,40.62148,35.279613,34.17707,13.062346,32.901657
418,68.79255,36.284378,60.788166,36.923485,76.39129,36.353783,58.51104,32.066273,82.18872,32.7559,50.925007,76.4442,50.883896,75.60877,65.496315,74.615036,34.622185,75.428375,52.102516,59.389763,30.120428,35.966194,38.40823,36.90202,22.16931,36.30437,40.758194,31.08334,14.8081255,31.842289
419,64.69822,36.548786,58.8736,38.095104,70.575294,36.20489,53.78449,30.12167,75.2618,28.032934,53.581627,85.22045,52.215553,76.31411,66.25101,78.39689,39.826202,82.290634,50.111862,59.150818,32.471313,41.278244,38.755043,41.033813,26.71552,42.729156,41.274174,32.131256,21.237057,35.4683
420,71.98899,37.228355,62.874596,37.79225,80.9064,35.64425,60.427467,28.083345,86.151115,26.891407,47.934223,81.21465,49.122223,79.47352,68.95926,78.328224,31.395906,78.1017,47.430424,66.71954,28.652555,37.952415,38.62152,38.22303,21.146685,36.984818,38.680958,29.941576,16.275967,27.547602
421,62.656246,38.12023,55.904667,38.751907,70.12896,38.72706,55.64072,30.110245,75.241714,30.754332,44.303772,71.32841,45.114094,69.43279,58.86665,69.246826,31.026194,67.69749,45.352913,59.545506,31.591341,36.596195,38.980927,37.592644,25.733898,36.534878,39.90345,29.580585,-1,-1
422,65.41896,36.439896,57.37722,37.83651,73.46445,37.641716,54.156612,30.235006,79.16179,32.39659,45.42064,80.51924,46.00703,78.17871,63.785683,77.56465,30.954582,77.00143,44.132683,63.066517,28.936836,36.660034,36.959015,37.802917,21.71466,37.79508,37.47145,31.16912,17.210514,31.86713
423,67.170525,40.601295,58.807556,41.248436,76.08067,41.933365,59.25336,32.649895,81.67341,34.753956,45.975082,77.3682,46.281086,71.34182,64.50714,73.026115,25.498373,70.038086,49.075974,57.95697,29.15006,36.753372,37.967148,39.179153,20.487072,36.6335,41.631577,29.900541,15.443867,29.147259
424,65.28302,35.230083,56.733124,37.616276,74.546265,36.124794,54.317715,30.048191,81.01012,27.404888,46.034218,76.58518,46.27635,74.72652,63.089718,72.68686,31.415344,72.35672,44.436466,58.95272,29.865408,34.27712,38.150684,36.85319,21.46902,34.418915,39.41759,29.88537,-1,-1
425,67.417725,36.063217,58.55259,37.949913,75.44746,35.89826,57.44685,27.565083,81.258,25.678482,49.16026,77.63103,48.88569,74.613716,66.82897,71.20832,30.407032,72.55338,48.81862,64.356834,28.086102,36.881783,36.816757,38.281948,20.127787,37.11704,37.29977,27.711084,13.698263,27.60115
426,65.877335,37.599136,57.703236,38.73283,74.4418,38.67588,57.162064,32.611183,80.22585,33.59712,46.485077,81.3769,46.11707,80.196724,58.989925,81.145935,28.64726,79.69451,50.399666,64.63789,27.79932,35.015278,36.624207,37.034996,18.854008,35.66481,41.670532,30.121634,13.311189,29.629124
427,63.39492,34.388103,56.856262,36.375412,70.91175,33.508472,51.172146,29.293474,73.53479,28.235859,50.420017,76.11385,51.402275,72.18827,67.32146,69.686,38.185577,73.48563,46.724167,62.64557,31.577652,38.906616,38.98405,38.98683,23.473375,40.997852,38.083122,32.090885,-1,-1
428,67.01984,36.824276,60.240246,37.313362,74.04077,35.592075,60.08103,28.448553,78.80308,27.542978,54.576626,67.535034,54.407845,66.03034,66.40172,66.67685,39.490864,69.12024,55.02946,51.897594,34.784653,38.236847,41.602562,38.708397,26.160591,39.134964,46.48471,28.83902,20.83362,31.560312
429,67.10472,35.398643,55.959446,40.19895,77.02636,35.205086,47.161797,30.083101,84.73013,21.393997,49.66661,90.77052,51.064785,87.65603,72.59356,81.42877,40.60365,80.09651,41.80103,72.06253,27.795,39.074753,33.293327,42.61177,19.55769,40.23489,32.341785,34.0351,13.053722,27.19635
430,63.44188,35.13669,55.614735,37.640003,70.70975,34.705006,51.961002,29.292683,73.71764,24.830288,50.462578,78.712944,50.21635,73.31633,68.123825,70.33965,33.980026,73.42671,47.502422,62.70558,31.017862,39.47633,37.780647,40.140923,-1,-1,34.769745,32.117393,-1,-1
431,64.541534,31.857111,57.186596,34.567158,72.25488,31.57112,53.53514,26.230658,76.614944,22.413597,53.76039,75.53856,53.147614,72.96765,68.265686,70.119514,35.62934,76.446724,52.66756,59.990402,28.772043,38.268227,36.712673,38.05567,20.68739,40.713104,37.247623,28.475868,12.762624,33.593452
432,68.05724,38.010963,58.848392,39.076077,76.68464,38.79696,53.136436,31.250738,83.68472,31.20608,48.07202,81.72405,47.556976,76.881454,70.258026,74.17015,32.63104,71.69402,41.4018,62.99256,29.61089,35.548176,37.218784,37.569767,21.294346,35.50716,36.254948,31.522293,16.138704,26.03259
433,59.092293,34.11454,55.483543,35.83772,64.813354,31.113993,58.05837,35.021885,77.54791,13.883057,51.56822,78.605385,49.892307,77.96121,57.109528,73.444534,33.42442,79.09709,58.860638,65.10239,32.985535,39.752903,39.484184,39.11664,25.565895,40.69623,45.965828,35.104816,17.611887,33.961124
434,75.20439,43.784546,65.48311,45.045193,82.88251,43.136852,66.73721,37.662735,-1,-1,45.762115,83.26229,44.751434,85.42541,59.460487,88.626175,26.514376,80.07327,53.06022,67.349625,35.214176,32.6529,45.184467,37.69476,29.015228,29.9292,50.21036,31.039984,26.757776,18.063932
435,66.22062,36.64197,58.538242,36.964394,75.25963,37.84645,55.85125,23.027382,81.53571,27.176277,49.855648,83.74048,49.563404,68.04641,65.89231,77.85279,32.509964,78.540504,49.58387,48.316605,26.60954,37.52723,35.184025,37.458134,17.689575,39.419353,37.89611,23.395653,10.399002,29.56716
436,69.22778,28.475132,59.993088,31.725634,79.48203,26.279509,54.284554,24.725105,-1,-1,55.986774,85.31531,54.767548,77.36703,78.51199,69.15173,34.41232,76.6933,47.876987,66.41901,25.938753,35.25792,35.777767,34.528652,15.968698,36.809956,34.296833,28.72306,-1,-1
437,66.54266,36.127525,58.967102,37.40616,73.550285,35.030327,57.107235,33.151627,78.47352,28.997852,51.567295,76.36178,50.86786,75.50217,64.37418,72.058655,35.22874,74.20625,51.66199,66.69801,30.404627,38.118877,37.220028,38.238956,22.465654,37.815617,39.210297,33.11317,17.841846,31.627316
438,67.08467,39.44643,58.556137,39.964134,74.62697,40.98201,58.12877,31.93518,79.969376,34.784546,45.923965,78.51946,46.038326,77.9502,61.17096,80.59938,29.286385,77.61264,48.19424,60.1341,31.11186,35.59371,39.324577,37.291954,22.574608,35.81805,41.36376,29.855492,16.986963,28.726597
439,63.870968,37.555397,57.303513,39.509136,71.751076,38.01894,52.995987,29.382565,76.74001,30.6785,49.907364,80.82153,49.096066,67.642166,67.06847,73.104294,35.330418,76.36252,46.210155,54.559772,31.205004,42.11197,37.771988,42.04634,24.285149,44.46234,37.147823,32.083218,18.195787,38.378357
440,65.54356,34.914234,56.89607,37.486805,74.4147,35.73616,53.690536,29.005985,80.26381,26.019184,46.84631,74.62176,46.793983,71.98447,64.34213,69.93187,31.112024,71.19716,44.601562,56.108494,27.451912,35.888702,35.452763,38.231216,18.587027,37.163513,36.244377,30.070759,13.972352,27.093176
441,65.04324,35.160343,56.730873,36.96343,73.21882,36.56503,53.126602,26.489416,79.08024,30.018747,43.717407,80.6948,44.975487,80.3296,63.338387,80.34714,29.32772,80.41621,42.627983,63.31314,26.543697,36.623074,35.249393,37.412086,19.121742,37.45057,35.561344,27.040686,15.040746,28.338514
442,63.75475,34.43345,55.33689,37.306107,71.91747,33.42831,52.096287,30.877468,75.24294,25.764456,51.794098,78.71492,51.83985,75.32758,70.099785,69.51223,32.831642,76.26263,49.37473,63.310135,26.264318,41.232372,34.67129,41.02118,18.029547,42.921013,35.030098,34.377914,12.590916,36.594517
443,65.3711,35.876534,56.920605,37.245342,74.28009,36.129944,53.335747,26.897095,80.927956,28.55285,45.145763,78.609085,45.685566,72.7873,64.40582,73.4678,30.017874,74.60168,43.533165,60.62876,28.712072,36.847874,37.124374,37.84545,20.100365,37.528355,37.25555,28.523233,15.514097,29.384846
444,61.914387,36.436825,54.606842,38.66152,70.07542,35.99268,58.69566,25.93795,-1,-1,50.537495,80.20369,50.211357,81.442314,63.248413,78.83636,33.57707,82.076744,53.05106,63.18321,27.886131,38.42183,36.897583,38.747837,20.914677,39.929085,38.4932,26.638687,15.03119,31.541412
445,64.38184,39.701298,57.211605,40.889473,72.289375,40.546566,56.914814,29.68689,78.5938,30.518343,47.379444,79.38832,47.64515,77.26159,62.54425,75.56266,31.621675,74.72813,48.42366,62.083435,31.590601,37.816757,39.256535,39.62635,24.388857,37.484406,41.417118,28.461924,18.598625,26.651863
446,68.467545,44.275368,60.413612,42.82856,75.54522,45.21413,64.15536,31.527122,82.73282,38.78681,42.05,74.67245,43.059303,71.16625,57.96946,77.58598,27.706089,69.176994,45.447483,57.57891,32.664787,35.63879,41.494236,37.723232,25.30217,34.66433,44.466286,27.58014,22.805952,24.882774
447,66.29885,36.58511,58.422184,39.826435,73.34498,35.745255,53.734585,32.438686,77.8866,27.13156,53.931057,73.495926,54.117783,74.034035,70.84931,69.85624,39.189438,76.50021,49.7851,60.378185,30.678728,44.33013,38.558643,44.237007,22.716393,47.094154,38.233906,37.054356,14.768163,41.31137
448,65.870926,34.78513,57.18293,38.05981,73.965034,34.240654,55.315693,30.001307,78.66192,25.915268,53.020542,76.486664,52.894173,74.548134,71.18723,69.17748,32.64404,75.32635,50.667946,62.58594,27.853771,41.150494,36.50087,41.65826,19.35231,42.780422,35.915665,33.654736,11.643884,36.64046
449,67.14575,33.32204,57.897278,35.546238,75.42206,32.16169,53.30866,25.377724,80.46641,23.326607,52.655945,74.13375,52.60002,72.64845,73.27475,66.66948,33.04787,74.140915,49.99388,62.87853,27.442774,39.22133,37.374065,38.570408,18.295107,40.983593,34.75474,28.481462,12.572109,32.135784
450,66.1947,39.295715,58.947113,39.803764,73.752304,39.902744,58.20084,33.065952,78.7754,31.829521,49.44091,75.899284,49.425327,75.29775,60.863995,76.83209,34.187786,75.6057,52.40537,57.74239,29.669184,37.198277,38.171486,38.578247,22.269156,37.589912,42.062878,30.744743,16.906311,28.77032
451,64.09518,37.87642,57.462147,39.05208,71.86522,38.22633,54.7545,32.444794,77.510124,31.745169,49.04265,76.04468,49.365566,72.55124,63.85746,72.51396,34.854527,72.86129,48.534714,60.330997,31.64627,38.43897,39.694195,39.03939,24.333115,39.766148,41.820522,33.347115,18.518269,33.766132
452,65.73713,36.50489,58.56813,37.845497,73.30359,35.581642,56.085083,29.4679,78.449905,27.999464,52.129063,76.340324,52.10562,74.181725,68.204865,69.39287,34.82539,73.19143,51.005768,65.20457,29.410639,40.413486,37.277946,40.334824,22.199284,40.76395,37.006252,31.424177,16.114418,33.702255
453,63.434715,33.89596,58.15092,34.42834,69.9574,33.54868,55.58749,26.277004,74.65199,25.873392,51.689743,73.682274,51.436806,69.47657,64.713585,67.50654,36.866604,69.66174,50.619865,59.249065,31.876894,36.04869,37.720627,36.03705,26.09224,36.489704,40.134014,27.581427,21.255909,28.875757
454,68.59262,31.174913,59.93222,34.695374,77.740005,32.208904,57.281467,28.4808,83.764244,23.425865,51.74995,80.36732,51.533424,78.81371,66.97338,77.32693,34.88021,78.97787,50.666737,59.61488,27.872543,33.683456,36.829643,35.92941,18.583656,35.399754,39.321278,29.515299,11.322601,27.599781
455,62.771015,31.054174,56.01243,35.088924,70.05213,28.234169,49.827526,28.84327,73.21499,18.161097,63.236492,76.125786,62.355457,73.87021,76.90975,66.62843,44.939945,80.10173,57.248325,62.041927,31.472075,44.836174,39.417995,42.565582,24.17377,48.134457,37.404625,34.74286,15.881879,43.136753
456,66.48196,36.831047,57.73868,39.194622,74.89065,37.6581,55.644417,31.920515,81.50715,30.265589,48.566616,80.97554,48.160973,78.409065,69.18228,73.37931,28.46821,75.360466,46.017887,61.905403,29.329638,38.921253,37.079468,40.29177,20.353876,40.08153,36.617775,33.716972,12.013939,34.073456
457,69.47221,40.093945,60.51268,38.410236,76.71914,43.57949,63.97521,25.130018,83.249275,38.29791,38.613632,71.77932,39.937023,70.062546,54.079895,78.23419,22.030128,68.46697,45.978504,54.74026,30.023518,28.3349,38.5991,32.18199,21.808228,27.877542,45.036728,19.220333,20.5987,17.055403
458,66.53782,37.047207,58.380375,38.744648,74.209694,37.484135,58.663048,30.401464,-1,-1,47.72071,80.00309,47.30686,74.4051,66.3786,71.38336,26.846521,70.5587,48.712982,64.95316,29.461618,36.19836,37.18456,37.920864,21.209253,36.49342,39.23818,29.781935,15.030362,28.62786
459,60.700115,32.65049,54.021935,34.38295,68.044174,31.937536,-1,-1,-1,-1,48.76199,67.72688,48.734467,68.576866,61.635307,66.49808,36.40552,68.75071,47.593033,55.549034,29.195518,35.9174,37.10532,35.809776,22.34034,37.609406,-1,-1,-1,-1
460,65.50745,35.26147,57.15977,37.93953,74.767296,35.49557,55.138134,30.7964,80.748566,26.85073,48.722523,78.86124,48.669212,77.40368,63.97729,75.18183,33.966213,76.39783,47.644505,62.56214,28.931627,36.867443,37.300922,38.691525,19.68875,37.923145,37.90627,31.761763,13.27355,29.624315
461,66.56302,36.12963,58.64876,37.93692,74.618965,36.814217,57.562927,30.838697,79.568954,30.715528,51.56073,84.285446,51.27117,77.791374,68.438324,76.25708,30.081427,78.23322,53.701073,61.818462,30.221024,38.16834,38.592705,39.10414,20.755653,40.447983,41.504906,31.4721,14.495834,35.53219
462,67.6481,34.230915,58.864468,37.10378,76.41061,33.42036,55.37732,28.812157,81.95339,24.48418,52.44492,76.89009,52.373024,73.678604,71.71048,67.06216,34.758865,71.45473,49.713867,65.01754,28.07572,38.92867,36.636505,39.54732,19.715466,39.2146,34.97239,31.271223,12.776912,30.972933
463,63.22504,30.303871,55.379704,34.104523,72.2313,28.79901,51.168976,30.629452,76.19147,23.179768,55.959435,73.57004,55.60406,73.54121,71.14866,65.58329,39.607822,73.563446,50.769276,60.003223,27.940243,38.860085,36.895344,38.295902,19.498026,40.98949,35.732334,34.389683,12.333702,38.23774
464,70.15628,30.867453,60.900753,33.710835,79.77975,30.643726,57.832207,28.626139,85.66488,24.346628,49.47159,82.59764,49.70788,81.60756,67.462074,77.63593,32.698696,79.327774,47.47981,64.512825,27.65994,33.069935,36.053787,34.662067,17.642971,34.042767,38.00882,29.785936,10.916341,28.15912
465,64.79042,36.481342,56.19938,39.872906,73.718445,36.460297,53.478195,31.7885,79.721115,28.315853,51.658356,79.86934,51.54922,78.502,68.64839,74.06531,34.568203,79.22836,48.366302,63.21483,27.911997,41.013577,36.233276,42.23323,19.464867,42.947205,37.035717,34.289925,12.41099,36.502125
466,68.98223,40.161312,59.999783,39.818127,78.6719,43.260426,58.670235,32.662685,86.57359,36.36271,35.26752,80.30217,36.23056,79.13882,55.936516,80.903915,21.55917,71.01631,37.55161,60.818283,29.992802,30.257969,38.167988,33.73679,21.215572,28.395512,40.015297,28.611513,18.554235,18.084177
467,66.78183,39.5785,58.6288,40.34051,75.006546,40.89425,58.116825,31.096272,81.732414,33.378723,45.112015,78.51727,45.165894,74.826294,62.322884,74.052,28.272194,70.83966,46.355827,64.43611,29.117067,35.987602,37.143646,38.44759,21.27035,35.479355,39.729218,29.235256,15.972099,26.775875
468,61.957657,36.10976,55.71238,38.18358,69.98677,34.50641,51.452934,28.034546,74.57784,25.30123,52.013046,77.29445,52.954624,75.60013,69.38368,71.14603,40.25141,76.20007,48.201454,65.51044,29.274984,42.832714,37.02068,42.02468,22.73206,44.39071,36.66704,32.742172,16.874163,35.71234
469,65.906746,40.095284,58.078358,40.959618,73.332855,40.79902,57.43751,30.8268,78.18657,31.75286,49.348663,80.86415,48.985516,78.313255,61.163116,81.403564,33.839134,80.305466,51.06855,61.0497,29.150015,38.015076,36.749603,39.891834,20.881245,39.00798,40.818108,29.181084,15.5518465,29.928646
470,63.36473,38.015797,56.408768,38.777916,69.851364,37.95459,56.05708,30.339125,-1,-1,50.349514,79.660324,49.4368,76.260704,64.87638,73.97636,29.168398,75.549255,52.027176,65.40756,29.737078,39.031963,36.385674,39.202316,22.121954,39.31581,38.00333,29.555412,15.794067,32.434723
471,64.4736,29.389858,55.928234,34.621464,73.01828,26.940687,50.829514,26.72285,-1,-1,58.673462,82.55133,57.556007,77.362946,76.07409,70.47949,38.38052,81.291,51.486397,60.956287,28.833256,40.69651,36.01681,40.468964,19.083246,44.000195,33.37042,32.35523,10.937938,36.61911
472,64.32812,37.827606,56.729576,38.09902,72.44186,39.300938,52.234093,31.492592,78.67979,35.165554,40.993855,78.61288,42.761703,80.25055,61.60683,77.949135,31.197142,74.866356,37.73794,66.76116,31.23139,34.50645,37.951496,36.081623,24.715464,33.58496,36.533493,31.723207,23.148632,26.662071
473,67.44157,35.985073,59.231083,35.898773,74.882965,35.98849,56.994736,25.743132,81.32526,28.323679,45.079567,74.43725,45.790413,73.87886,61.297447,74.15011,32.610847,73.37969,44.80829,62.294544,29.20185,36.079693,37.29778,36.050186,21.601223,36.01094,37.26879,26.529541,15.730803,27.865538
474,63.98085,40.43785,56.764668,41.054306,70.32663,40.426277,56.24239,33.816006,75.389275,33.556473,48.78657,73.05391,48.410408,73.22606,62.038895,71.672714,31.604301,72.24476,49.400665,63.051064,31.26792,40.443398,38.310978,40.822464,24.442627,40.513012,40.414436,33.532604,18.952475,34.876713
475,65.39667,35.92104,57.23002,38.634926,74.06362,36.741573,56.721184,31.401735,80.05522,31.45409,49.39235,81.575584,49.126225,74.616196,69.73125,70.16181,27.196083,72.28872,49.99481,61.069798,29.125961,37.688957,37.217545,39.308346,20.219255,39.15017,37.504772,31.644,13.381899,34.98945
476,69.14951,33.02737,59.205902,36.186817,78.943275,32.51091,52.32001,28.42028,84.6484,23.585054,51.384323,84.13739,50.453426,78.2033,72.896614,73.44806,33.585674,76.808205,43.345577,62.237736,29.128721,36.07806,36.4352,38.191963,18.512407,37.772884,34.918636,30.7729,12.7230835,28.64621
477,64.01389,35.37872,56.414383,36.88553,71.89763,36.018223,-1,-1,-1,-1,46.0418,77.06899,46.736187,72.74232,62.94809,72.23811,31.481104,72.02637,45.57543,61.0987,29.750338,36.325348,37.871464,36.810272,23.95578,36.526375,-1,-1,-1,-1
478,65.58763,37.097168,58.087646,37.76271,73.10093,36.994812,57.969986,28.288662,78.97838,27.963192,50.25174,84.54085,49.479275,80.41949,64.70906,78.90649,30.828346,80.11269,51.050213,67.77098,29.590376,38.036316,37.010773,38.111416,21.420294,38.658512,39.334488,27.479918,14.61793,30.407331
479,63.887077,39.158638,56.90092,38.249287,70.36046,39.393845,56.21051,30.548737,75.769,29.98063,45.95301,70.319565,45.054756,70.06664,59.17483,69.27861,29.16969,66.05181,47.086685,60.87796,30.930353,34.995884,37.654602,35.55742,23.324461,33.982113,41.468357,27.877563,20.57856,23.427967
480,65.20714,37.097862,58.07213,38.530933,72.30711,37.229107,55.69396,32.924385,77.1774,32.659714,49.027107,75.500626,49.432873,74.32891,67.63512,69.64482,31.254288,71.53265,48.121803,65.643585,28.44279,40.436203,36.247936,40.594513,21.294493,41.34112,37.51265,35.122623,16.472195,36.396072
481,67.824974,36.09719,59.17383,38.45979,77.364586,37.32487,58.343937,30.359072,-1,-1,46.2291,83.26808,46.17584,80.13772,65.09998,75.9404,27.568888,75.219604,47.57186,64.46637,28.104708,35.00726,36.82594,37.924637,18.321152,35.488125,38.391987,29.584137,-1,-1
482,64.514755,30.5537,59.816315,33.543556,72.29877,28.615492,55.60565,32.616783,79.63081,16.556236,57.084194,79.18203,56.76196,73.91244,69.41073,68.08548,35.886383,75.82455,61.52718,58.511227,31.40232,39.120136,38.594387,39.143456,22.25567,41.991615,43.959675,34.23955,14.079729,35.902832
483,67.79312,38.466347,59.495148,38.359398,76.42255,39.229477,57.680656,30.72256,83.61751,33.77902,44.9746,84.42685,45.88208,82.90524,-1,-1,-1,-1,45.057106,68.872604,28.405096,35.05959,37.16847,36.27849,20.36914,34.616123,38.648968,29.315962,14.218652,28.407005
484,67.02518,33.075745,59.224636,35.98441,75.36073,32.10621,54.330814,29.109686,81.95596,25.58887,53.009693,79.18566,53.3746,77.42302,71.68172,71.469826,37.806038,76.93939,48.299423,66.33182,28.952448,39.613544,37.24011,39.67507,21.56904,41.20224,37.688442,33.301903,13.355478,36.150036
485,65.41941,35.71871,56.80718,37.696865,73.03433,36.12341,55.301815,31.288784,79.060135,28.69064,46.87873,72.163734,46.902763,70.57336,63.423527,66.74119,31.00822,66.79311,46.94924,63.066822,27.458717,35.97425,35.802834,37.57706,19.78928,36.1442,37.94897,31.34944,14.407619,28.303438
486,65.71995,35.33569,59.508842,37.084805,71.74695,33.73124,59.07786,22.718224,77.51127,17.713375,62.48499,82.54714,60.976826,79.28908,72.35276,76.6566,46.00713,83.755,60.30253,63.14012,30.97746,44.12244,38.61242,42.088806,24.061028,45.929543,40.134148,26.854298,13.436115,35.696575
487,63.659077,36.28128,58.6601,37.250122,70.19074,34.33794,56.562943,29.68611,75.00584,25.098272,53.43205,76.406395,53.30271,74.32103,65.5384,71.69125,40.968548,75.16632,51.95234,65.741745,33.92025,41.453716,40.13443,40.45886,27.617271,41.967987,40.976303,32.67292,21.932589,35.21078
488,65.2994,39.393597,58.442444,39.34071,72.57984,40.449085,59.0271,32.922314,79.14087,29.808643,46.468426,77.78293,46.835808,76.47839,57.49062,78.483635,30.55881,75.70928,52.76661,58.510983,30.352577,35.961105,39.374863,36.92453,21.396322,35.980434,44.48753,30.479704,15.967232,26.700428
489,68.81474,40.087597,60.49377,40.968548,75.23448,38.376724,62.54418,33.909782,81.536194,28.951029,53.94895,70.711914,52.873672,70.66432,64.39189,70.8466,35.795673,69.41243,56.38204,58.565968,35.15214,35.400402,42.634605,38.07088,25.656153,35.0716,48.833515,29.941185,20.42064,26.55932
490,60.693756,36.560806,56.15636,38.137745,67.286385,35.258915,49.87833,32.747757,71.413155,29.640638,49.110252,75.892006,50.07342,73.97608,64.81287,71.53563,39.689293,76.17031,45.00934,63.66451,32.336155,43.388775,38.5829,42.70485,27.818985,45.01252,38.028454,37.321316,21.815977,40.415432
491,67.64117,38.03289,59.72532,37.66333,74.37237,37.967773,59.413807,29.86015,80.27255,31.802317,48.744743,80.803795,47.849308,78.15541,63.27599,77.719246,30.249908,76.16832,49.791763,66.289795,29.167425,36.158062,36.591328,36.650806,21.290253,36.447605,41.1727,28.37997,15.855042,29.998602
492,66.12975,40.03912,56.06425,41.18074,76.36481,41.21626,50.422348,34.475952,83.05043,34.543396,43.856487,91.35504,44.70708,88.05786,66.04162,87.67246,27.702965,85.44014,39.852207,70.517136,27.229578,37.64796,36.145428,38.84678,17.922207,37.195503,35.616932,35.14629,14.23093,29.121893
493,69.765015,34.664017,61.593754,36.088196,77.25296,34.205036,58.178036,23.861462,80.753365,20.47592,51.496197,80.76681,51.058266,80.11709,70.140915,78.107155,36.30607,81.108696,47.057774,58.562435,30.189249,39.097862,37.53182,38.949303,22.84666,40.3223,36.721157,27.403395,17.579012,26.900877
494,65.26276,37.11862,58.01472,38.148003,73.22984,36.396915,53.84336,30.026108,78.404526,28.533232,51.30932,75.53591,52.18738,77.64524,68.89009,73.737114,36.14106,77.917175,48.713295,66.075905,28.699087,42.43069,36.620163,41.631588,21.60479,43.46915,37.70164,33.105194,14.458956,37.208176
495,69.85389,38.917816,61.364944,39.32086,77.179596,38.66054,58.294918,30.525312,81.493034,30.796972,50.600903,70.99007,50.267864,71.24572,68.439285,70.64839,34.31585,70.00404,49.78589,58.730667,30.638945,38.36044,39.712784,38.505836,22.43265,38.99455,40.28277,30.134644,16.090528,31.041819
496,64.69706,37.897373,57.479073,39.954548,72.38619,36.922337,56.447243,29.135675,78.13171,26.985437,52.731804,85.465096,51.926876,82.557396,64.41912,80.793304,34.637943,82.82789,54.04015,71.40811,28.980204,40.23366,36.145588,40.653923,24.23586,39.81203,40.86015,28.670835,15.751805,30.641539
497,65.063065,35.65499,56.561306,38.24188,72.91639,36.15005,56.189854,29.048712,78.74323,26.237642,48.168507,77.94273,47.795307,75.24437,65.75226,72.03254,28.620358,73.27492,48.225143,61.768463,28.145638,36.92976,35.585434,39.17098,19.547302,37.718777,36.46365,29.53453,-1,-1
498,61.424454,38.471485,54.634674,38.358986,68.80209,40.455242,50.786663,28.311338,75.39369,34.82068,39.73862,78.31824,41.271362,77.07165,57.81447,78.29986,30.93442,74.976814,36.69816,64.53942,30.504862,35.410965,36.836014,36.528984,25.108652,33.962013,35.651352,28.417002,21.754318,25.29658
499,66.299805,35.05867,58.771305,35.285736,73.524216,35.157856,55.168083,26.675358,79.417656,26.512323,47.536587,74.11224,47.755005,71.866356,63.63067,71.16401,34.211044,71.21947,46.327477,62.858944,28.953783,35.63386,36.902637,35.6471,22.056196,35.64291,37.44288,27.644678,16.12838,27.471018
500,67.43786,35.11385,59.643658,36.574886,75.41289,35.877968,59.610115,23.456524,81.965,26.339691,46.560585,83.43958,47.360317,82.43487,63.74614,82.13969,31.978964,81.795975,46.557384,67.58245,30.396605,35.551582,38.069366,36.319805,22.756866,36.0262,37.863514,24.020012,16.90952,26.24007
501,66.3591,38.141003,57.608948,40.973083,76.14238,38.904594,56.479065,32.564316,82.60207,30.737173,46.5445,83.41591,46.604156,78.81863,66.33704,75.86653,27.783684,76.32574,45.94371,64.06218,27.76486,37.913906,36.158314,41.010834,18.921219,39.107624,38.038216,32.958103,-1,-1
502,79.21764,25.569437,70.86186,26.663975,86.518166,25.199533,59.172035,24.43765,-1,-1,-1,-1,-1,-1,73.59058,67.99816,-1,-1,49.502533,63.236687,31.434893,26.838406,44.27019,28.008518,22.116545,27.988564,37.86933,25.46605,-1,-1
503,68.01629,38.958668,60.050343,40.153393,77.86492,41.237877,58.62848,31.710136,85.186195,34.217964,45.50126,86.21055,46.10526,83.42858,61.827118,85.37272,27.723251,82.86182,49.05708,64.42291,27.710985,35.420956,37.223297,38.25633,19.042591,35.72601,43.486393,29.525724,12.9440365,26.455515
504,66.50573,38.611794,57.320213,38.97097,74.012024,37.835423,54.577374,28.68955,80.02999,25.27562,50.077946,79.328354,50.714123,81.54863,67.370056,79.44793,36.496235,81.0516,46.319214,64.60409,29.320587,40.722965,38.10148,39.441288,20.745232,41.40573,36.76368,31.404373,-1,-1
505,66.69155,41.589367,58.46564,40.96453,74.50613,43.4137,62.406803,31.953358,82.893394,37.335526,40.104267,78.74805,39.816612,77.278725,56.57862,76.62616,23.033613,68.67287,43.39664,67.21392,30.228449,32.387012,37.41902,35.59504,21.408901,30.580387,42.619843,27.197165,-1,-1
506,61.67408,30.346552,54.08801,34.143806,70.018845,28.385845,51.61212,25.540667,72.734856,18.87704,56.432945,75.46344,55.96383,74.700424,68.58943,70.21048,41.16591,78.854256,54.00153,58.78302,26.912937,39.603252,35.01691,38.859463,19.05818,42.10328,33.963898,29.132153,12.649514,35.35931
507,67.57387,39.011253,59.414494,40.2876,76.377655,38.434914,57.237183,36.70697,82.561455,33.99658,47.750427,80.959785,47.883392,81.72144,63.485195,79.10707,32.140465,78.54185,47.44478,68.80508,28.757902,38.422035,37.403183,39.73838,21.132603,37.689518,40.67478,36.136623,14.674446,32.21412
508,71.27442,44.486855,63.000355,42.76906,79.20754,45.729473,64.771645,30.738403,86.47339,36.647156,43.322098,78.539345,43.820778,76.19326,58.8133,81.70109,27.591345,73.512115,46.810406,64.58117,32.17157,34.74245,41.11465,37.268063,24.388542,33.130993,45.05486,25.959719,21.709433,20.904877
509,42.36005,41.619446,40.082462,43.150078,51.371162,40.630764,33.865566,35.263504,54.350307,31.999144,32.616207,70.41542,33.25846,71.61623,47.42658,66.53156,27.190676,69.32352,28.449144,62.585217,20.400919,47.512234,26.36889,45.54367,17.22616,46.53692,24.839634,38.875988,19.104877,37.27156
510,66.16721,38.94274,57.85764,39.494175,74.053764,40.02103,57.501816,30.100933,80.65508,32.675106,44.86923,76.015366,44.900646,72.83186,61.798725,71.78923,28.254288,68.809265,45.87985,63.520092,28.972271,35.338203,36.855785,37.503418,21.178684,34.651253,39.72732,28.030499,16.34188,26.003452
511,66.21458,35.13224,58.03115,36.58693,74.25276,34.847576,54.705967,27.693562,79.664536,24.126272,51.70305,77.29915,51.29577,76.23202,65.63947,75.40549,35.724197,78.0072,49.84177,59.57262,28.991598,38.414433,37.681675,38.479637,20.349674,39.902626,40.136894,28.803488,13.766725,29.80738
512,70.82207,28.70461,61.28289,31.442648,79.55411,28.751173,53.19991,22.26981,80.88676,21.595789,49.539745,80.77952,48.8488,81.04311,72.032776,80.46571,31.722298,85.54147,42.82765,60.7258,20.80863,39.250233,31.400898,37.39617,12.285656,41.66925,30.663277,28.203285,8.690111,33.37221
513,64.85398,36.979008,58.12293,38.67771,72.309784,37.55757,53.886017,30.860798,76.86267,31.338058,50.38711,81.82544,49.812363,77.053154,66.47811,76.26834,36.724594,78.60528,46.11874,58.563007,32.12638,39.940483,38.7416,40.555614,25.306973,41.970707,38.39364,32.801117,20.803577,35.22557
514,58.92563,36.44868,53.10804,37.456608,66.254776,37.124573,42.845345,31.089834,68.35882,29.178274,48.076096,86.19655,49.7724,83.69969,65.55003,81.030945,42.965874,80.15282,39.790855,70.049034,29.422848,40.872746,36.504463,39.01676,28.277742,39.5952,32.029514,34.9922,40.31371,24.460056
515,65.612495,42.560707,58.94479,41.19094,72.302734,44.918533,60.722,30.476822,78.44964,37.2021,43.955044,80.04204,45.530796,71.72868,60.266266,77.23133,24.004055,69.68685,53.784306,55.438084,32.87842,32.97829,40.282036,35.644733,23.208912,32.57135,46.893085,24.765882,19.22572,22.986864
516,63.66543,33.449535,56.767067,35.42341,71.38435,31.996243,53.657177,32.722973,75.75595,26.172691,56.68829,81.0228,55.8823,78.498955,68.266594,74.585724,39.576015,81.028465,55.687244,65.01172,28.384653,40.018528,36.093967,39.23667,19.610397,41.970715,38.918568,35.185062,12.437558,39.55598
517,63.1131,35.7859,55.975155,37.96919,71.06433,34.42937,51.41503,30.553522,75.84906,25.792147,52.214935,78.12075,52.41889,77.44606,68.35353,71.92266,37.76898,76.45614,49.136265,68.02706,28.221493,40.850826,35.834225,40.877285,20.918596,41.562153,34.85107,33.402313,15.458377,32.79692
518,66.89832,36.732117,57.59109,38.447697,76.20224,38.392437,53.20671,32.510704,83.64069,30.452364,44.899467,84.31434,45.22402,83.34157,63.211517,82.334366,32.49114,79.76,40.34401,65.236465,29.488781,34.33758,37.125805,36.759842,21.405636,33.699425,36.850845,33.068275,15.800911,25.796452
519,65.27684,39.649853,57.568695,39.97513,71.906685,39.755363,56.594902,35.069412,77.04166,33.333393,46.89598,78.110954,46.12117,74.47263,61.73816,72.446976,26.309084,72.13028,49.89989,64.2131,28.98804,39.197796,36.76765,39.56261,21.184605,38.980873,40.163445,34.189014,15.07479,32.599163
520,65.70699,39.001205,58.21758,38.807983,73.785515,39.603844,56.649647,32.71351,81.18005,33.4806,45.14097,78.53876,44.88016,77.24378,62.57056,74.66959,27.213036,72.10902,45.30304,67.94572,28.369131,35.95066,35.95331,37.28339,20.812992,34.926357,40.335793,30.68839,16.222048,27.453596
521,66.41799,35.784325,58.667843,37.249058,74.73252,33.871124,54.753822,31.862785,-1,-1,53.994682,78.273285,54.349144,74.73269,72.77136,67.085045,37.75459,71.44555,50.39029,66.53815,28.554735,39.819603,36.988525,39.7965,21.24046,39.768032,37.06065,34.6549,-1,-1
522,64.68844,35.225555,59.206547,36.65908,71.03856,34.7693,53.638588,30.302187,74.50221,26.282507,51.64681,76.021454,51.96655,73.589516,63.265446,74.658775,39.819714,76.24001,46.910313,63.89239,36.252605,38.12927,45.75562,35.815018,44.766796,30.354424,42.06022,32.1438,30.121777,28.629877
523,63.00965,34.165886,55.56245,37.80263,71.38075,35.274612,48.652054,27.283533,76.75972,25.832214,45.522808,78.92094,45.12238,71.57002,62.589283,74.209145,34.972904,78.78799,39.654167,53.76842,29.960361,41.603226,35.595005,42.292847,23.378521,44.50642,34.392624,31.996397,19.123817,35.165516
524,63.836483,39.429573,56.74795,38.84495,70.78267,40.387024,55.793182,31.675837,78.589035,34.918587,40.906307,78.844574,40.90219,78.43071,55.693962,79.403206,26.033215,74.48136,42.194736,67.3349,27.663006,33.696373,34.456852,35.56919,21.243639,31.663326,38.471054,28.314205,17.283766,24.190481
525,37.636505,39.91534,33.35346,43.435455,47.245667,38.76089,22.188028,36.173073,49.558594,30.443747,32.35747,82.72818,32.326477,83.72251,50.18986,74.152534,23.870657,81.54757,22.444782,70.14188,9.968356,49.96479,20.032389,47.657204,7.7918634,49.184303,13.262568,41.255802,14.947226,40.01039
526,65.057785,35.96677,56.869465,38.580513,74.10062,35.66003,55.84309,29.359629,78.2287,23.547867,53.8617,87.412964,53.398495,85.578835,68.129845,84.42847,34.000206,88.524315,55.314514,63.652634,25.764004,39.8533,35.21678,40.35229,16.198566,42.136097,36.196415,30.262064,9.181081,31.847805
527,66.25056,37.249912,58.66193,38.413372,73.99044,37.491253,56.21045,31.1628,80.84475,30.189579,47.998177,78.69239,48.083755,76.29832,64.628784,74.44286,33.248825,75.11378,45.951797,63.782734,29.155474,37.99314,36.54962,38.91547,21.394608,38.46666,36.77062,32.318134,14.731731,31.222158
528,66.74957,38.327866,59.370834,38.350056,74.19772,39.02204,58.11815,26.835144,79.49474,31.108028,45.909576,74.44118,46.28664,75.28488,61.76728,75.85994,30.968372,74.37493,46.943047,62.40956,29.901281,36.871616,37.79661,37.593426,23.494158,36.62107,39.18958,25.844524,19.235085,27.306759
529,68.74425,38.24873,59.68386,39.32278,78.18003,38.511158,56.70004,33.147705,85.220856,31.115223,47.56168,79.10477,47.9048,77.42368,67.163605,71.88111,30.140411,71.930305,46.766457,66.13871,25.832838,37.63264,35.24869,38.894012,17.036615,37.475777,38.593338,32.754734,11.539381,28.478443
530,68.09953,35.782494,59.483727,37.12439,75.52228,35.717384,57.224705,33.300278,80.739265,30.875637,48.027836,80.764366,48.3021,80.957664,62.281536,79.03887,34.06821,79.59288,47.99316,66.98992,28.417923,37.01406,36.32787,37.800102,20.35223,37.25343,39.248463,33.74571,15.510376,32.088463
531,61.90675,33.213333,55.595234,35.87754,68.56836,32.503998,51.360176,29.02476,70.76831,25.008232,52.99473,74.85351,52.79516,74.32044,67.910706,70.694275,38.216526,77.512146,49.349186,57.997864,29.74887,40.850914,36.579067,40.40809,23.21684,43.036835,35.798347,33.005997,17.744902,36.89312
532,65.21469,35.194214,57.602924,35.92203,72.94426,35.987473,53.247684,27.506899,79.06241,29.106998,46.436516,81.10538,47.36423,81.161194,66.183105,77.471855,33.04236,77.861946,42.014626,67.87482,27.759401,35.707626,35.42092,35.874996,22.34936,34.60673,35.07366,28.972052,-1,-1
533,64.511826,39.189766,57.42318,40.225636,71.89196,40.01229,54.344707,32.29154,78.62269,34.025204,46.581444,78.16106,46.715282,77.32029,65.38337,72.24616,30.660675,71.49514,44.97356,67.43758,30.81379,38.46409,37.571293,40.04577,23.844439,38.38183,38.12873,32.862198,18.322653,31.525385
534,68.322075,34.917007,61.675644,36.190132,76.18429,35.59096,60.510323,29.881907,81.993965,24.036404,53.374886,82.61075,53.36217,81.84739,64.73734,81.99002,35.0485,82.6283,60.22248,59.857533,30.100626,35.522793,39.76919,36.588352,20.715319,37.172546,45.37531,28.752289,13.01333,28.521547
535,66.75919,37.805412,58.624996,39.23328,73.77479,37.978195,57.405422,32.14464,79.41007,31.277655,51.042107,76.38488,50.6515,74.97359,64.89538,74.554276,33.004425,76.56005,52.108677,60.177372,30.22886,39.416546,37.785152,40.392372,21.588104,40.744377,40.30643,32.706444,13.037424,35.393646
536,58.2845,35.110466,52.40377,37.14036,64.93459,34.12482,-1,-1,69.29213,28.066168,50.388634,75.71822,50.306232,73.30018,64.67104,70.94959,38.250717,76.4932,46.392685,64.71323,27.398027,42.23095,33.84268,41.26649,22.537048,43.544678,-1,-1,16.154564,39.09563
537,63.861267,34.797802,55.92393,37.189106,71.0902,34.718586,54.45523,27.74289,76.59334,26.6452,49.886753,74.44737,49.69953,73.34445,63.460384,71.76022,35.315853,74.230095,49.112663,62.14839,29.762192,37.415188,37.59473,38.42382,22.275143,38.35693,37.201054,28.713655,15.886437,31.34388
538,64.59503,37.864704,56.934128,39.4375,72.03062,38.30474,55.4781,34.249985,76.37959,33.597652,50.48023,76.484924,50.199924,74.994255,65.09893,73.51562,30.793917,75.26898,52.22136,60.639606,29.047327,39.01938,37.29658,39.918304,21.003666,40.315716,40.993847,34.084724,15.598523,36.454624
539,65.35335,35.453674,57.86501,37.26635,72.584236,34.392216,54.957592,28.544401,76.57709,26.50586,53.197304,78.879524,53.316883,74.743965,71.40544,70.861824,33.90917,76.075264,51.229237,64.40444,28.946136,42.114536,36.83166,41.3758,21.136538,43.71972,36.881207,32.563774,15.879565,36.91947
540,66.55946,34.23883,59.303577,34.870964,74.24196,35.000027,57.339916,25.642086,80.93824,29.866571,46.538055,79.388695,47.448452,79.814514,62.51243,78.8528,31.642746,79.409546,46.553844,68.879555,26.017872,35.159973,34.274715,35.370983,19.563522,35.301125,36.247143,26.270172,14.66176,29.422182
541,63.56368,38.192024,57.80818,38.18858,71.38746,39.203377,52.09526,29.494522,76.26849,32.07184,44.0173,75.69969,44.960823,73.64819,62.242725,75.8371,32.174892,75.05615,42.766438,59.735615,30.881433,39.28788,37.989223,38.527054,25.105663,39.754307,39.779675,30.561556,22.703302,31.18983
542,63.576168,36.294693,57.314846,37.58852,70.19694,36.406105,53.97716,30.954067,73.944695,29.62563,49.359543,78.002815,48.906208,73.66211,62.748188,74.22747,37.42262,75.35459,46.492077,58.67306,31.292946,37.746365,37.70923,38.374264,25.515879,38.333855,37.59702,31.87891,21.160936,31.596468
543,65.56534,38.43236,57.186478,40.250675,71.58221,38.390865,56.333515,31.976217,76.16512,29.112585,56.103622,73.336426,54.638943,75.81903,68.6459,72.709335,33.44027,76.79487,56.88971,61.37741,29.213392,41.13597,37.807377,41.38938,20.5337,41.967186,40.429234,31.695278,12.287989,33.827053
544,61.920242,36.166553,55.822628,38.61852,68.21163,35.142666,52.660862,31.027975,71.316086,25.862322,60.05614,81.12576,58.873024,73.890366,69.47437,75.232056,45.349747,82.76403,56.427048,57.308754,30.363914,44.697002,37.02929,43.927784,23.120953,47.998768,38.898003,34.838173,15.638869,42.731712
545,66.655716,33.43966,57.91887,35.559395,74.36588,35.115532,55.777195,28.144733,80.566696,28.234844,46.62046,78.38552,46.662228,75.76672,60.723103,77.11607,33.959774,76.55203,46.405964,58.371567,28.445307,32.79507,36.61242,34.797894,20.842474,33.617104,37.6285,27.846773,15.381717,26.533546
546,65.3612,40.52372,58.42796,41.05821,73.229805,40.984497,53.99209,31.873478,79.226364,32.954113,47.834156,80.05782,48.344864,80.12774,65.10553,78.91762,34.49503,78.249756,45.947018,65.24403,30.036547,41.05496,37.36407,41.452354,23.857946,41.3243,37.684032,32.576572,20.816381,31.429413
547,65.10625,38.413513,58.50299,39.050575,72.2206,38.927963,54.858967,27.847101,79.791664,30.78228,44.62873,80.087524,46.636986,79.92902,61.871296,80.07486,34.89922,79.03592,43.886375,68.07747,32.82785,39.29981,39.798298,39.124992,27.673733,38.567284,39.82816,29.191982,24.6098,28.581827
548,64.80537,36.055386,57.413715,38.572216,72.003845,36.292965,55.94439,30.156803,77.52811,27.66964,48.373047,75.70233,48.254555,70.93206,63.80646,68.81814,32.588326,70.41009,48.275047,60.121403,31.184534,37.70205,37.912727,39.450607,23.72582,38.28604,38.478313,30.98706,17.112268,30.719854
549,60.585175,40.897724,53.456154,38.995304,69.1529,43.28634,54.248264,31.39728,77.787315,36.73594,32.831642,69.066925,33.501705,69.408615,51.83401,69.20308,18.29901,58.159588,36.54044,59.661285,25.564983,27.714006,34.210827,31.331598,19.921371,24.696953,39.392242,25.683552,19.403841,14.402572
550,64.047905,34.166096,57.348656,36.415012,71.61169,33.64802,56.662476,29.811394,75.75053,26.00335,52.15942,83.39658,51.70535,83.32009,65.38891,79.031334,34.709084,83.188065,53.28047,65.325516,28.278921,38.789043,36.524372,38.97222,20.833076,40.314835,38.46189,31.26851,15.046941,34.883057
551,62.161404,32.924927,53.94668,35.25992,69.41577,34.26121,45.97469,24.482948,66.04068,26.695353,-1,-1,51.553894,84.19082,67.65305,83.426926,-1,-1,38.007496,63.89167,28.128256,39.724987,31.136639,40.134655,14.6678915,44.426514,35.360413,28.33298,96.0,0.0
552,61.451977,35.354816,-1,-1,68.85007,34.737576,-1,-1,-1,-1,47.124527,70.77233,46.51653,70.70544,60.836517,69.13411,33.473,69.38647,45.318092,57.787968,29.488758,36.12485,37.971226,34.426533,21.947935,36.199516,-1,-1,-1,-1
553,65.95776,35.787148,57.90257,37.426487,73.54531,35.458633,57.173164,31.861944,78.582306,30.74269,52.388927,79.3126,51.48768,79.06639,66.42333,75.9234,33.00542,78.761566,51.928673,64.86251,28.478403,37.91278,36.5505,38.3992,20.279146,38.792274,36.871185,31.512709,13.522506,34.846676
554,71.407326,42.38265,-1,-1,77.97091,39.846947,-1,-1,83.83068,30.869373,54.34576,79.45332,52.180588,74.53038,65.01404,78.43338,34.281605,72.644585,56.980843,66.99898,40.634304,37.18486,46.45703,39.90596,32.91793,36.395092,-1,-1,28.466309,26.223097
555,64.701385,38.513283,57.028915,39.8783,71.5675,38.44381,56.601208,27.790052,74.808304,26.360842,54.427353,77.71434,53.496925,77.64857,64.54133,78.97686,37.076054,79.63196,55.8553,59.92783,29.772898,38.75519,37.831467,39.933197,20.751522,40.6077,41.676556,27.133831,14.561331,29.293734
556,66.76055,41.41138,58.585773,41.584618,74.181274,41.53437,56.34072,34.959167,81.21775,35.499653,48.384075,81.032425,47.85979,79.87101,62.191032,81.06723,31.222982,79.50527,48.933918,69.23797,28.479889,38.88383,35.95184,40.21862,20.227982,38.778313,39.573326,33.85918,12.765001,32.75603
557,68.61915,36.12057,60.131702,36.923523,75.93083,36.032406,58.716873,29.990726,80.368454,30.966524,51.62468,78.16434,51.0099,78.189285,66.67363,75.625916,30.269379,77.40397,54.03904,66.80901,28.324669,37.646385,37.170364,37.734447,19.734991,38.661953,40.590427,29.51176,13.2924,33.19312
558,67.91729,36.781265,59.358124,37.96309,75.186005,36.915768,58.574047,31.948055,80.891014,30.829775,50.392986,77.15801,49.49256,78.09771,65.57883,73.9463,29.841898,74.90275,52.673782,64.85325,29.760765,36.50078,38.44797,37.611774,20.770805,36.960167,41.72492,30.864378,14.342758,30.538326
559,66.28111,35.25478,58.99599,36.343277,-1,-1,55.55753,30.281622,-1,-1,50.951443,77.57104,51.121212,76.788246,67.68988,70.54089,34.31657,73.7713,49.536148,67.77061,29.594477,38.656223,37.13991,38.32355,21.593102,39.09178,37.741863,31.806034,17.771925,30.697395
560,68.60818,38.604935,60.7052,39.116234,77.08582,38.656506,60.119995,32.421486,84.66124,31.851965,47.207157,84.6223,46.354286,80.7342,64.19844,78.18955,26.450304,76.44141,49.02062,69.976776,28.507187,35.9698,36.624866,37.804554,19.723087,35.54494,40.93271,30.083055,13.6747875,27.90988
561,62.7974,35.977047,56.120037,37.597343,70.01683,35.7954,51.436924,27.663404,72.84061,26.876797,50.459167,72.71315,50.545506,73.07466,67.87222,71.79532,36.036907,77.16509,47.638664,58.89193,28.857054,42.555065,36.806076,41.001022,22.584318,44.421864,35.954975,31.076593,17.813362,37.57455
562,67.21532,35.73374,59.020756,37.028763,73.44185,35.2121,57.64774,28.561203,78.172585,25.153128,51.050545,75.97363,50.406918,74.69941,63.30154,76.016975,35.626945,77.55497,51.69453,57.0428,29.939888,37.715435,37.91027,38.01689,22.495604,38.3604,38.729847,28.609762,15.093263,29.769257
563,64.9086,32.497604,56.46669,35.15772,74.026115,32.64082,50.354816,25.118044,79.654305,23.443123,46.276302,78.93381,46.795643,73.72519,65.29068,73.2078,35.0199,74.54579,39.574104,59.12308,29.96419,34.693047,37.103115,36.289642,22.67654,35.781853,34.526913,27.356276,19.985525,24.694012
564,71.40327,37.37791,61.13259,39.27395,81.068016,38.502724,54.42148,29.362814,86.75794,29.840239,46.339314,94.49407,47.357647,89.76861,69.93715,89.202576,32.539684,88.1486,41.351044,71.273415,25.40528,39.617355,34.590977,40.28852,16.731121,40.472923,33.06944,31.960024,12.342547,30.273249
565,68.330246,35.879185,59.77953,37.7628,76.48396,37.429974,54.653564,27.980433,81.127975,29.3494,47.25801,85.90572,47.520596,85.29412,65.5334,85.25554,35.112774,85.55848,43.50527,63.009163,31.715912,38.125904,39.03217,39.143158,23.745138,39.64606,38.438828,29.810106,19.172743,31.754404
566,65.161415,30.692272,57.9847,32.70082,71.991135,29.934494,54.59088,24.929293,77.079575,20.178692,52.80056,77.0766,52.105145,74.322716,66.71917,71.86507,36.02972,76.35483,50.999428,64.40687,27.08923,36.638126,33.99524,36.175938,19.883612,37.90812,35.244286,27.538593,12.17873,30.299526
567,66.42688,40.282578,58.32832,40.813602,75.381615,41.930557,54.57988,31.636923,84.53201,33.178783,41.328472,79.86956,41.726334,79.41539,58.41749,81.60456,30.73815,77.79559,39.346935,62.95548,29.170187,36.308105,36.66728,38.689663,21.922474,35.385365,36.74936,30.64776,17.410776,23.990807
568,64.56179,37.712067,57.80362,38.653637,71.64599,38.354153,57.678757,31.369265,76.20538,30.284813,49.042145,81.51433,48.81364,78.30734,62.472374,79.00654,30.069714,78.44154,52.903374,62.070435,29.368046,36.42518,36.87402,37.922707,22.324472,36.797134,41.090855,29.404982,18.02589,28.291805
569,66.69243,35.44911,59.165394,36.509888,73.65772,35.240864,56.637383,31.656273,78.12941,32.09774,50.671696,76.33256,50.298183,75.88665,67.468056,72.062775,31.684052,73.55828,50.780186,65.10633,29.94992,37.674053,37.395214,37.688274,22.039127,38.245224,40.28528,32.141335,17.355799,34.541927
570,65.46779,37.32771,57.64098,38.0393,72.441895,37.938953,57.47007,31.221048,77.688896,32.308903,48.511,73.49454,47.613922,73.4354,60.892727,74.10911,31.29387,73.26988,50.020954,62.008114,31.084177,36.042675,38.899635,36.895046,23.593073,36.567776,41.519447,29.292685,17.948328,30.43039
571,68.64401,34.896347,60.896103,36.94714,76.18158,34.66663,58.754875,30.706676,80.66059,28.021671,53.855686,79.06567,52.957447,72.34341,70.39479,67.9966,32.13676,71.64627,54.467678,63.256664,30.339449,38.677795,38.89085,38.969875,22.580711,39.71655,42.027622,31.394249,15.891081,33.994984
572,69.01212,32.44845,59.759468,34.372223,77.51391,32.65507,61.12569,29.879957,83.494225,24.088797,48.485275,88.29746,46.87871,86.564995,61.746403,84.51833,-1,-1,55.0348,67.46934,24.236624,30.764227,33.93515,33.66226,13.762755,31.310535,41.77872,26.890886,8.684941,22.249302
573,67.98077,37.27464,59.467255,37.786877,75.26085,36.99723,58.535095,30.73264,79.181274,29.849213,51.556446,76.493126,50.55139,74.59434,66.27704,71.84673,31.472607,72.61901,52.665222,65.30471,28.599512,37.645203,36.81187,37.979416,19.983269,38.18073,40.580364,29.729076,15.179539,30.340412
574,64.31292,40.066948,57.554466,39.78863,70.88719,40.83082,60.666115,25.362427,80.61577,24.061438,44.739395,78.24905,44.276978,75.60283,56.747536,76.14928,29.561174,72.595955,47.8391,64.958374,31.770393,35.909466,38.539093,36.963917,24.868309,34.934845,42.181778,22.810291,19.58797,19.693586
575,-1,-1,-1,-1,-1,-1,56.75054,31.441437,81.15075,26.773535,48.887047,83.04267,48.583954,81.26367,62.804813,80.147896,32.737774,80.83231,48.352715,69.55941,-1,-1,-1,-1,-1,-1,37.788387,31.764362,12.813894,28.027567
576,65.35242,35.85623,56.797752,38.294395,74.53427,36.01171,53.244896,29.39042,79.93508,28.090105,47.5164,78.381775,48.746174,78.950874,65.52092,75.85453,36.71639,76.79646,45.0259,64.46959,29.731367,37.592358,37.646675,39.07001,-1,-1,35.852367,31.201366,19.07101,29.357016
577,66.58974,31.625786,58.27492,35.138786,75.66977,30.880829,53.630676,27.985146,81.40472,21.708385,53.776318,81.86854,52.988495,76.13016,70.78337,72.24414,36.228405,77.46665,48.69081,61.024765,27.811607,36.920868,35.63012,38.003716,18.842318,38.61878,36.179134,31.061316,11.286214,31.217726
578,65.61736,39.033535,58.138893,39.653408,72.71622,40.1697,54.97692,32.54933,79.667305,36.44164,45.70892,80.98653,45.882347,77.69031,64.379654,76.26558,28.256317,74.90287,45.69172,66.8672,30.95452,37.743286,38.64219,38.824997,23.334486,38.38191,40.18603,32.623325,16.526606,34.152096
579,64.88625,37.608444,56.94748,38.801014,72.600006,38.198692,56.33603,29.200123,78.62117,32.210793,46.91062,74.23737,47.294693,71.97172,64.45953,71.95232,29.535969,72.478615,47.16754,61.198887,28.933826,37.59484,37.139088,38.88125,21.445143,38.09193,37.176804,29.121576,15.243892,31.894136
580,71.806725,40.80388,62.073364,40.837543,80.815186,43.187817,59.713642,32.312294,88.21938,34.3423,41.777687,84.59926,42.29914,80.61243,61.304153,82.18063,28.275986,74.91047,41.25706,63.125458,32.914112,32.26936,40.81392,35.611927,23.26094,31.153412,41.50047,29.003506,19.688923,20.02245
581,63.978218,30.393044,57.196053,33.968903,72.385864,28.930468,54.9253,29.170744,79.34397,15.134528,52.87778,76.22621,52.80449,75.81969,64.399155,71.73052,36.505955,77.15562,55.170635,59.763767,28.199162,37.033337,36.800205,37.45871,19.0378,39.035927,40.367336,30.523989,12.85198,29.728117
582,64.35204,37.932392,56.331238,38.142193,72.63205,39.121426,52.915672,30.728188,79.331314,32.31175,41.365063,72.6114,41.961887,72.04484,59.35522,71.72504,28.408157,67.91824,40.88665,60.061775,29.235498,33.872765,37.02678,35.667427,21.082926,33.176228,38.34271,29.299957,18.156605,23.750525
583,65.66615,36.462715,57.251793,39.207798,74.57494,38.120457,54.57874,33.212555,81.18658,29.005177,48.508602,78.289825,48.504627,76.93087,65.317116,73.20229,30.891207,73.863014,48.15427,61.065662,28.986765,36.708126,37.269928,39.119312,19.72698,37.91787,39.671417,33.398003,13.184127,29.922897
584,66.12395,38.575756,57.554756,41.12091,75.56897,40.337894,55.185238,34.046486,82.07658,31.209017,45.158897,81.181564,45.134037,77.995346,62.465034,75.571014,28.787252,73.71032,45.73278,62.299023,30.492294,35.71316,38.150967,39.457214,20.553196,35.889767,40.521767,32.87141,15.174085,25.61706
585,66.7507,36.698513,57.711136,38.432167,75.574356,37.280888,57.69364,31.827715,82.32496,29.24009,45.687,78.90078,45.571777,79.7606,60.15859,78.9543,28.849236,77.24356,47.484104,63.830547,25.485706,35.64621,34.93156,37.75789,16.654552,35.61742,39.72925,31.01104,12.339063,26.73191
586,66.13579,39.218273,57.963806,40.97374,74.824066,39.99887,55.986423,34.695312,80.39911,32.36129,46.812096,79.05907,47.016487,77.272316,62.92285,74.36232,31.416565,73.372856,46.579784,64.050545,30.867466,37.21023,38.677235,39.750404,23.429585,36.483757,40.620316,33.63323,17.139763,28.322374
587,64.74518,37.580353,56.878143,39.855316,73.376236,39.01074,55.045876,33.969707,79.0845,31.273413,46.040844,79.43782,46.069492,78.110306,59.140736,77.26187,32.03963,76.54014,47.75368,62.675446,29.187712,36.534348,36.993988,39.177135,21.335842,37.115093,41.44953,32.708374,16.617104,29.153128
588,64.13435,36.3946,56.583904,38.597965,71.463005,36.647846,54.55417,31.637648,76.3262,28.45343,49.397835,76.58154,49.060905,70.8781,66.280846,67.66588,30.750378,69.03643,49.388428,60.52313,30.303444,38.061832,37.665382,39.305725,22.821577,38.78677,39.491302,32.115353,16.594711,31.902685
589,65.37272,39.83716,57.733685,40.772686,73.189735,40.601612,56.80382,31.209234,79.2269,33.91312,46.975388,75.874084,47.050777,75.12613,61.90546,75.53188,31.870428,73.84855,46.88496,64.26096,30.500624,38.774258,38.439922,40.17481,22.825102,39.12321,40.16065,30.756662,17.533255,31.09027
590,67.06531,38.19912,58.38697,40.680096,76.48685,39.747696,55.72493,33.83936,82.95908,30.753517,45.962166,81.530106,45.882088,78.08919,63.373554,75.60359,29.399433,73.97461,46.21254,62.64967,30.897589,35.4738,38.498653,39.111725,20.719809,35.656326,40.738453,32.702415,15.238526,25.348782
591,75.58499,41.68694,65.155716,42.81616,83.520584,41.07367,64.13914,31.131525,88.47587,28.214016,53.455456,84.983246,53.221054,84.0405,71.71569,84.818275,32.834324,84.765816,53.49747,66.00737,28.887728,40.930573,38.349785,42.553436,19.141083,41.69833,39.903217,31.902468,13.078791,30.589687
592,66.00047,36.165024,-1,-1,-1,-1,-1,-1,-1,-1,48.717808,71.19484,-1,-1,-1,-1,-1,-1,48.35879,60.209785,29.348902,37.584095,-1,-1,-1,-1,-1,-1,-1,-1
593,65.68756,36.511063,-1,-1,-1,-1,-1,-1,-1,-1,48.86414,75.20057,-1,-1,-1,-1,-1,-1,49.82949,64.783,31.131588,36.725418,-1,-1,-1,-1,-1,-1,-1,-1
594,70.51048,42.028954,-1,-1,-1,-1,-1,-1,-1,-1,46.76089,78.0041,-1,-1,-1,-1,-1,-1,49.446663,70.519196,32.97481,35.35567,-1,-1,-1,-1,-1,-1,-1,-1
595,67.276634,35.415295,-1,-1,-1,-1,-1,-1,-1,-1,48.33413,78.14943,-1,-1,-1,-1,-1,-1,47.30903,65.8079,29.70258,36.37864,-1,-1,-1,-1,-1,-1,-1,-1
596,67.33773,36.907127,-1,-1,-1,-1,-1,-1,-1,-1,52.60746,71.09559,-1,-1,-1,-1,-1,-1,51.215984,63.68876,33.878464,39.912373,-1,-1,-1,-1,-1,-1,-1,-1
597,64.04689,36.33219,-1,-1,-1,-1,-1,-1,-1,-1,50.59368,75.685684,-1,-1,-1,-1,-1,-1,49.12793,66.09557,30.895641,39.923527,-1,-1,-1,-1,-1,-1,-1,-1
598,66.1817,40.98105,-1,-1,-1,-1,-1,-1,-1,-1,45.59133,83.53138,-1,-1,-1,-1,-1,-1,47.85985,67.70982,28.173037,36.289646,-1,-1,-1,-1,-1,-1,-1,-1
599,70.433205,37.09703,-1,-1,-1,-1,-1,-1,-1,-1,54.836395,78.41411,-1,-1,-1,-1,-1,-1,53.473778,69.56491,32.510887,39.832745,-1,-1,-1,-1,-1,-1,-1,-1
600,66.162384,38.532837,-1,-1,-1,-1,-1,-1,-1,-1,48.99584,77.014885,-1,-1,-1,-1,-1,-1,49.82114,67.31585,29.929272,38.255104,-1,-1,-1,-1,-1,-1,-1,-1
601,62.42657,38.25296,-1,-1,-1,-1,-1,-1,-1,-1,45.409145,77.012405,-1,-1,-1,-1,-1,-1,45.358555,65.881195,25.376078,35.216534,-1,-1,-1,-1,-1,-1,-1,-1
602,65.55481,37.78811,-1,-1,-1,-1,-1,-1,-1,-1,42.88778,72.38659,-1,-1,-1,-1,-1,-1,42.45634,63.068382,28.289415,34.34887,-1,-1,-1,-1,-1,-1,-1,-1
603,68.9124,40.82513,-1,-1,-1,-1,-1,-1,-1,-1,43.859,91.118546,-1,-1,-1,-1,-1,-1,40.866024,73.81107,33.132072,39.123383,-1,-1,-1,-1,-1,-1,-1,-1
604,64.30884,38.092503,-1,-1,-1,-1,-1,-1,-1,-1,47.2784,78.969345,-1,-1,-1,-1,-1,-1,47.02166,61.784924,29.878096,37.6693,-1,-1,-1,-1,-1,-1,-1,-1
605,64.823044,38.678535,-1,-1,-1,-1,-1,-1,-1,-1,44.21742,78.309586,-1,-1,-1,-1,-1,-1,43.558342,67.69298,30.397118,38.489445,-1,-1,-1,-1,-1,-1,-1,-1
606,66.95184,36.61908,-1,-1,-1,-1,-1,-1,-1,-1,48.25835,73.516785,-1,-1,-1,-1,-1,-1,48.150063,63.70883,29.607584,37.56126,-1,-1,-1,-1,-1,-1,-1,-1
607,63.66069,34.330414,-1,-1,-1,-1,-1,-1,-1,-1,57.01169,77.09084,-1,-1,-1,-1,-1,-1,55.37928,65.070206,30.858696,41.46887,-1,-1,-1,-1,-1,-1,-1,-1
608,66.82463,33.6724,-1,-1,-1,-1,-1,-1,-1,-1,58.246372,80.03008,-1,-1,-1,-1,-1,-1,56.797756,67.47481,29.7946,40.41125,-1,-1,-1,-1,-1,-1,-1,-1
609,64.12475,37.479218,-1,-1,-1,-1,-1,-1,-1,-1,48.159363,73.585556,-1,-1,-1,-1,-1,-1,48.08799,62.971962,31.171885,38.597267,-1,-1,-1,-1,-1,-1,-1,-1
610,65.393654,36.497597,-1,-1,-1,-1,-1,-1,-1,-1,46.52692,76.24296,-1,-1,-1,-1,-1,-1,45.22129,62.13111,28.054258,38.468945,-1,-1,-1,-1,-1,-1,-1,-1
611,69.16837,37.828773,-1,-1,-1,-1,-1,-1,-1,-1,50.455376,82.91001,-1,-1,-1,-1,-1,-1,49.115993,70.05278,28.00997,40.269154,-1,-1,-1,-1,-1,-1,-1,-1
612,66.59764,39.805805,-1,-1,-1,-1,-1,-1,-1,-1,48.330193,83.286446,-1,-1,-1,-1,-1,-1,50.344933,69.31315,27.83137,35.657894,-1,-1,-1,-1,-1,-1,-1,-1
613,66.94788,33.813755,-1,-1,-1,-1,-1,-1,-1,-1,50.182392,75.94222,-1,-1,-1,-1,-1,-1,48.809742,62.975,29.268291,37.433006,-1,-1,-1,-1,-1,-1,-1,-1
614,65.88262,37.883846,-1,-1,-1,-1,-1,-1,-1,-1,44.9339,77.39993,-1,-1,-1,-1,-1,-1,44.04926,56.288605,30.550974,36.63937,-1,-1,-1,-1,-1,-1,-1,-1
615,67.48805,37.18046,-1,-1,-1,-1,-1,-1,-1,-1,49.609646,78.23567,-1,-1,-1,-1,-1,-1,49.280704,64.33685,29.296335,38.536873,-1,-1,-1,-1,-1,-1,-1,-1
616,66.82893,37.48793,-1,-1,-1,-1,-1,-1,-1,-1,47.596256,75.9809,-1,-1,-1,-1,-1,-1,47.084064,65.20413,29.05527,37.64201,-1,-1,-1,-1,-1,-1,-1,-1
617,63.88901,35.793472,-1,-1,-1,-1,-1,-1,-1,-1,45.50705,75.200325,-1,-1,-1,-1,-1,-1,44.857643,60.261505,29.242712,36.0439,-1,-1,-1,-1,-1,-1,-1,-1
618,65.597374,34.966362,-1,-1,-1,-1,-1,-1,-1,-1,49.908936,77.33408,-1,-1,-1,-1,-1,-1,48.078262,68.12335,26.078259,41.507317,-1,-1,-1,-1,-1,-1,-1,-1
619,65.399925,35.79501,-1,-1,-1,-1,-1,-1,-1,-1,51.417374,75.460106,-1,-1,-1,-1,-1,-1,50.604343,64.0977,29.276451,38.624184,-1,-1,-1,-1,-1,-1,-1,-1
620,65.29147,38.727493,-1,-1,-1,-1,-1,-1,-1,-1,42.105408,77.29558,-1,-1,-1,-1,-1,-1,40.787376,66.60665,29.352783,35.649372,-1,-1,-1,-1,-1,-1,-1,-1
621,65.15788,36.256817,-1,-1,-1,-1,-1,-1,-1,-1,47.193916,78.91728,-1,-1,-1,-1,-1,-1,46.133984,65.93043,27.611067,40.07075,-1,-1,-1,-1,-1,-1,-1,-1
622,67.77777,40.70765,-1,-1,-1,-1,-1,-1,-1,-1,43.965565,76.028465,-1,-1,-1,-1,-1,-1,45.049194,60.874317,27.571236,35.75447,-1,-1,-1,-1,-1,-1,-1,-1
623,66.68794,34.832077,-1,-1,-1,-1,-1,-1,-1,-1,47.32366,76.67085,-1,-1,-1,-1,-1,-1,47.471325,60.51399,28.741693,34.86463,-1,-1,-1,-1,-1,-1,-1,-1
624,67.01919,41.059544,-1,-1,-1,-1,-1,-1,-1,-1,47.327522,81.55972,-1,-1,-1,-1,-1,-1,45.956085,65.198845,29.099224,40.774696,-1,-1,-1,-1,-1,-1,-1,-1
625,67.30078,36.804123,-1,-1,-1,-1,-1,-1,-1,-1,46.307655,69.15738,-1,-1,-1,-1,-1,-1,47.667255,56.388264,34.400352,32.765118,-1,-1,-1,-1,-1,-1,-1,-1
626,65.490654,33.977962,-1,-1,-1,-1,-1,-1,-1,-1,59.523235,76.15711,-1,-1,-1,-1,-1,-1,59.305134,62.78711,32.51609,41.27291,-1,-1,-1,-1,-1,-1,-1,-1
627,65.68125,35.63556,-1,-1,-1,-1,-1,-1,-1,-1,51.983337,75.84432,-1,-1,-1,-1,-1,-1,52.380405,64.677,30.051903,39.395195,-1,-1,-1,-1,-1,-1,-1,-1
628,62.230972,39.304203,-1,-1,-1,-1,-1,-1,-1,-1,43.190945,78.29874,-1,-1,-1,-1,-1,-1,45.579597,67.61157,26.607122,38.900658,-1,-1,-1,-1,-1,-1,-1,-1
629,67.231895,42.262505,-1,-1,-1,-1,-1,-1,-1,-1,48.31421,75.938255,-1,-1,-1,-1,-1,-1,48.886757,62.385693,30.676273,39.07252,-1,-1,-1,-1,-1,-1,-1,-1
630,66.147736,35.193695,-1,-1,-1,-1,-1,-1,-1,-1,47.139618,82.48261,-1,-1,-1,-1,-1,-1,46.140316,65.20378,28.623804,36.0669,-1,-1,-1,-1,-1,-1,-1,-1
631,61.76783,35.943684,-1,-1,-1,-1,-1,-1,-1,-1,50.96022,78.623604,-1,-1,-1,-1,-1,-1,46.392185,63.15377,26.47325,44.19851,-1,-1,-1,-1,-1,-1,-1,-1
632,65.28898,37.85488,-1,-1,-1,-1,-1,-1,-1,-1,43.81236,82.989136,-1,-1,-1,-1,-1,-1,43.089966,69.56759,28.699484,37.308273,-1,-1,-1,-1,-1,-1,-1,-1
633,64.79509,36.426743,-1,-1,-1,-1,-1,-1,-1,-1,51.17698,74.0252,-1,-1,-1,-1,-1,-1,49.38872,64.60967,29.504145,41.8857,-1,-1,-1,-1,-1,-1,-1,-1
634,63.54027,37.53228,-1,-1,-1,-1,-1,-1,-1,-1,47.06955,71.41269,-1,-1,-1,-1,-1,-1,47.33227,63.855804,31.376234,35.867874,-1,-1,-1,-1,-1,-1,-1,-1
635,63.664062,33.556934,-1,-1,-1,-1,-1,-1,-1,-1,57.14345,84.41782,-1,-1,-1,-1,-1,-1,63.126507,60.57386,28.992594,38.251347,-1,-1,-1,-1,-1,-1,-1,-1
636,64.72555,35.662323,-1,-1,-1,-1,-1,-1,-1,-1,43.11769,77.29207,-1,-1,-1,-1,-1,-1,35.930054,56.860252,24.574299,38.515305,-1,-1,-1,-1,-1,-1,-1,-1
637,64.19025,37.472107,-1,-1,-1,-1,-1,-1,-1,-1,48.418415,75.969604,-1,-1,-1,-1,-1,-1,48.076008,70.304054,28.991251,39.149975,-1,-1,-1,-1,-1,-1,-1,-1
638,65.02313,39.550808,-1,-1,-1,-1,-1,-1,-1,-1,49.302578,74.174545,-1,-1,-1,-1,-1,-1,48.639187,65.12656,32.638515,39.64206,-1,-1,-1,-1,-1,-1,-1,-1
639,64.99769,40.57183,-1,-1,-1,-1,-1,-1,-1,-1,42.797016,75.60691,-1,-1,-1,-1,-1,-1,42.62621,62.93575,31.088236,39.044003,-1,-1,-1,-1,-1,-1,-1,-1
640,65.30087,38.441036,-1,-1,-1,-1,-1,-1,-1,-1,46.234913,73.58598,-1,-1,-1,-1,-1,-1,46.356255,63.23402,29.371468,37.771194,-1,-1,-1,-1,-1,-1,-1,-1
641,66.051445,33.842613,-1,-1,-1,-1,-1,-1,-1,-1,53.5607,73.60736,-1,-1,-1,-1,-1,-1,53.462643,62.89496,32.321774,37.910076,-1,-1,-1,-1,-1,-1,-1,-1
642,68.50859,40.34978,-1,-1,-1,-1,-1,-1,-1,-1,55.81272,81.838554,-1,-1,-1,-1,-1,-1,58.12755,66.86243,35.324917,40.094925,-1,-1,-1,-1,-1,-1,-1,-1
643,68.52192,33.663754,-1,-1,-1,-1,-1,-1,-1,-1,47.80336,85.307205,-1,-1,-1,-1,-1,-1,46.437782,68.98642,27.19779,34.58407,-1,-1,-1,-1,-1,-1,-1,-1
644,66.33512,36.812824,-1,-1,-1,-1,-1,-1,-1,-1,48.56879,77.264786,-1,-1,-1,-1,-1,-1,51.423206,59.935513,28.1897,34.781506,-1,-1,-1,-1,-1,-1,-1,-1
645,64.63443,36.10175,-1,-1,-1,-1,-1,-1,-1,-1,47.380157,72.72642,-1,-1,-1,-1,-1,-1,46.853554,63.009888,29.292048,37.276714,-1,-1,-1,-1,-1,-1,-1,-1
646,61.678238,35.607815,-1,-1,-1,-1,-1,-1,-1,-1,48.41812,79.36716,-1,-1,-1,-1,-1,-1,40.736813,63.188824,35.25925,42.566753,-1,-1,-1,-1,-1,-1,-1,-1
647,66.318474,33.970913,-1,-1,-1,-1,-1,-1,-1,-1,54.54497,70.554565,-1,-1,-1,-1,-1,-1,54.419228,60.084576,30.18897,38.779057,-1,-1,-1,-1,-1,-1,-1,-1
648,68.205986,41.62095,-1,-1,-1,-1,-1,-1,-1,-1,45.07222,84.18868,-1,-1,-1,-1,-1,-1,46.072475,74.33032,29.784088,37.703606,-1,-1,-1,-1,-1,-1,-1,-1
649,65.70225,34.693417,-1,-1,-1,-1,-1,-1,-1,-1,48.29689,76.68953,-1,-1,-1,-1,-1,-1,48.737007,63.424023,27.875757,34.845695,-1,-1,-1,-1,-1,-1,-1,-1
650,69.795265,36.401424,-1,-1,-1,-1,-1,-1,-1,-1,48.50745,80.99539,-1,-1,-1,-1,-1,-1,45.17717,66.43908,29.451147,34.43961,-1,-1,-1,-1,-1,-1,-1,-1
651,66.90303,36.994404,-1,-1,-1,-1,-1,-1,-1,-1,50.169018,80.64448,-1,-1,-1,-1,-1,-1,50.410316,69.054054,27.70562,37.258457,-1,-1,-1,-1,-1,-1,-1,-1
652,66.29991,40.92857,-1,-1,-1,-1,-1,-1,-1,-1,52.058964,75.92298,-1,-1,-1,-1,-1,-1,53.890423,62.918953,30.95487,36.223335,-1,-1,-1,-1,-1,-1,-1,-1
653,64.25917,38.641514,-1,-1,-1,-1,-1,-1,-1,-1,44.41581,75.7318,-1,-1,-1,-1,-1,-1,42.683865,64.61365,31.674921,40.06357,-1,-1,-1,-1,-1,-1,-1,-1
654,63.360924,37.80063,-1,-1,-1,-1,-1,-1,-1,-1,41.152306,71.94675,-1,-1,-1,-1,-1,-1,41.19329,59.683807,31.10321,34.688663,-1,-1,-1,-1,-1,-1,-1,-1
655,66.86059,30.423101,-1,-1,-1,-1,-1,-1,-1,-1,62.004986,78.02496,-1,-1,-1,-1,-1,-1,61.179157,66.33948,31.303139,42.525154,-1,-1,-1,-1,-1,-1,-1,-1
656,68.8294,33.84014,-1,-1,-1,-1,-1,-1,-1,-1,51.42775,77.185875,-1,-1,-1,-1,-1,-1,50.58259,66.30771,26.909248,36.411922,-1,-1,-1,-1,-1,-1,-1,-1
657,65.40289,37.599934,-1,-1,-1,-1,-1,-1,-1,-1,48.78631,71.8234,-1,-1,-1,-1,-1,-1,48.84055,62.25693,29.988098,37.27643,-1,-1,-1,-1,-1,-1,-1,-1
658,68.719734,37.2294,-1,-1,-1,-1,-1,-1,-1,-1,48.702316,79.24774,-1,-1,-1,-1,-1,-1,49.40364,65.190506,28.630297,36.769955,-1,-1,-1,-1,-1,-1,-1,-1
659,61.83468,38.319244,-1,-1,-1,-1,-1,-1,-1,-1,50.015774,74.05211,-1,-1,-1,-1,-1,-1,47.72741,64.031715,31.352821,43.597702,-1,-1,-1,-1,-1,-1,-1,-1
660,62.969997,35.298656,-1,-1,-1,-1,-1,-1,-1,-1,48.74277,73.532234,-1,-1,-1,-1,-1,-1,49.17738,61.885113,31.011663,36.972584,-1,-1,-1,-1,-1,-1,-1,-1
661,65.06367,35.60384,-1,-1,-1,-1,-1,-1,-1,-1,46.340107,73.690094,-1,-1,-1,-1,-1,-1,46.36094,64.524734,29.020805,35.901802,-1,-1,-1,-1,-1,-1,-1,-1
662,66.002014,42.353706,-1,-1,-1,-1,-1,-1,-1,-1,52.99311,76.05836,-1,-1,-1,-1,-1,-1,52.823986,63.331272,31.465536,42.89731,-1,-1,-1,-1,-1,-1,-1,-1
663,63.84147,40.105343,-1,-1,-1,-1,-1,-1,-1,-1,41.101727,78.83649,-1,-1,-1,-1,-1,-1,40.879414,69.36153,30.218306,35.493084,-1,-1,-1,-1,-1,-1,-1,-1
664,67.50629,35.49346,-1,-1,-1,-1,-1,-1,-1,-1,51.33122,73.44918,-1,-1,-1,-1,-1,-1,52.08856,57.72498,30.195276,35.390694,-1,-1,-1,-1,-1,-1,-1,-1
665,65.436035,38.023403,-1,-1,-1,-1,-1,-1,-1,-1,50.935356,82.87878,-1,-1,-1,-1,-1,-1,52.73438,62.231937,30.561022,39.611244,-1,-1,-1,-1,-1,-1,-1,-1
666,65.21721,39.254375,-1,-1,-1,-1,-1,-1,-1,-1,46.589855,77.49897,-1,-1,-1,-1,-1,-1,46.092155,67.13695,33.09547,37.75603,-1,-1,-1,-1,-1,-1,-1,-1
667,64.22926,36.770485,-1,-1,-1,-1,-1,-1,-1,-1,55.719612,81.61077,-1,-1,-1,-1,-1,-1,58.94309,66.40746,31.272873,39.46014,-1,-1,-1,-1,-1,-1,-1,-1
668,64.495255,39.178883,-1,-1,-1,-1,-1,-1,-1,-1,50.627167,71.769775,-1,-1,-1,-1,-1,-1,51.32653,60.577618,32.87533,37.897804,-1,-1,-1,-1,-1,-1,-1,-1
669,67.41797,35.693325,-1,-1,-1,-1,-1,-1,-1,-1,51.019535,80.63098,-1,-1,-1,-1,-1,-1,50.3047,67.32065,27.965467,38.713715,-1,-1,-1,-1,-1,-1,-1,-1
670,62.843525,30.699505,-1,-1,-1,-1,-1,-1,-1,-1,56.504025,74.47428,-1,-1,-1,-1,-1,-1,51.76131,62.999237,28.748672,42.882008,-1,-1,-1,-1,-1,-1,-1,-1
671,68.63592,42.666943,-1,-1,-1,-1,-1,-1,-1,-1,50.642136,79.9517,-1,-1,-1,-1,-1,-1,51.340076,65.309654,32.193714,38.471424,-1,-1,-1,-1,-1,-1,-1,-1
672,62.301666,40.300144,-1,-1,-1,-1,-1,-1,-1,-1,42.237392,77.31681,-1,-1,-1,-1,-1,-1,48.074005,61.75701,28.808107,34.606804,-1,-1,-1,-1,-1,-1,-1,-1
673,61.537807,41.95774,-1,-1,-1,-1,-1,-1,-1,-1,48.477764,69.47586,-1,-1,-1,-1,-1,-1,48.63231,60.613197,33.014133,43.80513,-1,-1,-1,-1,-1,-1,-1,-1
674,69.61742,37.96175,-1,-1,-1,-1,-1,-1,-1,-1,44.67102,74.40674,-1,-1,-1,-1,-1,-1,44.7902,57.483494,26.699196,35.416233,-1,-1,-1,-1,-1,-1,-1,-1
675,67.10362,38.466873,-1,-1,-1,-1,-1,-1,-1,-1,45.540447,78.29851,-1,-1,-1,-1,-1,-1,46.130104,66.90502,29.763605,38.346672,-1,-1,-1,-1,-1,-1,-1,-1
676,71.0588,41.107487,-1,-1,-1,-1,-1,-1,-1,-1,61.16789,74.92622,-1,-1,-1,-1,-1,-1,63.802177,59.59177,39.01911,38.34507,-1,-1,-1,-1,-1,-1,-1,-1
677,65.95645,39.024822,-1,-1,-1,-1,-1,-1,-1,-1,46.255253,78.55603,-1,-1,-1,-1,-1,-1,47.17756,66.63142,27.326698,36.450394,-1,-1,-1,-1,-1,-1,-1,-1
678,61.967884,38.935616,-1,-1,-1,-1,-1,-1,-1,-1,50.13273,76.52912,-1,-1,-1,-1,-1,-1,50.73865,66.06957,30.68545,38.65338,-1,-1,-1,-1,-1,-1,-1,-1
679,64.80423,39.39895,-1,-1,-1,-1,-1,-1,-1,-1,41.090954,78.79947,-1,-1,-1,-1,-1,-1,45.62213,65.55642,28.604391,33.649616,-1,-1,-1,-1,-1,-1,-1,-1
680,66.69922,44.10866,-1,-1,-1,-1,-1,-1,-1,-1,39.240677,74.605125,-1,-1,-1,-1,-1,-1,39.866943,64.62639,33.316082,34.50784,-1,-1,-1,-1,-1,-1,-1,-1
681,66.198524,33.84818,-1,-1,-1,-1,-1,-1,-1,-1,48.168278,81.76146,-1,-1,-1,-1,-1,-1,46.972767,63.11454,27.780497,36.168926,-1,-1,-1,-1,-1,-1,-1,-1
682,63.53775,35.214554,-1,-1,-1,-1,-1,-1,-1,-1,56.308826,71.011894,-1,-1,-1,-1,-1,-1,54.954987,62.931618,30.55628,41.988483,-1,-1,-1,-1,-1,-1,-1,-1
683,64.55071,39.67537,-1,-1,-1,-1,-1,-1,-1,-1,44.787094,77.11914,-1,-1,-1,-1,-1,-1,43.487347,67.08316,29.026241,40.051586,-1,-1,-1,-1,-1,-1,-1,-1
684,66.06723,35.970585,-1,-1,-1,-1,-1,-1,-1,-1,45.58673,76.1388,-1,-1,-1,-1,-1,-1,45.8222,61.694298,30.693686,34.62741,-1,-1,-1,-1,-1,-1,-1,-1
685,64.35302,38.012966,-1,-1,-1,-1,-1,-1,-1,-1,46.41872,75.12106,-1,-1,-1,-1,-1,-1,46.53037,64.29765,30.121044,37.326115,-1,-1,-1,-1,-1,-1,-1,-1
686,62.75986,39.487957,-1,-1,-1,-1,-1,-1,-1,-1,45.740906,77.5646,-1,-1,-1,-1,-1,-1,47.3188,65.27606,31.575584,35.874554,-1,-1,-1,-1,-1,-1,-1,-1
687,65.545845,38.38343,-1,-1,-1,-1,-1,-1,-1,-1,49.642963,77.382065,-1,-1,-1,-1,-1,-1,49.08969,64.76192,28.67818,40.491894,-1,-1,-1,-1,-1,-1,-1,-1
688,66.121124,41.81986,-1,-1,-1,-1,-1,-1,-1,-1,48.54155,75.23486,-1,-1,-1,-1,-1,-1,50.744995,64.91954,35.80828,40.25441,-1,-1,-1,-1,-1,-1,-1,-1
689,45.493233,42.8684,-1,-1,-1,-1,-1,-1,-1,-1,29.984205,64.54909,-1,-1,-1,-1,-1,-1,30.07119,57.954052,26.472519,38.318127,-1,-1,-1,-1,-1,-1,-1,-1
690,62.86481,38.309155,-1,-1,-1,-1,-1,-1,-1,-1,46.272064,70.09077,-1,-1,-1,-1,-1,-1,46.99537,60.3404,31.54767,36.40185,-1,-1,-1,-1,-1,-1,-1,-1
691,63.971977,37.985497,-1,-1,-1,-1,-1,-1,-1,-1,44.34908,73.77739,-1,-1,-1,-1,-1,-1,44.380375,61.278008,30.957119,35.97434,-1,-1,-1,-1,-1,-1,-1,-1
692,65.190346,40.790085,-1,-1,-1,-1,-1,-1,-1,-1,47.94188,74.64842,-1,-1,-1,-1,-1,-1,48.743973,62.8791,31.631533,39.09144,-1,-1,-1,-1,-1,-1,-1,-1
693,57.36167,35.99959,-1,-1,-1,-1,-1,-1,-1,-1,41.52138,73.573784,-1,-1,-1,-1,-1,-1,36.55473,61.084427,31.012503,38.575764,-1,-1,-1,-1,-1,-1,-1,-1
694,63.161827,34.170704,-1,-1,-1,-1,-1,-1,-1,-1,46.306286,71.30524,-1,-1,-1,-1,-1,-1,44.88213,59.611046,25.01069,37.14052,-1,-1,-1,-1,-1,-1,-1,-1
695,69.66105,30.75431,-1,-1,-1,-1,-1,-1,-1,-1,54.307014,67.561104,-1,-1,-1,-1,-1,-1,55.876053,52.120922,30.723238,32.560898,-1,-1,-1,-1,-1,-1,-1,-1
696,70.71428,38.87734,-1,-1,-1,-1,-1,-1,-1,-1,41.11236,77.026405,-1,-1,-1,-1,-1,-1,41.969543,66.09034,29.525944,30.983028,-1,-1,-1,-1,-1,-1,-1,-1
697,61.11114,37.29131,-1,-1,-1,-1,-1,-1,-1,-1,43.58277,59.86352,-1,-1,-1,-1,-1,-1,44.856865,52.39389,31.922356,34.35094,-1,-1,-1,-1,-1,-1,-1,-1
698,65.105644,35.70188,-1,-1,-1,-1,-1,-1,-1,-1,51.410664,76.18407,-1,-1,-1,-1,-1,-1,49.787437,67.57737,29.872883,38.73709,-1,-1,-1,-1,-1,-1,-1,-1
699,67.92319,29.53494,-1,-1,-1,-1,-1,-1,-1,-1,54.940426,78.18322,-1,-1,-1,-1,-1,-1,47.781673,61.43014,28.882149,38.80639,-1,-1,-1,-1,-1,-1,-1,-1
700,64.9228,40.65182,-1,-1,-1,-1,-1,-1,-1,-1,44.4842,74.4653,-1,-1,-1,-1,-1,-1,47.50563,64.38248,34.819244,33.44374,-1,-1,-1,-1,-1,-1,-1,-1
701,64.156204,40.526897,-1,-1,-1,-1,-1,-1,-1,-1,48.507263,72.57673,-1,-1,-1,-1,-1,-1,49.345585,62.839626,33.218723,38.36545,-1,-1,-1,-1,-1,-1,-1,-1
702,63.89408,36.287724,-1,-1,-1,-1,-1,-1,-1,-1,49.426205,76.64967,-1,-1,-1,-1,-1,-1,47.069267,64.48992,31.97169,38.743,-1,-1,-1,-1,-1,-1,-1,-1
703,67.27884,42.624863,-1,-1,-1,-1,-1,-1,-1,-1,47.236126,73.266495,-1,-1,-1,-1,-1,-1,47.829315,63.809254,32.6225,38.129337,-1,-1,-1,-1,-1,-1,-1,-1
704,71.30971,47.690926,-1,-1,-1,-1,-1,-1,-1,-1,58.306946,70.2969,-1,-1,-1,-1,-1,-1,58.439503,60.20893,47.896965,45.16354,-1,-1,-1,-1,-1,-1,-1,-1
705,67.89136,38.491756,-1,-1,-1,-1,-1,-1,-1,-1,51.002007,84.263954,-1,-1,-1,-1,-1,-1,52.231865,69.09665,27.751997,39.00371,-1,-1,-1,-1,-1,-1,-1,-1
706,67.47458,39.004196,-1,-1,-1,-1,-1,-1,-1,-1,41.252617,84.75328,-1,-1,-1,-1,-1,-1,45.00827,72.69471,27.2762,34.389286,-1,-1,-1,-1,-1,-1,-1,-1
707,63.824883,38.633827,-1,-1,-1,-1,-1,-1,-1,-1,46.069916,76.62005,-1,-1,-1,-1,-1,-1,46.257103,65.165184,30.891651,38.45921,-1,-1,-1,-1,-1,-1,-1,-1
708,65.58986,39.149696,-1,-1,-1,-1,-1,-1,-1,-1,49.77992,68.91993,-1,-1,-1,-1,-1,-1,50.60168,59.268063,33.172367,35.155937,-1,-1,-1,-1,-1,-1,-1,-1
709,65.14804,38.382626,-1,-1,-1,-1,-1,-1,-1,-1,50.43512,74.77713,-1,-1,-1,-1,-1,-1,51.783775,64.85813,34.874878,38.048183,-1,-1,-1,-1,-1,-1,-1,-1
710,69.16577,41.141197,-1,-1,-1,-1,-1,-1,-1,-1,43.85718,78.23607,-1,-1,-1,-1,-1,-1,45.9947,66.53603,27.882845,34.474277,-1,-1,-1,-1,-1,-1,-1,-1
711,65.26789,38.791416,-1,-1,-1,-1,-1,-1,-1,-1,44.034557,72.89637,-1,-1,-1,-1,-1,-1,44.452553,64.33348,29.210487,34.90213,-1,-1,-1,-1,-1,-1,-1,-1
712,65.76186,38.251053,-1,-1,-1,-1,-1,-1,-1,-1,49.281548,72.90702,-1,-1,-1,-1,-1,-1,49.895042,60.926952,33.052147,35.520706,-1,-1,-1,-1,-1,-1,-1,-1
713,65.28306,35.80798,-1,-1,-1,-1,-1,-1,-1,-1,49.398224,76.80778,-1,-1,-1,-1,-1,-1,48.562683,65.43737,30.383324,37.888306,-1,-1,-1,-1,-1,-1,-1,-1
714,64.42793,38.376312,-1,-1,-1,-1,-1,-1,-1,-1,44.297806,71.011536,-1,-1,-1,-1,-1,-1,44.942387,57.363953,32.10108,35.8403,-1,-1,-1,-1,-1,-1,-1,-1
715,62.43278,38.92563,-1,-1,-1,-1,-1,-1,-1,-1,46.32956,75.35257,-1,-1,-1,-1,-1,-1,46.75482,65.9477,30.44482,39.398018,-1,-1,-1,-1,-1,-1,-1,-1
716,65.053055,36.44684,-1,-1,-1,-1,-1,-1,-1,-1,54.185505,73.51898,-1,-1,-1,-1,-1,-1,53.525497,61.9064,30.632845,39.309376,-1,-1,-1,-1,-1,-1,-1,-1
717,67.678444,40.311653,-1,-1,-1,-1,-1,-1,-1,-1,47.897827,73.69952,-1,-1,-1,-1,-1,-1,48.364704,63.29853,30.868605,38.288475,-1,-1,-1,-1,-1,-1,-1,-1
718,64.57633,37.081497,-1,-1,-1,-1,-1,-1,-1,-1,45.552452,76.87861,-1,-1,-1,-1,-1,-1,44.768787,65.45922,29.112997,34.96653,-1,-1,-1,-1,-1,-1,-1,-1
719,65.80189,36.933372,-1,-1,-1,-1,-1,-1,-1,-1,50.55645,73.12465,-1,-1,-1,-1,-1,-1,51.16897,61.45765,30.029081,37.705296,-1,-1,-1,-1,-1,-1,-1,-1
720,66.151634,37.707172,-1,-1,-1,-1,-1,-1,-1,-1,52.09137,76.60884,-1,-1,-1,-1,-1,-1,52.605835,67.22661,32.079025,38.28969,-1,-1,-1,-1,-1,-1,-1,-1
721,68.221985,39.24983,-1,-1,-1,-1,-1,-1,-1,-1,51.24338,73.080315,-1,-1,-1,-1,-1,-1,49.9463,63.915077,34.043552,41.42084,-1,-1,-1,-1,-1,-1,-1,-1
722,64.91489,39.34316,-1,-1,-1,-1,-1,-1,-1,-1,49.439846,77.08915,-1,-1,-1,-1,-1,-1,49.366383,64.897964,30.896349,41.216915,-1,-1,-1,-1,-1,-1,-1,-1
723,61.79947,36.932484,-1,-1,-1,-1,-1,-1,-1,-1,38.902042,72.817856,-1,-1,-1,-1,-1,-1,37.97108,60.737495,33.396908,34.77588,-1,-1,-1,-1,-1,-1,-1,-1
724,65.17667,33.97036,-1,-1,-1,-1,-1,-1,-1,-1,50.858532,79.56194,-1,-1,-1,-1,-1,-1,49.818604,65.1267,28.771996,40.104065,-1,-1,-1,-1,-1,-1,-1,-1
725,66.55116,37.79259,-1,-1,-1,-1,-1,-1,-1,-1,48.632065,78.326004,-1,-1,-1,-1,-1,-1,49.060543,68.7559,30.36946,37.97388,-1,-1,-1,-1,-1,-1,-1,-1
726,69.16859,40.765476,-1,-1,-1,-1,-1,-1,-1,-1,47.89887,75.26994,-1,-1,-1,-1,-1,-1,48.57398,63.814377,30.88827,39.26357,-1,-1,-1,-1,-1,-1,-1,-1
727,65.71871,38.86061,-1,-1,-1,-1,-1,-1,-1,-1,44.72832,82.98676,-1,-1,-1,-1,-1,-1,45.31956,62.55084,31.088854,36.383022,-1,-1,-1,-1,-1,-1,-1,-1
728,66.790115,41.185837,-1,-1,-1,-1,-1,-1,-1,-1,46.64275,72.44384,-1,-1,-1,-1,-1,-1,48.356903,61.535023,30.159452,36.651497,-1,-1,-1,-1,-1,-1,-1,-1
729,65.0049,34.502083,-1,-1,-1,-1,-1,-1,-1,-1,51.212753,72.04153,-1,-1,-1,-1,-1,-1,49.11844,64.17274,31.27075,38.71961,-1,-1,-1,-1,-1,-1,-1,-1
730,63.59472,40.79924,-1,-1,-1,-1,-1,-1,-1,-1,48.041943,84.270706,-1,-1,-1,-1,-1,-1,52.12511,65.48912,27.827694,36.67816,-1,-1,-1,-1,-1,-1,-1,-1
731,63.794823,34.15055,-1,-1,-1,-1,-1,-1,-1,-1,51.529636,77.46118,-1,-1,-1,-1,-1,-1,48.460213,57.632683,29.987,39.41201,-1,-1,-1,-1,-1,-1,-1,-1
732,64.20465,35.452675,-1,-1,-1,-1,-1,-1,-1,-1,47.166344,75.88049,-1,-1,-1,-1,-1,-1,48.306816,57.65783,31.06225,34.976624,-1,-1,-1,-1,-1,-1,-1,-1
733,66.06692,37.61383,-1,-1,-1,-1,-1,-1,-1,-1,45.79024,75.53083,-1,-1,-1,-1,-1,-1,45.18276,64.82166,28.948753,37.93992,-1,-1,-1,-1,-1,-1,-1,-1
734,58.189342,34.564396,-1,-1,-1,-1,-1,-1,-1,-1,46.74319,75.17933,-1,-1,-1,-1,-1,-1,43.169334,63.064934,27.200611,40.721176,-1,-1,-1,-1,-1,-1,-1,-1
735,64.273766,42.60614,-1,-1,-1,-1,-1,-1,-1,-1,37.98334,79.13556,-1,-1,-1,-1,-1,-1,40.458687,68.81021,29.304598,32.50913,-1,-1,-1,-1,-1,-1,-1,-1
736,75.05726,39.067635,-1,-1,-1,-1,-1,-1,-1,-1,61.89722,79.8162,-1,-1,-1,-1,-1,-1,62.270153,67.87891,39.673058,36.605576,-1,-1,-1,-1,-1,-1,-1,-1
737,65.65123,35.476257,-1,-1,-1,-1,-1,-1,-1,-1,47.126602,73.439865,-1,-1,-1,-1,-1,-1,45.99001,60.524822,24.089499,36.30923,-1,-1,-1,-1,-1,-1,-1,-1
738,60.604504,35.047085,-1,-1,-1,-1,-1,-1,-1,-1,54.454838,78.48243,-1,-1,-1,-1,-1,-1,49.78185,64.98328,31.85537,42.551655,-1,-1,-1,-1,-1,-1,-1,-1
739,71.74296,32.537884,-1,-1,-1,-1,-1,-1,-1,-1,59.621986,82.7638,-1,-1,-1,-1,-1,-1,56.37629,70.93808,26.283861,43.71517,-1,-1,-1,-1,-1,-1,-1,-1
740,63.13267,37.0097,-1,-1,-1,-1,-1,-1,-1,-1,47.314823,76.81393,-1,-1,-1,-1,-1,-1,48.66804,67.06376,29.682695,36.44776,-1,-1,-1,-1,-1,-1,-1,-1
741,67.16486,38.116356,-1,-1,-1,-1,-1,-1,-1,-1,46.861115,81.59168,-1,-1,-1,-1,-1,-1,47.06876,68.03503,29.655224,36.2639,-1,-1,-1,-1,-1,-1,-1,-1
742,65.38728,36.336506,-1,-1,-1,-1,-1,-1,-1,-1,50.920475,76.766075,-1,-1,-1,-1,-1,-1,51.293034,66.7058,29.076618,38.005276,-1,-1,-1,-1,-1,-1,-1,-1
743,64.8372,37.68107,-1,-1,-1,-1,-1,-1,-1,-1,50.34984,76.89464,-1,-1,-1,-1,-1,-1,52.61973,65.08777,30.587442,38.96774,-1,-1,-1,-1,-1,-1,-1,-1
744,69.16859,40.765476,-1,-1,-1,-1,-1,-1,-1,-1,47.89887,75.26994,-1,-1,-1,-1,-1,-1,48.57398,63.814377,30.88827,39.26357,-1,-1,-1,-1,-1,-1,-1,-1
745,64.29277,34.083138,-1,-1,-1,-1,-1,-1,-1,-1,48.525852,71.93712,-1,-1,-1,-1,-1,-1,48.373516,61.296543,30.358889,36.675,-1,-1,-1,-1,-1,-1,-1,-1
746,65.1696,40.38139,-1,-1,-1,-1,-1,-1,-1,-1,51.89795,77.80203,-1,-1,-1,-1,-1,-1,50.6569,66.836235,31.292747,42.731014,-1,-1,-1,-1,-1,-1,-1,-1
747,65.38728,36.336506,-1,-1,-1,-1,-1,-1,-1,-1,50.920475,76.766075,-1,-1,-1,-1,-1,-1,51.293034,66.7058,29.076618,38.005276,-1,-1,-1,-1,-1,-1,-1,-1
748,66.58227,38.231667,-1,-1,-1,-1,-1,-1,-1,-1,49.81929,78.63097,-1,-1,-1,-1,-1,-1,50.118416,66.43176,32.3052,37.25964,-1,-1,-1,-1,-1,-1,-1,-1
749,68.255615,38.180153,-1,-1,-1,-1,-1,-1,-1,-1,47.963924,82.8973,-1,-1,-1,-1,-1,-1,46.14597,68.519,29.366594,39.406143,-1,-1,-1,-1,-1,-1,-1,-1
750,64.89701,37.7213,-1,-1,-1,-1,-1,-1,-1,-1,50.89772,74.32557,-1,-1,-1,-1,-1,-1,51.416443,62.977367,30.436255,37.738537,-1,-1,-1,-1,-1,-1,-1,-1
751,39.640804,38.718136,-1,-1,-1,-1,-1,-1,-1,-1,25.32847,70.99436,-1,-1,-1,-1,-1,-1,23.750082,61.2777,12.659017,38.59971,-1,-1,-1,-1,-1,-1,-1,-1
752,66.193985,43.07306,-1,-1,-1,-1,-1,-1,-1,-1,41.57354,77.98179,-1,-1,-1,-1,-1,-1,45.238506,66.45269,31.441551,34.671864,-1,-1,-1,-1,-1,-1,-1,-1
753,66.39865,35.937283,-1,-1,-1,-1,-1,-1,-1,-1,50.6229,74.64458,-1,-1,-1,-1,-1,-1,50.12909,63.93005,28.109774,40.524155,-1,-1,-1,-1,-1,-1,-1,-1
754,66.26841,37.149105,-1,-1,-1,-1,-1,-1,-1,-1,47.730366,78.990074,-1,-1,-1,-1,-1,-1,48.381493,68.6502,29.875954,36.27193,-1,-1,-1,-1,-1,-1,-1,-1
755,64.52973,39.762737,-1,-1,-1,-1,-1,-1,-1,-1,50.58431,77.46724,-1,-1,-1,-1,-1,-1,51.269093,63.529533,31.830786,37.32456,-1,-1,-1,-1,-1,-1,-1,-1
756,65.66931,40.34438,-1,-1,-1,-1,-1,-1,-1,-1,45.427204,73.421486,-1,-1,-1,-1,-1,-1,46.943962,64.0016,32.119022,36.130207,-1,-1,-1,-1,-1,-1,-1,-1
757,61.25579,38.981277,-1,-1,-1,-1,-1,-1,-1,-1,50.459957,73.327896,-1,-1,-1,-1,-1,-1,49.725597,63.03069,31.020721,42.74667,-1,-1,-1,-1,-1,-1,-1,-1
758,67.35205,35.1524,-1,-1,-1,-1,-1,-1,-1,-1,51.3011,78.11618,-1,-1,-1,-1,-1,-1,48.252766,63.942318,29.783268,36.97293,-1,-1,-1,-1,-1,-1,-1,-1
759,68.05956,31.609962,-1,-1,-1,-1,-1,-1,-1,-1,52.59087,77.34348,-1,-1,-1,-1,-1,-1,49.023674,61.370827,26.692865,37.94495,-1,-1,-1,-1,-1,-1,-1,-1
760,65.47532,36.887215,-1,-1,-1,-1,-1,-1,-1,-1,53.55544,76.416176,-1,-1,-1,-1,-1,-1,54.139412,63.518005,32.044216,38.4888,-1,-1,-1,-1,-1,-1,-1,-1
761,63.32308,42.609085,-1,-1,-1,-1,-1,-1,-1,-1,39.643326,66.85372,-1,-1,-1,-1,-1,-1,41.153854,57.397163,37.451042,35.027622,-1,-1,-1,-1,-1,-1,-1,-1
762,60.75263,36.898674,-1,-1,-1,-1,-1,-1,-1,-1,41.63359,77.03041,-1,-1,-1,-1,-1,-1,37.02855,64.103645,28.094122,38.42,-1,-1,-1,-1,-1,-1,-1,-1
763,62.023968,33.993782,-1,-1,-1,-1,-1,-1,-1,-1,57.245052,76.35536,-1,-1,-1,-1,-1,-1,49.292583,62.254765,31.029465,47.794277,-1,-1,-1,-1,-1,-1,-1,-1
764,62.407337,34.58067,-1,-1,-1,-1,-1,-1,-1,-1,48.96453,69.23622,-1,-1,-1,-1,-1,-1,46.07428,58.006207,31.51933,40.905746,-1,-1,-1,-1,-1,-1,-1,-1
765,63.448017,37.176292,-1,-1,-1,-1,-1,-1,-1,-1,48.613224,75.786064,-1,-1,-1,-1,-1,-1,48.22856,66.63129,28.902851,38.89785,-1,-1,-1,-1,-1,-1,-1,-1
766,66.43296,40.666683,-1,-1,-1,-1,-1,-1,-1,-1,49.872658,82.46783,-1,-1,-1,-1,-1,-1,50.239605,67.94746,29.639864,40.7585,-1,-1,-1,-1,-1,-1,-1,-1
767,69.13145,38.248028,-1,-1,-1,-1,-1,-1,-1,-1,50.40396,80.57037,-1,-1,-1,-1,-1,-1,49.55798,67.91736,30.855108,38.97544,-1,-1,-1,-1,-1,-1,-1,-1
768,64.34582,32.68045,-1,-1,-1,-1,-1,-1,-1,-1,54.90526,74.85511,-1,-1,-1,-1,-1,-1,51.181072,64.95364,30.99387,40.34267,-1,-1,-1,-1,-1,-1,-1,-1
769,65.86414,38.028347,-1,-1,-1,-1,-1,-1,-1,-1,45.502937,80.3228,-1,-1,-1,-1,-1,-1,44.82793,68.11362,31.209177,36.24675,-1,-1,-1,-1,-1,-1,-1,-1
770,65.0769,40.777584,-1,-1,-1,-1,-1,-1,-1,-1,40.015503,71.03464,-1,-1,-1,-1,-1,-1,41.84937,59.686245,29.696047,34.046906,-1,-1,-1,-1,-1,-1,-1,-1
771,66.31216,40.16066,-1,-1,-1,-1,-1,-1,-1,-1,47.28646,79.80221,-1,-1,-1,-1,-1,-1,47.49744,68.784454,29.691364,39.530926,-1,-1,-1,-1,-1,-1,-1,-1
772,65.79281,40.50284,-1,-1,-1,-1,-1,-1,-1,-1,40.373486,77.13868,-1,-1,-1,-1,-1,-1,43.425644,66.22156,27.409664,32.8174,-1,-1,-1,-1,-1,-1,-1,-1
773,66.55669,35.89023,-1,-1,-1,-1,-1,-1,-1,-1,49.84424,72.17864,-1,-1,-1,-1,-1,-1,51.45758,64.0258,29.932293,36.513844,-1,-1,-1,-1,-1,-1,-1,-1
774,59.00155,37.16284,-1,-1,-1,-1,-1,-1,-1,-1,48.58242,77.59449,-1,-1,-1,-1,-1,-1,43.704273,66.41147,26.23621,43.32067,-1,-1,-1,-1,-1,-1,-1,-1
775,66.63618,37.252716,-1,-1,-1,-1,-1,-1,-1,-1,48.01723,77.7203,-1,-1,-1,-1,-1,-1,47.569138,64.988556,26.536028,38.24173,-1,-1,-1,-1,-1,-1,-1,-1
776,65.93371,36.463837,-1,-1,-1,-1,-1,-1,-1,-1,52.163013,78.171036,-1,-1,-1,-1,-1,-1,50.02749,67.76119,29.800343,39.001266,-1,-1,-1,-1,-1,-1,-1,-1
777,66.704796,37.58863,-1,-1,-1,-1,-1,-1,-1,-1,47.76687,78.42442,-1,-1,-1,-1,-1,-1,47.21051,66.397606,30.336798,38.203907,-1,-1,-1,-1,-1,-1,-1,-1
778,63.634766,34.59799,-1,-1,-1,-1,-1,-1,-1,-1,52.83536,68.59112,-1,-1,-1,-1,-1,-1,50.906498,58.800026,28.78834,41.311394,-1,-1,-1,-1,-1,-1,-1,-1
779,65.79281,40.50284,-1,-1,-1,-1,-1,-1,-1,-1,40.373486,77.13868,-1,-1,-1,-1,-1,-1,43.425644,66.22156,27.409664,32.8174,-1,-1,-1,-1,-1,-1,-1,-1
780,62.012608,39.00458,-1,-1,-1,-1,-1,-1,-1,-1,45.205055,81.02422,-1,-1,-1,-1,-1,-1,42.709656,65.35134,28.993006,40.4434,-1,-1,-1,-1,-1,-1,-1,-1
781,63.89793,40.236404,-1,-1,-1,-1,-1,-1,-1,-1,45.958435,80.05322,-1,-1,-1,-1,-1,-1,46.568283,64.206535,27.298233,39.37449,-1,-1,-1,-1,-1,-1,-1,-1
782,58.81975,50.454075,-1,-1,-1,-1,-1,-1,-1,-1,-1,-1,-1,-1,-1,-1,-1,-1,43.22366,65.08249,37.275326,50.954624,-1,-1,-1,-1,-1,-1,-1,-1
783,58.81519,36.602734,-1,-1,-1,-1,-1,-1,-1,-1,41.82802,77.26454,-1,-1,-1,-1,-1,-1,39.369194,63.980366,24.138586,41.499416,-1,-1,-1,-1,-1,-1,-1,-1
784,66.89949,31.861486,-1,-1,-1,-1,-1,-1,-1,-1,57.64662,78.09141,-1,-1,-1,-1,-1,-1,52.604572,67.09,32.11135,39.94506,-1,-1,-1,-1,-1,-1,-1,-1
785,63.077293,34.030586,-1,-1,-1,-1,-1,-1,-1,-1,46.073685,69.51062,-1,-1,-1,-1,-1,-1,47.449215,59.5479,28.490732,34.619415,-1,-1,-1,-1,-1,-1,-1,-1
786,66.25383,43.970436,-1,-1,-1,-1,-1,-1,-1,-1,40.948566,76.15691,-1,-1,-1,-1,-1,-1,44.97767,64.33542,32.223763,34.67482,-1,-1,-1,-1,-1,-1,-1,-1
787,65.93845,37.221664,-1,-1,-1,-1,-1,-1,-1,-1,51.06738,78.40477,-1,-1,-1,-1,-1,-1,49.40854,69.1169,30.760101,39.279465,-1,-1,-1,-1,-1,-1,-1,-1
788,66.97662,40.525673,-1,-1,-1,-1,-1,-1,-1,-1,39.678913,76.21427,-1,-1,-1,-1,-1,-1,41.386982,65.66655,29.03407,32.296314,-1,-1,-1,-1,-1,-1,-1,-1
789,68.07123,38.788578,-1,-1,-1,-1,-1,-1,-1,-1,50.117443,69.71077,-1,-1,-1,-1,-1,-1,50.391685,60.862873,31.41731,38.51095,-1,-1,-1,-1,-1,-1,-1,-1
790,66.64756,39.980858,-1,-1,-1,-1,-1,-1,-1,-1,46.18682,79.169914,-1,-1,-1,-1,-1,-1,43.983994,68.37778,32.879845,41.64674,-1,-1,-1,-1,-1,-1,-1,-1
791,65.47885,39.283348,-1,-1,-1,-1,-1,-1,-1,-1,44.43189,80.37693,-1,-1,-1,-1,-1,-1,44.649323,67.55966,29.284554,35.881786,-1,-1,-1,-1,-1,-1,-1,-1
792,65.77929,44.694317,-1,-1,-1,-1,-1,-1,-1,-1,46.631393,78.608315,-1,-1,-1,-1,-1,-1,47.515656,68.76285,34.619587,41.605064,-1,-1,-1,-1,-1,-1,-1,-1
793,68.590065,36.61584,-1,-1,-1,-1,-1,-1,-1,-1,47.891857,81.291245,-1,-1,-1,-1,-1,-1,46.18681,70.28634,29.666195,36.4352,-1,-1,-1,-1,-1,-1,-1,-1
794,64.36689,36.499214,-1,-1,-1,-1,-1,-1,-1,-1,47.212605,71.794044,-1,-1,-1,-1,-1,-1,46.77545,62.20036,27.431665,37.587452,-1,-1,-1,-1,-1,-1,-1,-1
795,67.48486,38.64981,-1,-1,-1,-1,-1,-1,-1,-1,47.655346,79.092094,-1,-1,-1,-1,-1,-1,46.82644,66.67872,30.819916,39.653725,-1,-1,-1,-1,-1,-1,-1,-1
796,74.63661,40.884193,-1,-1,-1,-1,-1,-1,-1,-1,44.54326,84.331665,-1,-1,-1,-1,-1,-1,43.52055,72.34436,31.282663,35.450867,-1,-1,-1,-1,-1,-1,-1,-1
797,68.68365,34.95593,-1,-1,-1,-1,-1,-1,-1,-1,57.112885,88.3414,-1,-1,-1,-1,-1,-1,60.14757,70.82385,29.852324,41.539692,-1,-1,-1,-1,-1,-1,-1,-1
798,65.64737,37.744602,-1,-1,-1,-1,-1,-1,-1,-1,47.873245,76.530426,-1,-1,-1,-1,-1,-1,47.445045,63.19015,28.746895,37.938683,-1,-1,-1,-1,-1,-1,-1,-1
799,39.781357,42.179558,-1,-1,-1,-1,-1,-1,-1,-1,32.01146,72.39438,-1,-1,-1,-1,-1,-1,28.036575,61.41121,18.77734,47.75253,-1,-1,-1,-1,-1,-1,-1,-1
800,64.97787,38.132915,-1,-1,-1,-1,-1,-1,-1,-1,46.72239,78.46364,-1,-1,-1,-1,-1,-1,45.579254,67.78354,31.027426,38.473618,-1,-1,-1,-1,-1,-1,-1,-1
801,64.22326,36.21735,-1,-1,-1,-1,-1,-1,-1,-1,56.00353,76.901474,-1,-1,-1,-1,-1,-1,55.688854,66.437065,34.941692,40.87419,-1,-1,-1,-1,-1,-1,-1,-1
802,64.23523,38.151905,-1,-1,-1,-1,-1,-1,-1,-1,46.26445,76.97768,-1,-1,-1,-1,-1,-1,46.189426,63.747368,30.655462,38.137474,-1,-1,-1,-1,-1,-1,-1,-1
803,63.54222,37.38393,-1,-1,-1,-1,-1,-1,-1,-1,48.73729,78.222694,-1,-1,-1,-1,-1,-1,49.905167,65.138374,28.352608,38.15523,-1,-1,-1,-1,-1,-1,-1,-1
804,67.64195,36.76788,-1,-1,-1,-1,-1,-1,-1,-1,47.654278,78.03502,-1,-1,-1,-1,-1,-1,47.589386,63.40405,28.031126,37.160557,-1,-1,-1,-1,-1,-1,-1,-1
805,65.748856,34.857372,-1,-1,-1,-1,-1,-1,-1,-1,52.54415,81.373055,-1,-1,-1,-1,-1,-1,51.763744,65.07305,27.5338,38.981586,-1,-1,-1,-1,-1,-1,-1,-1
806,64.13277,38.52721,-1,-1,-1,-1,-1,-1,-1,-1,49.358402,78.97451,-1,-1,-1,-1,-1,-1,50.256012,64.172516,29.945314,39.3347,-1,-1,-1,-1,-1,-1,-1,-1
807,65.844345,39.270535,-1,-1,-1,-1,-1,-1,-1,-1,44.6663,72.82181,-1,-1,-1,-1,-1,-1,44.75813,61.77281,28.093597,38.58132,-1,-1,-1,-1,-1,-1,-1,-1
808,65.33086,43.04566,-1,-1,-1,-1,-1,-1,-1,-1,42.844025,76.89683,-1,-1,-1,-1,-1,-1,44.660713,65.61411,31.319214,36.41805,-1,-1,-1,-1,-1,-1,-1,-1
809,64.734665,36.247044,-1,-1,-1,-1,-1,-1,-1,-1,50.850113,75.85962,-1,-1,-1,-1,-1,-1,54.050938,55.53952,28.036646,34.945866,-1,-1,-1,-1,-1,-1,-1,-1
810,65.71073,32.49505,-1,-1,-1,-1,-1,-1,-1,-1,51.123795,76.59376,-1,-1,-1,-1,-1,-1,54.010567,64.591606,29.636618,37.007523,-1,-1,-1,-1,-1,-1,-1,-1
811,65.1217,34.447395,-1,-1,-1,-1,-1,-1,-1,-1,45.484985,70.63436,-1,-1,-1,-1,-1,-1,44.30267,60.287056,31.50743,32.98123,-1,-1,-1,-1,-1,-1,-1,-1
812,65.01606,37.786213,-1,-1,-1,-1,-1,-1,-1,-1,43.166542,77.11612,-1,-1,-1,-1,-1,-1,48.021214,61.936977,29.31537,32.40722,-1,-1,-1,-1,-1,-1,-1,-1
813,64.460724,37.430576,-1,-1,-1,-1,-1,-1,-1,-1,48.96932,85.30476,-1,-1,-1,-1,-1,-1,48.280518,69.75347,26.432972,39.63151,-1,-1,-1,-1,-1,-1,-1,-1
814,66.58381,39.64941,-1,-1,-1,-1,-1,-1,-1,-1,44.054543,74.57914,-1,-1,-1,-1,-1,-1,44.05243,64.099495,30.92458,35.84442,-1,-1,-1,-1,-1,-1,-1,-1
815,64.50599,43.00633,-1,-1,-1,-1,-1,-1,-1,-1,43.43816,72.27093,-1,-1,-1,-1,-1,-1,45.96193,63.389,32.367157,35.621094,-1,-1,-1,-1,-1,-1,-1,-1
816,66.467094,41.70018,-1,-1,-1,-1,-1,-1,-1,-1,39.1343,83.747246,-1,-1,-1,-1,-1,-1,39.96419,67.11819,30.317415,34.049366,-1,-1,-1,-1,-1,-1,-1,-1
817,63.589108,38.3647,-1,-1,-1,-1,-1,-1,-1,-1,50.49458,77.49176,-1,-1,-1,-1,-1,-1,51.069336,64.23918,32.374737,37.689587,-1,-1,-1,-1,-1,-1,-1,-1
818,67.95697,37.92052,-1,-1,-1,-1,-1,-1,-1,-1,48.35512,79.78732,-1,-1,-1,-1,-1,-1,48.18805,65.38516,28.232933,38.027973,-1,-1,-1,-1,-1,-1,-1,-1
819,64.945625,36.055,-1,-1,-1,-1,-1,-1,-1,-1,51.053864,79.57093,-1,-1,-1,-1,-1,-1,50.17522,67.36154,30.555277,39.834713,-1,-1,-1,-1,-1,-1,-1,-1
820,62.568382,33.687317,-1,-1,-1,-1,-1,-1,-1,-1,56.849026,74.555336,-1,-1,-1,-1,-1,-1,54.220673,62.627007,29.841045,42.020042,-1,-1,-1,-1,-1,-1,-1,-1
821,66.202965,33.912712,-1,-1,-1,-1,-1,-1,-1,-1,53.492077,72.67586,-1,-1,-1,-1,-1,-1,50.40044,57.85435,28.394115,41.49342,-1,-1,-1,-1,-1,-1,-1,-1
822,63.76036,40.50878,-1,-1,-1,-1,-1,-1,-1,-1,48.992447,75.3536,-1,-1,-1,-1,-1,-1,49.28735,62.4378,30.547483,40.015625,-1,-1,-1,-1,-1,-1,-1,-1
823,59.705486,36.171406,-1,-1,-1,-1,-1,-1,-1,-1,48.38251,70.06319,-1,-1,-1,-1,-1,-1,47.22064,61.754078,31.95213,40.394028,-1,-1,-1,-1,-1,-1,-1,-1
824,63.99435,35.376293,-1,-1,-1,-1,-1,-1,-1,-1,46.640526,69.12791,-1,-1,-1,-1,-1,-1,45.277515,54.90103,27.078733,38.4708,-1,-1,-1,-1,-1,-1,-1,-1
825,63.500244,34.497925,-1,-1,-1,-1,-1,-1,-1,-1,48.808887,77.05731,-1,-1,-1,-1,-1,-1,51.25201,62.943817,31.631252,37.060814,-1,-1,-1,-1,-1,-1,-1,-1
826,64.055916,39.08252,-1,-1,-1,-1,-1,-1,-1,-1,44.66566,69.82957,-1,-1,-1,-1,-1,-1,45.466465,58.83878,30.605537,36.158325,-1,-1,-1,-1,-1,-1,-1,-1
827,66.916,37.183147,-1,-1,-1,-1,-1,-1,-1,-1,46.996273,77.6486,-1,-1,-1,-1,-1,-1,48.05833,62.827667,28.371883,37.103683,-1,-1,-1,-1,-1,-1,-1,-1
828,66.49621,40.578136,-1,-1,-1,-1,-1,-1,-1,-1,43.997578,79.555786,-1,-1,-1,-1,-1,-1,46.012077,63.666546,29.512486,35.277836,-1,-1,-1,-1,-1,-1,-1,-1
829,64.733215,40.6059,-1,-1,-1,-1,-1,-1,-1,-1,48.825214,74.06946,-1,-1,-1,-1,-1,-1,49.42199,60.594883,27.753149,37.55644,-1,-1,-1,-1,-1,-1,-1,-1
830,66.91492,35.705616,-1,-1,-1,-1,-1,-1,-1,-1,49.477688,71.88959,-1,-1,-1,-1,-1,-1,49.829422,63.322437,29.939257,35.695625,-1,-1,-1,-1,-1,-1,-1,-1
831,67.25409,35.43458,-1,-1,-1,-1,-1,-1,-1,-1,49.475536,75.35466,-1,-1,-1,-1,-1,-1,49.107296,64.85872,28.132082,38.73668,-1,-1,-1,-1,-1,-1,-1,-1
832,40.68505,42.32108,-1,-1,-1,-1,-1,-1,-1,-1,27.7,67.78883,-1,-1,-1,-1,-1,-1,25.611477,53.23133,23.930363,40.398037,-1,-1,-1,-1,-1,-1,-1,-1
833,66.21222,36.252342,-1,-1,-1,-1,-1,-1,-1,-1,46.74175,74.095535,-1,-1,-1,-1,-1,-1,45.565903,63.33571,29.838379,34.073082,-1,-1,-1,-1,-1,-1,-1,-1
834,62.150826,40.37453,-1,-1,-1,-1,-1,-1,-1,-1,42.210964,73.66179,-1,-1,-1,-1,-1,-1,43.126385,60.331398,31.837154,37.666843,-1,-1,-1,-1,-1,-1,-1,-1
835,63.1725,39.965107,-1,-1,-1,-1,-1,-1,-1,-1,46.0901,79.27197,-1,-1,-1,-1,-1,-1,45.050632,69.24172,29.91877,41.45554,-1,-1,-1,-1,-1,-1,-1,-1
836,73.49412,40.021713,-1,-1,-1,-1,-1,-1,-1,-1,54.12445,83.46555,-1,-1,-1,-1,-1,-1,53.880913,72.248924,30.400145,41.891663,-1,-1,-1,-1,-1,-1,-1,-1
837,64.50816,36.636806,-1,-1,-1,-1,-1,-1,-1,-1,46.518604,74.0425,-1,-1,-1,-1,-1,-1,44.993713,63.87133,29.018522,38.460186,-1,-1,-1,-1,-1,-1,-1,-1
838,67.46486,34.375244,-1,-1,-1,-1,-1,-1,-1,-1,53.26559,74.07144,-1,-1,-1,-1,-1,-1,51.839745,63.98709,31.275658,36.911972,-1,-1,-1,-1,-1,-1,-1,-1
839,67.40573,36.532104,-1,-1,-1,-1,-1,-1,-1,-1,49.806595,72.135635,-1,-1,-1,-1,-1,-1,50.02918,59.921158,30.178225,36.88683,-1,-1,-1,-1,-1,-1,-1,-1
840,63.91611,33.346584,-1,-1,-1,-1,-1,-1,-1,-1,49.766068,83.9323,-1,-1,-1,-1,-1,-1,48.269123,64.36518,23.904709,38.29477,-1,-1,-1,-1,-1,-1,-1,-1
841,67.21845,39.34774,-1,-1,-1,-1,-1,-1,-1,-1,47.639378,78.57804,-1,-1,-1,-1,-1,-1,47.691742,62.609245,30.06376,37.71574,-1,-1,-1,-1,-1,-1,-1,-1
842,65.17604,38.819008,-1,-1,-1,-1,-1,-1,-1,-1,45.766895,73.61515,-1,-1,-1,-1,-1,-1,46.722553,64.45671,30.899958,36.03118,-1,-1,-1,-1,-1,-1,-1,-1
843,68.96594,37.76823,-1,-1,-1,-1,-1,-1,-1,-1,51.302414,79.99143,-1,-1,-1,-1,-1,-1,51.933815,65.29719,30.695456,39.76543,-1,-1,-1,-1,-1,-1,-1,-1
844,65.446,35.44695,-1,-1,-1,-1,-1,-1,-1,-1,42.47496,70.23902,-1,-1,-1,-1,-1,-1,42.33511,62.051903,27.80394,30.722641,-1,-1,-1,-1,-1,-1,-1,-1
845,70.118164,30.050608,-1,-1,-1,-1,-1,-1,-1,-1,54.530056,82.137794,-1,-1,-1,-1,-1,-1,48.038067,64.30646,27.474022,36.4978,-1,-1,-1,-1,-1,-1,-1,-1
846,67.38527,38.678024,-1,-1,-1,-1,-1,-1,-1,-1,43.562813,81.596306,-1,-1,-1,-1,-1,-1,44.87539,52.366894,28.015356,36.646626,-1,-1,-1,-1,-1,-1,-1,-1
847,65.54106,37.146782,-1,-1,-1,-1,-1,-1,-1,-1,47.76281,73.06616,-1,-1,-1,-1,-1,-1,47.10324,65.00635,29.736639,37.340412,-1,-1,-1,-1,-1,-1,-1,-1
848,69.016365,43.67571,-1,-1,-1,-1,-1,-1,-1,-1,46.464188,77.37652,-1,-1,-1,-1,-1,-1,49.771793,65.29183,31.944572,36.97648,-1,-1,-1,-1,-1,-1,-1,-1
849,66.02545,33.514828,-1,-1,-1,-1,-1,-1,-1,-1,48.679047,78.26557,-1,-1,-1,-1,-1,-1,46.54188,67.69657,24.124075,38.805363,-1,-1,-1,-1,-1,-1,-1,-1
850,62.859535,39.84485,-1,-1,-1,-1,-1,-1,-1,-1,42.596878,77.228134,-1,-1,-1,-1,-1,-1,42.96265,67.07119,29.881205,36.080196,-1,-1,-1,-1,-1,-1,-1,-1
851,69.986176,41.62212,-1,-1,-1,-1,-1,-1,-1,-1,45.604736,82.31762,-1,-1,-1,-1,-1,-1,46.825157,67.68754,27.93168,36.29547,-1,-1,-1,-1,-1,-1,-1,-1
852,66.103645,39.018726,-1,-1,-1,-1,-1,-1,-1,-1,50.328518,75.2157,-1,-1,-1,-1,-1,-1,50.1509,60.485035,28.182777,40.766273,-1,-1,-1,-1,-1,-1,-1,-1
853,66.67288,36.206703,-1,-1,-1,-1,-1,-1,-1,-1,50.163746,76.77242,-1,-1,-1,-1,-1,-1,49.342026,64.92819,32.048763,37.867428,-1,-1,-1,-1,-1,-1,-1,-1
854,67.76326,38.71859,-1,-1,-1,-1,-1,-1,-1,-1,50.050278,72.16169,-1,-1,-1,-1,-1,-1,50.314056,64.85245,31.116089,38.481472,-1,-1,-1,-1,-1,-1,-1,-1
855,65.27161,31.682682,-1,-1,-1,-1,-1,-1,-1,-1,53.847225,84.196045,-1,-1,-1,-1,-1,-1,50.80124,67.004036,28.01603,38.146202,-1,-1,-1,-1,-1,-1,-1,-1
856,64.56574,33.86091,-1,-1,-1,-1,-1,-1,-1,-1,48.21203,69.35796,-1,-1,-1,-1,-1,-1,48.376842,59.139355,27.4094,35.645683,-1,-1,-1,-1,-1,-1,-1,-1
857,64.8835,37.604214,-1,-1,-1,-1,-1,-1,-1,-1,54.163048,73.88594,-1,-1,-1,-1,-1,-1,55.5831,59.979317,31.869087,36.26721,-1,-1,-1,-1,-1,-1,-1,-1
858,64.55206,34.83892,-1,-1,-1,-1,-1,-1,-1,-1,53.849003,75.46101,-1,-1,-1,-1,-1,-1,53.948185,64.03044,30.003542,37.021244,-1,-1,-1,-1,-1,-1,-1,-1
859,63.582115,38.684563,-1,-1,-1,-1,-1,-1,-1,-1,45.978764,74.72504,-1,-1,-1,-1,-1,-1,47.404156,59.621643,29.942766,36.517082,-1,-1,-1,-1,-1,-1,-1,-1
860,58.97729,42.08254,-1,-1,-1,-1,-1,-1,-1,-1,47.820942,68.31948,-1,-1,-1,-1,-1,-1,49.256752,59.592594,34.629353,42.138767,-1,-1,-1,-1,-1,-1,-1,-1
861,63.76504,32.270145,-1,-1,-1,-1,-1,-1,-1,-1,50.707325,77.035225,-1,-1,-1,-1,-1,-1,49.567543,63.921486,23.34759,37.91988,-1,-1,-1,-1,-1,-1,-1,-1
862,70.744736,37.29499,-1,-1,-1,-1,-1,-1,-1,-1,50.1757,81.7358,-1,-1,-1,-1,-1,-1,50.18566,66.27816,26.548447,38.76072,-1,-1,-1,-1,-1,-1,-1,-1
863,61.2319,38.853405,-1,-1,-1,-1,-1,-1,-1,-1,37.308296,75.83296,-1,-1,-1,-1,-1,-1,36.994972,63.820393,27.20612,33.82539,-1,-1,-1,-1,-1,-1,-1,-1
864,65.36282,37.303207,-1,-1,-1,-1,-1,-1,-1,-1,46.444183,75.40885,-1,-1,-1,-1,-1,-1,46.555397,64.67531,27.309977,37.930252,-1,-1,-1,-1,-1,-1,-1,-1
865,67.51264,40.065166,-1,-1,-1,-1,-1,-1,-1,-1,43.660843,80.768776,-1,-1,-1,-1,-1,-1,44.42489,65.42143,30.210503,36.29549,-1,-1,-1,-1,-1,-1,-1,-1
866,65.889694,36.560448,-1,-1,-1,-1,-1,-1,-1,-1,49.382755,75.43196,-1,-1,-1,-1,-1,-1,49.431488,61.317272,28.538206,37.237038,-1,-1,-1,-1,-1,-1,-1,-1
867,68.30343,34.291115,-1,-1,-1,-1,-1,-1,-1,-1,47.946915,75.995285,-1,-1,-1,-1,-1,-1,48.13241,60.23585,29.206749,34.406715,-1,-1,-1,-1,-1,-1,-1,-1
868,66.4639,34.68374,-1,-1,-1,-1,-1,-1,-1,-1,53.238197,79.53139,-1,-1,-1,-1,-1,-1,51.89433,63.675323,30.194069,39.348125,-1,-1,-1,-1,-1,-1,-1,-1
869,66.851715,36.234406,-1,-1,-1,-1,-1,-1,-1,-1,49.49305,73.93934,-1,-1,-1,-1,-1,-1,48.869884,61.39695,30.633404,37.144787,-1,-1,-1,-1,-1,-1,-1,-1
870,60.54244,33.060993,-1,-1,-1,-1,-1,-1,-1,-1,42.108627,71.4078,-1,-1,-1,-1,-1,-1,39.25673,58.196995,26.81441,36.78427,-1,-1,-1,-1,-1,-1,-1,-1
871,64.41163,34.391373,-1,-1,-1,-1,-1,-1,-1,-1,53.1409,73.3673,-1,-1,-1,-1,-1,-1,51.403618,62.448,28.868286,41.70564,-1,-1,-1,-1,-1,-1,-1,-1
872,70.651306,39.871338,-1,-1,-1,-1,-1,-1,-1,-1,49.904762,74.87106,-1,-1,-1,-1,-1,-1,51.03303,64.61948,33.629353,36.712456,-1,-1,-1,-1,-1,-1,-1,-1
873,65.04395,42.351597,-1,-1,-1,-1,-1,-1,-1,-1,43.604336,77.031715,-1,-1,-1,-1,-1,-1,44.101562,67.47595,29.30761,39.899635,-1,-1,-1,-1,-1,-1,-1,-1
874,62.95557,39.516186,-1,-1,-1,-1,-1,-1,-1,-1,42.443142,76.51721,-1,-1,-1,-1,-1,-1,44.9938,64.50816,29.11255,36.02134,-1,-1,-1,-1,-1,-1,-1,-1
875,65.52452,43.147224,-1,-1,-1,-1,-1,-1,-1,-1,36.713898,78.421326,-1,-1,-1,-1,-1,-1,39.110493,55.379208,33.19151,38.13344,-1,-1,-1,-1,-1,-1,-1,-1
876,65.241425,38.756832,-1,-1,-1,-1,-1,-1,-1,-1,45.586075,76.99794,-1,-1,-1,-1,-1,-1,47.030308,66.27029,30.474173,36.99323,-1,-1,-1,-1,-1,-1,-1,-1
877,66.14528,35.777977,-1,-1,-1,-1,-1,-1,-1,-1,50.84291,68.90313,-1,-1,-1,-1,-1,-1,50.299355,58.901752,30.685652,37.552868,-1,-1,-1,-1,-1,-1,-1,-1
878,65.21327,38.25858,-1,-1,-1,-1,-1,-1,-1,-1,41.056053,77.38122,-1,-1,-1,-1,-1,-1,43.63197,64.01482,27.21745,33.8413,-1,-1,-1,-1,-1,-1,-1,-1
879,67.12374,34.666157,-1,-1,-1,-1,-1,-1,-1,-1,44.993263,78.16578,-1,-1,-1,-1,-1,-1,44.033566,64.92966,25.055193,34.714046,-1,-1,-1,-1,-1,-1,-1,-1
880,65.39342,33.779587,-1,-1,-1,-1,-1,-1,-1,-1,46.230213,75.578224,-1,-1,-1,-1,-1,-1,47.535316,58.38705,24.530245,34.211502,-1,-1,-1,-1,-1,-1,-1,-1
881,66.534744,37.17568,-1,-1,-1,-1,-1,-1,-1,-1,50.73262,77.68333,-1,-1,-1,-1,-1,-1,49.03663,60.493668,28.087706,40.469727,-1,-1,-1,-1,-1,-1,-1,-1
882,64.43426,36.29817,-1,-1,-1,-1,-1,-1,-1,-1,45.695457,69.266106,-1,-1,-1,-1,-1,-1,45.76832,58.758373,29.445976,35.967495,-1,-1,-1,-1,-1,-1,-1,-1
883,63.572975,35.01887,-1,-1,-1,-1,-1,-1,-1,-1,45.04966,76.20914,-1,-1,-1,-1,-1,-1,44.102917,60.603592,28.51147,37.222492,-1,-1,-1,-1,-1,-1,-1,-1
884,65.5384,40.53776,-1,-1,-1,-1,-1,-1,-1,-1,46.5579,77.23915,-1,-1,-1,-1,-1,-1,46.2226,64.92095,28.249168,40.49645,-1,-1,-1,-1,-1,-1,-1,-1
885,66.43202,40.70141,-1,-1,-1,-1,-1,-1,-1,-1,42.93607,76.9479,-1,-1,-1,-1,-1,-1,45.192684,68.96765,26.371178,37.590946,-1,-1,-1,-1,-1,-1,-1,-1
886,66.92499,38.779488,-1,-1,-1,-1,-1,-1,-1,-1,49.009422,73.37979,-1,-1,-1,-1,-1,-1,48.922054,64.515945,29.707767,38.59032,-1,-1,-1,-1,-1,-1,-1,-1
887,64.70119,36.90214,-1,-1,-1,-1,-1,-1,-1,-1,50.555767,81.73963,-1,-1,-1,-1,-1,-1,48.894604,63.944363,26.188038,41.701015,-1,-1,-1,-1,-1,-1,-1,-1
888,67.05384,41.098988,-1,-1,-1,-1,-1,-1,-1,-1,49.456566,79.07435,-1,-1,-1,-1,-1,-1,50.663723,66.102135,31.086903,40.650124,-1,-1,-1,-1,-1,-1,-1,-1
889,65.85743,36.82485,-1,-1,-1,-1,-1,-1,-1,-1,54.54269,75.352715,-1,-1,-1,-1,-1,-1,53.41115,63.361282,28.962158,42.03367,-1,-1,-1,-1,-1,-1,-1,-1
890,66.56328,37.76961,-1,-1,-1,-1,-1,-1,-1,-1,50.811058,75.29011,-1,-1,-1,-1,-1,-1,50.626358,62.215652,32.224808,38.374367,-1,-1,-1,-1,-1,-1,-1,-1
891,62.898037,38.21617,-1,-1,-1,-1,-1,-1,-1,-1,49.22297,71.95557,-1,-1,-1,-1,-1,-1,48.285065,58.086475,31.181177,40.447247,-1,-1,-1,-1,-1,-1,-1,-1
892,66.28924,37.79986,-1,-1,-1,-1,-1,-1,-1,-1,46.854797,77.57046,-1,-1,-1,-1,-1,-1,47.32489,64.39405,27.773926,36.378254,-1,-1,-1,-1,-1,-1,-1,-1
893,67.365906,40.081223,-1,-1,-1,-1,-1,-1,-1,-1,47.72232,77.951355,-1,-1,-1,-1,-1,-1,48.74945,62.7496,31.042183,38.62291,-1,-1,-1,-1,-1,-1,-1,-1
894,65.68745,38.61237,-1,-1,-1,-1,-1,-1,-1,-1,46.464928,74.92633,-1,-1,-1,-1,-1,-1,47.038296,64.013084,31.378288,36.4357,-1,-1,-1,-1,-1,-1,-1,-1
895,65.81084,37.089317,-1,-1,-1,-1,-1,-1,-1,-1,50.174885,86.16746,-1,-1,-1,-1,-1,-1,51.18332,63.590622,26.502085,37.31632,-1,-1,-1,-1,-1,-1,-1,-1
896,66.01759,36.654354,-1,-1,-1,-1,-1,-1,-1,-1,47.38551,80.83713,-1,-1,-1,-1,-1,-1,46.494003,65.10123,30.074095,37.57648,-1,-1,-1,-1,-1,-1,-1,-1
897,62.086082,42.43881,-1,-1,-1,-1,-1,-1,-1,-1,46.681145,72.14015,-1,-1,-1,-1,-1,-1,47.49251,61.58364,32.876328,41.218002,-1,-1,-1,-1,-1,-1,-1,-1
898,65.69996,33.463757,-1,-1,-1,-1,-1,-1,-1,-1,51.499313,76.399414,-1,-1,-1,-1,-1,-1,50.471096,64.798546,27.225595,38.50897,-1,-1,-1,-1,-1,-1,-1,-1
899,66.83849,36.62067,-1,-1,-1,-1,-1,-1,-1,-1,52.41934,75.22355,-1,-1,-1,-1,-1,-1,52.40976,63.426456,32.27177,37.247684,-1,-1,-1,-1,-1,-1,-1,-1
900,66.98121,36.32256,-1,-1,-1,-1,-1,-1,-1,-1,51.60264,78.069534,-1,-1,-1,-1,-1,-1,51.855583,63.96451,29.757017,35.920982,-1,-1,-1,-1,-1,-1,-1,-1
901,67.46007,38.37473,-1,-1,-1,-1,-1,-1,-1,-1,55.39752,78.484955,-1,-1,-1,-1,-1,-1,53.40531,68.29537,28.522987,47.938477,-1,-1,-1,-1,-1,-1,-1,-1
902,68.681564,40.808895,-1,-1,-1,-1,-1,-1,-1,-1,41.38813,83.79522,-1,-1,-1,-1,-1,-1,42.94714,65.37098,27.958923,34.305363,-1,-1,-1,-1,-1,-1,-1,-1
903,64.61231,35.6846,-1,-1,-1,-1,-1,-1,-1,-1,51.055206,78.74897,-1,-1,-1,-1,-1,-1,49.40796,68.98577,30.292902,39.24011,-1,-1,-1,-1,-1,-1,-1,-1
904,66.46945,38.511547,-1,-1,-1,-1,-1,-1,-1,-1,48.102577,76.2387,-1,-1,-1,-1,-1,-1,48.329754,64.16481,28.854853,38.26109,-1,-1,-1,-1,-1,-1,-1,-1
905,66.04916,37.77386,-1,-1,-1,-1,-1,-1,-1,-1,51.972164,74.81963,-1,-1,-1,-1,-1,-1,52.468357,66.69204,32.262753,38.623062,-1,-1,-1,-1,-1,-1,-1,-1
906,66.80975,34.696133,-1,-1,-1,-1,-1,-1,-1,-1,47.89567,74.6179,-1,-1,-1,-1,-1,-1,47.551914,56.005226,32.40596,33.614334,-1,-1,-1,-1,-1,-1,-1,-1
907,66.19905,29.287888,-1,-1,-1,-1,-1,-1,-1,-1,41.77925,78.33184,-1,-1,-1,-1,-1,-1,40.55041,62.483486,17.069185,33.50619,-1,-1,-1,-1,-1,-1,-1,-1
908,67.76304,38.964775,-1,-1,-1,-1,-1,-1,-1,-1,51.17754,82.22966,-1,-1,-1,-1,-1,-1,52.644238,70.71679,30.6169,38.95876,-1,-1,-1,-1,-1,-1,-1,-1
909,72.954025,43.67678,-1,-1,-1,-1,-1,-1,-1,-1,45.605637,87.1152,-1,-1,-1,-1,-1,-1,47.15405,73.33518,27.846401,38.736557,-1,-1,-1,-1,-1,-1,-1,-1
910,63.539948,37.577858,-1,-1,-1,-1,-1,-1,-1,-1,48.971676,76.84492,-1,-1,-1,-1,-1,-1,47.89206,63.92051,29.510979,39.17434,-1,-1,-1,-1,-1,-1,-1,-1
911,66.84371,39.391323,-1,-1,-1,-1,-1,-1,-1,-1,49.91493,76.78791,-1,-1,-1,-1,-1,-1,51.18928,64.07966,29.40738,38.011673,-1,-1,-1,-1,-1,-1,-1,-1
912,65.94236,34.39159,-1,-1,-1,-1,-1,-1,-1,-1,50.79837,70.039055,-1,-1,-1,-1,-1,-1,49.883324,61.11046,27.089897,37.888557,-1,-1,-1,-1,-1,-1,-1,-1
913,65.03512,39.986538,-1,-1,-1,-1,-1,-1,-1,-1,47.844578,75.027596,-1,-1,-1,-1,-1,-1,49.454,64.997505,31.459465,37.32289,-1,-1,-1,-1,-1,-1,-1,-1
914,65.97661,39.945026,-1,-1,-1,-1,-1,-1,-1,-1,42.222248,77.72408,-1,-1,-1,-1,-1,-1,44.89712,65.76634,28.073402,35.332283,-1,-1,-1,-1,-1,-1,-1,-1
915,65.49418,33.784565,-1,-1,-1,-1,-1,-1,-1,-1,47.768833,69.90718,-1,-1,-1,-1,-1,-1,46.529587,57.96127,28.687141,36.548664,-1,-1,-1,-1,-1,-1,-1,-1
916,59.241547,37.55251,-1,-1,-1,-1,-1,-1,-1,-1,49.95576,69.522934,-1,-1,-1,-1,-1,-1,46.73289,62.029114,34.99165,40.857536,-1,-1,-1,-1,-1,-1,-1,-1
917,65.43894,36.502304,-1,-1,-1,-1,-1,-1,-1,-1,56.723392,77.28861,-1,-1,-1,-1,-1,-1,55.346264,64.07273,27.79712,38.699276,-1,-1,-1,-1,-1,-1,-1,-1
918,63.21449,39.835728,-1,-1,-1,-1,-1,-1,-1,-1,52.584747,73.39475,-1,-1,-1,-1,-1,-1,51.55483,62.142456,29.979116,41.91181,-1,-1,-1,-1,-1,-1,-1,-1
919,64.60935,38.36349,-1,-1,-1,-1,-1,-1,-1,-1,45.547432,74.56017,-1,-1,-1,-1,-1,-1,43.665947,62.888344,27.85844,43.387295,-1,-1,-1,-1,-1,-1,-1,-1
920,70.89457,38.11387,-1,-1,-1,-1,-1,-1,-1,-1,50.82501,80.982056,-1,-1,-1,-1,-1,-1,50.457066,66.46907,25.047598,38.94105,-1,-1,-1,-1,-1,-1,-1,-1
921,66.735886,36.719517,-1,-1,-1,-1,-1,-1,-1,-1,48.12459,77.94724,-1,-1,-1,-1,-1,-1,45.51327,56.667877,28.993322,38.19633,-1,-1,-1,-1,-1,-1,-1,-1
922,73.85782,39.871048,-1,-1,-1,-1,-1,-1,-1,-1,56.456455,78.83805,-1,-1,-1,-1,-1,-1,61.35581,66.11346,42.307446,34.69632,-1,-1,-1,-1,-1,-1,-1,-1
923,66.21408,36.74528,-1,-1,-1,-1,-1,-1,-1,-1,49.107796,80.334,-1,-1,-1,-1,-1,-1,46.32585,64.77975,29.939455,38.89222,-1,-1,-1,-1,-1,-1,-1,-1
924,65.5583,35.841827,-1,-1,-1,-1,-1,-1,-1,-1,50.834904,79.71264,-1,-1,-1,-1,-1,-1,49.384552,67.39276,28.19714,41.06683,-1,-1,-1,-1,-1,-1,-1,-1
925,64.674736,37.67914,-1,-1,-1,-1,-1,-1,-1,-1,49.708065,82.161415,-1,-1,-1,-1,-1,-1,49.509457,68.16783,28.73804,39.247143,-1,-1,-1,-1,-1,-1,-1,-1
926,63.666763,37.674114,-1,-1,-1,-1,-1,-1,-1,-1,46.917946,75.88394,-1,-1,-1,-1,-1,-1,45.68361,65.5098,32.17849,37.87001,-1,-1,-1,-1,-1,-1,-1,-1
927,74.51946,41.842068,-1,-1,-1,-1,-1,-1,-1,-1,47.82986,73.93925,-1,-1,-1,-1,-1,-1,51.222954,53.69181,32.940903,31.726429,-1,-1,-1,-1,-1,-1,-1,-1
928,70.36332,42.17081,-1,-1,-1,-1,-1,-1,-1,-1,48.0057,89.47503,-1,-1,-1,-1,-1,-1,49.752995,64.57006,28.305187,38.936832,-1,-1,-1,-1,-1,-1,-1,-1
929,67.35292,41.41633,-1,-1,-1,-1,-1,-1,-1,-1,45.16804,76.08022,-1,-1,-1,-1,-1,-1,46.13516,61.91446,31.668272,38.36019,-1,-1,-1,-1,-1,-1,-1,-1
930,66.93366,37.88634,-1,-1,-1,-1,-1,-1,-1,-1,49.659576,82.24812,-1,-1,-1,-1,-1,-1,48.0911,70.88157,29.201395,40.288906,-1,-1,-1,-1,-1,-1,-1,-1
931,66.60861,41.311764,-1,-1,-1,-1,-1,-1,-1,-1,48.2107,72.428734,-1,-1,-1,-1,-1,-1,48.142746,62.421703,28.392979,41.921623,-1,-1,-1,-1,-1,-1,-1,-1
932,65.071976,35.276493,-1,-1,-1,-1,-1,-1,-1,-1,50.865467,79.34709,-1,-1,-1,-1,-1,-1,50.41808,67.82374,29.61189,36.84202,-1,-1,-1,-1,-1,-1,-1,-1
933,65.638794,38.51373,-1,-1,-1,-1,-1,-1,-1,-1,48.84716,72.50393,-1,-1,-1,-1,-1,-1,48.02025,62.062885,30.456743,39.45972,-1,-1,-1,-1,-1,-1,-1,-1
934,63.271515,37.08868,-1,-1,-1,-1,-1,-1,-1,-1,47.345474,75.20799,-1,-1,-1,-1,-1,-1,47.216,64.74225,30.65495,37.24488,-1,-1,-1,-1,-1,-1,-1,-1
935,66.51637,40.211246,-1,-1,-1,-1,-1,-1,-1,-1,44.577873,72.57362,-1,-1,-1,-1,-1,-1,45.837074,58.304924,31.053232,37.023262,-1,-1,-1,-1,-1,-1,-1,-1
936,66.41043,38.27303,-1,-1,-1,-1,-1,-1,-1,-1,49.6414,77.495766,-1,-1,-1,-1,-1,-1,48.452457,64.31567,29.599836,40.470795,-1,-1,-1,-1,-1,-1,-1,-1
937,66.82584,42.97301,-1,-1,-1,-1,-1,-1,-1,-1,42.925835,69.67303,-1,-1,-1,-1,-1,-1,46.151836,57.241795,31.534575,35.226875,-1,-1,-1,-1,-1,-1,-1,-1
938,69.19927,39.705017,-1,-1,-1,-1,-1,-1,-1,-1,51.593086,78.178505,-1,-1,-1,-1,-1,-1,54.069622,66.66815,32.814297,37.698307,-1,-1,-1,-1,-1,-1,-1,-1
939,57.41158,35.640205,-1,-1,-1,-1,-1,-1,-1,-1,47.551735,73.31313,-1,-1,-1,-1,-1,-1,45.664883,61.04764,27.220434,40.352615,-1,-1,-1,-1,-1,-1,-1,-1
940,67.70368,34.627815,-1,-1,-1,-1,-1,-1,-1,-1,50.606857,75.96464,-1,-1,-1,-1,-1,-1,49.238785,66.77284,25.39775,38.631516,-1,-1,-1,-1,-1,-1,-1,-1
941,67.15017,37.5143,-1,-1,-1,-1,-1,-1,-1,-1,49.188564,73.8449,-1,-1,-1,-1,-1,-1,49.181156,64.290565,30.480324,37.844296,-1,-1,-1,-1,-1,-1,-1,-1
942,71.82957,36.381195,-1,-1,-1,-1,-1,-1,-1,-1,49.24697,83.039894,-1,-1,-1,-1,-1,-1,47.207336,71.38861,29.014278,35.47688,-1,-1,-1,-1,-1,-1,-1,-1
943,61.255783,36.40185,-1,-1,-1,-1,-1,-1,-1,-1,47.39261,62.799465,-1,-1,-1,-1,-1,-1,46.39151,52.7474,32.4043,38.269257,-1,-1,-1,-1,-1,-1,-1,-1
944,66.68395,43.04603,-1,-1,-1,-1,-1,-1,-1,-1,48.96379,81.285416,-1,-1,-1,-1,-1,-1,52.718513,67.24179,33.773453,38.16406,-1,-1,-1,-1,-1,-1,-1,-1
945,65.85426,37.580326,-1,-1,-1,-1,-1,-1,-1,-1,51.1948,74.81079,-1,-1,-1,-1,-1,-1,51.01053,61.191242,32.375572,38.4471,-1,-1,-1,-1,-1,-1,-1,-1
946,61.88286,31.472507,-1,-1,-1,-1,-1,-1,-1,-1,58.945065,74.502205,-1,-1,-1,-1,-1,-1,53.493916,64.940994,30.34554,42.746582,-1,-1,-1,-1,-1,-1,-1,-1
947,66.19264,36.1926,-1,-1,-1,-1,-1,-1,-1,-1,54.86447,79.73146,-1,-1,-1,-1,-1,-1,55.330593,66.40921,31.43316,39.983303,-1,-1,-1,-1,-1,-1,-1,-1
948,64.28265,38.74312,-1,-1,-1,-1,-1,-1,-1,-1,45.675533,79.800064,-1,-1,-1,-1,-1,-1,44.699543,64.2997,29.92602,38.875618,-1,-1,-1,-1,-1,-1,-1,-1
949,61.255783,36.40185,-1,-1,-1,-1,-1,-1,-1,-1,47.39261,62.799465,-1,-1,-1,-1,-1,-1,46.39151,52.7474,32.4043,38.269257,-1,-1,-1,-1,-1,-1,-1,-1
950,69.50557,31.925905,-1,-1,-1,-1,-1,-1,-1,-1,50.758827,77.6569,-1,-1,-1,-1,-1,-1,48.410675,64.9655,27.072012,40.798077,-1,-1,-1,-1,-1,-1,-1,-1
951,63.95765,38.014553,-1,-1,-1,-1,-1,-1,-1,-1,50.034557,71.275215,-1,-1,-1,-1,-1,-1,49.20727,63.23177,28.309092,41.99444,-1,-1,-1,-1,-1,-1,-1,-1
952,63.95765,38.014553,-1,-1,-1,-1,-1,-1,-1,-1,50.034557,71.275215,-1,-1,-1,-1,-1,-1,49.20727,63.23177,28.309092,41.99444,-1,-1,-1,-1,-1,-1,-1,-1
953,62.024494,36.104713,-1,-1,-1,-1,-1,-1,-1,-1,49.4896,68.59026,-1,-1,-1,-1,-1,-1,48.90541,60.477943,33.700348,37.793133,-1,-1,-1,-1,-1,-1,-1,-1
954,67.72169,38.840145,-1,-1,-1,-1,-1,-1,-1,-1,47.12588,72.2694,-1,-1,-1,-1,-1,-1,46.97504,60.2788,36.01122,38.459267,-1,-1,-1,-1,-1,-1,-1,-1
955,65.13605,33.717445,-1,-1,-1,-1,-1,-1,-1,-1,54.243153,75.900986,-1,-1,-1,-1,-1,-1,53.87114,62.425003,31.884344,36.162674,-1,-1,-1,-1,-1,-1,-1,-1
956,64.517845,39.881943,-1,-1,-1,-1,-1,-1,-1,-1,48.491882,67.540085,-1,-1,-1,-1,-1,-1,48.574547,57.341125,35.665855,37.853554,-1,-1,-1,-1,-1,-1,-1,-1
957,65.31038,41.840496,-1,-1,-1,-1,-1,-1,-1,-1,-1,-1,-1,-1,-1,-1,-1,-1,52.463882,59.21705,43.172356,37.541546,-1,-1,-1,-1,-1,-1,-1,-1
958,60.793858,36.541325,-1,-1,-1,-1,-1,-1,-1,-1,57.147533,67.41361,-1,-1,-1,-1,-1,-1,54.024956,59.18446,33.82179,45.74158,-1,-1,-1,-1,-1,-1,-1,-1
959,63.844494,34.944855,-1,-1,-1,-1,-1,-1,-1,-1,53.525215,78.13655,-1,-1,-1,-1,-1,-1,51.373768,63.59349,31.450996,40.20204,-1,-1,-1,-1,-1,-1,-1,-1
960,68.785545,46.360786,-1,-1,-1,-1,-1,-1,-1,-1,54.859318,67.85305,-1,-1,-1,-1,-1,-1,56.41874,61.07011,45.708782,43.40457,-1,-1,-1,-1,-1,-1,-1,-1
961,51.124577,41.539017,-1,-1,-1,-1,-1,-1,-1,-1,40.21588,69.397385,-1,-1,-1,-1,-1,-1,39.01481,58.89239,31.062756,43.45512,-1,-1,-1,-1,-1,-1,-1,-1
962,67.24772,39.281826,-1,-1,-1,-1,-1,-1,-1,-1,53.149506,80.860725,-1,-1,-1,-1,-1,-1,55.57983,65.882904,29.308918,39.7496,-1,-1,-1,-1,-1,-1,-1,-1
963,43.19488,40.633064,-1,-1,-1,-1,-1,-1,-1,-1,28.975332,71.407425,-1,-1,-1,-1,-1,-1,26.366152,59.92329,20.347742,42.900227,-1,-1,-1,-1,-1,-1,-1,-1
964,65.26993,36.51932,-1,-1,-1,-1,-1,-1,-1,-1,47.84769,72.27228,-1,-1,-1,-1,-1,-1,47.61342,62.903587,30.425291,37.337975,-1,-1,-1,-1,-1,-1,-1,-1
965,66.03333,38.584816,-1,-1,-1,-1,-1,-1,-1,-1,45.714066,84.522255,-1,-1,-1,-1,-1,-1,46.538242,72.28412,28.628075,35.286247,-1,-1,-1,-1,-1,-1,-1,-1
966,62.744534,39.988316,-1,-1,-1,-1,-1,-1,-1,-1,46.58413,77.61891,-1,-1,-1,-1,-1,-1,41.64396,58.9075,30.836645,43.278305,-1,-1,-1,-1,-1,-1,-1,-1
967,65.66128,35.468964,-1,-1,-1,-1,-1,-1,-1,-1,51.817913,69.28961,-1,-1,-1,-1,-1,-1,51.673286,61.06407,28.99887,39.433884,-1,-1,-1,-1,-1,-1,-1,-1
968,65.17107,39.078682,-1,-1,-1,-1,-1,-1,-1,-1,46.71508,74.89789,-1,-1,-1,-1,-1,-1,46.31043,66.749664,30.919315,38.02812,-1,-1,-1,-1,-1,-1,-1,-1
969,65.0253,41.471428,-1,-1,-1,-1,-1,-1,-1,-1,50.56546,75.159294,-1,-1,-1,-1,-1,-1,49.85438,64.05941,33.535862,43.816437,-1,-1,-1,-1,-1,-1,-1,-1
970,64.14372,40.830914,-1,-1,-1,-1,-1,-1,-1,-1,41.96958,82.77895,-1,-1,-1,-1,-1,-1,45.288353,68.05206,29.598728,36.62456,-1,-1,-1,-1,-1,-1,-1,-1
971,67.78627,35.70196,-1,-1,-1,-1,-1,-1,-1,-1,49.925552,79.03621,-1,-1,-1,-1,-1,-1,47.036484,59.88889,28.656233,37.906715,-1,-1,-1,-1,-1,-1,-1,-1
972,68.58413,35.533096,-1,-1,-1,-1,-1,-1,-1,-1,50.000145,70.84283,-1,-1,-1,-1,-1,-1,49.469963,63.302555,25.907028,36.042496,-1,-1,-1,-1,-1,-1,-1,-1
973,63.40292,39.96723,-1,-1,-1,-1,-1,-1,-1,-1,50.162243,77.000534,-1,-1,-1,-1,-1,-1,49.645157,64.63792,28.017038,39.29059,-1,-1,-1,-1,-1,-1,-1,-1
974,57.37998,34.70708,-1,-1,-1,-1,-1,-1,-1,-1,46.31436,73.67422,-1,-1,-1,-1,-1,-1,40.98721,63.060303,28.084705,41.583828,-1,-1,-1,-1,-1,-1,-1,-1
975,66.35863,33.539623,-1,-1,-1,-1,-1,-1,-1,-1,47.083397,66.86047,-1,-1,-1,-1,-1,-1,47.067688,56.772446,30.89699,31.437113,-1,-1,-1,-1,-1,-1,-1,-1
976,61.842403,37.650448,-1,-1,-1,-1,-1,-1,-1,-1,43.127518,71.86021,-1,-1,-1,-1,-1,-1,42.111187,60.821987,27.294527,37.137066,-1,-1,-1,-1,-1,-1,-1,-1
977,65.734695,36.244644,-1,-1,-1,-1,-1,-1,-1,-1,48.10824,74.45202,-1,-1,-1,-1,-1,-1,46.630497,63.47776,30.280151,34.41689,-1,-1,-1,-1,-1,-1,-1,-1
978,66.702446,34.172714,-1,-1,-1,-1,-1,-1,-1,-1,50.78579,77.419716,-1,-1,-1,-1,-1,-1,48.145844,65.64661,28.055147,38.573322,-1,-1,-1,-1,-1,-1,-1,-1
979,69.292206,42.477375,-1,-1,-1,-1,-1,-1,-1,-1,46.12592,79.390205,-1,-1,-1,-1,-1,-1,48.162792,64.384865,32.821835,38.140152,-1,-1,-1,-1,-1,-1,-1,-1
980,65.51393,40.375732,-1,-1,-1,-1,-1,-1,-1,-1,46.36238,77.346,-1,-1,-1,-1,-1,-1,48.654156,66.401245,30.328575,36.456257,-1,-1,-1,-1,-1,-1,-1,-1
981,64.90739,36.64916,-1,-1,-1,-1,-1,-1,-1,-1,50.747097,75.34695,-1,-1,-1,-1,-1,-1,49.664017,65.80877,30.809416,39.19446,-1,-1,-1,-1,-1,-1,-1,-1
982,61.576992,35.538403,-1,-1,-1,-1,-1,-1,-1,-1,53.243683,77.07883,-1,-1,-1,-1,-1,-1,50.145767,66.95412,30.324623,42.470257,-1,-1,-1,-1,-1,-1,-1,-1
983,71.15281,36.12787,-1,-1,-1,-1,-1,-1,-1,-1,47.849846,75.13993,-1,-1,-1,-1,-1,-1,46.96568,63.89183,27.236458,38.5501,-1,-1,-1,-1,-1,-1,-1,-1
984,65.76334,37.82568,-1,-1,-1,-1,-1,-1,-1,-1,48.36112,74.93762,-1,-1,-1,-1,-1,-1,49.702793,62.13657,30.097015,35.956898,-1,-1,-1,-1,-1,-1,-1,-1
985,59.987488,35.587387,-1,-1,-1,-1,-1,-1,-1,-1,49.88631,62.27327,-1,-1,-1,-1,-1,-1,50.00461,52.970387,33.695732,36.089878,-1,-1,-1,-1,-1,-1,-1,-1
986,62.800304,46.512234,-1,-1,-1,-1,-1,-1,-1,-1,52.09052,80.565445,-1,-1,-1,-1,-1,-1,58.92754,59.03839,29.155437,40.49279,-1,-1,-1,-1,-1,-1,-1,-1
987,62.113777,38.740685,-1,-1,-1,-1,-1,-1,-1,-1,46.88258,76.487724,-1,-1,-1,-1,-1,-1,45.542194,64.60756,26.313456,42.424797,-1,-1,-1,-1,-1,-1,-1,-1
988,65.99849,40.334076,-1,-1,-1,-1,-1,-1,-1,-1,49.66887,75.216324,-1,-1,-1,-1,-1,-1,50.416332,65.3979,30.943823,38.790615,-1,-1,-1,-1,-1,-1,-1,-1
989,62.02545,38.23059,-1,-1,-1,-1,-1,-1,-1,-1,40.290474,74.17551,-1,-1,-1,-1,-1,-1,40.799416,60.240765,25.345524,36.050358,-1,-1,-1,-1,-1,-1,-1,-1
990,64.10171,41.94193,-1,-1,-1,-1,-1,-1,-1,-1,45.26605,75.51991,-1,-1,-1,-1,-1,-1,45.47117,64.77785,32.58445,41.105675,-1,-1,-1,-1,-1,-1,-1,-1
991,64.778145,37.296745,-1,-1,-1,-1,-1,-1,-1,-1,52.5126,82.08717,-1,-1,-1,-1,-1,-1,52.67849,62.625763,30.357956,39.40355,-1,-1,-1,-1,-1,-1,-1,-1
992,66.9876,37.16269,-1,-1,-1,-1,-1,-1,-1,-1,49.083466,76.71214,-1,-1,-1,-1,-1,-1,49.90062,65.97553,30.816452,36.776283,-1,-1,-1,-1,-1,-1,-1,-1
993,65.807304,38.58807,-1,-1,-1,-1,-1,-1,-1,-1,44.570118,72.76242,-1,-1,-1,-1,-1,-1,45.59926,64.19454,28.810751,34.80165,-1,-1,-1,-1,-1,-1,-1,-1
994,66.92891,35.510338,-1,-1,-1,-1,-1,-1,-1,-1,52.33595,78.823265,-1,-1,-1,-1,-1,-1,51.985325,69.0913,29.22674,38.547607,-1,-1,-1,-1,-1,-1,-1,-1
995,65.637215,36.932053,-1,-1,-1,-1,-1,-1,-1,-1,47.674335,77.591125,-1,-1,-1,-1,-1,-1,49.39414,60.376102,31.240557,36.016327,-1,-1,-1,-1,-1,-1,-1,-1
996,62.309967,39.77194,-1,-1,-1,-1,-1,-1,-1,-1,41.41485,67.45216,-1,-1,-1,-1,-1,-1,43.08309,56.22893,31.466457,36.28603,-1,-1,-1,-1,-1,-1,-1,-1
997,65.592384,36.675877,-1,-1,-1,-1,-1,-1,-1,-1,49.51784,78.8112,-1,-1,-1,-1,-1,-1,50.211792,64.94473,28.308613,38.181114,-1,-1,-1,-1,-1,-1,-1,-1
998,66.49442,39.304146,-1,-1,-1,-1,-1,-1,-1,-1,44.302967,79.67951,-1,-1,-1,-1,-1,-1,44.54918,61.94359,26.811,39.325737,-1,-1,-1,-1,-1,-1,-1,-1
999,66.30128,39.049484,-1,-1,-1,-1,-1,-1,-1,-1,51.82867,76.928986,-1,-1,-1,-1,-1,-1,50.80996,69.21583,30.123713,41.954945,-1,-1,-1,-1,-1,-1,-1,-1
1000,66.31933,37.75899,-1,-1,-1,-1,-1,-1,-1,-1,50.063484,72.549446,-1,-1,-1,-1,-1,-1,49.51738,62.232113,30.34222,41.439938,-1,-1,-1,-1,-1,-1,-1,-1
1001,61.526375,40.926624,-1,-1,-1,-1,-1,-1,-1,-1,45.94757,71.049995,-1,-1,-1,-1,-1,-1,46.432102,62.395714,33.88707,38.28404,-1,-1,-1,-1,-1,-1,-1,-1
1002,65.4847,34.487,-1,-1,-1,-1,-1,-1,-1,-1,49.362896,76.76462,-1,-1,-1,-1,-1,-1,47.985096,66.653435,27.791237,36.404217,-1,-1,-1,-1,-1,-1,-1,-1
1003,66.49582,34.639797,-1,-1,-1,-1,-1,-1,-1,-1,55.730423,84.782394,-1,-1,-1,-1,-1,-1,54.765316,68.64008,26.914833,41.408348,-1,-1,-1,-1,-1,-1,-1,-1
1004,71.83145,38.76377,-1,-1,-1,-1,-1,-1,-1,-1,52.674892,87.52259,-1,-1,-1,-1,-1,-1,49.30911,73.19014,29.067684,41.067387,-1,-1,-1,-1,-1,-1,-1,-1
1005,65.872025,41.618973,-1,-1,-1,-1,-1,-1,-1,-1,45.125454,80.25667,-1,-1,-1,-1,-1,-1,45.884403,68.10549,30.239798,39.660248,-1,-1,-1,-1,-1,-1,-1,-1
1006,65.01621,36.89079,-1,-1,-1,-1,-1,-1,-1,-1,47.273907,74.44833,-1,-1,-1,-1,-1,-1,47.391808,58.039604,29.206366,37.48446,-1,-1,-1,-1,-1,-1,-1,-1
1007,61.885857,37.98882,-1,-1,-1,-1,-1,-1,-1,-1,51.768787,72.92949,-1,-1,-1,-1,-1,-1,49.899372,63.911263,30.543362,42.12189,-1,-1,-1,-1,-1,-1,-1,-1
1008,67.40001,38.045948,-1,-1,-1,-1,-1,-1,-1,-1,48.917988,76.87955,-1,-1,-1,-1,-1,-1,48.029,58.864273,26.790962,38.924015,-1,-1,-1,-1,-1,-1,-1,-1
1009,62.131382,36.25018,-1,-1,-1,-1,-1,-1,-1,-1,46.58327,69.663216,-1,-1,-1,-1,-1,-1,46.065727,60.440628,29.888437,38.539722,-1,-1,-1,-1,-1,-1,-1,-1
1010,68.19419,32.563957,-1,-1,-1,-1,-1,-1,-1,-1,54.228973,82.08344,-1,-1,-1,-1,-1,-1,47.642635,63.381016,28.238396,41.32777,-1,-1,-1,-1,-1,-1,-1,-1
1011,67.40699,44.03244,-1,-1,-1,-1,-1,-1,-1,-1,41.37029,80.46093,-1,-1,-1,-1,-1,-1,47.424034,66.50937,32.687576,33.01697,-1,-1,-1,-1,-1,-1,-1,-1
1012,67.96123,39.079727,-1,-1,-1,-1,-1,-1,-1,-1,51.232,82.98795,-1,-1,-1,-1,-1,-1,49.42389,64.65975,27.232845,42.518837,-1,-1,-1,-1,-1,-1,-1,-1
1013,66.19351,36.799477,-1,-1,-1,-1,-1,-1,-1,-1,53.042652,68.985634,-1,-1,-1,-1,-1,-1,51.996815,58.18754,31.197336,37.57436,-1,-1,-1,-1,-1,-1,-1,-1
1014,65.08917,37.526443,-1,-1,-1,-1,-1,-1,-1,-1,49.882908,77.44552,-1,-1,-1,-1,-1,-1,49.59512,68.37843,29.994081,39.152252,-1,-1,-1,-1,-1,-1,-1,-1
1015,57.849762,35.414448,-1,-1,-1,-1,-1,-1,-1,-1,52.583145,80.90729,-1,-1,-1,-1,-1,-1,44.57334,63.11646,28.232327,47.85917,-1,-1,-1,-1,-1,-1,-1,-1
1016,65.49808,39.061928,-1,-1,-1,-1,-1,-1,-1,-1,45.415054,74.030716,-1,-1,-1,-1,-1,-1,45.49723,65.257034,29.782463,37.676136,-1,-1,-1,-1,-1,-1,-1,-1
1017,64.35178,33.923767,-1,-1,-1,-1,-1,-1,-1,-1,48.255474,64.39616,-1,-1,-1,-1,-1,-1,48.12152,55.178158,31.303093,34.541718,-1,-1,-1,-1,-1,-1,-1,-1
1018,66.65311,32.87714,-1,-1,-1,-1,-1,-1,-1,-1,50.500877,76.76635,-1,-1,-1,-1,-1,-1,49.928665,63.328117,29.67446,34.941383,-1,-1,-1,-1,-1,-1,-1,-1
1019,65.07078,36.82205,-1,-1,-1,-1,-1,-1,-1,-1,44.844776,65.51489,-1,-1,-1,-1,-1,-1,48.315765,57.328846,33.840183,32.52129,-1,-1,-1,-1,-1,-1,-1,-1
1020,65.56427,38.987514,-1,-1,-1,-1,-1,-1,-1,-1,49.145138,81.61773,-1,-1,-1,-1,-1,-1,49.380035,66.256004,31.395775,39.062992,-1,-1,-1,-1,-1,-1,-1,-1
1021,68.024055,37.733273,-1,-1,-1,-1,-1,-1,-1,-1,46.86186,78.24433,-1,-1,-1,-1,-1,-1,45.681305,66.92762,29.35793,37.89969,-1,-1,-1,-1,-1,-1,-1,-1
1022,66.23202,36.8957,-1,-1,-1,-1,-1,-1,-1,-1,44.421684,80.53839,-1,-1,-1,-1,-1,-1,40.52163,53.155964,32.38345,39.124775,-1,-1,-1,-1,-1,-1,-1,-1
1023,69.168205,38.715416,-1,-1,-1,-1,-1,-1,-1,-1,50.83191,73.75078,-1,-1,-1,-1,-1,-1,50.93479,61.49039,33.81644,36.217117,-1,-1,-1,-1,-1,-1,-1,-1
1024,66.24792,35.609802,-1,-1,-1,-1,-1,-1,-1,-1,50.754974,75.06435,-1,-1,-1,-1,-1,-1,51.03111,60.17637,28.159624,36.80214,-1,-1,-1,-1,-1,-1,-1,-1
1025,54.49734,37.448994,-1,-1,-1,-1,-1,-1,-1,-1,31.161753,71.80644,-1,-1,-1,-1,-1,-1,33.24909,59.45828,19.704622,32.201992,-1,-1,-1,-1,-1,-1,-1,-1
1026,66.09595,37.904243,-1,-1,-1,-1,-1,-1,-1,-1,48.92313,80.62488,-1,-1,-1,-1,-1,-1,49.27823,68.3083,29.360987,38.726917,-1,-1,-1,-1,-1,-1,-1,-1
1027,63.606472,36.471268,-1,-1,-1,-1,-1,-1,-1,-1,48.602226,80.368225,-1,-1,-1,-1,-1,-1,46.25013,68.6326,28.189045,39.735962,-1,-1,-1,-1,-1,-1,-1,-1
1028,66.96742,38.779892,-1,-1,-1,-1,-1,-1,-1,-1,48.512554,80.93489,-1,-1,-1,-1,-1,-1,49.8634,71.31572,28.604689,38.923615,-1,-1,-1,-1,-1,-1,-1,-1
1029,65.178856,33.951027,-1,-1,-1,-1,-1,-1,-1,-1,63.72764,72.64941,-1,-1,-1,-1,-1,-1,60.075024,63.44259,32.13912,47.86574,-1,-1,-1,-1,-1,-1,-1,-1
1030,43.253437,43.082523,-1,-1,-1,-1,-1,-1,-1,-1,31.290966,78.82567,-1,-1,-1,-1,-1,-1,27.815554,66.63878,16.291063,49.070244,-1,-1,-1,-1,-1,-1,-1,-1
1031,67.93786,35.197067,-1,-1,-1,-1,-1,-1,-1,-1,52.095848,78.4383,-1,-1,-1,-1,-1,-1,51.41609,68.193405,29.55336,37.572433,-1,-1,-1,-1,-1,-1,-1,-1
1032,61.494812,38.03326,-1,-1,-1,-1,-1,-1,-1,-1,48.35483,67.89463,-1,-1,-1,-1,-1,-1,47.718216,60.00189,33.268276,38.2112,-1,-1,-1,-1,-1,-1,-1,-1
1033,66.05059,39.547134,-1,-1,-1,-1,-1,-1,-1,-1,48.65237,78.59492,-1,-1,-1,-1,-1,-1,47.49242,67.90824,29.613201,40.75017,-1,-1,-1,-1,-1,-1,-1,-1
1034,65.16994,45.039654,-1,-1,-1,-1,-1,-1,-1,-1,43.669407,73.63789,-1,-1,-1,-1,-1,-1,45.743313,62.735115,32.718525,37.114624,-1,-1,-1,-1,-1,-1,-1,-1
1035,64.77782,36.932396,-1,-1,-1,-1,-1,-1,-1,-1,49.347782,76.86152,-1,-1,-1,-1,-1,-1,48.51795,67.07944,30.12765,38.51272,-1,-1,-1,-1,-1,-1,-1,-1
1036,66.1576,29.358618,-1,-1,-1,-1,-1,-1,-1,-1,48.994484,73.14367,-1,-1,-1,-1,-1,-1,45.057266,59.330784,29.505383,31.872906,-1,-1,-1,-1,-1,-1,-1,-1
1037,62.15078,36.35026,-1,-1,-1,-1,-1,-1,-1,-1,47.20294,78.480804,-1,-1,-1,-1,-1,-1,45.764244,66.16905,26.571941,39.462406,-1,-1,-1,-1,-1,-1,-1,-1
1038,68.433624,33.686665,-1,-1,-1,-1,-1,-1,-1,-1,54.325882,75.23278,-1,-1,-1,-1,-1,-1,52.26682,62.52853,30.664408,38.46359,-1,-1,-1,-1,-1,-1,-1,-1
1039,68.36065,38.471657,-1,-1,-1,-1,-1,-1,-1,-1,49.925144,76.16335,-1,-1,-1,-1,-1,-1,51.78082,67.020134,30.94375,36.68084,-1,-1,-1,-1,-1,-1,-1,-1
1040,65.71272,37.592552,-1,-1,-1,-1,-1,-1,-1,-1,49.26028,82.137184,-1,-1,-1,-1,-1,-1,49.78567,68.25583,30.548702,38.265034,-1,-1,-1,-1,-1,-1,-1,-1
1041,60.443604,36.320198,-1,-1,-1,-1,-1,-1,-1,-1,40.21237,80.645775,-1,-1,-1,-1,-1,-1,39.97756,68.035614,23.957727,39.79413,-1,-1,-1,-1,-1,-1,-1,-1
1042,65.58463,44.52303,-1,-1,-1,-1,-1,-1,-1,-1,41.28551,81.62573,-1,-1,-1,-1,-1,-1,44.562473,71.7087,30.789291,38.948364,-1,-1,-1,-1,-1,-1,-1,-1
1043,67.04193,36.191063,-1,-1,-1,-1,-1,-1,-1,-1,49.802437,81.07981,-1,-1,-1,-1,-1,-1,47.538258,70.29404,28.431107,37.18719,-1,-1,-1,-1,-1,-1,-1,-1
1044,66.241615,40.52751,-1,-1,-1,-1,-1,-1,-1,-1,50.431488,76.95044,-1,-1,-1,-1,-1,-1,51.646065,65.37517,28.316187,38.21721,-1,-1,-1,-1,-1,-1,-1,-1
1045,66.220276,39.195976,-1,-1,-1,-1,-1,-1,-1,-1,48.04534,71.344,-1,-1,-1,-1,-1,-1,48.1124,60.73862,31.82245,38.95111,-1,-1,-1,-1,-1,-1,-1,-1
1046,66.94918,38.203083,-1,-1,-1,-1,-1,-1,-1,-1,51.181274,76.45802,-1,-1,-1,-1,-1,-1,51.63919,66.0613,28.45095,38.010014,-1,-1,-1,-1,-1,-1,-1,-1
1047,66.45638,39.589954,-1,-1,-1,-1,-1,-1,-1,-1,47.38109,73.6685,-1,-1,-1,-1,-1,-1,47.11211,62.55822,26.378134,40.410877,-1,-1,-1,-1,-1,-1,-1,-1
1048,68.78523,40.46592,-1,-1,-1,-1,-1,-1,-1,-1,46.365536,78.50343,-1,-1,-1,-1,-1,-1,46.598267,61.493965,26.664974,39.10586,-1,-1,-1,-1,-1,-1,-1,-1
1049,65.586945,35.041527,-1,-1,-1,-1,-1,-1,-1,-1,44.55459,77.07511,-1,-1,-1,-1,-1,-1,41.915386,60.95095,25.803158,38.063847,-1,-1,-1,-1,-1,-1,-1,-1
1050,66.92984,36.632626,-1,-1,-1,-1,-1,-1,-1,-1,49.25987,76.04326,-1,-1,-1,-1,-1,-1,48.69264,64.807175,28.76046,38.727192,-1,-1,-1,-1,-1,-1,-1,-1
1051,50.481007,39.518757,-1,-1,-1,-1,-1,-1,-1,-1,31.96306,69.045845,-1,-1,-1,-1,-1,-1,33.176323,60.000393,20.106543,38.998737,-1,-1,-1,-1,-1,-1,-1,-1
1052,65.98597,41.21597,-1,-1,-1,-1,-1,-1,-1,-1,50.122402,91.04085,-1,-1,-1,-1,-1,-1,52.257538,72.17219,29.602829,41.61766,-1,-1,-1,-1,-1,-1,-1,-1
1053,67.48524,37.209335,-1,-1,-1,-1,-1,-1,-1,-1,53.17959,73.20018,-1,-1,-1,-1,-1,-1,52.725887,60.425873,31.291128,38.416573,-1,-1,-1,-1,-1,-1,-1,-1
1054,69.598625,41.48266,-1,-1,-1,-1,-1,-1,-1,-1,47.938717,75.617256,-1,-1,-1,-1,-1,-1,46.915504,62.33763,25.768404,43.95676,-1,-1,-1,-1,-1,-1,-1,-1
1055,69.23193,38.647236,-1,-1,-1,-1,-1,-1,-1,-1,49.285797,79.36975,-1,-1,-1,-1,-1,-1,49.028713,65.289795,27.601992,38.8394,-1,-1,-1,-1,-1,-1,-1,-1
1056,64.984955,37.020172,-1,-1,-1,-1,-1,-1,-1,-1,51.197025,78.03388,-1,-1,-1,-1,-1,-1,53.101933,66.2955,31.135431,37.094376,-1,-1,-1,-1,-1,-1,-1,-1
1057,64.88349,33.92639,-1,-1,-1,-1,-1,-1,-1,-1,54.093204,72.24509,-1,-1,-1,-1,-1,-1,52.4067,63.23493,27.234224,42.015717,-1,-1,-1,-1,-1,-1,-1,-1
1058,61.882267,37.957676,-1,-1,-1,-1,-1,-1,-1,-1,34.039658,71.37522,-1,-1,-1,-1,-1,-1,38.421005,51.19743,21.918417,30.164062,-1,-1,-1,-1,-1,-1,-1,-1
1059,65.73929,39.38838,-1,-1,-1,-1,-1,-1,-1,-1,45.313778,79.67572,-1,-1,-1,-1,-1,-1,45.42937,65.773254,30.502512,39.21259,-1,-1,-1,-1,-1,-1,-1,-1
1060,65.984,35.83657,-1,-1,-1,-1,-1,-1,-1,-1,49.890865,74.150116,-1,-1,-1,-1,-1,-1,50.26045,61.5319,29.593649,35.803608,-1,-1,-1,-1,-1,-1,-1,-1
1061,63.096096,38.731007,-1,-1,-1,-1,-1,-1,-1,-1,49.757072,78.8341,-1,-1,-1,-1,-1,-1,49.358593,65.0547,27.861244,41.007328,-1,-1,-1,-1,-1,-1,-1,-1
1062,65.64341,39.743553,-1,-1,-1,-1,-1,-1,-1,-1,43.931473,80.23576,-1,-1,-1,-1,-1,-1,43.642944,65.44579,29.84467,39.250923,-1,-1,-1,-1,-1,-1,-1,-1
1063,65.49297,40.10661,-1,-1,-1,-1,-1,-1,-1,-1,44.90861,80.784355,-1,-1,-1,-1,-1,-1,44.619827,65.45174,28.576887,37.869595,-1,-1,-1,-1,-1,-1,-1,-1
1064,66.0716,41.702114,-1,-1,-1,-1,-1,-1,-1,-1,45.58998,79.239044,-1,-1,-1,-1,-1,-1,44.80252,66.17221,33.2717,41.126633,-1,-1,-1,-1,-1,-1,-1,-1
1065,40.778973,40.7847,-1,-1,-1,-1,-1,-1,-1,-1,17.918594,88.73193,-1,-1,-1,-1,-1,-1,16.298973,71.7921,2.2604353,40.45808,-1,-1,-1,-1,-1,-1,-1,-1
1066,61.861416,41.847134,-1,-1,-1,-1,-1,-1,-1,-1,45.470272,67.931175,-1,-1,-1,-1,-1,-1,47.381695,58.25038,36.309906,37.095795,-1,-1,-1,-1,-1,-1,-1,-1
1067,72.22764,35.062653,-1,-1,-1,-1,-1,-1,-1,-1,46.006702,83.659584,-1,-1,-1,-1,-1,-1,47.08784,70.565895,26.884203,31.437834,-1,-1,-1,-1,-1,-1,-1,-1
1068,66.39593,34.671978,-1,-1,-1,-1,-1,-1,-1,-1,53.419533,78.69176,-1,-1,-1,-1,-1,-1,52.932472,67.82544,31.236254,39.037857,-1,-1,-1,-1,-1,-1,-1,-1
1069,68.918625,34.961693,-1,-1,-1,-1,-1,-1,-1,-1,52.241917,77.56172,-1,-1,-1,-1,-1,-1,49.12411,67.55518,28.983955,38.197964,-1,-1,-1,-1,-1,-1,-1,-1
1070,62.995476,37.413765,-1,-1,-1,-1,-1,-1,-1,-1,44.36574,71.96205,-1,-1,-1,-1,-1,-1,44.55113,63.269875,28.637192,38.377094,-1,-1,-1,-1,-1,-1,-1,-1
1071,66.85047,38.026817,-1,-1,-1,-1,-1,-1,-1,-1,49.996346,76.75672,-1,-1,-1,-1,-1,-1,51.065804,65.58064,31.05657,36.50135,-1,-1,-1,-1,-1,-1,-1,-1
1072,59.665882,40.602467,-1,-1,-1,-1,-1,-1,-1,-1,46.83718,73.262314,-1,-1,-1,-1,-1,-1,46.315063,65.62686,31.693476,41.80941,-1,-1,-1,-1,-1,-1,-1,-1
1073,68.01115,38.94087,-1,-1,-1,-1,-1,-1,-1,-1,53.50314,71.52608,-1,-1,-1,-1,-1,-1,54.05384,58.821957,33.423515,36.683167,-1,-1,-1,-1,-1,-1,-1,-1
1074,66.918915,40.64876,-1,-1,-1,-1,-1,-1,-1,-1,43.010036,79.50174,-1,-1,-1,-1,-1,-1,44.160038,62.25987,30.409758,38.238873,-1,-1,-1,-1,-1,-1,-1,-1
1075,66.18819,38.16334,-1,-1,-1,-1,-1,-1,-1,-1,46.436,72.74061,-1,-1,-1,-1,-1,-1,46.32923,55.761734,28.94943,36.473557,-1,-1,-1,-1,-1,-1,-1,-1
1076,65.52564,37.074707,-1,-1,-1,-1,-1,-1,-1,-1,49.94615,71.72377,-1,-1,-1,-1,-1,-1,49.544205,61.921017,30.976233,38.313957,-1,-1,-1,-1,-1,-1,-1,-1
1077,66.991455,37.876434,-1,-1,-1,-1,-1,-1,-1,-1,51.921345,84.72791,-1,-1,-1,-1,-1,-1,53.67579,66.69033,30.737858,39.313316,-1,-1,-1,-1,-1,-1,-1,-1
1078,65.139145,36.77055,-1,-1,-1,-1,-1,-1,-1,-1,52.952385,76.57903,-1,-1,-1,-1,-1,-1,51.120987,56.731827,28.780186,41.098362,-1,-1,-1,-1,-1,-1,-1,-1
1079,65.20783,37.292698,-1,-1,-1,-1,-1,-1,-1,-1,49.853027,73.589516,-1,-1,-1,-1,-1,-1,49.811436,62.513317,32.412304,37.168884,-1,-1,-1,-1,-1,-1,-1,-1
1080,66.69218,39.1361,-1,-1,-1,-1,-1,-1,-1,-1,44.413296,79.14399,-1,-1,-1,-1,-1,-1,45.7755,64.407715,29.78146,37.312057,-1,-1,-1,-1,-1,-1,-1,-1
1081,65.078835,42.498585,-1,-1,-1,-1,-1,-1,-1,-1,42.12443,78.335,-1,-1,-1,-1,-1,-1,44.2284,68.04003,33.361637,35.83114,-1,-1,-1,-1,-1,-1,-1,-1
1082,67.102066,37.929413,-1,-1,-1,-1,-1,-1,-1,-1,48.18104,77.31292,-1,-1,-1,-1,-1,-1,47.42583,62.203995,28.82586,39.923023,-1,-1,-1,-1,-1,-1,-1,-1
1083,60.061638,40.839176,-1,-1,-1,-1,-1,-1,-1,-1,43.870407,74.22847,-1,-1,-1,-1,-1,-1,44.885506,64.19576,28.862173,39.949734,-1,-1,-1,-1,-1,-1,-1,-1
1084,67.17114,38.74031,-1,-1,-1,-1,-1,-1,-1,-1,49.049187,75.713776,-1,-1,-1,-1,-1,-1,49.248974,62.385117,30.35415,38.54696,-1,-1,-1,-1,-1,-1,-1,-1
1085,66.51869,39.762592,-1,-1,-1,-1,-1,-1,-1,-1,51.022224,74.66551,-1,-1,-1,-1,-1,-1,51.2333,62.237545,31.982534,40.18958,-1,-1,-1,-1,-1,-1,-1,-1
1086,64.375015,34.92094,-1,-1,-1,-1,-1,-1,-1,-1,51.835384,68.71254,-1,-1,-1,-1,-1,-1,51.317543,58.316387,32.8908,37.53555,-1,-1,-1,-1,-1,-1,-1,-1
1087,67.85796,39.142174,-1,-1,-1,-1,-1,-1,-1,-1,47.13682,74.887985,-1,-1,-1,-1,-1,-1,51.965466,60.546856,34.72043,33.604633,-1,-1,-1,-1,-1,-1,-1,-1
1088,66.67265,39.602997,-1,-1,-1,-1,-1,-1,-1,-1,42.99183,80.91502,-1,-1,-1,-1,-1,-1,42.84172,68.991714,24.22841,37.812992,-1,-1,-1,-1,-1,-1,-1,-1
1089,68.261406,32.574783,-1,-1,-1,-1,-1,-1,-1,-1,57.185177,84.92708,-1,-1,-1,-1,-1,-1,60.262375,66.67478,34.04604,38.301212,-1,-1,-1,-1,-1,-1,-1,-1
1090,67.502846,39.422794,-1,-1,-1,-1,-1,-1,-1,-1,44.700546,77.589714,-1,-1,-1,-1,-1,-1,44.646618,66.911644,30.267988,36.269653,-1,-1,-1,-1,-1,-1,-1,-1
1091,66.90569,41.14312,-1,-1,-1,-1,-1,-1,-1,-1,44.15905,71.05268,-1,-1,-1,-1,-1,-1,45.213932,60.260586,30.429459,37.351177,-1,-1,-1,-1,-1,-1,-1,-1
1092,65.864,43.284977,-1,-1,-1,-1,-1,-1,-1,-1,42.25569,85.5442,-1,-1,-1,-1,-1,-1,44.523865,65.61185,30.515388,37.35913,-1,-1,-1,-1,-1,-1,-1,-1
1093,62.049297,36.43493,-1,-1,-1,-1,-1,-1,-1,-1,47.195297,72.38208,-1,-1,-1,-1,-1,-1,47.26124,63.164764,29.752037,36.77131,-1,-1,-1,-1,-1,-1,-1,-1
1094,63.590195,37.86445,-1,-1,-1,-1,-1,-1,-1,-1,49.263874,80.233635,-1,-1,-1,-1,-1,-1,47.734184,67.694275,28.525866,41.585262,-1,-1,-1,-1,-1,-1,-1,-1
1095,65.138885,36.992306,-1,-1,-1,-1,-1,-1,-1,-1,47.263645,77.71991,-1,-1,-1,-1,-1,-1,48.19447,66.593925,26.951529,36.69086,-1,-1,-1,-1,-1,-1,-1,-1
1096,69.79786,33.8792,-1,-1,-1,-1,-1,-1,-1,-1,58.95257,78.74584,-1,-1,-1,-1,-1,-1,60.645702,66.197075,34.340836,35.06535,-1,-1,-1,-1,-1,-1,-1,-1
1097,65.33203,35.735935,-1,-1,-1,-1,-1,-1,-1,-1,47.265602,72.076195,-1,-1,-1,-1,-1,-1,46.312912,57.327118,27.03085,37.755013,-1,-1,-1,-1,-1,-1,-1,-1
1098,63.353237,43.22421,-1,-1,-1,-1,-1,-1,-1,-1,32.538177,74.02127,-1,-1,-1,-1,-1,-1,36.128998,56.341496,28.421186,34.409992,-1,-1,-1,-1,-1,-1,-1,-1
1099,64.33554,40.296783,-1,-1,-1,-1,-1,-1,-1,-1,45.188747,76.624985,-1,-1,-1,-1,-1,-1,44.035564,67.19068,28.235933,40.508907,-1,-1,-1,-1,-1,-1,-1,-1
1100,65.7967,38.21209,-1,-1,-1,-1,-1,-1,-1,-1,44.53646,73.55104,-1,-1,-1,-1,-1,-1,46.208294,61.86514,30.602795,35.07648,-1,-1,-1,-1,-1,-1,-1,-1
1101,68.2596,35.753136,-1,-1,-1,-1,-1,-1,-1,-1,50.734516,78.08629,-1,-1,-1,-1,-1,-1,51.093468,63.569,27.919292,37.975502,-1,-1,-1,-1,-1,-1,-1,-1
1102,81.51225,47.529095,-1,-1,-1,-1,-1,-1,-1,-1,59.975166,89.06087,-1,-1,-1,-1,-1,-1,65.06112,72.96645,48.408695,38.5151,-1,-1,-1,-1,-1,-1,-1,-1
1103,63.703148,35.120125,-1,-1,-1,-1,-1,-1,-1,-1,48.65483,67.425995,-1,-1,-1,-1,-1,-1,46.58935,55.033485,33.33268,35.93291,-1,-1,-1,-1,-1,-1,-1,-1
1104,64.392075,37.055767,-1,-1,-1,-1,-1,-1,-1,-1,48.07192,76.03708,-1,-1,-1,-1,-1,-1,48.25866,64.727776,28.528006,38.959896,-1,-1,-1,-1,-1,-1,-1,-1
1105,66.54331,36.201263,-1,-1,-1,-1,-1,-1,-1,-1,50.636013,78.82743,-1,-1,-1,-1,-1,-1,49.21081,67.487144,29.63596,39.03261,-1,-1,-1,-1,-1,-1,-1,-1
1106,70.485016,40.239555,-1,-1,-1,-1,-1,-1,-1,-1,43.8393,85.25454,-1,-1,-1,-1,-1,-1,43.848103,71.48328,28.586485,35.581104,-1,-1,-1,-1,-1,-1,-1,-1
1107,65.8145,41.104958,-1,-1,-1,-1,-1,-1,-1,-1,48.286903,80.91381,-1,-1,-1,-1,-1,-1,48.5234,67.25712,25.628895,39.253456,-1,-1,-1,-1,-1,-1,-1,-1
1108,63.934418,36.283306,-1,-1,-1,-1,-1,-1,-1,-1,46.95572,75.17704,-1,-1,-1,-1,-1,-1,47.29554,63.43636,26.796854,38.05061,-1,-1,-1,-1,-1,-1,-1,-1
1109,64.65648,32.8713,-1,-1,-1,-1,-1,-1,-1,-1,57.377045,73.50487,-1,-1,-1,-1,-1,-1,58.46513,63.347496,32.213226,40.071083,-1,-1,-1,-1,-1,-1,-1,-1
1110,61.352722,41.215733,-1,-1,-1,-1,-1,-1,-1,-1,39.743824,73.01987,-1,-1,-1,-1,-1,-1,38.9427,59.6491,30.942217,37.647606,-1,-1,-1,-1,-1,-1,-1,-1
1111,61.950462,39.403423,-1,-1,-1,-1,-1,-1,-1,-1,38.184006,80.9346,-1,-1,-1,-1,-1,-1,39.434414,69.088455,22.230356,37.852177,-1,-1,-1,-1,-1,-1,-1,-1
1112,64.918526,34.404556,-1,-1,-1,-1,-1,-1,-1,-1,54.35577,73.897354,-1,-1,-1,-1,-1,-1,54.559383,62.453358,29.69237,40.392822,-1,-1,-1,-1,-1,-1,-1,-1
1113,64.45684,40.09097,-1,-1,-1,-1,-1,-1,-1,-1,48.025608,80.405495,-1,-1,-1,-1,-1,-1,46.29033,69.038155,29.287222,40.843174,-1,-1,-1,-1,-1,-1,-1,-1
1114,70.60019,40.89875,-1,-1,-1,-1,-1,-1,-1,-1,46.467857,80.075905,-1,-1,-1,-1,-1,-1,47.64981,67.72376,29.727829,36.685734,-1,-1,-1,-1,-1,-1,-1,-1
1115,66.480965,36.130775,-1,-1,-1,-1,-1,-1,-1,-1,52.93055,74.196,-1,-1,-1,-1,-1,-1,51.542313,61.988445,30.707615,40.67659,-1,-1,-1,-1,-1,-1,-1,-1
1116,67.205185,37.27974,-1,-1,-1,-1,-1,-1,-1,-1,51.916233,75.69004,-1,-1,-1,-1,-1,-1,48.042618,60.400257,31.371798,43.969933,-1,-1,-1,-1,-1,-1,-1,-1
1117,45.342224,42.688175,-1,-1,-1,-1,-1,-1,-1,-1,24.847723,70.20255,-1,-1,-1,-1,-1,-1,23.648174,58.97562,23.811281,34.99327,-1,-1,-1,-1,-1,-1,-1,-1
1118,63.609432,32.824837,-1,-1,-1,-1,-1,-1,-1,-1,46.813118,79.55857,-1,-1,-1,-1,-1,-1,46.831654,61.342266,28.42585,32.846424,-1,-1,-1,-1,-1,-1,-1,-1
1119,66.997475,42.57113,-1,-1,-1,-1,-1,-1,-1,-1,41.454334,81.4283,-1,-1,-1,-1,-1,-1,44.154408,55.268562,31.534845,37.69574,-1,-1,-1,-1,-1,-1,-1,-1
1120,63.250004,41.354614,-1,-1,-1,-1,-1,-1,-1,-1,50.01586,83.76261,-1,-1,-1,-1,-1,-1,48.01932,68.059265,29.781513,43.649387,-1,-1,-1,-1,-1,-1,-1,-1
1121,66.37465,40.846184,-1,-1,-1,-1,-1,-1,-1,-1,45.113945,77.68181,-1,-1,-1,-1,-1,-1,45.868244,69.36224,29.414175,35.98122,-1,-1,-1,-1,-1,-1,-1,-1
1122,65.6646,40.63012,-1,-1,-1,-1,-1,-1,-1,-1,50.31414,79.947365,-1,-1,-1,-1,-1,-1,53.561226,67.57921,31.815296,38.95307,-1,-1,-1,-1,-1,-1,-1,-1
1123,65.14487,38.532803,-1,-1,-1,-1,-1,-1,-1,-1,46.61668,82.25884,-1,-1,-1,-1,-1,-1,47.669304,66.641884,30.8635,37.74682,-1,-1,-1,-1,-1,-1,-1,-1
1124,45.163345,43.601852,-1,-1,-1,-1,-1,-1,-1,-1,33.575275,77.42356,-1,-1,-1,-1,-1,-1,30.273418,64.065834,21.65913,45.762978,-1,-1,-1,-1,-1,-1,-1,-1
1125,62.929317,39.106434,-1,-1,-1,-1,-1,-1,-1,-1,46.554237,71.75838,-1,-1,-1,-1,-1,-1,45.932434,60.34359,31.739101,40.92988,-1,-1,-1,-1,-1,-1,-1,-1
1126,65.5391,39.034466,-1,-1,-1,-1,-1,-1,-1,-1,48.061035,77.651024,-1,-1,-1,-1,-1,-1,48.66189,56.103107,31.560999,39.18741,-1,-1,-1,-1,-1,-1,-1,-1
1127,65.366844,37.38958,-1,-1,-1,-1,-1,-1,-1,-1,48.088387,71.384155,-1,-1,-1,-1,-1,-1,47.06138,59.90762,30.057884,40.126293,-1,-1,-1,-1,-1,-1,-1,-1
1128,66.639626,40.342896,-1,-1,-1,-1,-1,-1,-1,-1,49.12414,75.18079,-1,-1,-1,-1,-1,-1,48.943897,65.71648,28.639324,39.19056,-1,-1,-1,-1,-1,-1,-1,-1
1129,69.153015,42.911972,-1,-1,-1,-1,-1,-1,-1,-1,43.759792,78.61116,-1,-1,-1,-1,-1,-1,45.70907,65.04516,30.305618,39.18271,-1,-1,-1,-1,-1,-1,-1,-1
1130,64.439384,36.418587,-1,-1,-1,-1,-1,-1,-1,-1,50.62588,74.03621,-1,-1,-1,-1,-1,-1,50.02471,59.94502,30.352144,40.33294,-1,-1,-1,-1,-1,-1,-1,-1
1131,65.14167,36.35031,-1,-1,-1,-1,-1,-1,-1,-1,51.65026,79.91736,-1,-1,-1,-1,-1,-1,50.947464,64.85312,29.785917,41.217484,-1,-1,-1,-1,-1,-1,-1,-1
1132,62.3655,38.740723,-1,-1,-1,-1,-1,-1,-1,-1,46.717766,63.39028,-1,-1,-1,-1,-1,-1,46.493713,55.520138,35.21465,36.542046,-1,-1,-1,-1,-1,-1,-1,-1
1133,67.613144,37.416306,-1,-1,-1,-1,-1,-1,-1,-1,45.7957,71.506294,-1,-1,-1,-1,-1,-1,50.379074,60.019882,35.742985,33.39487,-1,-1,-1,-1,-1,-1,-1,-1
1134,65.39556,42.98727,-1,-1,-1,-1,-1,-1,-1,-1,44.900826,76.13957,-1,-1,-1,-1,-1,-1,47.92542,65.34541,31.838816,39.430237,-1,-1,-1,-1,-1,-1,-1,-1
1135,68.455925,39.070057,-1,-1,-1,-1,-1,-1,-1,-1,47.247566,79.952896,-1,-1,-1,-1,-1,-1,49.03013,68.37575,28.646515,37.644028,-1,-1,-1,-1,-1,-1,-1,-1
1136,64.85838,39.559578,-1,-1,-1,-1,-1,-1,-1,-1,49.72035,77.86368,-1,-1,-1,-1,-1,-1,49.05987,66.80491,29.590342,40.440895,-1,-1,-1,-1,-1,-1,-1,-1
1137,64.62867,39.38179,-1,-1,-1,-1,-1,-1,-1,-1,42.849903,77.0141,-1,-1,-1,-1,-1,-1,44.915745,66.887566,30.082556,34.409374,-1,-1,-1,-1,-1,-1,-1,-1
1138,62.757088,34.921787,-1,-1,-1,-1,-1,-1,-1,-1,55.94594,80.12324,-1,-1,-1,-1,-1,-1,58.343544,63.075947,31.75928,39.927586,-1,-1,-1,-1,-1,-1,-1,-1
1139,67.20265,37.96919,-1,-1,-1,-1,-1,-1,-1,-1,52.893993,79.80117,-1,-1,-1,-1,-1,-1,55.1573,62.254417,29.848524,35.725903,-1,-1,-1,-1,-1,-1,-1,-1
1140,67.96842,40.04163,-1,-1,-1,-1,-1,-1,-1,-1,46.58997,74.469826,-1,-1,-1,-1,-1,-1,48.308907,58.744213,30.133364,37.524857,-1,-1,-1,-1,-1,-1,-1,-1
1141,63.86087,39.184704,-1,-1,-1,-1,-1,-1,-1,-1,46.20073,75.13088,-1,-1,-1,-1,-1,-1,47.202972,65.44162,31.189505,37.21958,-1,-1,-1,-1,-1,-1,-1,-1
1142,63.14018,37.11357,-1,-1,-1,-1,-1,-1,-1,-1,44.823128,73.09834,-1,-1,-1,-1,-1,-1,44.25182,63.38418,30.552107,36.31878,-1,-1,-1,-1,-1,-1,-1,-1
1143,65.80911,37.071613,-1,-1,-1,-1,-1,-1,-1,-1,48.91157,86.99304,-1,-1,-1,-1,-1,-1,46.302902,66.52707,30.613733,39.735466,-1,-1,-1,-1,-1,-1,-1,-1
1144,68.48015,39.98735,-1,-1,-1,-1,-1,-1,-1,-1,47.333492,76.10298,-1,-1,-1,-1,-1,-1,46.67947,63.535378,27.627943,41.64506,-1,-1,-1,-1,-1,-1,-1,-1
1145,68.28709,39.4941,-1,-1,-1,-1,-1,-1,-1,-1,48.32315,79.069824,-1,-1,-1,-1,-1,-1,49.233543,62.616253,29.990845,37.398674,-1,-1,-1,-1,-1,-1,-1,-1
1146,65.82447,40.425137,-1,-1,-1,-1,-1,-1,-1,-1,45.51466,78.463066,-1,-1,-1,-1,-1,-1,47.507053,66.07893,30.985985,36.012684,-1,-1,-1,-1,-1,-1,-1,-1
1147,62.426563,38.100464,-1,-1,-1,-1,-1,-1,-1,-1,56.332237,77.20874,-1,-1,-1,-1,-1,-1,54.784786,64.245094,29.646048,41.834553,-1,-1,-1,-1,-1,-1,-1,-1
1148,67.820435,37.34484,-1,-1,-1,-1,-1,-1,-1,-1,47.878185,78.19048,-1,-1,-1,-1,-1,-1,49.451797,65.198875,30.58521,34.45572,-1,-1,-1,-1,-1,-1,-1,-1
1149,63.589157,38.536495,-1,-1,-1,-1,-1,-1,-1,-1,50.644653,76.10605,-1,-1,-1,-1,-1,-1,49.5244,63.084717,31.95905,40.56818,-1,-1,-1,-1,-1,-1,-1,-1
1150,69.480354,38.802547,-1,-1,-1,-1,-1,-1,-1,-1,49.85775,83.97884,-1,-1,-1,-1,-1,-1,49.093002,74.16478,27.333912,38.300285,-1,-1,-1,-1,-1,-1,-1,-1
1151,65.301384,34.53787,-1,-1,-1,-1,-1,-1,-1,-1,56.249237,81.68514,-1,-1,-1,-1,-1,-1,57.268856,67.75078,27.599178,41.980446,-1,-1,-1,-1,-1,-1,-1,-1
1152,62.877068,40.751694,-1,-1,-1,-1,-1,-1,-1,-1,49.289158,77.85734,-1,-1,-1,-1,-1,-1,49.82118,66.85572,30.387228,41.29448,-1,-1,-1,-1,-1,-1,-1,-1
1153,63.20113,39.247684,-1,-1,-1,-1,-1,-1,-1,-1,48.66222,76.78506,-1,-1,-1,-1,-1,-1,48.17185,65.89896,29.55482,41.160007,-1,-1,-1,-1,-1,-1,-1,-1
1154,63.37386,38.45264,-1,-1,-1,-1,-1,-1,-1,-1,52.709885,79.07748,-1,-1,-1,-1,-1,-1,53.340252,65.74859,32.266876,39.59574,-1,-1,-1,-1,-1,-1,-1,-1
1155,64.13997,40.97691,-1,-1,-1,-1,-1,-1,-1,-1,46.172077,75.87885,-1,-1,-1,-1,-1,-1,48.3594,62.095997,31.65944,37.520973,-1,-1,-1,-1,-1,-1,-1,-1
1156,67.530045,36.36771,-1,-1,-1,-1,-1,-1,-1,-1,50.13305,77.078514,-1,-1,-1,-1,-1,-1,48.820236,65.8484,30.021631,39.93685,-1,-1,-1,-1,-1,-1,-1,-1
1157,67.76161,39.525154,-1,-1,-1,-1,-1,-1,-1,-1,51.590534,73.801254,-1,-1,-1,-1,-1,-1,52.03146,64.39583,32.423485,40.31453,-1,-1,-1,-1,-1,-1,-1,-1
1158,67.877884,37.62607,-1,-1,-1,-1,-1,-1,-1,-1,47.967064,82.99637,-1,-1,-1,-1,-1,-1,46.27786,62.0958,30.983826,37.574066,-1,-1,-1,-1,-1,-1,-1,-1
1159,65.78638,38.665752,-1,-1,-1,-1,-1,-1,-1,-1,48.29517,82.30416,-1,-1,-1,-1,-1,-1,50.404408,62.236427,28.50301,36.538773,-1,-1,-1,-1,-1,-1,-1,-1
1160,67.97953,41.75326,-1,-1,-1,-1,-1,-1,-1,-1,51.748642,73.55916,-1,-1,-1,-1,-1,-1,52.927876,62.28111,33.234833,39.773956,-1,-1,-1,-1,-1,-1,-1,-1
1161,63.386864,38.474766,-1,-1,-1,-1,-1,-1,-1,-1,46.993374,75.37569,-1,-1,-1,-1,-1,-1,46.304188,63.13727,32.06396,39.144493,-1,-1,-1,-1,-1,-1,-1,-1
1162,61.181694,34.415695,-1,-1,-1,-1,-1,-1,-1,-1,53.767597,78.34152,-1,-1,-1,-1,-1,-1,51.78324,64.7518,24.630583,39.431126,-1,-1,-1,-1,-1,-1,-1,-1
1163,64.78342,40.880627,-1,-1,-1,-1,-1,-1,-1,-1,47.057575,71.53706,-1,-1,-1,-1,-1,-1,48.23013,61.1361,31.298216,40.05705,-1,-1,-1,-1,-1,-1,-1,-1
1164,68.340836,36.899597,-1,-1,-1,-1,-1,-1,-1,-1,46.136,76.6806,-1,-1,-1,-1,-1,-1,47.790546,62.284054,27.997747,34.766365,-1,-1,-1,-1,-1,-1,-1,-1
1165,64.80436,40.76579,-1,-1,-1,-1,-1,-1,-1,-1,45.523857,77.51676,-1,-1,-1,-1,-1,-1,47.672096,66.752014,30.648985,37.357243,-1,-1,-1,-1,-1,-1,-1,-1
1166,65.45842,39.082287,-1,-1,-1,-1,-1,-1,-1,-1,47.17358,75.87992,-1,-1,-1,-1,-1,-1,47.408928,59.364666,30.129576,39.57828,-1,-1,-1,-1,-1,-1,-1,-1
1167,65.78308,37.61876,-1,-1,-1,-1,-1,-1,-1,-1,52.044186,76.53173,-1,-1,-1,-1,-1,-1,50.6582,65.346275,31.940847,40.901375,-1,-1,-1,-1,-1,-1,-1,-1
1168,68.72987,36.3547,-1,-1,-1,-1,-1,-1,-1,-1,45.0961,66.94749,-1,-1,-1,-1,-1,-1,46.502686,56.59423,27.098509,32.778873,-1,-1,-1,-1,-1,-1,-1,-1
1169,65.160965,38.953934,-1,-1,-1,-1,-1,-1,-1,-1,45.697456,72.6108,-1,-1,-1,-1,-1,-1,46.58101,59.894478,30.275322,36.832268,-1,-1,-1,-1,-1,-1,-1,-1
1170,68.108955,37.443985,-1,-1,-1,-1,-1,-1,-1,-1,47.147697,79.590164,-1,-1,-1,-1,-1,-1,46.06273,67.931725,28.831055,37.140953,-1,-1,-1,-1,-1,-1,-1,-1
1171,68.55442,40.2438,-1,-1,-1,-1,-1,-1,-1,-1,45.86672,81.42139,-1,-1,-1,-1,-1,-1,47.637783,69.59299,29.531494,36.908806,-1,-1,-1,-1,-1,-1,-1,-1
1172,67.60927,36.42782,-1,-1,-1,-1,-1,-1,-1,-1,50.185345,76.40442,-1,-1,-1,-1,-1,-1,49.54851,67.22022,32.653114,37.358,-1,-1,-1,-1,-1,-1,-1,-1
1173,68.48141,36.19525,-1,-1,-1,-1,-1,-1,-1,-1,50.645336,80.81778,-1,-1,-1,-1,-1,-1,51.783855,64.587,27.356403,37.082645,-1,-1,-1,-1,-1,-1,-1,-1
1174,65.33855,37.136406,-1,-1,-1,-1,-1,-1,-1,-1,53.77557,78.069664,-1,-1,-1,-1,-1,-1,52.211052,65.98921,31.387896,44.340176,-1,-1,-1,-1,-1,-1,-1,-1
1175,65.052666,39.107258,-1,-1,-1,-1,-1,-1,-1,-1,48.953457,82.070244,-1,-1,-1,-1,-1,-1,49.752388,68.48767,27.354286,40.340855,-1,-1,-1,-1,-1,-1,-1,-1
1176,65.476776,38.48724,-1,-1,-1,-1,-1,-1,-1,-1,51.229343,70.666374,-1,-1,-1,-1,-1,-1,52.73373,59.952087,34.179848,39.303783,-1,-1,-1,-1,-1,-1,-1,-1
1177,64.02769,36.144073,-1,-1,-1,-1,-1,-1,-1,-1,46.66531,74.16486,-1,-1,-1,-1,-1,-1,46.542206,62.617523,31.441753,35.489517,-1,-1,-1,-1,-1,-1,-1,-1
1178,63.534546,35.491993,-1,-1,-1,-1,-1,-1,-1,-1,53.159946,75.595375,-1,-1,-1,-1,-1,-1,51.58625,64.26792,29.534243,41.547173,-1,-1,-1,-1,-1,-1,-1,-1
1179,62.510723,38.10174,-1,-1,-1,-1,-1,-1,-1,-1,48.24851,73.11088,-1,-1,-1,-1,-1,-1,47.044483,58.206333,31.248856,39.719643,-1,-1,-1,-1,-1,-1,-1,-1
1180,62.544945,37.14621,-1,-1,-1,-1,-1,-1,-1,-1,50.120445,77.55878,-1,-1,-1,-1,-1,-1,46.602947,66.20938,30.277634,42.228565,-1,-1,-1,-1,-1,-1,-1,-1
1181,48.104755,43.72122,-1,-1,-1,-1,-1,-1,-1,-1,29.901329,73.01364,-1,-1,-1,-1,-1,-1,29.391783,65.51425,25.142557,41.11931,-1,-1,-1,-1,-1,-1,-1,-1
1182,67.67024,39.191948,-1,-1,-1,-1,-1,-1,-1,-1,43.75463,78.10052,-1,-1,-1,-1,-1,-1,44.338654,63.872166,33.20949,39.377087,-1,-1,-1,-1,-1,-1,-1,-1
1183,64.81365,35.334904,-1,-1,-1,-1,-1,-1,-1,-1,48.357777,74.24794,-1,-1,-1,-1,-1,-1,48.41723,59.771923,28.90338,36.24816,-1,-1,-1,-1,-1,-1,-1,-1
1184,71.05276,33.311893,-1,-1,-1,-1,-1,-1,-1,-1,54.39764,81.25731,-1,-1,-1,-1,-1,-1,53.882374,62.160084,30.84633,34.57793,-1,-1,-1,-1,-1,-1,-1,-1
1185,57.74972,41.45163,-1,-1,-1,-1,-1,-1,-1,-1,44.671642,69.647415,-1,-1,-1,-1,-1,-1,44.38468,60.921307,32.17065,42.629505,-1,-1,-1,-1,-1,-1,-1,-1
1186,63.628117,30.855116,-1,-1,-1,-1,-1,-1,-1,-1,55.03285,75.67235,-1,-1,-1,-1,-1,-1,49.943794,63.566826,27.019587,39.464035,-1,-1,-1,-1,-1,-1,-1,-1
1187,62.988377,36.59056,-1,-1,-1,-1,-1,-1,-1,-1,46.912266,77.896194,-1,-1,-1,-1,-1,-1,46.59206,65.03385,29.54324,36.244667,-1,-1,-1,-1,-1,-1,-1,-1
1188,65.62378,34.27174,-1,-1,-1,-1,-1,-1,-1,-1,57.322083,75.77634,-1,-1,-1,-1,-1,-1,55.193737,64.55818,29.085442,43.319313,-1,-1,-1,-1,-1,-1,-1,-1
1189,66.817696,40.933926,-1,-1,-1,-1,-1,-1,-1,-1,48.15049,82.49363,-1,-1,-1,-1,-1,-1,48.191486,72.09909,30.754639,40.13712,-1,-1,-1,-1,-1,-1,-1,-1
1190,70.56272,35.747955,-1,-1,-1,-1,-1,-1,-1,-1,53.323307,87.31254,-1,-1,-1,-1,-1,-1,49.289886,78.1262,24.592583,42.891563,-1,-1,-1,-1,-1,-1,-1,-1
1191,65.53617,37.539677,-1,-1,-1,-1,-1,-1,-1,-1,48.993504,71.26,-1,-1,-1,-1,-1,-1,47.75965,57.754494,31.311125,38.60503,-1,-1,-1,-1,-1,-1,-1,-1
1192,66.29075,38.580162,-1,-1,-1,-1,-1,-1,-1,-1,46.472702,78.02718,-1,-1,-1,-1,-1,-1,46.397377,65.68847,27.816347,38.164772,-1,-1,-1,-1,-1,-1,-1,-1
1193,42.05272,40.357227,-1,-1,-1,-1,-1,-1,-1,-1,32.49276,69.01865,-1,-1,-1,-1,-1,-1,29.845146,59.889942,21.681238,43.043056,-1,-1,-1,-1,-1,-1,-1,-1
1194,62.95614,32.5597,-1,-1,-1,-1,-1,-1,-1,-1,59.674885,71.8612,-1,-1,-1,-1,-1,-1,57.436287,59.850933,32.05763,40.976234,-1,-1,-1,-1,-1,-1,-1,-1
1195,62.785065,31.8338,-1,-1,-1,-1,-1,-1,-1,-1,49.496574,75.057144,-1,-1,-1,-1,-1,-1,45.259953,62.611877,26.227516,39.917816,-1,-1,-1,-1,-1,-1,-1,-1
1196,65.78296,35.498913,-1,-1,-1,-1,-1,-1,-1,-1,57.60221,80.33228,-1,-1,-1,-1,-1,-1,56.691074,69.22994,27.978712,42.04597,-1,-1,-1,-1,-1,-1,-1,-1
1197,64.69321,37.874985,-1,-1,-1,-1,-1,-1,-1,-1,47.366383,75.22144,-1,-1,-1,-1,-1,-1,47.506836,65.440674,30.699238,38.112362,-1,-1,-1,-1,-1,-1,-1,-1
1198,61.743515,34.648285,-1,-1,-1,-1,-1,-1,-1,-1,56.458206,69.70514,-1,-1,-1,-1,-1,-1,52.58006,62.943977,32.03763,42.96594,-1,-1,-1,-1,-1,-1,-1,-1
1199,65.76061,38.09715,-1,-1,-1,-1,-1,-1,-1,-1,48.94171,74.95586,-1,-1,-1,-1,-1,-1,49.09562,66.370125,29.81733,39.480095,-1,-1,-1,-1,-1,-1,-1,-1
1200,69.63737,43.43362,-1,-1,-1,-1,-1,-1,-1,-1,47.00552,87.138306,-1,-1,-1,-1,-1,-1,49.81938,72.38587,31.081633,36.992672,-1,-1,-1,-1,-1,-1,-1,-1
1201,61.505886,38.97466,-1,-1,-1,-1,-1,-1,-1,-1,45.84053,74.622284,-1,-1,-1,-1,-1,-1,44.194973,63.891254,30.847387,42.15098,-1,-1,-1,-1,-1,-1,-1,-1
1202,68.76499,33.285896,-1,-1,-1,-1,-1,-1,-1,-1,54.173164,83.314,-1,-1,-1,-1,-1,-1,52.35284,66.06863,31.040733,36.758965,-1,-1,-1,-1,-1,-1,-1,-1
1203,61.17264,36.077206,-1,-1,-1,-1,-1,-1,-1,-1,58.660717,84.93864,-1,-1,-1,-1,-1,-1,61.458748,66.6218,29.434418,43.665646,-1,-1,-1,-1,-1,-1,-1,-1
1204,58.590668,43.61431,-1,-1,-1,-1,-1,-1,-1,-1,41.248283,73.20793,-1,-1,-1,-1,-1,-1,39.667213,62.68105,35.198162,41.554134,-1,-1,-1,-1,-1,-1,-1,-1
1205,61.539734,36.058823,-1,-1,-1,-1,-1,-1,-1,-1,49.92246,75.17723,-1,-1,-1,-1,-1,-1,48.41399,62.067234,29.94778,39.688442,-1,-1,-1,-1,-1,-1,-1,-1
1206,67.15871,30.756824,-1,-1,-1,-1,-1,-1,-1,-1,49.32463,76.80465,-1,-1,-1,-1,-1,-1,48.568054,57.491848,28.618895,31.693794,-1,-1,-1,-1,-1,-1,-1,-1
1207,42.717026,43.123848,-1,-1,-1,-1,-1,-1,-1,-1,32.606728,72.83635,-1,-1,-1,-1,-1,-1,29.293812,62.406326,24.9076,45.7229,-1,-1,-1,-1,-1,-1,-1,-1
1208,62.517456,43.072914,-1,-1,-1,-1,-1,-1,-1,-1,39.120457,83.7803,-1,-1,-1,-1,-1,-1,41.876095,69.57809,28.902708,36.894363,-1,-1,-1,-1,-1,-1,-1,-1
1209,64.39446,35.714825,-1,-1,-1,-1,-1,-1,-1,-1,52.890297,77.37505,-1,-1,-1,-1,-1,-1,47.691025,62.72093,30.663116,40.4834,-1,-1,-1,-1,-1,-1,-1,-1
1210,64.55879,38.434483,-1,-1,-1,-1,-1,-1,-1,-1,48.949593,78.432335,-1,-1,-1,-1,-1,-1,49.189606,67.81792,28.762697,39.955597,-1,-1,-1,-1,-1,-1,-1,-1
1211,66.25923,36.786842,-1,-1,-1,-1,-1,-1,-1,-1,47.485664,76.36265,-1,-1,-1,-1,-1,-1,46.847214,64.9132,28.86717,38.898197,-1,-1,-1,-1,-1,-1,-1,-1
1212,63.851673,39.399662,-1,-1,-1,-1,-1,-1,-1,-1,46.995216,77.63895,-1,-1,-1,-1,-1,-1,49.3576,57.7394,30.66283,36.621735,-1,-1,-1,-1,-1,-1,-1,-1
1213,67.1654,36.856735,-1,-1,-1,-1,-1,-1,-1,-1,45.990128,72.42868,-1,-1,-1,-1,-1,-1,45.391407,60.956448,31.446156,34.379234,-1,-1,-1,-1,-1,-1,-1,-1
1214,63.72771,38.465565,-1,-1,-1,-1,-1,-1,-1,-1,45.780087,82.854645,-1,-1,-1,-1,-1,-1,44.848255,69.04941,29.44967,37.95369,-1,-1,-1,-1,-1,-1,-1,-1
1215,65.282166,34.57125,-1,-1,-1,-1,-1,-1,-1,-1,53.642002,74.222824,-1,-1,-1,-1,-1,-1,51.731388,65.32498,29.540445,40.77822,-1,-1,-1,-1,-1,-1,-1,-1
1216,64.87082,38.508606,-1,-1,-1,-1,-1,-1,-1,-1,46.18254,77.29868,-1,-1,-1,-1,-1,-1,46.612896,67.41243,25.910063,38.450413,-1,-1,-1,-1,-1,-1,-1,-1
1217,64.18985,35.957737,-1,-1,-1,-1,-1,-1,-1,-1,53.214214,75.6005,-1,-1,-1,-1,-1,-1,51.8779,62.602036,30.228188,39.257534,-1,-1,-1,-1,-1,-1,-1,-1
1218,65.92922,35.85344,-1,-1,-1,-1,-1,-1,-1,-1,46.445236,78.34315,-1,-1,-1,-1,-1,-1,46.294464,66.85152,29.254889,35.845036,-1,-1,-1,-1,-1,-1,-1,-1
1219,66.64044,36.949917,-1,-1,-1,-1,-1,-1,-1,-1,54.388176,75.746124,-1,-1,-1,-1,-1,-1,54.094696,65.15337,31.64477,39.906494,-1,-1,-1,-1,-1,-1,-1,-1
1220,70.17857,41.731483,-1,-1,-1,-1,-1,-1,-1,-1,40.73173,82.47569,-1,-1,-1,-1,-1,-1,42.16657,68.26352,31.36427,32.824932,-1,-1,-1,-1,-1,-1,-1,-1
1221,66.38901,38.450523,-1,-1,-1,-1,-1,-1,-1,-1,47.101013,78.11806,-1,-1,-1,-1,-1,-1,47.13097,63.89646,28.29074,37.802834,-1,-1,-1,-1,-1,-1,-1,-1
1222,65.22903,39.046272,-1,-1,-1,-1,-1,-1,-1,-1,47.17417,76.16262,-1,-1,-1,-1,-1,-1,47.15927,62.231163,29.337084,38.871147,-1,-1,-1,-1,-1,-1,-1,-1
1223,64.09078,37.925503,-1,-1,-1,-1,-1,-1,-1,-1,49.118702,72.012955,-1,-1,-1,-1,-1,-1,46.795395,62.88923,31.606964,36.244102,-1,-1,-1,-1,-1,-1,-1,-1
1224,65.93719,37.9767,-1,-1,-1,-1,-1,-1,-1,-1,48.140423,81.69331,-1,-1,-1,-1,-1,-1,47.61583,71.19103,27.865465,40.357525,-1,-1,-1,-1,-1,-1,-1,-1
1225,65.37294,37.14413,-1,-1,-1,-1,-1,-1,-1,-1,47.570946,77.7677,-1,-1,-1,-1,-1,-1,46.34596,65.33063,30.2394,40.02083,-1,-1,-1,-1,-1,-1,-1,-1
1226,69.36192,38.42815,-1,-1,-1,-1,-1,-1,-1,-1,49.19537,86.30846,-1,-1,-1,-1,-1,-1,49.09386,70.87686,26.887543,38.560886,-1,-1,-1,-1,-1,-1,-1,-1
1227,66.010765,38.414654,-1,-1,-1,-1,-1,-1,-1,-1,49.841106,76.93524,-1,-1,-1,-1,-1,-1,49.781845,66.67021,30.58563,39.954483,-1,-1,-1,-1,-1,-1,-1,-1
1228,66.744835,37.942905,-1,-1,-1,-1,-1,-1,-1,-1,49.204758,73.9957,-1,-1,-1,-1,-1,-1,47.930706,64.37627,30.577217,40.821003,-1,-1,-1,-1,-1,-1,-1,-1
1229,61.310257,39.390987,-1,-1,-1,-1,-1,-1,-1,-1,42.85433,74.72005,-1,-1,-1,-1,-1,-1,40.3983,60.452072,31.00659,39.085777,-1,-1,-1,-1,-1,-1,-1,-1
1230,65.415886,34.809444,-1,-1,-1,-1,-1,-1,-1,-1,49.863964,78.219124,-1,-1,-1,-1,-1,-1,48.241917,65.31118,31.369364,35.256115,-1,-1,-1,-1,-1,-1,-1,-1
1231,66.28394,37.584057,-1,-1,-1,-1,-1,-1,-1,-1,50.422802,79.83721,-1,-1,-1,-1,-1,-1,49.6743,67.85738,28.757383,39.333145,-1,-1,-1,-1,-1,-1,-1,-1
1232,64.97632,40.5581,-1,-1,-1,-1,-1,-1,-1,-1,44.85304,82.29892,-1,-1,-1,-1,-1,-1,44.357082,68.323906,30.844454,36.840157,-1,-1,-1,-1,-1,-1,-1,-1
1233,63.751064,38.709877,-1,-1,-1,-1,-1,-1,-1,-1,43.864975,77.34839,-1,-1,-1,-1,-1,-1,45.683445,62.813858,30.31647,35.956223,-1,-1,-1,-1,-1,-1,-1,-1
1234,64.40936,36.39569,-1,-1,-1,-1,-1,-1,-1,-1,47.530247,76.1182,-1,-1,-1,-1,-1,-1,45.813976,63.276344,34.172222,39.975147,-1,-1,-1,-1,-1,-1,-1,-1
1235,42.00042,44.27253,-1,-1,-1,-1,-1,-1,-1,-1,32.084415,71.777145,-1,-1,-1,-1,-1,-1,28.905407,61.94618,23.964691,44.609108,-1,-1,-1,-1,-1,-1,-1,-1
1236,65.23133,37.90082,-1,-1,-1,-1,-1,-1,-1,-1,43.676792,79.8865,-1,-1,-1,-1,-1,-1,43.359604,68.105064,27.974548,38.50126,-1,-1,-1,-1,-1,-1,-1,-1
1237,64.51444,37.369263,-1,-1,-1,-1,-1,-1,-1,-1,48.475277,74.979034,-1,-1,-1,-1,-1,-1,47.397488,61.590736,30.604853,39.91761,-1,-1,-1,-1,-1,-1,-1,-1
1238,62.783405,37.696453,-1,-1,-1,-1,-1,-1,-1,-1,42.631325,74.02099,-1,-1,-1,-1,-1,-1,43.33982,62.73561,28.96505,36.990868,-1,-1,-1,-1,-1,-1,-1,-1
1239,63.38117,37.196053,-1,-1,-1,-1,-1,-1,-1,-1,47.59877,74.45896,-1,-1,-1,-1,-1,-1,47.09884,64.19737,30.894615,37.79523,-1,-1,-1,-1,-1,-1,-1,-1
1240,64.36455,36.723866,-1,-1,-1,-1,-1,-1,-1,-1,49.570553,81.248436,-1,-1,-1,-1,-1,-1,44.66675,68.72939,30.306072,40.766174,-1,-1,-1,-1,-1,-1,-1,-1
1241,64.9041,34.96024,-1,-1,-1,-1,-1,-1,-1,-1,49.892807,76.17163,-1,-1,-1,-1,-1,-1,48.581818,62.800724,28.808758,40.3676,-1,-1,-1,-1,-1,-1,-1,-1
1242,62.644905,37.662582,-1,-1,-1,-1,-1,-1,-1,-1,51.10318,78.965096,-1,-1,-1,-1,-1,-1,49.52528,62.195927,30.155615,41.26301,-1,-1,-1,-1,-1,-1,-1,-1
1243,65.91153,36.934605,-1,-1,-1,-1,-1,-1,-1,-1,49.695915,85.48209,-1,-1,-1,-1,-1,-1,49.49384,69.952484,30.363895,37.05048,-1,-1,-1,-1,-1,-1,-1,-1
1244,65.29218,37.281185,-1,-1,-1,-1,-1,-1,-1,-1,48.45682,85.809586,-1,-1,-1,-1,-1,-1,44.32689,67.644775,27.565346,39.64288,-1,-1,-1,-1,-1,-1,-1,-1
1245,67.11886,42.186333,-1,-1,-1,-1,-1,-1,-1,-1,46.406467,79.1723,-1,-1,-1,-1,-1,-1,47.13309,65.96033,29.041206,39.124504,-1,-1,-1,-1,-1,-1,-1,-1
1246,66.094795,37.778492,-1,-1,-1,-1,-1,-1,-1,-1,49.075363,73.96491,-1,-1,-1,-1,-1,-1,48.87717,63.64151,31.482517,38.19764,-1,-1,-1,-1,-1,-1,-1,-1
1247,64.76917,39.379284,-1,-1,-1,-1,-1,-1,-1,-1,52.28191,80.072426,-1,-1,-1,-1,-1,-1,54.551155,67.0237,31.75644,36.96749,-1,-1,-1,-1,-1,-1,-1,-1
1248,60.547897,37.82119,-1,-1,-1,-1,-1,-1,-1,-1,44.725517,76.019325,-1,-1,-1,-1,-1,-1,43.805664,67.45508,27.071676,38.87744,-1,-1,-1,-1,-1,-1,-1,-1
1249,65.91153,36.934605,-1,-1,-1,-1,-1,-1,-1,-1,49.695915,85.48209,-1,-1,-1,-1,-1,-1,49.49384,69.952484,30.363895,37.05048,-1,-1,-1,-1,-1,-1,-1,-1
1250,66.13372,38.19847,-1,-1,-1,-1,-1,-1,-1,-1,41.3653,73.6457,-1,-1,-1,-1,-1,-1,41.5089,58.230305,28.183933,35.843616,-1,-1,-1,-1,-1,-1,-1,-1
1251,64.44175,38.04825,-1,-1,-1,-1,-1,-1,-1,-1,48.77492,76.89502,-1,-1,-1,-1,-1,-1,48.466362,68.6105,29.60636,38.891575,-1,-1,-1,-1,-1,-1,-1,-1
1252,64.62903,38.18054,-1,-1,-1,-1,-1,-1,-1,-1,49.35396,78.54377,-1,-1,-1,-1,-1,-1,49.787136,65.88293,31.88675,38.76601,-1,-1,-1,-1,-1,-1,-1,-1
1253,65.23592,38.482296,-1,-1,-1,-1,-1,-1,-1,-1,48.834175,75.16738,-1,-1,-1,-1,-1,-1,50.429367,64.02965,33.23933,35.17076,-1,-1,-1,-1,-1,-1,-1,-1
1254,61.333084,37.746624,-1,-1,-1,-1,-1,-1,-1,-1,46.012814,74.55301,-1,-1,-1,-1,-1,-1,46.614296,62.75896,29.719156,37.954346,-1,-1,-1,-1,-1,-1,-1,-1
1255,66.94474,34.919624,-1,-1,-1,-1,-1,-1,-1,-1,53.035164,76.78391,-1,-1,-1,-1,-1,-1,56.009914,62.723907,32.150127,36.683907,-1,-1,-1,-1,-1,-1,-1,-1
1256,66.56664,39.8489,-1,-1,-1,-1,-1,-1,-1,-1,51.52892,77.42195,-1,-1,-1,-1,-1,-1,52.298298,65.35292,30.427088,39.176987,-1,-1,-1,-1,-1,-1,-1,-1
1257,67.72048,37.171528,-1,-1,-1,-1,-1,-1,-1,-1,49.14851,77.2889,-1,-1,-1,-1,-1,-1,48.72274,65.3743,29.240889,37.81437,-1,-1,-1,-1,-1,-1,-1,-1
1258,66.59764,39.805805,-1,-1,-1,-1,-1,-1,-1,-1,48.330193,83.286446,-1,-1,-1,-1,-1,-1,50.344933,69.31315,27.83137,35.657894,-1,-1,-1,-1,-1,-1,-1,-1
1259,62.495693,36.11666,-1,-1,-1,-1,-1,-1,-1,-1,61.825523,71.763374,-1,-1,-1,-1,-1,-1,60.531513,54.400623,34.456562,40.01886,-1,-1,-1,-1,-1,-1,-1,-1
1260,66.84277,36.748844,-1,-1,-1,-1,-1,-1,-1,-1,47.746407,75.77831,-1,-1,-1,-1,-1,-1,46.71124,62.65366,30.137806,37.130547,-1,-1,-1,-1,-1,-1,-1,-1
1261,67.22154,37.52004,-1,-1,-1,-1,-1,-1,-1,-1,51.00915,76.90169,-1,-1,-1,-1,-1,-1,49.674416,64.55131,28.843397,41.898727,-1,-1,-1,-1,-1,-1,-1,-1
1262,66.57897,35.315933,-1,-1,-1,-1,-1,-1,-1,-1,50.192394,79.01096,-1,-1,-1,-1,-1,-1,48.135082,69.487366,26.577774,39.820972,-1,-1,-1,-1,-1,-1,-1,-1
1263,65.12362,39.326324,-1,-1,-1,-1,-1,-1,-1,-1,46.649696,72.336,-1,-1,-1,-1,-1,-1,47.32401,63.207684,31.184406,38.966324,-1,-1,-1,-1,-1,-1,-1,-1
1264,66.959435,39.255054,-1,-1,-1,-1,-1,-1,-1,-1,45.394566,70.28361,-1,-1,-1,-1,-1,-1,46.301067,59.389183,33.145657,34.666016,-1,-1,-1,-1,-1,-1,-1,-1
1265,65.62999,40.062943,-1,-1,-1,-1,-1,-1,-1,-1,40.414574,81.50814,-1,-1,-1,-1,-1,-1,39.59105,67.11475,31.61855,35.31549,-1,-1,-1,-1,-1,-1,-1,-1
1266,68.60712,34.81658,-1,-1,-1,-1,-1,-1,-1,-1,46.87114,73.04105,-1,-1,-1,-1,-1,-1,50.16625,60.36654,31.649714,32.267567,-1,-1,-1,-1,-1,-1,-1,-1
1267,66.39038,42.568977,-1,-1,-1,-1,-1,-1,-1,-1,45.34577,82.4046,-1,-1,-1,-1,-1,-1,45.545223,69.97569,30.892773,39.573788,-1,-1,-1,-1,-1,-1,-1,-1
1268,64.2727,36.20332,-1,-1,-1,-1,-1,-1,-1,-1,49.795544,78.93872,-1,-1,-1,-1,-1,-1,49.199364,67.317444,31.660223,37.300327,-1,-1,-1,-1,-1,-1,-1,-1
1269,67.14706,37.122406,-1,-1,-1,-1,-1,-1,-1,-1,48.99267,78.392166,-1,-1,-1,-1,-1,-1,50.87193,65.34855,29.606552,35.8792,-1,-1,-1,-1,-1,-1,-1,-1
1270,66.253944,37.304535,-1,-1,-1,-1,-1,-1,-1,-1,50.306297,75.17941,-1,-1,-1,-1,-1,-1,49.661816,65.53173,29.646162,40.55451,-1,-1,-1,-1,-1,-1,-1,-1
1271,66.83041,35.320393,-1,-1,-1,-1,-1,-1,-1,-1,48.2861,72.83585,-1,-1,-1,-1,-1,-1,47.547886,63.363792,26.172958,37.33544,-1,-1,-1,-1,-1,-1,-1,-1
1272,67.34131,38.366787,-1,-1,-1,-1,-1,-1,-1,-1,44.256813,80.40752,-1,-1,-1,-1,-1,-1,45.669586,67.944016,27.705093,36.021255,-1,-1,-1,-1,-1,-1,-1,-1
1273,65.19248,35.615704,-1,-1,-1,-1,-1,-1,-1,-1,47.151855,76.126045,-1,-1,-1,-1,-1,-1,45.96186,63.457733,28.351107,38.262573,-1,-1,-1,-1,-1,-1,-1,-1
1274,65.59503,32.510788,-1,-1,-1,-1,-1,-1,-1,-1,49.967278,73.44161,-1,-1,-1,-1,-1,-1,47.7501,60.467117,27.022882,36.450512,-1,-1,-1,-1,-1,-1,-1,-1
1275,64.22479,34.35872,-1,-1,-1,-1,-1,-1,-1,-1,50.227444,72.882065,-1,-1,-1,-1,-1,-1,48.743343,60.173954,30.61961,38.385666,-1,-1,-1,-1,-1,-1,-1,-1
1276,67.856064,34.763306,-1,-1,-1,-1,-1,-1,-1,-1,47.82315,78.655685,-1,-1,-1,-1,-1,-1,47.281185,61.92751,25.118816,35.067196,-1,-1,-1,-1,-1,-1,-1,-1
1277,64.91618,39.79679,-1,-1,-1,-1,-1,-1,-1,-1,44.731033,76.43736,-1,-1,-1,-1,-1,-1,44.696697,62.16538,30.937637,38.08786,-1,-1,-1,-1,-1,-1,-1,-1
1278,65.64936,40.26265,-1,-1,-1,-1,-1,-1,-1,-1,46.202293,79.88621,-1,-1,-1,-1,-1,-1,46.348957,70.49554,29.645504,40.21133,-1,-1,-1,-1,-1,-1,-1,-1
1279,67.59574,39.97554,-1,-1,-1,-1,-1,-1,-1,-1,46.57481,83.720665,-1,-1,-1,-1,-1,-1,48.670986,68.61158,29.011332,36.694065,-1,-1,-1,-1,-1,-1,-1,-1
1280,65.85998,34.713776,-1,-1,-1,-1,-1,-1,-1,-1,52.121605,81.665924,-1,-1,-1,-1,-1,-1,49.061802,65.67965,28.615105,38.147514,-1,-1,-1,-1,-1,-1,-1,-1
1281,65.366066,37.0981,-1,-1,-1,-1,-1,-1,-1,-1,46.501934,78.93993,-1,-1,-1,-1,-1,-1,47.629272,66.67215,29.225302,35.26014,-1,-1,-1,-1,-1,-1,-1,-1
1282,68.42005,32.49329,-1,-1,-1,-1,-1,-1,-1,-1,59.946495,81.540306,-1,-1,-1,-1,-1,-1,56.6676,68.696815,28.514858,45.656662,-1,-1,-1,-1,-1,-1,-1,-1
1283,62.945,34.161106,-1,-1,-1,-1,-1,-1,-1,-1,50.48737,71.8552,-1,-1,-1,-1,-1,-1,50.11078,60.384705,31.114439,37.666424,-1,-1,-1,-1,-1,-1,-1,-1
1284,64.13862,36.295242,-1,-1,-1,-1,-1,-1,-1,-1,50.650757,73.94187,-1,-1,-1,-1,-1,-1,49.703266,59.370754,31.384502,39.32714,-1,-1,-1,-1,-1,-1,-1,-1
1285,65.353424,38.469948,-1,-1,-1,-1,-1,-1,-1,-1,47.463135,78.65688,-1,-1,-1,-1,-1,-1,47.365513,69.37349,29.499458,38.552845,-1,-1,-1,-1,-1,-1,-1,-1
1286,67.48105,35.84548,-1,-1,-1,-1,-1,-1,-1,-1,51.359947,84.09969,-1,-1,-1,-1,-1,-1,50.693077,71.64441,26.78016,39.04701,-1,-1,-1,-1,-1,-1,-1,-1
1287,68.751816,42.057743,-1,-1,-1,-1,-1,-1,-1,-1,45.226288,78.59721,-1,-1,-1,-1,-1,-1,45.036545,66.23687,29.822886,37.866024,-1,-1,-1,-1,-1,-1,-1,-1
1288,68.51945,36.392887,-1,-1,-1,-1,-1,-1,-1,-1,44.687225,78.98413,-1,-1,-1,-1,-1,-1,45.218407,67.18738,28.53905,33.571297,-1,-1,-1,-1,-1,-1,-1,-1
1289,61.70967,33.944626,-1,-1,-1,-1,-1,-1,-1,-1,48.36797,73.28962,-1,-1,-1,-1,-1,-1,46.75831,63.475723,30.752028,38.57138,-1,-1,-1,-1,-1,-1,-1,-1
1290,66.772026,36.951214,-1,-1,-1,-1,-1,-1,-1,-1,47.408768,74.89044,-1,-1,-1,-1,-1,-1,46.740143,62.594913,29.228212,37.744175,-1,-1,-1,-1,-1,-1,-1,-1
1291,65.785355,37.0124,-1,-1,-1,-1,-1,-1,-1,-1,48.14152,78.8266,-1,-1,-1,-1,-1,-1,49.33592,66.96327,28.981882,37.281948,-1,-1,-1,-1,-1,-1,-1,-1
1292,66.870865,36.62209,-1,-1,-1,-1,-1,-1,-1,-1,51.645103,80.87159,-1,-1,-1,-1,-1,-1,53.012344,69.52477,27.598791,37.793938,-1,-1,-1,-1,-1,-1,-1,-1
1293,64.275826,36.38748,-1,-1,-1,-1,-1,-1,-1,-1,51.80778,81.80548,-1,-1,-1,-1,-1,-1,50.432472,70.03446,25.945463,42.183727,-1,-1,-1,-1,-1,-1,-1,-1
1294,64.862,35.460335,-1,-1,-1,-1,-1,-1,-1,-1,52.430378,74.44206,-1,-1,-1,-1,-1,-1,50.75928,64.43239,30.36623,39.505226,-1,-1,-1,-1,-1,-1,-1,-1
1295,57.861897,32.349743,-1,-1,-1,-1,-1,-1,-1,-1,52.682175,73.78417,-1,-1,-1,-1,-1,-1,48.664207,63.39519,27.458712,41.912266,-1,-1,-1,-1,-1,-1,-1,-1
1296,66.448166,37.628605,-1,-1,-1,-1,-1,-1,-1,-1,47.702847,79.400375,-1,-1,-1,-1,-1,-1,47.84314,68.832115,28.488882,37.721733,-1,-1,-1,-1,-1,-1,-1,-1
1297,65.601105,36.60763,-1,-1,-1,-1,-1,-1,-1,-1,51.690544,74.2523,-1,-1,-1,-1,-1,-1,50.392555,64.80241,28.629965,42.816902,-1,-1,-1,-1,-1,-1,-1,-1
1298,65.99217,36.67742,-1,-1,-1,-1,-1,-1,-1,-1,49.504898,77.16025,-1,-1,-1,-1,-1,-1,49.39562,64.04093,31.14283,36.42431,-1,-1,-1,-1,-1,-1,-1,-1
1299,67.85036,38.15374,-1,-1,-1,-1,-1,-1,-1,-1,45.185417,80.67749,-1,-1,-1,-1,-1,-1,43.755634,66.31307,29.839617,35.408497,-1,-1,-1,-1,-1,-1,-1,-1
1300,64.12853,39.86381,-1,-1,-1,-1,-1,-1,-1,-1,45.95319,78.7976,-1,-1,-1,-1,-1,-1,49.24452,68.96883,29.873133,37.056557,-1,-1,-1,-1,-1,-1,-1,-1
1301,61.230762,37.850178,-1,-1,-1,-1,-1,-1,-1,-1,51.3161,76.23541,-1,-1,-1,-1,-1,-1,46.20292,61.69917,32.661953,43.886597,-1,-1,-1,-1,-1,-1,-1,-1
1302,66.74262,35.20967,-1,-1,-1,-1,-1,-1,-1,-1,44.320766,75.09033,-1,-1,-1,-1,-1,-1,43.760784,65.643326,32.612137,32.980988,-1,-1,-1,-1,-1,-1,-1,-1
1303,63.260094,34.269203,-1,-1,-1,-1,-1,-1,-1,-1,46.30932,69.90245,-1,-1,-1,-1,-1,-1,45.33326,60.45818,28.214996,36.60749,-1,-1,-1,-1,-1,-1,-1,-1
1304,59.964878,34.893353,-1,-1,-1,-1,-1,-1,-1,-1,53.457527,69.518295,-1,-1,-1,-1,-1,-1,47.51215,60.12687,33.260033,43.386448,-1,-1,-1,-1,-1,-1,-1,-1
1305,61.83468,38.319244,-1,-1,-1,-1,-1,-1,-1,-1,50.015774,74.05211,-1,-1,-1,-1,-1,-1,47.72741,64.031715,31.352821,43.597702,-1,-1,-1,-1,-1,-1,-1,-1
1306,65.6227,37.67102,-1,-1,-1,-1,-1,-1,-1,-1,49.841152,76.25724,-1,-1,-1,-1,-1,-1,49.1126,65.511696,32.485317,39.11144,-1,-1,-1,-1,-1,-1,-1,-1
1307,68.68793,37.866425,-1,-1,-1,-1,-1,-1,-1,-1,44.385216,77.72587,-1,-1,-1,-1,-1,-1,45.93606,65.99034,28.841106,34.339176,-1,-1,-1,-1,-1,-1,-1,-1
1308,67.29954,34.86834,-1,-1,-1,-1,-1,-1,-1,-1,50.630016,69.61056,-1,-1,-1,-1,-1,-1,50.756374,58.49752,28.548697,36.12402,-1,-1,-1,-1,-1,-1,-1,-1
1309,65.409386,41.335094,-1,-1,-1,-1,-1,-1,-1,-1,46.043453,80.138214,-1,-1,-1,-1,-1,-1,53.218742,62.116955,30.918447,34.596893,-1,-1,-1,-1,-1,-1,-1,-1
1310,66.603355,34.20992,-1,-1,-1,-1,-1,-1,-1,-1,53.774,69.60926,-1,-1,-1,-1,-1,-1,52.651012,57.870773,31.181484,38.264915,-1,-1,-1,-1,-1,-1,-1,-1
1311,68.646904,35.777115,-1,-1,-1,-1,-1,-1,-1,-1,51.73673,80.52874,-1,-1,-1,-1,-1,-1,49.57462,68.84694,28.302761,40.631954,-1,-1,-1,-1,-1,-1,-1,-1
1312,65.14939,37.798172,-1,-1,-1,-1,-1,-1,-1,-1,49.593945,76.43577,-1,-1,-1,-1,-1,-1,50.518063,65.232765,32.36851,38.226032,-1,-1,-1,-1,-1,-1,-1,-1
1313,61.655537,38.20114,-1,-1,-1,-1,-1,-1,-1,-1,46.0856,74.1544,-1,-1,-1,-1,-1,-1,45.773853,64.40399,31.249247,39.42488,-1,-1,-1,-1,-1,-1,-1,-1
1314,71.3985,40.362724,-1,-1,-1,-1,-1,-1,-1,-1,42.45038,85.288055,-1,-1,-1,-1,-1,-1,40.677635,68.425575,34.425,32.514874,-1,-1,-1,-1,-1,-1,-1,-1
1315,67.04133,31.657898,-1,-1,-1,-1,-1,-1,-1,-1,54.41678,77.13556,-1,-1,-1,-1,-1,-1,52.759663,62.986614,26.267824,39.608356,-1,-1,-1,-1,-1,-1,-1,-1
1316,70.38421,40.299973,-1,-1,-1,-1,-1,-1,-1,-1,48.10503,83.04799,-1,-1,-1,-1,-1,-1,48.937202,68.74216,32.850277,35.842575,-1,-1,-1,-1,-1,-1,-1,-1
1317,66.23288,36.39723,-1,-1,-1,-1,-1,-1,-1,-1,46.5458,79.31107,-1,-1,-1,-1,-1,-1,45.253963,69.7907,25.529366,40.69631,-1,-1,-1,-1,-1,-1,-1,-1
1318,67.048485,33.777916,-1,-1,-1,-1,-1,-1,-1,-1,45.042522,70.869736,-1,-1,-1,-1,-1,-1,45.943478,60.6004,32.930164,30.626701,-1,-1,-1,-1,-1,-1,-1,-1
1319,63.77144,35.55907,-1,-1,-1,-1,-1,-1,-1,-1,51.05052,78.47635,-1,-1,-1,-1,-1,-1,49.986668,68.19408,28.58774,41.14181,-1,-1,-1,-1,-1,-1,-1,-1
1320,66.07113,36.371048,-1,-1,-1,-1,-1,-1,-1,-1,52.94593,76.88181,-1,-1,-1,-1,-1,-1,51.870087,66.28328,27.028278,41.239857,-1,-1,-1,-1,-1,-1,-1,-1
1321,67.47352,45.73223,-1,-1,-1,-1,-1,-1,-1,-1,37.91206,81.29428,-1,-1,-1,-1,-1,-1,45.083645,60.21228,32.527622,35.72867,-1,-1,-1,-1,-1,-1,-1,-1
1322,65.96519,39.28564,-1,-1,-1,-1,-1,-1,-1,-1,49.896614,80.3738,-1,-1,-1,-1,-1,-1,47.4035,67.42288,30.104574,41.016476,-1,-1,-1,-1,-1,-1,-1,-1
1323,63.402473,35.35705,-1,-1,-1,-1,-1,-1,-1,-1,48.808743,70.51163,-1,-1,-1,-1,-1,-1,48.209763,56.304886,32.56187,35.33158,-1,-1,-1,-1,-1,-1,-1,-1
1324,39.285976,40.48979,-1,-1,-1,-1,-1,-1,-1,-1,31.960695,68.88298,-1,-1,-1,-1,-1,-1,27.7007,58.800205,20.261343,45.23867,-1,-1,-1,-1,-1,-1,-1,-1
1325,65.12967,36.856544,-1,-1,-1,-1,-1,-1,-1,-1,50.721443,83.0788,-1,-1,-1,-1,-1,-1,49.592422,69.37599,28.206375,41.224186,-1,-1,-1,-1,-1,-1,-1,-1
1326,65.48321,37.18315,-1,-1,-1,-1,-1,-1,-1,-1,47.545017,70.87456,-1,-1,-1,-1,-1,-1,46.965286,61.02404,30.551615,38.926598,-1,-1,-1,-1,-1,-1,-1,-1
1327,65.96651,37.89723,-1,-1,-1,-1,-1,-1,-1,-1,46.336987,75.315285,-1,-1,-1,-1,-1,-1,49.77534,59.57978,31.82182,34.063404,-1,-1,-1,-1,-1,-1,-1,-1
1328,61.78268,41.70492,-1,-1,-1,-1,-1,-1,-1,-1,46.446236,72.72284,-1,-1,-1,-1,-1,-1,46.17775,61.054142,28.671232,42.989956,-1,-1,-1,-1,-1,-1,-1,-1
1329,65.09052,35.1344,-1,-1,-1,-1,-1,-1,-1,-1,45.426033,71.731476,-1,-1,-1,-1,-1,-1,44.935787,55.06016,31.392506,35.9585,-1,-1,-1,-1,-1,-1,-1,-1
1330,69.73781,41.291702,-1,-1,-1,-1,-1,-1,-1,-1,45.064953,76.57782,-1,-1,-1,-1,-1,-1,45.539566,65.33596,35.611168,37.108685,-1,-1,-1,-1,-1,-1,-1,-1
1331,64.75896,38.659634,-1,-1,-1,-1,-1,-1,-1,-1,47.79275,73.53486,-1,-1,-1,-1,-1,-1,47.044697,64.433815,31.660175,39.978394,-1,-1,-1,-1,-1,-1,-1,-1
1332,67.15866,42.220066,-1,-1,-1,-1,-1,-1,-1,-1,43.45119,72.103386,-1,-1,-1,-1,-1,-1,45.871674,62.2611,32.115746,33.990578,-1,-1,-1,-1,-1,-1,-1,-1
1333,66.47301,33.839813,-1,-1,-1,-1,-1,-1,-1,-1,48.507767,74.26029,-1,-1,-1,-1,-1,-1,48.553364,60.97049,28.317308,34.51583,-1,-1,-1,-1,-1,-1,-1,-1
1334,60.77975,39.189293,-1,-1,-1,-1,-1,-1,-1,-1,44.6048,67.91556,-1,-1,-1,-1,-1,-1,46.04123,60.095657,34.45845,36.333305,-1,-1,-1,-1,-1,-1,-1,-1
1335,64.432465,39.16286,-1,-1,-1,-1,-1,-1,-1,-1,43.61989,73.239265,-1,-1,-1,-1,-1,-1,44.137474,63.664726,29.826935,35.239704,-1,-1,-1,-1,-1,-1,-1,-1
1336,67.5221,38.1671,-1,-1,-1,-1,-1,-1,-1,-1,46.860447,77.61126,-1,-1,-1,-1,-1,-1,46.21043,63.979504,29.366562,36.264366,-1,-1,-1,-1,-1,-1,-1,-1
1337,60.239315,44.93171,-1,-1,-1,-1,-1,-1,-1,-1,47.768448,70.51307,-1,-1,-1,-1,-1,-1,47.900322,62.209347,32.71878,45.156868,-1,-1,-1,-1,-1,-1,-1,-1
1338,66.067375,34.519405,-1,-1,-1,-1,-1,-1,-1,-1,49.35103,80.36918,-1,-1,-1,-1,-1,-1,47.493294,65.198425,29.102566,34.71644,-1,-1,-1,-1,-1,-1,-1,-1
1339,68.45389,33.76544,-1,-1,-1,-1,-1,-1,-1,-1,57.11835,74.9602,-1,-1,-1,-1,-1,-1,56.489594,61.147552,28.095861,40.753597,-1,-1,-1,-1,-1,-1,-1,-1
1340,68.024475,31.18167,-1,-1,-1,-1,-1,-1,-1,-1,61.57141,75.54383,-1,-1,-1,-1,-1,-1,58.70805,63.222034,30.105713,43.268845,-1,-1,-1,-1,-1,-1,-1,-1
1341,62.968822,41.899315,-1,-1,-1,-1,-1,-1,-1,-1,47.13034,72.86685,-1,-1,-1,-1,-1,-1,47.6593,63.12187,32.731327,39.403263,-1,-1,-1,-1,-1,-1,-1,-1
1342,59.515636,37.418297,-1,-1,-1,-1,-1,-1,-1,-1,48.255768,81.52728,-1,-1,-1,-1,-1,-1,44.89538,65.398,27.67572,41.82463,-1,-1,-1,-1,-1,-1,-1,-1
1343,60.473816,40.870155,-1,-1,-1,-1,-1,-1,-1,-1,42.489613,80.62845,-1,-1,-1,-1,-1,-1,41.36486,66.81663,30.502092,40.587852,-1,-1,-1,-1,-1,-1,-1,-1
1344,68.633255,39.266453,-1,-1,-1,-1,-1,-1,-1,-1,47.960136,77.23034,-1,-1,-1,-1,-1,-1,48.758465,66.003914,30.453247,36.21278,-1,-1,-1,-1,-1,-1,-1,-1
1345,65.640114,38.145622,-1,-1,-1,-1,-1,-1,-1,-1,47.952282,85.921486,-1,-1,-1,-1,-1,-1,49.414543,68.92422,29.406082,38.33938,-1,-1,-1,-1,-1,-1,-1,-1
1346,64.02412,38.38308,-1,-1,-1,-1,-1,-1,-1,-1,53.68783,72.61885,-1,-1,-1,-1,-1,-1,53.5054,63.46271,36.60021,40.608326,-1,-1,-1,-1,-1,-1,-1,-1
1347,63.338535,37.81351,-1,-1,-1,-1,-1,-1,-1,-1,46.831085,73.04489,-1,-1,-1,-1,-1,-1,44.37224,62.615604,27.261871,42.185467,-1,-1,-1,-1,-1,-1,-1,-1
1348,64.12664,39.18644,-1,-1,-1,-1,-1,-1,-1,-1,46.178955,82.899155,-1,-1,-1,-1,-1,-1,46.056385,69.187775,29.128513,38.699955,-1,-1,-1,-1,-1,-1,-1,-1
1349,65.418724,46.908047,-1,-1,-1,-1,-1,-1,-1,-1,32.8202,83.94671,-1,-1,-1,-1,-1,-1,34.98123,71.1038,29.52421,37.32692,-1,-1,-1,-1,-1,-1,-1,-1
1350,66.23763,36.958878,-1,-1,-1,-1,-1,-1,-1,-1,45.807167,74.150795,-1,-1,-1,-1,-1,-1,45.490913,66.105804,29.642012,35.43587,-1,-1,-1,-1,-1,-1,-1,-1
1351,66.381584,37.94541,-1,-1,-1,-1,-1,-1,-1,-1,46.380775,74.5936,-1,-1,-1,-1,-1,-1,46.787796,66.27011,28.79024,36.35042,-1,-1,-1,-1,-1,-1,-1,-1
1352,64.6544,36.934383,-1,-1,-1,-1,-1,-1,-1,-1,49.330547,81.77599,-1,-1,-1,-1,-1,-1,47.941444,65.88937,27.534958,39.792934,-1,-1,-1,-1,-1,-1,-1,-1
1353,65.63868,38.274254,-1,-1,-1,-1,-1,-1,-1,-1,47.356926,81.536964,-1,-1,-1,-1,-1,-1,46.23021,65.91044,28.63451,40.743404,-1,-1,-1,-1,-1,-1,-1,-1
1354,64.22725,35.942093,-1,-1,-1,-1,-1,-1,-1,-1,57.226887,81.4082,-1,-1,-1,-1,-1,-1,53.503292,70.261475,31.796143,43.02483,-1,-1,-1,-1,-1,-1,-1,-1
1355,68.221985,39.24983,-1,-1,-1,-1,-1,-1,-1,-1,51.24338,73.080315,-1,-1,-1,-1,-1,-1,49.9463,63.915077,34.043552,41.42084,-1,-1,-1,-1,-1,-1,-1,-1
1356,70.94423,36.554295,-1,-1,-1,-1,-1,-1,-1,-1,51.048424,79.99204,-1,-1,-1,-1,-1,-1,49.469975,68.0136,29.592865,36.913315,-1,-1,-1,-1,-1,-1,-1,-1
1357,75.12217,35.366344,-1,-1,-1,-1,-1,-1,-1,-1,56.876217,75.40964,-1,-1,-1,-1,-1,-1,58.73701,66.777695,42.660206,36.909008,-1,-1,-1,-1,-1,-1,-1,-1
1358,67.82391,35.67367,-1,-1,-1,-1,-1,-1,-1,-1,53.540363,75.44306,-1,-1,-1,-1,-1,-1,53.54243,62.539513,30.444292,36.609283,-1,-1,-1,-1,-1,-1,-1,-1
1359,67.11621,37.45547,-1,-1,-1,-1,-1,-1,-1,-1,52.636314,78.51535,-1,-1,-1,-1,-1,-1,52.985245,68.90632,31.435465,38.361546,-1,-1,-1,-1,-1,-1,-1,-1
1360,62.18084,34.45801,-1,-1,-1,-1,-1,-1,-1,-1,51.168854,73.10147,-1,-1,-1,-1,-1,-1,47.676605,61.91447,29.491661,42.31848,-1,-1,-1,-1,-1,-1,-1,-1
1361,61.870342,40.567593,-1,-1,-1,-1,-1,-1,-1,-1,41.678513,68.14869,-1,-1,-1,-1,-1,-1,41.957214,57.784504,33.447605,35.725266,-1,-1,-1,-1,-1,-1,-1,-1
1362,65.59867,37.917786,-1,-1,-1,-1,-1,-1,-1,-1,51.95235,75.192604,-1,-1,-1,-1,-1,-1,52.62702,67.00557,31.339918,38.965824,-1,-1,-1,-1,-1,-1,-1,-1
1363,65.48577,41.93268,-1,-1,-1,-1,-1,-1,-1,-1,46.532703,75.79632,-1,-1,-1,-1,-1,-1,48.014954,67.31998,31.304321,37.036865,-1,-1,-1,-1,-1,-1,-1,-1
1364,66.20967,40.628872,-1,-1,-1,-1,-1,-1,-1,-1,43.41255,81.082436,-1,-1,-1,-1,-1,-1,45.285927,72.217316,31.75089,36.78793,-1,-1,-1,-1,-1,-1,-1,-1
1365,69.677895,30.86614,-1,-1,-1,-1,-1,-1,-1,-1,60.767944,81.7495,-1,-1,-1,-1,-1,-1,56.593502,70.4664,27.05124,41.795464,-1,-1,-1,-1,-1,-1,-1,-1
1366,67.8626,35.189686,-1,-1,-1,-1,-1,-1,-1,-1,48.52455,75.15737,-1,-1,-1,-1,-1,-1,46.74357,63.76134,30.232487,37.84374,-1,-1,-1,-1,-1,-1,-1,-1
1367,61.987747,34.352497,-1,-1,-1,-1,-1,-1,-1,-1,49.558926,63.85286,-1,-1,-1,-1,-1,-1,50.09865,55.394188,34.736084,34.3414,-1,-1,-1,-1,-1,-1,-1,-1
1368,65.822655,41.859547,-1,-1,-1,-1,-1,-1,-1,-1,43.925835,85.37175,-1,-1,-1,-1,-1,-1,46.52294,68.73121,27.354807,38.82195,-1,-1,-1,-1,-1,-1,-1,-1
1369,66.84791,37.459583,-1,-1,-1,-1,-1,-1,-1,-1,49.22912,79.36892,-1,-1,-1,-1,-1,-1,45.638954,67.624306,26.971334,40.61767,-1,-1,-1,-1,-1,-1,-1,-1
1370,64.142876,41.777332,-1,-1,-1,-1,-1,-1,-1,-1,45.472565,72.31644,-1,-1,-1,-1,-1,-1,48.25096,58.61131,33.985184,35.871887,-1,-1,-1,-1,-1,-1,-1,-1
1371,62.920307,39.30001,-1,-1,-1,-1,-1,-1,-1,-1,49.614952,75.33863,-1,-1,-1,-1,-1,-1,48.300213,64.90094,27.575308,44.186295,-1,-1,-1,-1,-1,-1,-1,-1
1372,68.79087,36.096844,-1,-1,-1,-1,-1,-1,-1,-1,52.18229,75.91545,-1,-1,-1,-1,-1,-1,54.684147,61.360077,32.85754,38.73202,-1,-1,-1,-1,-1,-1,-1,-1
1373,68.48988,35.394073,-1,-1,-1,-1,-1,-1,-1,-1,49.774372,86.97833,-1,-1,-1,-1,-1,-1,51.424572,58.241867,27.86055,37.34175,-1,-1,-1,-1,-1,-1,-1,-1
1374,65.68832,38.133003,-1,-1,-1,-1,-1,-1,-1,-1,46.650696,79.49193,-1,-1,-1,-1,-1,-1,45.77007,68.02218,29.514341,37.497982,-1,-1,-1,-1,-1,-1,-1,-1
1375,64.278885,41.230556,-1,-1,-1,-1,-1,-1,-1,-1,44.98284,78.139885,-1,-1,-1,-1,-1,-1,49.909134,58.45242,31.759743,35.614597,-1,-1,-1,-1,-1,-1,-1,-1
1376,68.16701,34.18685,-1,-1,-1,-1,-1,-1,-1,-1,52.429222,75.93588,-1,-1,-1,-1,-1,-1,51.770294,67.15959,29.472204,37.851627,-1,-1,-1,-1,-1,-1,-1,-1
1377,65.59867,37.917786,-1,-1,-1,-1,-1,-1,-1,-1,51.95235,75.192604,-1,-1,-1,-1,-1,-1,52.62702,67.00557,31.339918,38.965824,-1,-1,-1,-1,-1,-1,-1,-1
1378,64.08401,32.664707,-1,-1,-1,-1,-1,-1,-1,-1,49.576733,75.89585,-1,-1,-1,-1,-1,-1,48.5087,65.16183,26.567287,37.741657,-1,-1,-1,-1,-1,-1,-1,-1
1379,67.91453,40.624184,-1,-1,-1,-1,-1,-1,-1,-1,47.136112,79.19349,-1,-1,-1,-1,-1,-1,48.59668,69.112526,31.475767,37.989723,-1,-1,-1,-1,-1,-1,-1,-1
1380,64.82134,41.743477,-1,-1,-1,-1,-1,-1,-1,-1,43.46892,77.48192,-1,-1,-1,-1,-1,-1,45.08714,63.12752,29.647268,37.677666,-1,-1,-1,-1,-1,-1,-1,-1
1381,61.383034,40.475742,-1,-1,-1,-1,-1,-1,-1,-1,45.956303,71.65465,-1,-1,-1,-1,-1,-1,44.494667,61.39285,29.575287,41.003372,-1,-1,-1,-1,-1,-1,-1,-1
1382,67.67384,37.618305,-1,-1,-1,-1,-1,-1,-1,-1,50.542778,78.344284,-1,-1,-1,-1,-1,-1,51.475773,66.592155,27.812119,39.01188,-1,-1,-1,-1,-1,-1,-1,-1
1383,67.18703,39.154114,-1,-1,-1,-1,-1,-1,-1,-1,48.561512,72.70775,-1,-1,-1,-1,-1,-1,47.83695,62.412582,29.921143,39.51587,-1,-1,-1,-1,-1,-1,-1,-1
1384,64.24596,38.534626,-1,-1,-1,-1,-1,-1,-1,-1,48.907593,78.81857,-1,-1,-1,-1,-1,-1,49.946068,66.28588,29.938524,38.172665,-1,-1,-1,-1,-1,-1,-1,-1
1385,63.910007,35.041298,-1,-1,-1,-1,-1,-1,-1,-1,49.698128,76.97944,-1,-1,-1,-1,-1,-1,47.989983,64.82201,28.247334,39.63763,-1,-1,-1,-1,-1,-1,-1,-1
1386,63.784534,38.69887,-1,-1,-1,-1,-1,-1,-1,-1,47.168316,77.61972,-1,-1,-1,-1,-1,-1,47.825176,63.947575,32.167118,37.338707,-1,-1,-1,-1,-1,-1,-1,-1
1387,66.69304,38.48535,-1,-1,-1,-1,-1,-1,-1,-1,50.10607,71.95948,-1,-1,-1,-1,-1,-1,50.513878,61.842472,33.287434,36.894836,-1,-1,-1,-1,-1,-1,-1,-1
1388,67.86787,27.235794,-1,-1,-1,-1,-1,-1,-1,-1,54.123856,80.55427,-1,-1,-1,-1,-1,-1,55.85102,67.79236,27.17945,36.406998,-1,-1,-1,-1,-1,-1,-1,-1
1389,65.073906,33.837406,-1,-1,-1,-1,-1,-1,-1,-1,48.921818,77.35839,-1,-1,-1,-1,-1,-1,48.485252,62.373966,25.9524,37.781895,-1,-1,-1,-1,-1,-1,-1,-1
1390,62.07817,37.992874,-1,-1,-1,-1,-1,-1,-1,-1,50.574963,77.87197,-1,-1,-1,-1,-1,-1,48.510307,67.99061,26.014534,42.45176,-1,-1,-1,-1,-1,-1,-1,-1
1391,66.535866,35.705185,-1,-1,-1,-1,-1,-1,-1,-1,48.900734,77.331924,-1,-1,-1,-1,-1,-1,48.373093,66.96403,29.255266,37.350395,-1,-1,-1,-1,-1,-1,-1,-1
1392,62.812603,37.608326,-1,-1,-1,-1,-1,-1,-1,-1,52.500767,68.32637,-1,-1,-1,-1,-1,-1,52.41807,59.54372,34.38628,38.604008,-1,-1,-1,-1,-1,-1,-1,-1
1393,65.35979,39.88697,-1,-1,-1,-1,-1,-1,-1,-1,48.978264,76.011665,-1,-1,-1,-1,-1,-1,51.57832,59.339264,34.685844,36.16153,-1,-1,-1,-1,-1,-1,-1,-1
1394,66.35244,37.42756,-1,-1,-1,-1,-1,-1,-1,-1,46.125504,77.09952,-1,-1,-1,-1,-1,-1,44.690334,65.00354,29.523943,39.932972,-1,-1,-1,-1,-1,-1,-1,-1
1395,66.1946,39.61935,-1,-1,-1,-1,-1,-1,-1,-1,49.906998,77.46684,-1,-1,-1,-1,-1,-1,50.37023,63.231194,29.175638,38.76913,-1,-1,-1,-1,-1,-1,-1,-1
1396,63.77837,34.246197,-1,-1,-1,-1,-1,-1,-1,-1,47.250187,73.62765,-1,-1,-1,-1,-1,-1,46.85714,62.04195,29.500687,34.57167,-1,-1,-1,-1,-1,-1,-1,-1
1397,65.81326,38.08325,-1,-1,-1,-1,-1,-1,-1,-1,47.113888,77.37883,-1,-1,-1,-1,-1,-1,48.280655,64.111404,29.615187,35.235134,-1,-1,-1,-1,-1,-1,-1,-1
1398,67.398895,38.13298,-1,-1,-1,-1,-1,-1,-1,-1,45.50108,75.52759,-1,-1,-1,-1,-1,-1,45.556313,64.32563,28.676046,34.257256,-1,-1,-1,-1,-1,-1,-1,-1
1399,66.33324,39.60593,-1,-1,-1,-1,-1,-1,-1,-1,47.16564,74.99217,-1,-1,-1,-1,-1,-1,49.48665,61.415924,29.79383,34.44137,-1,-1,-1,-1,-1,-1,-1,-1
1400,63.896446,38.08785,-1,-1,-1,-1,-1,-1,-1,-1,45.59032,75.44252,-1,-1,-1,-1,-1,-1,45.513153,63.775085,28.771114,37.82219,-1,-1,-1,-1,-1,-1,-1,-1
1401,66.382195,33.573765,-1,-1,-1,-1,-1,-1,-1,-1,47.756138,75.682335,-1,-1,-1,-1,-1,-1,46.42486,58.615334,29.578045,35.7383,-1,-1,-1,-1,-1,-1,-1,-1
1402,67.398895,38.13298,-1,-1,-1,-1,-1,-1,-1,-1,45.50108,75.52759,-1,-1,-1,-1,-1,-1,45.556313,64.32563,28.676046,34.257256,-1,-1,-1,-1,-1,-1,-1,-1
1403,68.37159,41.74312,-1,-1,-1,-1,-1,-1,-1,-1,43.15252,79.13418,-1,-1,-1,-1,-1,-1,51.35733,65.7255,32.853977,35.297173,-1,-1,-1,-1,-1,-1,-1,-1
1404,65.61139,34.703148,-1,-1,-1,-1,-1,-1,-1,-1,48.61627,74.49431,-1,-1,-1,-1,-1,-1,46.227505,62.050373,25.435995,40.057476,-1,-1,-1,-1,-1,-1,-1,-1
1405,65.81845,37.119953,-1,-1,-1,-1,-1,-1,-1,-1,51.20626,75.31003,-1,-1,-1,-1,-1,-1,50.952583,64.14687,30.399254,39.725338,-1,-1,-1,-1,-1,-1,-1,-1
1406,65.961105,38.243046,-1,-1,-1,-1,-1,-1,-1,-1,49.134243,75.85379,-1,-1,-1,-1,-1,-1,48.792027,65.07809,29.41251,38.772755,-1,-1,-1,-1,-1,-1,-1,-1
1407,66.382195,33.573765,-1,-1,-1,-1,-1,-1,-1,-1,47.756138,75.682335,-1,-1,-1,-1,-1,-1,46.42486,58.615334,29.578045,35.7383,-1,-1,-1,-1,-1,-1,-1,-1
1408,61.546314,43.259228,-1,-1,-1,-1,-1,-1,-1,-1,48.71116,69.92245,-1,-1,-1,-1,-1,-1,50.224743,62.06644,36.20771,38.31981,-1,-1,-1,-1,-1,-1,-1,-1
1409,67.58799,37.909683,-1,-1,-1,-1,-1,-1,-1,-1,51.237812,79.93574,-1,-1,-1,-1,-1,-1,51.42428,67.5684,28.127533,40.276108,-1,-1,-1,-1,-1,-1,-1,-1
1410,64.16103,39.08756,-1,-1,-1,-1,-1,-1,-1,-1,46.485573,72.43035,-1,-1,-1,-1,-1,-1,46.61309,63.323483,31.073946,37.123337,-1,-1,-1,-1,-1,-1,-1,-1
1411,64.64341,39.036076,-1,-1,-1,-1,-1,-1,-1,-1,45.055813,81.829285,-1,-1,-1,-1,-1,-1,43.702244,70.50059,29.422728,37.68754,-1,-1,-1,-1,-1,-1,-1,-1
1412,67.79997,39.790386,-1,-1,-1,-1,-1,-1,-1,-1,49.235905,77.889366,-1,-1,-1,-1,-1,-1,48.81825,68.411766,30.252478,40.643223,-1,-1,-1,-1,-1,-1,-1,-1
1413,63.194683,37.906387,-1,-1,-1,-1,-1,-1,-1,-1,47.477684,78.05773,-1,-1,-1,-1,-1,-1,46.72261,62.75937,29.749912,38.947742,-1,-1,-1,-1,-1,-1,-1,-1
1414,65.05717,37.743095,-1,-1,-1,-1,-1,-1,-1,-1,51.972534,71.50062,-1,-1,-1,-1,-1,-1,51.09007,62.32043,31.009617,41.4459,-1,-1,-1,-1,-1,-1,-1,-1
1415,66.51592,42.20427,-1,-1,-1,-1,-1,-1,-1,-1,46.643013,75.26133,-1,-1,-1,-1,-1,-1,48.04007,63.71825,31.41578,37.525337,-1,-1,-1,-1,-1,-1,-1,-1
1416,67.43626,41.654327,-1,-1,-1,-1,-1,-1,-1,-1,46.714443,73.52204,-1,-1,-1,-1,-1,-1,49.422043,63.455853,32.276997,36.529224,-1,-1,-1,-1,-1,-1,-1,-1
1417,67.32129,41.37904,-1,-1,-1,-1,-1,-1,-1,-1,42.384026,75.81298,-1,-1,-1,-1,-1,-1,42.63494,64.765854,30.264162,37.75103,-1,-1,-1,-1,-1,-1,-1,-1
1418,63.970364,38.36797,-1,-1,-1,-1,-1,-1,-1,-1,47.505634,73.36161,-1,-1,-1,-1,-1,-1,47.221703,64.16912,27.787754,38.751743,-1,-1,-1,-1,-1,-1,-1,-1
1419,66.88325,38.442734,-1,-1,-1,-1,-1,-1,-1,-1,47.987194,77.20498,-1,-1,-1,-1,-1,-1,48.678852,62.751293,30.93263,36.077442,-1,-1,-1,-1,-1,-1,-1,-1
1420,63.97578,39.272697,-1,-1,-1,-1,-1,-1,-1,-1,43.925827,76.19399,-1,-1,-1,-1,-1,-1,44.1261,65.85665,30.628164,39.188404,-1,-1,-1,-1,-1,-1,-1,-1
1421,67.4355,35.78087,-1,-1,-1,-1,-1,-1,-1,-1,49.781776,75.969055,-1,-1,-1,-1,-1,-1,49.036922,65.4594,28.96984,38.504917,-1,-1,-1,-1,-1,-1,-1,-1
1422,63.04967,35.653763,-1,-1,-1,-1,-1,-1,-1,-1,49.105843,73.06684,-1,-1,-1,-1,-1,-1,48.5906,62.132175,26.45089,39.77802,-1,-1,-1,-1,-1,-1,-1,-1
1423,67.54481,42.32224,-1,-1,-1,-1,-1,-1,-1,-1,44.16288,81.23807,-1,-1,-1,-1,-1,-1,45.94771,68.7324,29.697441,37.198353,-1,-1,-1,-1,-1,-1,-1,-1
1424,62.595203,34.676067,-1,-1,-1,-1,-1,-1,-1,-1,47.702904,79.54025,-1,-1,-1,-1,-1,-1,46.057137,62.866676,29.921112,36.376423,-1,-1,-1,-1,-1,-1,-1,-1
1425,68.147705,36.19377,-1,-1,-1,-1,-1,-1,-1,-1,48.88151,73.60331,-1,-1,-1,-1,-1,-1,48.639137,58.45152,30.596395,35.055874,-1,-1,-1,-1,-1,-1,-1,-1
1426,64.310585,37.60354,-1,-1,-1,-1,-1,-1,-1,-1,46.175148,77.50485,-1,-1,-1,-1,-1,-1,46.249493,62.012238,29.01949,37.629143,-1,-1,-1,-1,-1,-1,-1,-1
1427,67.21697,34.37584,-1,-1,-1,-1,-1,-1,-1,-1,52.780228,72.52856,-1,-1,-1,-1,-1,-1,52.33759,58.885143,30.044144,37.419403,-1,-1,-1,-1,-1,-1,-1,-1
1428,45.584343,42.419434,-1,-1,-1,-1,-1,-1,-1,-1,30.006432,67.46067,-1,-1,-1,-1,-1,-1,29.487658,58.62176,24.29381,40.846466,-1,-1,-1,-1,-1,-1,-1,-1
1429,60.47426,40.02632,-1,-1,-1,-1,-1,-1,-1,-1,46.643166,66.22405,-1,-1,-1,-1,-1,-1,46.809334,55.57612,34.69841,39.97016,-1,-1,-1,-1,-1,-1,-1,-1
1430,65.1973,35.771946,-1,-1,-1,-1,-1,-1,-1,-1,47.422314,80.387474,-1,-1,-1,-1,-1,-1,46.838562,64.33006,26.836283,37.846542,-1,-1,-1,-1,-1,-1,-1,-1
1431,69.89575,38.626266,-1,-1,-1,-1,-1,-1,-1,-1,49.647404,80.237144,-1,-1,-1,-1,-1,-1,48.445583,68.68922,29.446497,37.070896,-1,-1,-1,-1,-1,-1,-1,-1
1432,49.545567,43.339012,-1,-1,-1,-1,-1,-1,-1,-1,28.082302,66.7307,-1,-1,-1,-1,-1,-1,28.822035,56.831944,21.006231,36.93397,-1,-1,-1,-1,-1,-1,-1,-1
1433,71.46176,35.04106,-1,-1,-1,-1,-1,-1,-1,-1,45.007504,80.26546,-1,-1,-1,-1,-1,-1,41.7299,64.23793,29.826532,35.549965,-1,-1,-1,-1,-1,-1,-1,-1
1434,64.46385,37.66733,-1,-1,-1,-1,-1,-1,-1,-1,49.699287,79.45991,-1,-1,-1,-1,-1,-1,48.032017,65.5918,25.462029,43.14525,-1,-1,-1,-1,-1,-1,-1,-1
1435,67.32283,36.48239,-1,-1,-1,-1,-1,-1,-1,-1,52.062286,79.638435,-1,-1,-1,-1,-1,-1,52.436707,66.85906,28.464888,40.50904,-1,-1,-1,-1,-1,-1,-1,-1
1436,64.75979,40.08861,-1,-1,-1,-1,-1,-1,-1,-1,45.16314,81.89107,-1,-1,-1,-1,-1,-1,45.301746,65.25623,29.79059,38.238297,-1,-1,-1,-1,-1,-1,-1,-1
1437,68.50995,37.624504,-1,-1,-1,-1,-1,-1,-1,-1,46.701466,76.6736,-1,-1,-1,-1,-1,-1,46.354572,62.27422,28.019583,35.75882,-1,-1,-1,-1,-1,-1,-1,-1
1438,70.21123,37.921234,-1,-1,-1,-1,-1,-1,-1,-1,49.118587,75.73318,-1,-1,-1,-1,-1,-1,49.530716,60.134186,27.401472,37.767727,-1,-1,-1,-1,-1,-1,-1,-1
1439,65.75496,35.63977,-1,-1,-1,-1,-1,-1,-1,-1,48.181595,76.74806,-1,-1,-1,-1,-1,-1,49.625477,65.221855,31.633175,36.142616,-1,-1,-1,-1,-1,-1,-1,-1
1440,66.88667,35.089176,-1,-1,-1,-1,-1,-1,-1,-1,53.49103,75.31615,-1,-1,-1,-1,-1,-1,55.835575,56.853745,31.36291,34.89918,-1,-1,-1,-1,-1,-1,-1,-1
1441,69.49137,38.57433,-1,-1,-1,-1,-1,-1,-1,-1,51.99275,84.142845,-1,-1,-1,-1,-1,-1,53.550045,67.14756,30.272215,39.70747,-1,-1,-1,-1,-1,-1,-1,-1
1442,66.23148,40.41143,-1,-1,-1,-1,-1,-1,-1,-1,43.99353,77.33063,-1,-1,-1,-1,-1,-1,45.705067,65.40685,29.968067,36.640835,-1,-1,-1,-1,-1,-1,-1,-1
1443,65.494835,35.22833,-1,-1,-1,-1,-1,-1,-1,-1,45.0982,74.021706,-1,-1,-1,-1,-1,-1,43.22992,58.45239,31.063347,36.43427,-1,-1,-1,-1,-1,-1,-1,-1
1444,66.73385,38.965393,-1,-1,-1,-1,-1,-1,-1,-1,47.141987,82.67238,-1,-1,-1,-1,-1,-1,45.738266,70.23961,31.117764,38.28424,-1,-1,-1,-1,-1,-1,-1,-1
1445,65.99479,39.67369,-1,-1,-1,-1,-1,-1,-1,-1,44.996773,85.69273,-1,-1,-1,-1,-1,-1,47.245094,70.07085,29.547974,36.213173,-1,-1,-1,-1,-1,-1,-1,-1
1446,66.565475,38.398727,-1,-1,-1,-1,-1,-1,-1,-1,47.23711,72.56382,-1,-1,-1,-1,-1,-1,49.196564,58.783916,31.031141,33.569016,-1,-1,-1,-1,-1,-1,-1,-1
1447,68.923065,37.975826,-1,-1,-1,-1,-1,-1,-1,-1,48.381382,73.66581,-1,-1,-1,-1,-1,-1,46.929882,65.32676,26.078981,38.752033,-1,-1,-1,-1,-1,-1,-1,-1
1448,65.91494,36.765297,-1,-1,-1,-1,-1,-1,-1,-1,44.17288,73.6092,-1,-1,-1,-1,-1,-1,45.023968,60.944397,29.354261,32.167923,-1,-1,-1,-1,-1,-1,-1,-1
1449,63.932373,38.26315,-1,-1,-1,-1,-1,-1,-1,-1,39.753468,71.55468,-1,-1,-1,-1,-1,-1,42.506126,58.9568,26.381197,31.456364,-1,-1,-1,-1,-1,-1,-1,-1
1450,65.378845,36.08776,-1,-1,-1,-1,-1,-1,-1,-1,45.577503,79.790276,-1,-1,-1,-1,-1,-1,46.273064,67.19695,27.22175,34.74619,-1,-1,-1,-1,-1,-1,-1,-1
1451,63.991154,37.61497,-1,-1,-1,-1,-1,-1,-1,-1,48.211445,74.53204,-1,-1,-1,-1,-1,-1,48.31574,61.488285,29.014153,38.147995,-1,-1,-1,-1,-1,-1,-1,-1
1452,66.88803,42.400608,-1,-1,-1,-1,-1,-1,-1,-1,38.610535,76.12201,-1,-1,-1,-1,-1,-1,41.531944,66.355354,32.251247,31.685518,-1,-1,-1,-1,-1,-1,-1,-1
1453,67.005775,40.209778,-1,-1,-1,-1,-1,-1,-1,-1,44.33977,76.73093,-1,-1,-1,-1,-1,-1,44.95597,62.186443,30.431883,35.437172,-1,-1,-1,-1,-1,-1,-1,-1
1454,65.82518,35.587215,-1,-1,-1,-1,-1,-1,-1,-1,50.009407,71.024956,-1,-1,-1,-1,-1,-1,49.408993,59.732967,32.264675,37.288315,-1,-1,-1,-1,-1,-1,-1,-1
1455,69.84337,35.245533,-1,-1,-1,-1,-1,-1,-1,-1,52.737995,75.81615,-1,-1,-1,-1,-1,-1,52.669838,63.360226,29.87601,37.155296,-1,-1,-1,-1,-1,-1,-1,-1
1456,70.85902,32.490242,-1,-1,-1,-1,-1,-1,-1,-1,64.06918,71.42898,-1,-1,-1,-1,-1,-1,61.793243,61.00409,36.082924,41.21867,-1,-1,-1,-1,-1,-1,-1,-1
1457,67.33346,39.530453,-1,-1,-1,-1,-1,-1,-1,-1,49.29634,74.624054,-1,-1,-1,-1,-1,-1,48.71013,63.129986,31.477062,39.091915,-1,-1,-1,-1,-1,-1,-1,-1
1458,66.06668,33.69776,-1,-1,-1,-1,-1,-1,-1,-1,51.440514,81.07586,-1,-1,-1,-1,-1,-1,52.323105,66.66521,25.208225,35.69319,-1,-1,-1,-1,-1,-1,-1,-1
1459,65.86352,39.028053,-1,-1,-1,-1,-1,-1,-1,-1,45.289783,82.17194,-1,-1,-1,-1,-1,-1,43.47118,68.81523,29.758682,40.196106,-1,-1,-1,-1,-1,-1,-1,-1
1460,67.052635,38.482975,-1,-1,-1,-1,-1,-1,-1,-1,45.308178,81.28907,-1,-1,-1,-1,-1,-1,47.302967,65.759964,28.344429,35.564693,-1,-1,-1,-1,-1,-1,-1,-1
1461,65.6806,40.747154,-1,-1,-1,-1,-1,-1,-1,-1,41.14534,73.95505,-1,-1,-1,-1,-1,-1,45.665535,58.96355,33.095604,31.787811,-1,-1,-1,-1,-1,-1,-1,-1
1462,58.912632,38.35906,-1,-1,-1,-1,-1,-1,-1,-1,40.92492,73.0165,-1,-1,-1,-1,-1,-1,38.578186,60.547314,31.993214,35.952824,-1,-1,-1,-1,-1,-1,-1,-1
1463,64.10143,34.92491,-1,-1,-1,-1,-1,-1,-1,-1,55.99894,76.83116,-1,-1,-1,-1,-1,-1,51.41351,63.223404,29.746033,45.431248,-1,-1,-1,-1,-1,-1,-1,-1
1464,62.303013,32.787346,-1,-1,-1,-1,-1,-1,-1,-1,57.699192,76.18136,-1,-1,-1,-1,-1,-1,51.081867,63.768337,28.470236,42.322697,-1,-1,-1,-1,-1,-1,-1,-1
1465,65.36941,36.13313,-1,-1,-1,-1,-1,-1,-1,-1,48.129932,73.63647,-1,-1,-1,-1,-1,-1,47.383564,61.966587,28.844486,38.09683,-1,-1,-1,-1,-1,-1,-1,-1
1466,65.86019,37.149487,-1,-1,-1,-1,-1,-1,-1,-1,51.627075,73.80284,-1,-1,-1,-1,-1,-1,51.37045,65.07969,31.763477,39.599163,-1,-1,-1,-1,-1,-1,-1,-1
1467,65.86305,39.245316,-1,-1,-1,-1,-1,-1,-1,-1,45.19044,82.8551,-1,-1,-1,-1,-1,-1,44.348328,70.152885,25.139988,38.650345,-1,-1,-1,-1,-1,-1,-1,-1
1468,66.80516,38.87562,-1,-1,-1,-1,-1,-1,-1,-1,49.91422,84.67154,-1,-1,-1,-1,-1,-1,50.5992,69.6114,28.927563,37.81409,-1,-1,-1,-1,-1,-1,-1,-1
1469,68.85843,38.188118,-1,-1,-1,-1,-1,-1,-1,-1,48.579662,79.00898,-1,-1,-1,-1,-1,-1,47.78846,62.236084,30.789738,36.17726,-1,-1,-1,-1,-1,-1,-1,-1
1470,68.56333,35.930996,-1,-1,-1,-1,-1,-1,-1,-1,55.786236,81.264824,-1,-1,-1,-1,-1,-1,56.706345,64.57932,31.820993,39.597504,-1,-1,-1,-1,-1,-1,-1,-1
1471,64.60402,39.92186,-1,-1,-1,-1,-1,-1,-1,-1,48.685997,72.45563,-1,-1,-1,-1,-1,-1,49.287415,64.761314,29.652317,38.83688,-1,-1,-1,-1,-1,-1,-1,-1
1472,66.103645,39.018726,-1,-1,-1,-1,-1,-1,-1,-1,50.328518,75.2157,-1,-1,-1,-1,-1,-1,50.1509,60.485035,28.182777,40.766273,-1,-1,-1,-1,-1,-1,-1,-1
1473,69.87747,41.71967,-1,-1,-1,-1,-1,-1,-1,-1,39.06357,82.36854,-1,-1,-1,-1,-1,-1,42.43457,66.2589,26.424458,31.723873,-1,-1,-1,-1,-1,-1,-1,-1
1474,67.68449,42.282448,-1,-1,-1,-1,-1,-1,-1,-1,44.031513,84.22072,-1,-1,-1,-1,-1,-1,43.58519,73.891945,30.405334,37.260338,-1,-1,-1,-1,-1,-1,-1,-1
1475,73.05962,38.17614,-1,-1,-1,-1,-1,-1,-1,-1,40.098286,88.60373,-1,-1,-1,-1,-1,-1,37.45711,69.75223,29.287374,32.130146,-1,-1,-1,-1,-1,-1,-1,-1
1476,65.91762,37.849525,-1,-1,-1,-1,-1,-1,-1,-1,43.34299,72.19683,-1,-1,-1,-1,-1,-1,44.228413,61.923515,28.76817,34.56045,-1,-1,-1,-1,-1,-1,-1,-1
1477,65.46978,41.961998,-1,-1,-1,-1,-1,-1,-1,-1,46.37099,76.24401,-1,-1,-1,-1,-1,-1,46.924385,64.448204,29.237206,40.560757,-1,-1,-1,-1,-1,-1,-1,-1
1478,68.79617,40.184383,-1,-1,-1,-1,-1,-1,-1,-1,43.088768,77.69211,-1,-1,-1,-1,-1,-1,44.62564,63.36258,31.005583,33.6841,-1,-1,-1,-1,-1,-1,-1,-1
1479,67.25076,40.674892,-1,-1,-1,-1,-1,-1,-1,-1,43.92547,78.42129,-1,-1,-1,-1,-1,-1,43.71995,65.81079,30.954008,34.969177,-1,-1,-1,-1,-1,-1,-1,-1
1480,68.7391,33.670185,-1,-1,-1,-1,-1,-1,-1,-1,53.85566,82.87006,-1,-1,-1,-1,-1,-1,55.564194,66.27073,29.51118,36.018047,-1,-1,-1,-1,-1,-1,-1,-1
1481,65.75136,39.86602,-1,-1,-1,-1,-1,-1,-1,-1,44.995583,78.19314,-1,-1,-1,-1,-1,-1,45.347267,67.27326,28.328041,38.067753,-1,-1,-1,-1,-1,-1,-1,-1
1482,66.12462,38.429173,-1,-1,-1,-1,-1,-1,-1,-1,46.952965,80.281784,-1,-1,-1,-1,-1,-1,46.960625,67.57009,29.148739,38.573643,-1,-1,-1,-1,-1,-1,-1,-1
1483,67.33653,40.205048,-1,-1,-1,-1,-1,-1,-1,-1,48.24998,78.800514,-1,-1,-1,-1,-1,-1,47.982975,66.95079,30.482115,39.81708,-1,-1,-1,-1,-1,-1,-1,-1
1484,61.887234,39.08228,-1,-1,-1,-1,-1,-1,-1,-1,43.73304,66.50455,-1,-1,-1,-1,-1,-1,43.989574,57.60649,34.029495,36.21398,-1,-1,-1,-1,-1,-1,-1,-1
1485,68.680695,33.33799,-1,-1,-1,-1,-1,-1,-1,-1,56.550514,76.02144,-1,-1,-1,-1,-1,-1,60.457558,66.33411,33.49186,38.788654,-1,-1,-1,-1,-1,-1,-1,-1
1486,63.282192,34.680016,-1,-1,-1,-1,-1,-1,-1,-1,48.323307,79.31855,-1,-1,-1,-1,-1,-1,50.668053,62.94293,27.875584,36.4588,-1,-1,-1,-1,-1,-1,-1,-1
1487,63.669296,39.8647,-1,-1,-1,-1,-1,-1,-1,-1,46.744045,77.66371,-1,-1,-1,-1,-1,-1,49.11075,65.71787,30.141493,35.303135,-1,-1,-1,-1,-1,-1,-1,-1
1488,65.84441,35.80257,-1,-1,-1,-1,-1,-1,-1,-1,50.83199,72.70858,-1,-1,-1,-1,-1,-1,50.302822,63.801823,30.647055,38.35498,-1,-1,-1,-1,-1,-1,-1,-1
1489,70.76199,44.46524,-1,-1,-1,-1,-1,-1,-1,-1,40.337902,79.54113,-1,-1,-1,-1,-1,-1,42.681572,70.94665,31.005661,34.727757,-1,-1,-1,-1,-1,-1,-1,-1
1490,66.62911,44.34862,-1,-1,-1,-1,-1,-1,-1,-1,43.208668,77.74659,-1,-1,-1,-1,-1,-1,45.05535,66.64219,32.39845,37.627502,-1,-1,-1,-1,-1,-1,-1,-1
1491,68.18401,38.475212,-1,-1,-1,-1,-1,-1,-1,-1,47.49943,76.75188,-1,-1,-1,-1,-1,-1,49.31769,61.720253,30.45043,35.464714,-1,-1,-1,-1,-1,-1,-1,-1
1492,67.24786,37.127747,-1,-1,-1,-1,-1,-1,-1,-1,44.60308,77.39063,-1,-1,-1,-1,-1,-1,44.04952,60.766006,27.403112,35.588512,-1,-1,-1,-1,-1,-1,-1,-1
1493,66.866165,34.830105,-1,-1,-1,-1,-1,-1,-1,-1,47.584175,73.01015,-1,-1,-1,-1,-1,-1,48.66063,63.394188,29.237253,34.022488,-1,-1,-1,-1,-1,-1,-1,-1
1494,66.544136,36.770477,-1,-1,-1,-1,-1,-1,-1,-1,50.746227,74.23058,-1,-1,-1,-1,-1,-1,51.39375,61.921387,30.990221,38.340855,-1,-1,-1,-1,-1,-1,-1,-1
1495,65.88527,36.113785,-1,-1,-1,-1,-1,-1,-1,-1,50.761696,75.66815,-1,-1,-1,-1,-1,-1,49.47083,62.257347,30.355959,38.93008,-1,-1,-1,-1,-1,-1,-1,-1
1496,67.5565,36.154358,-1,-1,-1,-1,-1,-1,-1,-1,49.74338,76.739914,-1,-1,-1,-1,-1,-1,50.745876,61.61393,29.312117,35.87575,-1,-1,-1,-1,-1,-1,-1,-1
1497,60.54974,33.587036,-1,-1,-1,-1,-1,-1,-1,-1,46.72033,68.77704,-1,-1,-1,-1,-1,-1,44.43126,51.957764,23.51376,40.2424,-1,-1,-1,-1,-1,-1,-1,-1
1498,66.257065,36.651253,-1,-1,-1,-1,-1,-1,-1,-1,49.25235,76.50987,-1,-1,-1,-1,-1,-1,48.04335,67.19599,29.272524,37.66146,-1,-1,-1,-1,-1,-1,-1,-1
1499,66.53598,36.75857,-1,-1,-1,-1,-1,-1,-1,-1,48.186108,74.491066,-1,-1,-1,-1,-1,-1,48.81242,63.525017,28.693676,36.198338,-1,-1,-1,-1,-1,-1,-1,-1
1500,68.704254,38.0466,-1,-1,-1,-1,-1,-1,-1,-1,45.304768,81.756485,-1,-1,-1,-1,-1,-1,45.192253,66.60944,29.01679,35.32938,-1,-1,-1,-1,-1,-1,-1,-1
1501,66.32019,39.61499,-1,-1,-1,-1,-1,-1,-1,-1,48.20359,78.338684,-1,-1,-1,-1,-1,-1,50.072655,67.73395,28.60819,37.12259,-1,-1,-1,-1,-1,-1,-1,-1
1502,65.685326,32.599396,-1,-1,-1,-1,-1,-1,-1,-1,54.746864,79.42513,-1,-1,-1,-1,-1,-1,49.723183,65.0375,27.624851,40.81443,-1,-1,-1,-1,-1,-1,-1,-1
1503,63.80785,40.41941,-1,-1,-1,-1,-1,-1,-1,-1,44.96402,76.796036,-1,-1,-1,-1,-1,-1,45.664047,65.35745,31.046865,38.07003,-1,-1,-1,-1,-1,-1,-1,-1
1504,64.864365,38.230934,-1,-1,-1,-1,-1,-1,-1,-1,46.1487,78.77644,-1,-1,-1,-1,-1,-1,45.0761,63.992065,29.805088,38.685646,-1,-1,-1,-1,-1,-1,-1,-1
1505,63.625023,37.68665,-1,-1,-1,-1,-1,-1,-1,-1,42.86598,71.576805,-1,-1,-1,-1,-1,-1,43.08592,62.045193,30.151455,34.96543,-1,-1,-1,-1,-1,-1,-1,-1
1506,67.49944,39.13774,-1,-1,-1,-1,-1,-1,-1,-1,49.703087,76.31721,-1,-1,-1,-1,-1,-1,52.349747,65.49434,30.830828,36.46392,-1,-1,-1,-1,-1,-1,-1,-1
1507,65.57527,40.224327,-1,-1,-1,-1,-1,-1,-1,-1,49.23969,73.32383,-1,-1,-1,-1,-1,-1,48.315247,65.36702,32.13322,40.008324,-1,-1,-1,-1,-1,-1,-1,-1
1508,70.13951,39.397762,-1,-1,-1,-1,-1,-1,-1,-1,45.89585,78.539345,-1,-1,-1,-1,-1,-1,44.842422,69.02412,30.74629,36.992397,-1,-1,-1,-1,-1,-1,-1,-1
1509,66.524734,36.454906,-1,-1,-1,-1,-1,-1,-1,-1,48.99686,72.32353,-1,-1,-1,-1,-1,-1,49.875813,62.8341,31.468721,35.592728,-1,-1,-1,-1,-1,-1,-1,-1
1510,66.28223,39.400208,-1,-1,-1,-1,-1,-1,-1,-1,44.639217,76.60163,-1,-1,-1,-1,-1,-1,44.884007,60.23223,30.28417,36.849163,-1,-1,-1,-1,-1,-1,-1,-1
1511,69.88339,39.23423,-1,-1,-1,-1,-1,-1,-1,-1,47.017994,81.90273,-1,-1,-1,-1,-1,-1,47.08074,65.3437,30.630278,38.28485,-1,-1,-1,-1,-1,-1,-1,-1
1512,66.560234,38.902653,-1,-1,-1,-1,-1,-1,-1,-1,43.67769,80.44916,-1,-1,-1,-1,-1,-1,43.253246,67.53106,30.38965,38.68751,-1,-1,-1,-1,-1,-1,-1,-1
1513,67.48264,31.668627,-1,-1,-1,-1,-1,-1,-1,-1,55.26687,78.45353,-1,-1,-1,-1,-1,-1,51.725254,69.21518,28.006824,39.60723,-1,-1,-1,-1,-1,-1,-1,-1
1514,64.36071,37.834984,-1,-1,-1,-1,-1,-1,-1,-1,48.247757,74.40571,-1,-1,-1,-1,-1,-1,47.313667,64.888245,29.719118,41.044025,-1,-1,-1,-1,-1,-1,-1,-1
1515,66.21267,35.08583,-1,-1,-1,-1,-1,-1,-1,-1,51.802006,77.94721,-1,-1,-1,-1,-1,-1,50.43112,69.44163,29.78693,40.019985,-1,-1,-1,-1,-1,-1,-1,-1
1516,67.56367,40.51893,-1,-1,-1,-1,-1,-1,-1,-1,47.77329,75.671486,-1,-1,-1,-1,-1,-1,47.880466,63.82997,28.597692,39.29998,-1,-1,-1,-1,-1,-1,-1,-1
1517,66.12896,40.80234,-1,-1,-1,-1,-1,-1,-1,-1,47.2152,77.321976,-1,-1,-1,-1,-1,-1,47.92221,67.59104,31.748667,38.243874,-1,-1,-1,-1,-1,-1,-1,-1
1518,66.31826,36.72994,-1,-1,-1,-1,-1,-1,-1,-1,50.93884,76.473625,-1,-1,-1,-1,-1,-1,51.637352,61.34565,27.862745,39.34144,-1,-1,-1,-1,-1,-1,-1,-1
1519,64.61147,38.825073,-1,-1,-1,-1,-1,-1,-1,-1,47.930923,78.34392,-1,-1,-1,-1,-1,-1,48.137627,68.45201,29.846216,40.091877,-1,-1,-1,-1,-1,-1,-1,-1
1520,70.56135,35.998333,-1,-1,-1,-1,-1,-1,-1,-1,55.4893,80.25687,-1,-1,-1,-1,-1,-1,55.787308,68.371704,29.261509,39.67315,-1,-1,-1,-1,-1,-1,-1,-1
1521,66.843124,36.381626,-1,-1,-1,-1,-1,-1,-1,-1,49.64995,74.82883,-1,-1,-1,-1,-1,-1,49.718666,64.61286,29.202154,36.48782,-1,-1,-1,-1,-1,-1,-1,-1
1522,63.1232,34.864033,-1,-1,-1,-1,-1,-1,-1,-1,51.961143,76.45895,-1,-1,-1,-1,-1,-1,47.33036,63.448498,29.805883,41.111454,-1,-1,-1,-1,-1,-1,-1,-1
1523,68.30513,36.431362,-1,-1,-1,-1,-1,-1,-1,-1,48.775375,82.040695,-1,-1,-1,-1,-1,-1,48.604164,66.856735,31.314981,35.617752,-1,-1,-1,-1,-1,-1,-1,-1
1524,66.02878,39.29618,-1,-1,-1,-1,-1,-1,-1,-1,48.65203,75.61228,-1,-1,-1,-1,-1,-1,48.632565,66.69787,33.234383,39.50112,-1,-1,-1,-1,-1,-1,-1,-1
1525,66.4379,43.481937,-1,-1,-1,-1,-1,-1,-1,-1,41.884373,75.99911,-1,-1,-1,-1,-1,-1,42.870758,64.98988,31.003817,37.311333,-1,-1,-1,-1,-1,-1,-1,-1
1526,65.94236,34.39159,-1,-1,-1,-1,-1,-1,-1,-1,50.79837,70.039055,-1,-1,-1,-1,-1,-1,49.883324,61.11046,27.089897,37.888557,-1,-1,-1,-1,-1,-1,-1,-1
1527,62.548042,39.46158,-1,-1,-1,-1,-1,-1,-1,-1,47.355206,75.13553,-1,-1,-1,-1,-1,-1,47.12045,56.60554,29.054033,39.982834,-1,-1,-1,-1,-1,-1,-1,-1
1528,66.25479,37.78681,-1,-1,-1,-1,-1,-1,-1,-1,47.748676,77.094635,-1,-1,-1,-1,-1,-1,48.411263,60.960743,29.621815,37.267563,-1,-1,-1,-1,-1,-1,-1,-1
1529,63.867428,37.539185,-1,-1,-1,-1,-1,-1,-1,-1,50.66486,68.15413,-1,-1,-1,-1,-1,-1,50.251286,58.77512,32.709152,39.143845,-1,-1,-1,-1,-1,-1,-1,-1
1530,64.217575,37.08843,-1,-1,-1,-1,-1,-1,-1,-1,49.298176,74.55226,-1,-1,-1,-1,-1,-1,48.290848,64.547455,30.211426,39.558304,-1,-1,-1,-1,-1,-1,-1,-1
1531,64.72461,37.6017,-1,-1,-1,-1,-1,-1,-1,-1,48.370346,80.36082,-1,-1,-1,-1,-1,-1,47.887165,59.907875,28.983097,38.06601,-1,-1,-1,-1,-1,-1,-1,-1
1532,69.94001,37.227055,-1,-1,-1,-1,-1,-1,-1,-1,54.063747,70.607506,-1,-1,-1,-1,-1,-1,54.942406,62.745735,38.326622,36.82827,-1,-1,-1,-1,-1,-1,-1,-1
1533,64.771454,38.648407,-1,-1,-1,-1,-1,-1,-1,-1,50.851982,76.196396,-1,-1,-1,-1,-1,-1,50.606373,65.62005,31.680193,39.449276,-1,-1,-1,-1,-1,-1,-1,-1
1534,62.860245,33.647797,-1,-1,-1,-1,-1,-1,-1,-1,48.35546,74.34236,-1,-1,-1,-1,-1,-1,46.561584,61.344067,28.234911,38.392815,-1,-1,-1,-1,-1,-1,-1,-1
1535,63.867428,37.539185,-1,-1,-1,-1,-1,-1,-1,-1,50.66486,68.15413,-1,-1,-1,-1,-1,-1,50.251286,58.77512,32.709152,39.143845,-1,-1,-1,-1,-1,-1,-1,-1
1536,68.79131,38.47095,-1,-1,-1,-1,-1,-1,-1,-1,51.2553,82.13298,-1,-1,-1,-1,-1,-1,48.474464,70.648766,31.184496,40.688282,-1,-1,-1,-1,-1,-1,-1,-1
1537,68.09656,40.65517,-1,-1,-1,-1,-1,-1,-1,-1,49.24383,84.82328,-1,-1,-1,-1,-1,-1,48.065678,70.78986,28.64177,42.185143,-1,-1,-1,-1,-1,-1,-1,-1
1538,65.97661,39.945026,-1,-1,-1,-1,-1,-1,-1,-1,42.222248,77.72408,-1,-1,-1,-1,-1,-1,44.89712,65.76634,28.073402,35.332283,-1,-1,-1,-1,-1,-1,-1,-1
1539,65.73154,38.660652,-1,-1,-1,-1,-1,-1,-1,-1,50.38668,72.22756,-1,-1,-1,-1,-1,-1,50.221474,61.412766,32.66773,39.403816,-1,-1,-1,-1,-1,-1,-1,-1
1540,67.2906,32.452168,-1,-1,-1,-1,-1,-1,-1,-1,51.965775,82.4247,-1,-1,-1,-1,-1,-1,46.3689,63.45567,29.468683,36.703148,-1,-1,-1,-1,-1,-1,-1,-1
1541,64.63516,38.389484,-1,-1,-1,-1,-1,-1,-1,-1,47.614346,73.73288,-1,-1,-1,-1,-1,-1,48.169857,64.881195,29.666277,39.8944,-1,-1,-1,-1,-1,-1,-1,-1
1542,61.18904,39.395973,-1,-1,-1,-1,-1,-1,-1,-1,44.776302,76.696045,-1,-1,-1,-1,-1,-1,42.58251,63.846737,29.823904,38.704025,-1,-1,-1,-1,-1,-1,-1,-1
1543,64.754875,41.508476,-1,-1,-1,-1,-1,-1,-1,-1,42.84311,75.570755,-1,-1,-1,-1,-1,-1,44.232918,65.191696,32.517742,34.909576,-1,-1,-1,-1,-1,-1,-1,-1
1544,69.072525,38.35728,-1,-1,-1,-1,-1,-1,-1,-1,50.877552,73.11336,-1,-1,-1,-1,-1,-1,50.77784,63.568466,28.476603,39.960663,-1,-1,-1,-1,-1,-1,-1,-1
1545,63.666763,37.674114,-1,-1,-1,-1,-1,-1,-1,-1,46.917946,75.88394,-1,-1,-1,-1,-1,-1,45.68361,65.5098,32.17849,37.87001,-1,-1,-1,-1,-1,-1,-1,-1
1546,67.00302,34.13774,-1,-1,-1,-1,-1,-1,-1,-1,53.792408,78.38541,-1,-1,-1,-1,-1,-1,48.74465,66.81872,30.751781,39.494095,-1,-1,-1,-1,-1,-1,-1,-1
1547,62.71941,38.798237,-1,-1,-1,-1,-1,-1,-1,-1,47.494392,74.86534,-1,-1,-1,-1,-1,-1,48.395626,64.73892,30.871931,37.747078,-1,-1,-1,-1,-1,-1,-1,-1
1548,64.811134,37.075207,-1,-1,-1,-1,-1,-1,-1,-1,48.620186,78.38673,-1,-1,-1,-1,-1,-1,48.270615,66.24602,29.333094,39.394722,-1,-1,-1,-1,-1,-1,-1,-1
1549,62.81548,42.88594,-1,-1,-1,-1,-1,-1,-1,-1,36.659363,70.3857,-1,-1,-1,-1,-1,-1,38.452312,57.375034,34.13046,32.92124,-1,-1,-1,-1,-1,-1,-1,-1
1550,68.66518,43.221138,-1,-1,-1,-1,-1,-1,-1,-1,41.949253,80.065445,-1,-1,-1,-1,-1,-1,44.859276,65.85014,28.854626,35.165462,-1,-1,-1,-1,-1,-1,-1,-1
1551,66.785706,36.813366,-1,-1,-1,-1,-1,-1,-1,-1,48.189293,78.22282,-1,-1,-1,-1,-1,-1,47.353115,64.87573,31.803055,37.456173,-1,-1,-1,-1,-1,-1,-1,-1
1552,65.837036,39.08907,-1,-1,-1,-1,-1,-1,-1,-1,46.036495,73.14939,-1,-1,-1,-1,-1,-1,46.2555,62.456825,29.369427,37.05368,-1,-1,-1,-1,-1,-1,-1,-1
1553,64.285645,37.822056,-1,-1,-1,-1,-1,-1,-1,-1,53.516273,73.27233,-1,-1,-1,-1,-1,-1,52.08082,62.588726,25.77076,44.20062,-1,-1,-1,-1,-1,-1,-1,-1
1554,68.27446,36.594433,-1,-1,-1,-1,-1,-1,-1,-1,47.967884,74.11918,-1,-1,-1,-1,-1,-1,47.06713,61.488407,30.696695,36.653862,-1,-1,-1,-1,-1,-1,-1,-1
1555,65.97273,42.136196,-1,-1,-1,-1,-1,-1,-1,-1,50.83729,74.4935,-1,-1,-1,-1,-1,-1,50.74293,62.299263,29.341375,42.246677,-1,-1,-1,-1,-1,-1,-1,-1
1556,64.29576,34.671215,-1,-1,-1,-1,-1,-1,-1,-1,48.563683,77.72996,-1,-1,-1,-1,-1,-1,47.531578,65.49188,31.240482,35.058784,-1,-1,-1,-1,-1,-1,-1,-1
1557,65.31196,36.17596,-1,-1,-1,-1,-1,-1,-1,-1,54.23315,73.548546,-1,-1,-1,-1,-1,-1,56.446556,57.046497,34.210213,37.350307,-1,-1,-1,-1,-1,-1,-1,-1
1558,64.79036,36.894314,-1,-1,-1,-1,-1,-1,-1,-1,46.47883,72.07829,-1,-1,-1,-1,-1,-1,45.40559,61.94658,28.556583,40.20607,-1,-1,-1,-1,-1,-1,-1,-1
1559,63.971256,37.637325,-1,-1,-1,-1,-1,-1,-1,-1,46.358566,74.875946,-1,-1,-1,-1,-1,-1,46.742226,62.309628,29.814144,36.692173,-1,-1,-1,-1,-1,-1,-1,-1
1560,70.54174,35.379955,-1,-1,-1,-1,-1,-1,-1,-1,50.159542,78.002495,-1,-1,-1,-1,-1,-1,49.93811,67.50414,29.10118,34.516346,-1,-1,-1,-1,-1,-1,-1,-1
1561,47.2892,37.325996,-1,-1,-1,-1,-1,-1,-1,-1,41.476776,72.352394,-1,-1,-1,-1,-1,-1,36.58334,63.28191,21.464966,48.626232,-1,-1,-1,-1,-1,-1,-1,-1
1562,66.11863,40.70248,-1,-1,-1,-1,-1,-1,-1,-1,40.52409,78.57415,-1,-1,-1,-1,-1,-1,43.145157,64.89128,31.30691,32.72902,-1,-1,-1,-1,-1,-1,-1,-1
1563,63.42983,40.760067,-1,-1,-1,-1,-1,-1,-1,-1,44.030113,76.763695,-1,-1,-1,-1,-1,-1,45.339066,54.933525,30.09063,38.083046,-1,-1,-1,-1,-1,-1,-1,-1
1564,57.944084,35.2769,-1,-1,-1,-1,-1,-1,-1,-1,45.637497,70.91629,-1,-1,-1,-1,-1,-1,44.33869,58.30779,27.587679,38.03455,-1,-1,-1,-1,-1,-1,-1,-1
1565,58.89435,37.324257,-1,-1,-1,-1,-1,-1,-1,-1,47.347782,66.26079,-1,-1,-1,-1,-1,-1,46.283707,58.10293,33.9588,38.946507,-1,-1,-1,-1,-1,-1,-1,-1
1566,63.555523,35.659523,-1,-1,-1,-1,-1,-1,-1,-1,48.134815,69.467316,-1,-1,-1,-1,-1,-1,49.015785,58.358097,29.878014,36.43543,-1,-1,-1,-1,-1,-1,-1,-1
1567,72.75365,29.887087,-1,-1,-1,-1,-1,-1,-1,-1,56.950466,85.51699,-1,-1,-1,-1,-1,-1,52.05318,78.54794,24.898472,39.823402,-1,-1,-1,-1,-1,-1,-1,-1
1568,65.50656,40.066273,-1,-1,-1,-1,-1,-1,-1,-1,49.380283,75.16444,-1,-1,-1,-1,-1,-1,49.533096,65.786064,35.4854,36.165688,-1,-1,-1,-1,-1,-1,-1,-1
1569,67.434715,38.339607,-1,-1,-1,-1,-1,-1,-1,-1,47.290222,76.073586,-1,-1,-1,-1,-1,-1,47.098705,63.097477,28.202139,36.86699,-1,-1,-1,-1,-1,-1,-1,-1
1570,69.50557,31.925905,-1,-1,-1,-1,-1,-1,-1,-1,50.758827,77.6569,-1,-1,-1,-1,-1,-1,48.410675,64.9655,27.072012,40.798077,-1,-1,-1,-1,-1,-1,-1,-1
1571,61.255783,36.40185,-1,-1,-1,-1,-1,-1,-1,-1,47.39261,62.799465,-1,-1,-1,-1,-1,-1,46.39151,52.7474,32.4043,38.269257,-1,-1,-1,-1,-1,-1,-1,-1
1572,64.89485,36.92533,-1,-1,-1,-1,-1,-1,-1,-1,49.31202,70.25197,-1,-1,-1,-1,-1,-1,50.142857,58.891895,30.575563,36.03521,-1,-1,-1,-1,-1,-1,-1,-1
1573,69.50557,31.925905,-1,-1,-1,-1,-1,-1,-1,-1,50.758827,77.6569,-1,-1,-1,-1,-1,-1,48.410675,64.9655,27.072012,40.798077,-1,-1,-1,-1,-1,-1,-1,-1
1574,67.030106,37.463524,-1,-1,-1,-1,-1,-1,-1,-1,48.60299,77.582214,-1,-1,-1,-1,-1,-1,48.00876,66.64707,28.292645,38.236546,-1,-1,-1,-1,-1,-1,-1,-1
1575,63.416573,38.928383,-1,-1,-1,-1,-1,-1,-1,-1,45.439114,68.97103,-1,-1,-1,-1,-1,-1,46.30621,58.35015,30.447739,38.212006,-1,-1,-1,-1,-1,-1,-1,-1
1576,65.580414,37.910522,-1,-1,-1,-1,-1,-1,-1,-1,52.26771,68.296555,-1,-1,-1,-1,-1,-1,52.13493,59.834938,34.113747,37.92958,-1,-1,-1,-1,-1,-1,-1,-1
1577,63.110046,31.92305,-1,-1,-1,-1,-1,-1,-1,-1,45.288395,78.38552,-1,-1,-1,-1,-1,-1,43.451458,62.135826,25.608751,34.74551,-1,-1,-1,-1,-1,-1,-1,-1
1578,49.0707,40.817333,-1,-1,-1,-1,-1,-1,-1,-1,28.058037,67.46691,-1,-1,-1,-1,-1,-1,28.690619,57.830395,22.092438,36.11676,-1,-1,-1,-1,-1,-1,-1,-1
1579,61.3783,33.684174,-1,-1,-1,-1,-1,-1,-1,-1,50.075554,70.83695,-1,-1,-1,-1,-1,-1,50.183876,60.354572,30.247713,36.506145,-1,-1,-1,-1,-1,-1,-1,-1
1580,64.70168,40.079357,-1,-1,-1,-1,-1,-1,-1,-1,45.197914,87.235466,-1,-1,-1,-1,-1,-1,45.226154,68.81732,28.422089,39.643547,-1,-1,-1,-1,-1,-1,-1,-1
1581,65.52572,39.572803,-1,-1,-1,-1,-1,-1,-1,-1,45.568115,71.746346,-1,-1,-1,-1,-1,-1,46.513824,63.20651,32.8792,37.68282,-1,-1,-1,-1,-1,-1,-1,-1
1582,65.78999,35.60096,-1,-1,-1,-1,-1,-1,-1,-1,50.245262,76.844215,-1,-1,-1,-1,-1,-1,47.78474,67.98059,30.05039,39.642834,-1,-1,-1,-1,-1,-1,-1,-1
1583,64.98118,35.57881,-1,-1,-1,-1,-1,-1,-1,-1,46.129772,72.03927,-1,-1,-1,-1,-1,-1,45.221985,62.04152,29.747692,35.959362,-1,-1,-1,-1,-1,-1,-1,-1
1584,64.09909,37.09466,-1,-1,-1,-1,-1,-1,-1,-1,46.790382,78.91157,-1,-1,-1,-1,-1,-1,47.161156,66.15698,30.665632,36.34935,-1,-1,-1,-1,-1,-1,-1,-1
1585,66.3168,38.675896,-1,-1,-1,-1,-1,-1,-1,-1,45.93437,76.298836,-1,-1,-1,-1,-1,-1,45.4617,66.00405,32.003757,36.779118,-1,-1,-1,-1,-1,-1,-1,-1
1586,66.38097,36.669384,-1,-1,-1,-1,-1,-1,-1,-1,47.307137,77.74868,-1,-1,-1,-1,-1,-1,47.164528,65.972786,28.097757,36.83242,-1,-1,-1,-1,-1,-1,-1,-1
1587,60.914726,35.833103,-1,-1,-1,-1,-1,-1,-1,-1,50.937874,77.459785,-1,-1,-1,-1,-1,-1,48.27798,63.2486,32.207558,42.46925,-1,-1,-1,-1,-1,-1,-1,-1
1588,65.31837,36.997517,-1,-1,-1,-1,-1,-1,-1,-1,48.551914,78.50693,-1,-1,-1,-1,-1,-1,48.962116,66.82982,29.505054,37.492416,-1,-1,-1,-1,-1,-1,-1,-1
1589,60.65748,38.28129,-1,-1,-1,-1,-1,-1,-1,-1,50.808846,78.59087,-1,-1,-1,-1,-1,-1,47.254047,67.493195,28.919682,46.480305,-1,-1,-1,-1,-1,-1,-1,-1
1590,59.46001,37.677414,-1,-1,-1,-1,-1,-1,-1,-1,42.73475,71.483345,-1,-1,-1,-1,-1,-1,42.931538,62.826935,28.700205,35.570778,-1,-1,-1,-1,-1,-1,-1,-1
1591,64.575485,40.936813,-1,-1,-1,-1,-1,-1,-1,-1,43.52225,77.65199,-1,-1,-1,-1,-1,-1,45.137554,66.58627,30.952095,36.36675,-1,-1,-1,-1,-1,-1,-1,-1
1592,63.79995,39.65967,-1,-1,-1,-1,-1,-1,-1,-1,47.49237,78.539276,-1,-1,-1,-1,-1,-1,48.45268,68.65494,28.580084,39.51695,-1,-1,-1,-1,-1,-1,-1,-1
1593,60.14884,36.08251,-1,-1,-1,-1,-1,-1,-1,-1,49.3991,70.913925,-1,-1,-1,-1,-1,-1,45.60792,58.854084,33.05498,40.539547,-1,-1,-1,-1,-1,-1,-1,-1
1594,64.77295,35.638363,-1,-1,-1,-1,-1,-1,-1,-1,45.21282,81.32061,-1,-1,-1,-1,-1,-1,40.761993,69.93018,27.866798,34.712563,-1,-1,-1,-1,-1,-1,-1,-1
1595,64.18846,33.566975,-1,-1,-1,-1,-1,-1,-1,-1,57.45578,72.81049,-1,-1,-1,-1,-1,-1,56.050793,61.33183,31.763172,39.989494,-1,-1,-1,-1,-1,-1,-1,-1
1596,65.95835,41.00157,-1,-1,-1,-1,-1,-1,-1,-1,44.285202,75.60727,-1,-1,-1,-1,-1,-1,45.309795,65.63594,27.497044,38.74842,-1,-1,-1,-1,-1,-1,-1,-1
1597,65.61366,38.61748,-1,-1,-1,-1,-1,-1,-1,-1,48.025925,77.55772,-1,-1,-1,-1,-1,-1,48.69407,65.96495,29.641907,37.97694,-1,-1,-1,-1,-1,-1,-1,-1
1598,64.90162,40.0553,-1,-1,-1,-1,-1,-1,-1,-1,45.238537,75.03263,-1,-1,-1,-1,-1,-1,46.659393,64.306175,29.176653,37.87242,-1,-1,-1,-1,-1,-1,-1,-1
1599,68.08211,36.825775,-1,-1,-1,-1,-1,-1,-1,-1,49.266872,80.757256,-1,-1,-1,-1,-1,-1,48.805115,65.270706,25.83645,40.945484,-1,-1,-1,-1,-1,-1,-1,-1
1600,64.93753,40.301792,-1,-1,-1,-1,-1,-1,-1,-1,48.09156,76.64267,-1,-1,-1,-1,-1,-1,47.956142,66.074776,31.40274,40.589474,-1,-1,-1,-1,-1,-1,-1,-1
1601,60.064034,35.79715,-1,-1,-1,-1,-1,-1,-1,-1,52.581753,76.959015,-1,-1,-1,-1,-1,-1,48.235493,65.074615,30.657656,42.902943,-1,-1,-1,-1,-1,-1,-1,-1
1602,65.8381,38.94735,-1,-1,-1,-1,-1,-1,-1,-1,46.24524,78.75154,-1,-1,-1,-1,-1,-1,46.798443,64.44983,31.203428,37.672386,-1,-1,-1,-1,-1,-1,-1,-1
1603,68.34893,42.18435,-1,-1,-1,-1,-1,-1,-1,-1,44.12005,82.46382,-1,-1,-1,-1,-1,-1,45.01993,69.880516,30.77564,39.02282,-1,-1,-1,-1,-1,-1,-1,-1
1604,50.27015,42.82664,-1,-1,-1,-1,-1,-1,-1,-1,31.90085,73.30227,-1,-1,-1,-1,-1,-1,31.82188,63.040604,24.025698,41.12451,-1,-1,-1,-1,-1,-1,-1,-1
1605,63.046318,38.000782,-1,-1,-1,-1,-1,-1,-1,-1,43.334953,76.82233,-1,-1,-1,-1,-1,-1,45.7645,55.6833,26.310871,33.76445,-1,-1,-1,-1,-1,-1,-1,-1
1606,66.08189,36.42319,-1,-1,-1,-1,-1,-1,-1,-1,50.47134,73.618835,-1,-1,-1,-1,-1,-1,50.313087,64.46103,32.396435,36.47182,-1,-1,-1,-1,-1,-1,-1,-1
1607,67.602554,39.37058,-1,-1,-1,-1,-1,-1,-1,-1,47.484936,74.79183,-1,-1,-1,-1,-1,-1,49.47398,62.275967,31.909246,34.56002,-1,-1,-1,-1,-1,-1,-1,-1
1608,64.311386,34.155605,-1,-1,-1,-1,-1,-1,-1,-1,52.764675,68.95033,-1,-1,-1,-1,-1,-1,49.891922,54.750484,32.38872,37.59184,-1,-1,-1,-1,-1,-1,-1,-1
1609,65.85164,37.09699,-1,-1,-1,-1,-1,-1,-1,-1,46.88485,72.05332,-1,-1,-1,-1,-1,-1,47.488056,57.52955,30.787926,35.991932,-1,-1,-1,-1,-1,-1,-1,-1
1610,69.149956,34.73877,-1,-1,-1,-1,-1,-1,-1,-1,52.45495,76.17464,-1,-1,-1,-1,-1,-1,51.1692,65.1668,26.398956,41.08939,-1,-1,-1,-1,-1,-1,-1,-1
1611,66.08528,35.090286,-1,-1,-1,-1,-1,-1,-1,-1,51.14192,75.66635,-1,-1,-1,-1,-1,-1,50.082592,60.107014,30.536383,38.38632,-1,-1,-1,-1,-1,-1,-1,-1
1612,63.392426,38.44641,-1,-1,-1,-1,-1,-1,-1,-1,47.774307,71.412735,-1,-1,-1,-1,-1,-1,47.908825,60.197884,31.493122,39.727165,-1,-1,-1,-1,-1,-1,-1,-1
1613,59.36297,37.957325,-1,-1,-1,-1,-1,-1,-1,-1,44.194084,73.08634,-1,-1,-1,-1,-1,-1,42.356213,64.60365,26.841063,40.246918,-1,-1,-1,-1,-1,-1,-1,-1
1614,45.247627,42.818806,-1,-1,-1,-1,-1,-1,-1,-1,24.695118,77.49243,-1,-1,-1,-1,-1,-1,25.220242,67.99319,11.642984,38.6352,-1,-1,-1,-1,-1,-1,-1,-1
1615,64.70608,38.75061,-1,-1,-1,-1,-1,-1,-1,-1,52.732517,75.92701,-1,-1,-1,-1,-1,-1,52.640614,63.386242,35.396755,40.734787,-1,-1,-1,-1,-1,-1,-1,-1
1616,60.005077,43.72314,-1,-1,-1,-1,-1,-1,-1,-1,44.77512,70.59303,-1,-1,-1,-1,-1,-1,46.091576,60.98368,30.953196,42.599346,-1,-1,-1,-1,-1,-1,-1,-1
1617,70.46138,42.726852,-1,-1,-1,-1,-1,-1,-1,-1,51.98715,77.09381,-1,-1,-1,-1,-1,-1,53.726273,63.96154,36.742294,39.879826,-1,-1,-1,-1,-1,-1,-1,-1
1618,66.717964,36.559216,-1,-1,-1,-1,-1,-1,-1,-1,49.79493,75.35319,-1,-1,-1,-1,-1,-1,47.714,63.375904,27.931023,40.47308,-1,-1,-1,-1,-1,-1,-1,-1
1619,67.82886,34.716408,-1,-1,-1,-1,-1,-1,-1,-1,49.68943,81.754395,-1,-1,-1,-1,-1,-1,49.581097,69.78252,28.3495,35.13749,-1,-1,-1,-1,-1,-1,-1,-1
1620,65.70581,35.61492,-1,-1,-1,-1,-1,-1,-1,-1,40.457073,83.050575,-1,-1,-1,-1,-1,-1,40.11039,71.4331,24.43732,34.279827,-1,-1,-1,-1,-1,-1,-1,-1
1621,62.783535,38.505768,-1,-1,-1,-1,-1,-1,-1,-1,43.625763,77.634514,-1,-1,-1,-1,-1,-1,42.759476,65.09973,30.213741,41.498577,-1,-1,-1,-1,-1,-1,-1,-1
1622,69.73426,38.102814,-1,-1,-1,-1,-1,-1,-1,-1,52.00604,86.10544,-1,-1,-1,-1,-1,-1,47.960228,72.63696,28.540379,40.25178,-1,-1,-1,-1,-1,-1,-1,-1
1623,65.765945,34.7846,-1,-1,-1,-1,-1,-1,-1,-1,51.17461,75.084015,-1,-1,-1,-1,-1,-1,49.22978,65.28612,29.404257,39.18772,-1,-1,-1,-1,-1,-1,-1,-1
1624,69.341805,35.577057,-1,-1,-1,-1,-1,-1,-1,-1,47.87723,81.17302,-1,-1,-1,-1,-1,-1,43.69252,66.589745,29.396315,36.749756,-1,-1,-1,-1,-1,-1,-1,-1
1625,65.92247,39.93585,-1,-1,-1,-1,-1,-1,-1,-1,47.08416,73.818924,-1,-1,-1,-1,-1,-1,48.722973,64.912315,30.649603,36.406384,-1,-1,-1,-1,-1,-1,-1,-1
1626,65.75843,35.94674,-1,-1,-1,-1,-1,-1,-1,-1,51.66022,76.91244,-1,-1,-1,-1,-1,-1,52.05499,63.624428,29.684393,38.33293,-1,-1,-1,-1,-1,-1,-1,-1
1627,66.694435,41.69112,-1,-1,-1,-1,-1,-1,-1,-1,49.358532,79.84651,-1,-1,-1,-1,-1,-1,50.69589,68.78989,32.24299,37.615173,-1,-1,-1,-1,-1,-1,-1,-1
1628,65.639915,39.587925,-1,-1,-1,-1,-1,-1,-1,-1,47.136703,70.664024,-1,-1,-1,-1,-1,-1,46.702133,63.49433,27.332283,39.706253,-1,-1,-1,-1,-1,-1,-1,-1
1629,65.380394,38.554455,-1,-1,-1,-1,-1,-1,-1,-1,50.538246,77.79377,-1,-1,-1,-1,-1,-1,50.56931,62.981716,30.149822,39.508293,-1,-1,-1,-1,-1,-1,-1,-1
1630,65.55197,36.961166,-1,-1,-1,-1,-1,-1,-1,-1,53.072956,79.82404,-1,-1,-1,-1,-1,-1,51.11469,66.37105,30.518763,41.29531,-1,-1,-1,-1,-1,-1,-1,-1
1631,61.550175,36.57493,-1,-1,-1,-1,-1,-1,-1,-1,48.376297,74.8962,-1,-1,-1,-1,-1,-1,47.935528,62.36592,27.130856,38.62444,-1,-1,-1,-1,-1,-1,-1,-1
1632,67.978905,38.885246,-1,-1,-1,-1,-1,-1,-1,-1,46.961514,80.63788,-1,-1,-1,-1,-1,-1,48.1693,69.02426,26.800482,37.522743,-1,-1,-1,-1,-1,-1,-1,-1
1633,69.43641,35.342133,-1,-1,-1,-1,-1,-1,-1,-1,52.433823,79.18113,-1,-1,-1,-1,-1,-1,51.549965,68.90559,30.808046,37.35217,-1,-1,-1,-1,-1,-1,-1,-1
1634,67.90223,44.079964,-1,-1,-1,-1,-1,-1,-1,-1,44.658802,79.55214,-1,-1,-1,-1,-1,-1,45.117077,63.482803,32.439354,42.712395,-1,-1,-1,-1,-1,-1,-1,-1
1635,65.149796,35.5526,-1,-1,-1,-1,-1,-1,-1,-1,48.58726,74.45036,-1,-1,-1,-1,-1,-1,48.779575,62.01397,29.854603,35.761986,-1,-1,-1,-1,-1,-1,-1,-1
1636,65.668144,35.41233,-1,-1,-1,-1,-1,-1,-1,-1,45.51244,74.209564,-1,-1,-1,-1,-1,-1,45.782112,60.336525,30.033504,33.84983,-1,-1,-1,-1,-1,-1,-1,-1
1637,65.23095,38.219097,-1,-1,-1,-1,-1,-1,-1,-1,48.959183,76.05423,-1,-1,-1,-1,-1,-1,49.45224,64.88683,31.839226,36.627457,-1,-1,-1,-1,-1,-1,-1,-1
1638,68.144615,36.90087,-1,-1,-1,-1,-1,-1,-1,-1,55.759747,76.90076,-1,-1,-1,-1,-1,-1,55.657883,67.00492,32.198574,40.779358,-1,-1,-1,-1,-1,-1,-1,-1
1639,64.187004,36.738667,-1,-1,-1,-1,-1,-1,-1,-1,47.304363,78.609795,-1,-1,-1,-1,-1,-1,44.3585,64.813446,26.401543,42.371643,-1,-1,-1,-1,-1,-1,-1,-1
1640,63.59253,36.634026,-1,-1,-1,-1,-1,-1,-1,-1,43.43558,79.995346,-1,-1,-1,-1,-1,-1,42.872105,68.176636,25.28164,39.462772,-1,-1,-1,-1,-1,-1,-1,-1
1641,64.66378,35.799538,-1,-1,-1,-1,-1,-1,-1,-1,50.007603,77.76236,-1,-1,-1,-1,-1,-1,49.7875,63.740532,27.301748,38.14345,-1,-1,-1,-1,-1,-1,-1,-1
1642,65.47369,39.40186,-1,-1,-1,-1,-1,-1,-1,-1,48.037704,81.39503,-1,-1,-1,-1,-1,-1,48.67081,69.98731,28.576332,40.09586,-1,-1,-1,-1,-1,-1,-1,-1
1643,63.033443,37.961063,-1,-1,-1,-1,-1,-1,-1,-1,42.098015,87.02584,-1,-1,-1,-1,-1,-1,48.717728,65.1032,25.241919,37.623997,-1,-1,-1,-1,-1,-1,-1,-1
1644,66.78366,40.81236,-1,-1,-1,-1,-1,-1,-1,-1,42.850967,75.12009,-1,-1,-1,-1,-1,-1,44.179073,61.18808,31.304018,35.20651,-1,-1,-1,-1,-1,-1,-1,-1
1645,65.61204,39.921135,-1,-1,-1,-1,-1,-1,-1,-1,46.432285,76.61585,-1,-1,-1,-1,-1,-1,45.71419,66.51332,29.505257,41.56097,-1,-1,-1,-1,-1,-1,-1,-1
1646,66.5708,39.33051,-1,-1,-1,-1,-1,-1,-1,-1,47.980026,77.68988,-1,-1,-1,-1,-1,-1,47.398476,67.58269,29.612467,40.11318,-1,-1,-1,-1,-1,-1,-1,-1
1647,66.256615,37.349243,-1,-1,-1,-1,-1,-1,-1,-1,48.323746,78.25871,-1,-1,-1,-1,-1,-1,48.477886,65.86012,29.101994,38.955227,-1,-1,-1,-1,-1,-1,-1,-1
1648,68.40639,35.45748,-1,-1,-1,-1,-1,-1,-1,-1,46.274734,75.8275,-1,-1,-1,-1,-1,-1,45.991116,64.50015,27.146454,35.529415,-1,-1,-1,-1,-1,-1,-1,-1
1649,64.16686,38.50289,-1,-1,-1,-1,-1,-1,-1,-1,42.37368,79.61881,-1,-1,-1,-1,-1,-1,41.42099,67.55778,27.267437,40.122307,-1,-1,-1,-1,-1,-1,-1,-1
1650,66.52469,38.627094,-1,-1,-1,-1,-1,-1,-1,-1,47.64726,78.1071,-1,-1,-1,-1,-1,-1,47.98292,65.68385,30.39241,38.036095,-1,-1,-1,-1,-1,-1,-1,-1
1651,64.87312,38.50272,-1,-1,-1,-1,-1,-1,-1,-1,50.36855,81.05886,-1,-1,-1,-1,-1,-1,49.292652,67.70316,32.025093,41.226562,-1,-1,-1,-1,-1,-1,-1,-1
1652,64.53007,40.413494,-1,-1,-1,-1,-1,-1,-1,-1,46.75505,82.0296,-1,-1,-1,-1,-1,-1,48.101494,68.137505,30.00055,39.29892,-1,-1,-1,-1,-1,-1,-1,-1
1653,67.72774,39.806866,-1,-1,-1,-1,-1,-1,-1,-1,46.659,77.46821,-1,-1,-1,-1,-1,-1,45.868034,67.1113,29.86411,39.206722,-1,-1,-1,-1,-1,-1,-1,-1
1654,63.834778,38.726395,-1,-1,-1,-1,-1,-1,-1,-1,45.49269,72.35629,-1,-1,-1,-1,-1,-1,46.357822,65.62977,27.958792,36.90034,-1,-1,-1,-1,-1,-1,-1,-1
1655,64.880775,39.84907,-1,-1,-1,-1,-1,-1,-1,-1,47.556637,81.48493,-1,-1,-1,-1,-1,-1,48.345997,69.84226,28.051289,40.60862,-1,-1,-1,-1,-1,-1,-1,-1
1656,48.068314,42.39383,-1,-1,-1,-1,-1,-1,-1,-1,37.243412,78.553444,-1,-1,-1,-1,-1,-1,33.297115,66.08934,24.307428,46.77755,-1,-1,-1,-1,-1,-1,-1,-1
1657,69.13359,37.832047,-1,-1,-1,-1,-1,-1,-1,-1,54.229977,76.59328,-1,-1,-1,-1,-1,-1,55.98449,63.76838,34.3924,35.00892,-1,-1,-1,-1,-1,-1,-1,-1
1658,66.52169,39.7763,-1,-1,-1,-1,-1,-1,-1,-1,46.671173,75.36746,-1,-1,-1,-1,-1,-1,46.48686,67.993195,31.026184,37.875256,-1,-1,-1,-1,-1,-1,-1,-1
1659,67.1294,41.739063,-1,-1,-1,-1,-1,-1,-1,-1,48.80114,72.720146,-1,-1,-1,-1,-1,-1,50.655865,62.87532,33.984894,37.39375,-1,-1,-1,-1,-1,-1,-1,-1
1660,66.137634,39.32027,-1,-1,-1,-1,-1,-1,-1,-1,47.17946,76.90659,-1,-1,-1,-1,-1,-1,49.652542,63.944633,31.826235,36.33761,-1,-1,-1,-1,-1,-1,-1,-1
1661,64.71697,39.782204,-1,-1,-1,-1,-1,-1,-1,-1,46.997425,79.45808,-1,-1,-1,-1,-1,-1,46.27557,69.37822,29.04007,41.988453,-1,-1,-1,-1,-1,-1,-1,-1
1662,65.376915,38.63677,-1,-1,-1,-1,-1,-1,-1,-1,48.21588,81.89957,-1,-1,-1,-1,-1,-1,47.580486,67.833626,28.969364,40.446644,-1,-1,-1,-1,-1,-1,-1,-1
1663,65.58726,38.309116,-1,-1,-1,-1,-1,-1,-1,-1,43.045406,78.34849,-1,-1,-1,-1,-1,-1,42.77804,63.82477,32.30512,35.216488,-1,-1,-1,-1,-1,-1,-1,-1
1664,64.47645,37.084656,-1,-1,-1,-1,-1,-1,-1,-1,49.33279,77.432526,-1,-1,-1,-1,-1,-1,47.84354,65.11584,26.855616,40.79128,-1,-1,-1,-1,-1,-1,-1,-1
1665,66.45841,36.657677,-1,-1,-1,-1,-1,-1,-1,-1,48.03824,77.05067,-1,-1,-1,-1,-1,-1,45.007538,62.280624,31.841728,38.08736,-1,-1,-1,-1,-1,-1,-1,-1
1666,63.025578,37.041134,-1,-1,-1,-1,-1,-1,-1,-1,45.314205,70.16219,-1,-1,-1,-1,-1,-1,45.349922,58.270935,29.731478,36.62643,-1,-1,-1,-1,-1,-1,-1,-1
1667,65.82849,37.171986,-1,-1,-1,-1,-1,-1,-1,-1,48.797546,83.84751,-1,-1,-1,-1,-1,-1,48.132988,66.41371,31.258715,39.160526,-1,-1,-1,-1,-1,-1,-1,-1
1668,68.59622,39.452274,-1,-1,-1,-1,-1,-1,-1,-1,47.827755,76.43322,-1,-1,-1,-1,-1,-1,49.057194,65.66639,29.89729,36.472233,-1,-1,-1,-1,-1,-1,-1,-1
1669,68.86212,38.925724,-1,-1,-1,-1,-1,-1,-1,-1,47.987846,82.14263,-1,-1,-1,-1,-1,-1,48.599373,65.50894,27.139484,38.946518,-1,-1,-1,-1,-1,-1,-1,-1
1670,66.87638,41.49274,-1,-1,-1,-1,-1,-1,-1,-1,45.86236,81.60715,-1,-1,-1,-1,-1,-1,48.47253,63.82185,31.592836,37.034363,-1,-1,-1,-1,-1,-1,-1,-1
1671,64.7292,38.375175,-1,-1,-1,-1,-1,-1,-1,-1,50.318268,73.788086,-1,-1,-1,-1,-1,-1,50.1841,63.84348,32.3751,39.58275,-1,-1,-1,-1,-1,-1,-1,-1
1672,66.40552,37.7436,-1,-1,-1,-1,-1,-1,-1,-1,53.51267,79.9494,-1,-1,-1,-1,-1,-1,55.147797,68.28009,31.720001,36.92901,-1,-1,-1,-1,-1,-1,-1,-1
1673,68.7296,37.907578,-1,-1,-1,-1,-1,-1,-1,-1,52.671284,79.655785,-1,-1,-1,-1,-1,-1,52.05004,66.61759,33.375862,38.156876,-1,-1,-1,-1,-1,-1,-1,-1
1674,65.108475,36.72333,-1,-1,-1,-1,-1,-1,-1,-1,48.930008,75.92744,-1,-1,-1,-1,-1,-1,47.96314,63.803074,30.336193,38.479767,-1,-1,-1,-1,-1,-1,-1,-1
1675,66.39593,34.671978,-1,-1,-1,-1,-1,-1,-1,-1,53.419533,78.69176,-1,-1,-1,-1,-1,-1,52.932472,67.82544,31.236254,39.037857,-1,-1,-1,-1,-1,-1,-1,-1
1676,64.41163,37.01152,-1,-1,-1,-1,-1,-1,-1,-1,48.682568,77.7102,-1,-1,-1,-1,-1,-1,47.732716,65.2854,28.378298,40.247086,-1,-1,-1,-1,-1,-1,-1,-1
1677,64.127014,34.77013,-1,-1,-1,-1,-1,-1,-1,-1,44.12899,76.15086,-1,-1,-1,-1,-1,-1,40.979385,63.888138,24.7657,36.379704,-1,-1,-1,-1,-1,-1,-1,-1
1678,65.174995,40.147617,-1,-1,-1,-1,-1,-1,-1,-1,45.460705,87.64127,-1,-1,-1,-1,-1,-1,52.53472,67.5706,32.789833,38.073803,-1,-1,-1,-1,-1,-1,-1,-1
1679,65.74772,36.962738,-1,-1,-1,-1,-1,-1,-1,-1,42.171062,75.49051,-1,-1,-1,-1,-1,-1,42.50633,63.221798,26.837439,34.40252,-1,-1,-1,-1,-1,-1,-1,-1
1680,69.25807,43.468624,-1,-1,-1,-1,-1,-1,-1,-1,44.063927,77.09436,-1,-1,-1,-1,-1,-1,46.80815,63.896156,34.192635,36.63179,-1,-1,-1,-1,-1,-1,-1,-1
1681,63.442924,35.54437,-1,-1,-1,-1,-1,-1,-1,-1,47.390133,79.09964,-1,-1,-1,-1,-1,-1,47.01836,57.667374,29.577211,35.653996,-1,-1,-1,-1,-1,-1,-1,-1
1682,64.613174,40.23262,-1,-1,-1,-1,-1,-1,-1,-1,44.900135,76.05408,-1,-1,-1,-1,-1,-1,45.70227,65.30764,32.72779,36.90467,-1,-1,-1,-1,-1,-1,-1,-1
1683,71.625496,31.924368,-1,-1,-1,-1,-1,-1,-1,-1,58.7978,79.419464,-1,-1,-1,-1,-1,-1,57.072353,62.792885,27.394098,41.200268,-1,-1,-1,-1,-1,-1,-1,-1
1684,63.58917,38.437008,-1,-1,-1,-1,-1,-1,-1,-1,45.26168,78.79015,-1,-1,-1,-1,-1,-1,45.154755,66.380066,29.300936,37.72779,-1,-1,-1,-1,-1,-1,-1,-1
1685,66.01704,36.752804,-1,-1,-1,-1,-1,-1,-1,-1,50.891903,72.55385,-1,-1,-1,-1,-1,-1,48.778046,62.451553,31.630327,40.38802,-1,-1,-1,-1,-1,-1,-1,-1
1686,64.560936,41.32412,-1,-1,-1,-1,-1,-1,-1,-1,47.539196,72.991776,-1,-1,-1,-1,-1,-1,49.597374,60.41448,33.567207,37.7077,-1,-1,-1,-1,-1,-1,-1,-1
1687,66.87521,40.051956,-1,-1,-1,-1,-1,-1,-1,-1,45.44448,83.07174,-1,-1,-1,-1,-1,-1,44.698112,60.991566,28.036396,39.83043,-1,-1,-1,-1,-1,-1,-1,-1
1688,70.091866,35.61937,-1,-1,-1,-1,-1,-1,-1,-1,52.88779,85.873505,-1,-1,-1,-1,-1,-1,53.553898,64.601585,31.158527,36.43223,-1,-1,-1,-1,-1,-1,-1,-1
1689,64.492485,37.662575,-1,-1,-1,-1,-1,-1,-1,-1,47.04991,81.15055,-1,-1,-1,-1,-1,-1,45.040012,71.26757,28.808743,39.693092,-1,-1,-1,-1,-1,-1,-1,-1
1690,65.55932,42.557964,-1,-1,-1,-1,-1,-1,-1,-1,39.90479,76.31795,-1,-1,-1,-1,-1,-1,40.943687,64.449234,31.776888,35.96134,-1,-1,-1,-1,-1,-1,-1,-1
1691,65.2817,38.533054,-1,-1,-1,-1,-1,-1,-1,-1,47.194016,74.31156,-1,-1,-1,-1,-1,-1,47.909565,63.840733,30.592934,37.319614,-1,-1,-1,-1,-1,-1,-1,-1
1692,66.37868,34.721962,-1,-1,-1,-1,-1,-1,-1,-1,52.400875,77.01273,-1,-1,-1,-1,-1,-1,51.29568,61.183243,28.110723,38.4609,-1,-1,-1,-1,-1,-1,-1,-1
1693,64.55259,36.37976,-1,-1,-1,-1,-1,-1,-1,-1,50.26574,80.71286,-1,-1,-1,-1,-1,-1,51.677998,64.06839,26.290358,38.06686,-1,-1,-1,-1,-1,-1,-1,-1
1694,63.80634,40.529648,-1,-1,-1,-1,-1,-1,-1,-1,46.549202,77.32855,-1,-1,-1,-1,-1,-1,47.673553,61.66273,31.047777,38.156555,-1,-1,-1,-1,-1,-1,-1,-1
1695,65.22127,42.495964,-1,-1,-1,-1,-1,-1,-1,-1,43.573673,78.22763,-1,-1,-1,-1,-1,-1,44.606323,66.559,30.555897,37.99662,-1,-1,-1,-1,-1,-1,-1,-1
1696,67.847626,34.743473,-1,-1,-1,-1,-1,-1,-1,-1,50.37842,74.47751,-1,-1,-1,-1,-1,-1,50.099236,63.507393,30.581738,36.443714,-1,-1,-1,-1,-1,-1,-1,-1
1697,61.847397,36.480106,-1,-1,-1,-1,-1,-1,-1,-1,51.546978,79.36666,-1,-1,-1,-1,-1,-1,47.927567,65.284096,27.866001,42.22477,-1,-1,-1,-1,-1,-1,-1,-1
1698,68.16348,38.12625,-1,-1,-1,-1,-1,-1,-1,-1,47.080986,78.28947,-1,-1,-1,-1,-1,-1,46.413902,66.80662,31.172771,35.527794,-1,-1,-1,-1,-1,-1,-1,-1
1699,66.97974,37.709454,-1,-1,-1,-1,-1,-1,-1,-1,48.94299,77.34374,-1,-1,-1,-1,-1,-1,49.322628,65.566925,27.366701,39.269886,-1,-1,-1,-1,-1,-1,-1,-1
1700,69.61788,39.750805,-1,-1,-1,-1,-1,-1,-1,-1,49.230587,89.72954,-1,-1,-1,-1,-1,-1,51.653175,76.14727,28.327574,39.792767,-1,-1,-1,-1,-1,-1,-1,-1
1701,63.636482,37.25476,-1,-1,-1,-1,-1,-1,-1,-1,48.132545,76.986725,-1,-1,-1,-1,-1,-1,47.19586,64.88695,28.204334,40.0683,-1,-1,-1,-1,-1,-1,-1,-1
1702,66.45369,38.416565,-1,-1,-1,-1,-1,-1,-1,-1,48.64041,79.06012,-1,-1,-1,-1,-1,-1,48.775642,68.13143,27.703709,38.5355,-1,-1,-1,-1,-1,-1,-1,-1
1703,67.33076,34.62712,-1,-1,-1,-1,-1,-1,-1,-1,53.496944,77.14743,-1,-1,-1,-1,-1,-1,54.306885,65.29029,30.565939,36.96477,-1,-1,-1,-1,-1,-1,-1,-1
1704,67.13441,37.859985,-1,-1,-1,-1,-1,-1,-1,-1,49.48494,75.6225,-1,-1,-1,-1,-1,-1,47.966557,63.431023,34.58799,39.396233,-1,-1,-1,-1,-1,-1,-1,-1
1705,69.37644,39.794533,-1,-1,-1,-1,-1,-1,-1,-1,47.87682,76.40184,-1,-1,-1,-1,-1,-1,49.247196,62.28175,30.457998,35.973415,-1,-1,-1,-1,-1,-1,-1,-1
1706,65.101006,36.95227,-1,-1,-1,-1,-1,-1,-1,-1,52.352287,81.830536,-1,-1,-1,-1,-1,-1,49.556522,67.93025,29.414576,41.11575,-1,-1,-1,-1,-1,-1,-1,-1
1707,66.48677,37.38834,-1,-1,-1,-1,-1,-1,-1,-1,49.25672,75.29748,-1,-1,-1,-1,-1,-1,48.917408,62.976547,30.079554,37.530037,-1,-1,-1,-1,-1,-1,-1,-1
1708,66.08996,39.604458,-1,-1,-1,-1,-1,-1,-1,-1,42.980133,73.22519,-1,-1,-1,-1,-1,-1,43.546467,62.166866,28.339058,36.470608,-1,-1,-1,-1,-1,-1,-1,-1
1709,40.90488,39.91285,-1,-1,-1,-1,-1,-1,-1,-1,29.52552,69.36531,-1,-1,-1,-1,-1,-1,27.87513,59.18223,18.916077,41.986557,-1,-1,-1,-1,-1,-1,-1,-1
1710,65.54545,38.80606,-1,-1,-1,-1,-1,-1,-1,-1,46.227634,78.84314,-1,-1,-1,-1,-1,-1,45.43159,64.44527,27.310183,38.23808,-1,-1,-1,-1,-1,-1,-1,-1
1711,66.0975,34.011517,-1,-1,-1,-1,-1,-1,-1,-1,54.481552,79.48564,-1,-1,-1,-1,-1,-1,51.953026,62.53266,31.006086,38.990738,-1,-1,-1,-1,-1,-1,-1,-1
1712,65.556435,39.300896,-1,-1,-1,-1,-1,-1,-1,-1,47.641575,74.97258,-1,-1,-1,-1,-1,-1,48.53469,62.605606,28.469482,37.179825,-1,-1,-1,-1,-1,-1,-1,-1
1713,62.345016,40.408035,-1,-1,-1,-1,-1,-1,-1,-1,44.358795,74.22804,-1,-1,-1,-1,-1,-1,45.18345,65.23424,31.693947,37.250374,-1,-1,-1,-1,-1,-1,-1,-1
1714,65.193146,43.059372,-1,-1,-1,-1,-1,-1,-1,-1,42.96114,76.92856,-1,-1,-1,-1,-1,-1,43.56332,64.30949,29.38309,39.60497,-1,-1,-1,-1,-1,-1,-1,-1
1715,64.47711,37.354973,-1,-1,-1,-1,-1,-1,-1,-1,48.207737,77.138016,-1,-1,-1,-1,-1,-1,49.374767,64.43996,28.477957,35.948277,-1,-1,-1,-1,-1,-1,-1,-1
1716,66.48804,45.401814,-1,-1,-1,-1,-1,-1,-1,-1,38.916096,74.84093,-1,-1,-1,-1,-1,-1,41.70607,62.070076,32.181435,36.04657,-1,-1,-1,-1,-1,-1,-1,-1
1717,64.69845,40.398617,-1,-1,-1,-1,-1,-1,-1,-1,44.692387,82.21655,-1,-1,-1,-1,-1,-1,44.465008,66.621704,29.692364,38.553356,-1,-1,-1,-1,-1,-1,-1,-1
1718,64.172775,46.15075,-1,-1,-1,-1,-1,-1,-1,-1,37.940815,74.09842,-1,-1,-1,-1,-1,-1,42.850533,64.036674,34.03488,33.742794,-1,-1,-1,-1,-1,-1,-1,-1
1719,67.468094,39.050148,-1,-1,-1,-1,-1,-1,-1,-1,46.808556,79.48202,-1,-1,-1,-1,-1,-1,49.53119,63.33505,32.846928,33.16403,-1,-1,-1,-1,-1,-1,-1,-1
1720,67.87754,38.51608,-1,-1,-1,-1,-1,-1,-1,-1,47.77146,71.11951,-1,-1,-1,-1,-1,-1,47.74426,62.13568,30.648655,36.35692,-1,-1,-1,-1,-1,-1,-1,-1
1721,67.076294,36.74511,-1,-1,-1,-1,-1,-1,-1,-1,49.021248,78.97674,-1,-1,-1,-1,-1,-1,47.840885,64.79591,29.806738,37.568275,-1,-1,-1,-1,-1,-1,-1,-1
1722,67.42048,41.557106,-1,-1,-1,-1,-1,-1,-1,-1,43.15046,74.78616,-1,-1,-1,-1,-1,-1,45.715878,57.86148,30.299292,35.33398,-1,-1,-1,-1,-1,-1,-1,-1
1723,64.431274,39.092194,-1,-1,-1,-1,-1,-1,-1,-1,43.87236,84.62234,-1,-1,-1,-1,-1,-1,46.322956,60.500763,29.591303,36.794537,-1,-1,-1,-1,-1,-1,-1,-1
1724,66.2114,36.54971,-1,-1,-1,-1,-1,-1,-1,-1,49.916824,74.407104,-1,-1,-1,-1,-1,-1,48.98475,62.920155,28.131489,37.131496,-1,-1,-1,-1,-1,-1,-1,-1
1725,67.07563,33.720387,-1,-1,-1,-1,-1,-1,-1,-1,50.296886,75.51966,-1,-1,-1,-1,-1,-1,50.122917,62.40078,30.430597,35.862263,-1,-1,-1,-1,-1,-1,-1,-1
1726,67.8706,37.206318,-1,-1,-1,-1,-1,-1,-1,-1,46.91443,76.92675,-1,-1,-1,-1,-1,-1,49.766075,60.709103,32.226913,33.869526,-1,-1,-1,-1,-1,-1,-1,-1
1727,64.77119,34.928165,-1,-1,-1,-1,-1,-1,-1,-1,54.223305,74.97597,-1,-1,-1,-1,-1,-1,52.1784,67.32037,31.58406,40.59053,-1,-1,-1,-1,-1,-1,-1,-1
1728,66.30755,35.694973,-1,-1,-1,-1,-1,-1,-1,-1,49.04718,75.9267,-1,-1,-1,-1,-1,-1,48.23357,65.17291,30.071032,37.50101,-1,-1,-1,-1,-1,-1,-1,-1
1729,64.20241,38.988506,-1,-1,-1,-1,-1,-1,-1,-1,47.067856,75.73931,-1,-1,-1,-1,-1,-1,47.735435,63.267265,31.492264,36.840256,-1,-1,-1,-1,-1,-1,-1,-1
1730,61.087746,35.49788,-1,-1,-1,-1,-1,-1,-1,-1,50.861458,72.245094,-1,-1,-1,-1,-1,-1,48.67801,62.690773,31.231546,41.17105,-1,-1,-1,-1,-1,-1,-1,-1
1731,64.748245,36.830185,-1,-1,-1,-1,-1,-1,-1,-1,48.868416,77.02619,-1,-1,-1,-1,-1,-1,49.803665,67.013405,29.591627,37.35317,-1,-1,-1,-1,-1,-1,-1,-1
1732,63.558914,40.208763,-1,-1,-1,-1,-1,-1,-1,-1,40.873722,76.37442,-1,-1,-1,-1,-1,-1,41.686142,58.65798,29.560995,37.107613,-1,-1,-1,-1,-1,-1,-1,-1
1733,67.10088,35.052303,-1,-1,-1,-1,-1,-1,-1,-1,55.486053,81.08015,-1,-1,-1,-1,-1,-1,56.160347,67.33559,27.965185,41.56771,-1,-1,-1,-1,-1,-1,-1,-1
1734,68.12371,41.692593,-1,-1,-1,-1,-1,-1,-1,-1,46.95025,76.33493,-1,-1,-1,-1,-1,-1,47.558186,65.187325,31.695557,37.597378,-1,-1,-1,-1,-1,-1,-1,-1
1735,64.8065,36.690327,-1,-1,-1,-1,-1,-1,-1,-1,47.13083,71.75271,-1,-1,-1,-1,-1,-1,48.073593,61.328495,30.003592,34.796024,-1,-1,-1,-1,-1,-1,-1,-1
1736,65.06135,38.1694,-1,-1,-1,-1,-1,-1,-1,-1,47.11732,83.01123,-1,-1,-1,-1,-1,-1,44.513138,68.90522,30.876432,38.168865,-1,-1,-1,-1,-1,-1,-1,-1
1737,64.902916,37.16846,-1,-1,-1,-1,-1,-1,-1,-1,46.65133,77.62765,-1,-1,-1,-1,-1,-1,45.608517,67.07458,30.525703,39.05543,-1,-1,-1,-1,-1,-1,-1,-1
1738,63.983963,37.828815,-1,-1,-1,-1,-1,-1,-1,-1,57.565742,82.569496,-1,-1,-1,-1,-1,-1,58.420723,63.4737,28.794203,41.51235,-1,-1,-1,-1,-1,-1,-1,-1
1739,62.894886,40.027004,-1,-1,-1,-1,-1,-1,-1,-1,48.311302,75.92464,-1,-1,-1,-1,-1,-1,48.436745,62.292164,30.255257,39.70558,-1,-1,-1,-1,-1,-1,-1,-1
1740,65.47954,38.242035,-1,-1,-1,-1,-1,-1,-1,-1,48.878944,73.914986,-1,-1,-1,-1,-1,-1,48.633904,62.2433,31.039265,38.493687,-1,-1,-1,-1,-1,-1,-1,-1
1741,61.269234,38.558918,-1,-1,-1,-1,-1,-1,-1,-1,46.288326,70.94727,-1,-1,-1,-1,-1,-1,46.1159,62.924774,31.247961,39.279007,-1,-1,-1,-1,-1,-1,-1,-1
1742,67.56003,36.84584,-1,-1,-1,-1,-1,-1,-1,-1,51.7462,74.08803,-1,-1,-1,-1,-1,-1,55.50595,57.65129,31.06528,32.19944,-1,-1,-1,-1,-1,-1,-1,-1
1743,65.934746,42.335884,-1,-1,-1,-1,-1,-1,-1,-1,40.67866,77.21173,-1,-1,-1,-1,-1,-1,41.390724,67.58697,29.253536,37.1531,-1,-1,-1,-1,-1,-1,-1,-1
1744,67.174255,31.584837,-1,-1,-1,-1,-1,-1,-1,-1,50.114964,73.65679,-1,-1,-1,-1,-1,-1,49.75403,59.418312,28.79204,34.33107,-1,-1,-1,-1,-1,-1,-1,-1
1745,63.70598,38.242725,-1,-1,-1,-1,-1,-1,-1,-1,47.11546,75.806595,-1,-1,-1,-1,-1,-1,47.2563,64.982,30.628485,36.822372,-1,-1,-1,-1,-1,-1,-1,-1
1746,58.04238,38.17576,-1,-1,-1,-1,-1,-1,-1,-1,42.085655,70.780716,-1,-1,-1,-1,-1,-1,41.889877,60.191784,30.745605,39.33442,-1,-1,-1,-1,-1,-1,-1,-1
1747,66.205154,35.09873,-1,-1,-1,-1,-1,-1,-1,-1,49.047768,78.70169,-1,-1,-1,-1,-1,-1,46.64278,68.35923,28.073345,38.63035,-1,-1,-1,-1,-1,-1,-1,-1
1748,65.42447,42.82468,-1,-1,-1,-1,-1,-1,-1,-1,37.651134,82.38829,-1,-1,-1,-1,-1,-1,40.849857,67.40462,27.426628,35.55273,-1,-1,-1,-1,-1,-1,-1,-1
1749,60.023087,37.952682,-1,-1,-1,-1,-1,-1,-1,-1,45.470226,70.23212,-1,-1,-1,-1,-1,-1,44.97426,63.10623,30.327972,39.63122,-1,-1,-1,-1,-1,-1,-1,-1
1750,66.5974,39.51945,-1,-1,-1,-1,-1,-1,-1,-1,46.569687,78.38227,-1,-1,-1,-1,-1,-1,48.468575,67.28339,30.554165,36.8962,-1,-1,-1,-1,-1,-1,-1,-1
1751,63.093426,34.621796,-1,-1,-1,-1,-1,-1,-1,-1,50.526512,78.49685,-1,-1,-1,-1,-1,-1,46.98582,66.664,30.99896,39.611343,-1,-1,-1,-1,-1,-1,-1,-1
1752,64.559044,40.735447,-1,-1,-1,-1,-1,-1,-1,-1,45.91749,83.333374,-1,-1,-1,-1,-1,-1,49.518356,66.948044,31.313786,37.22966,-1,-1,-1,-1,-1,-1,-1,-1
1753,68.67557,32.5765,-1,-1,-1,-1,-1,-1,-1,-1,52.078533,74.63479,-1,-1,-1,-1,-1,-1,51.275215,67.61148,28.506989,36.066162,-1,-1,-1,-1,-1,-1,-1,-1
1754,65.9319,38.136593,-1,-1,-1,-1,-1,-1,-1,-1,48.91084,78.1326,-1,-1,-1,-1,-1,-1,48.84552,62.36215,28.786066,37.80318,-1,-1,-1,-1,-1,-1,-1,-1
1755,64.26834,38.634823,-1,-1,-1,-1,-1,-1,-1,-1,45.90265,74.2836,-1,-1,-1,-1,-1,-1,46.414593,63.390984,30.576393,38.131638,-1,-1,-1,-1,-1,-1,-1,-1
1756,68.819756,37.773422,-1,-1,-1,-1,-1,-1,-1,-1,45.707363,77.69277,-1,-1,-1,-1,-1,-1,42.976734,63.8373,33.511707,35.895397,-1,-1,-1,-1,-1,-1,-1,-1
1757,65.08365,37.61989,-1,-1,-1,-1,-1,-1,-1,-1,49.379635,77.86241,-1,-1,-1,-1,-1,-1,48.99286,66.31296,30.72958,38.611332,-1,-1,-1,-1,-1,-1,-1,-1
1758,64.164894,38.44643,-1,-1,-1,-1,-1,-1,-1,-1,49.159107,75.57778,-1,-1,-1,-1,-1,-1,47.923653,66.42421,29.256897,42.436493,-1,-1,-1,-1,-1,-1,-1,-1
1759,65.57677,36.136566,-1,-1,-1,-1,-1,-1,-1,-1,49.36928,75.248634,-1,-1,-1,-1,-1,-1,48.595303,63.144264,29.31384,38.885048,-1,-1,-1,-1,-1,-1,-1,-1
1760,64.0196,42.23981,-1,-1,-1,-1,-1,-1,-1,-1,42.760715,82.2792,-1,-1,-1,-1,-1,-1,42.379307,72.16869,30.750614,38.682785,-1,-1,-1,-1,-1,-1,-1,-1
1761,66.482864,39.154316,-1,-1,-1,-1,-1,-1,-1,-1,47.7197,81.80369,-1,-1,-1,-1,-1,-1,48.72961,69.33068,29.109747,39.29307,-1,-1,-1,-1,-1,-1,-1,-1
1762,71.93452,37.754787,-1,-1,-1,-1,-1,-1,-1,-1,52.212795,78.40039,-1,-1,-1,-1,-1,-1,54.79834,63.623356,33.28775,36.416847,-1,-1,-1,-1,-1,-1,-1,-1
1763,65.84966,38.031593,-1,-1,-1,-1,-1,-1,-1,-1,48.465908,77.23357,-1,-1,-1,-1,-1,-1,46.897957,66.039566,29.07827,39.932472,-1,-1,-1,-1,-1,-1,-1,-1
1764,66.809555,38.42904,-1,-1,-1,-1,-1,-1,-1,-1,51.80924,77.57417,-1,-1,-1,-1,-1,-1,53.327126,64.54494,31.113401,38.495155,-1,-1,-1,-1,-1,-1,-1,-1
1765,64.52671,38.771282,-1,-1,-1,-1,-1,-1,-1,-1,48.089535,74.72692,-1,-1,-1,-1,-1,-1,48.694256,63.54949,31.665005,37.601055,-1,-1,-1,-1,-1,-1,-1,-1
1766,68.145226,39.79899,-1,-1,-1,-1,-1,-1,-1,-1,48.6513,75.23713,-1,-1,-1,-1,-1,-1,48.922802,63.227383,29.37979,39.375957,-1,-1,-1,-1,-1,-1,-1,-1
1767,68.07314,43.154087,-1,-1,-1,-1,-1,-1,-1,-1,42.212563,70.220695,-1,-1,-1,-1,-1,-1,43.17325,59.941135,28.40745,38.834003,-1,-1,-1,-1,-1,-1,-1,-1
1768,61.688446,35.623623,-1,-1,-1,-1,-1,-1,-1,-1,45.570503,76.8585,-1,-1,-1,-1,-1,-1,43.58206,54.91543,31.24316,37.91629,-1,-1,-1,-1,-1,-1,-1,-1
1769,64.25976,38.410847,-1,-1,-1,-1,-1,-1,-1,-1,43.987278,74.519585,-1,-1,-1,-1,-1,-1,44.439568,63.70133,31.457142,36.660007,-1,-1,-1,-1,-1,-1,-1,-1
1770,62.578304,38.8233,-1,-1,-1,-1,-1,-1,-1,-1,50.167545,73.6906,-1,-1,-1,-1,-1,-1,51.988506,61.305573,33.329548,38.896297,-1,-1,-1,-1,-1,-1,-1,-1
1771,65.32129,37.332283,-1,-1,-1,-1,-1,-1,-1,-1,45.80929,77.13927,-1,-1,-1,-1,-1,-1,47.26945,63.67345,28.940102,33.86993,-1,-1,-1,-1,-1,-1,-1,-1
1772,63.83166,36.895782,-1,-1,-1,-1,-1,-1,-1,-1,39.641937,78.38268,-1,-1,-1,-1,-1,-1,41.521854,70.58716,26.27235,32.147366,-1,-1,-1,-1,-1,-1,-1,-1
1773,62.558434,37.792336,-1,-1,-1,-1,-1,-1,-1,-1,45.456406,72.47581,-1,-1,-1,-1,-1,-1,47.031162,60.08461,32.265648,36.199,-1,-1,-1,-1,-1,-1,-1,-1
1774,67.36689,36.06901,-1,-1,-1,-1,-1,-1,-1,-1,44.583397,78.95233,-1,-1,-1,-1,-1,-1,42.61781,66.39784,26.067019,36.494633,-1,-1,-1,-1,-1,-1,-1,-1
1775,65.17482,35.59126,-1,-1,-1,-1,-1,-1,-1,-1,53.203342,77.908325,-1,-1,-1,-1,-1,-1,51.36113,66.75421,30.001383,40.546997,-1,-1,-1,-1,-1,-1,-1,-1
1776,64.764175,34.706284,-1,-1,-1,-1,-1,-1,-1,-1,45.155876,77.45349,-1,-1,-1,-1,-1,-1,43.122887,62.90341,22.167597,39.06221,-1,-1,-1,-1,-1,-1,-1,-1
1777,69.44694,40.87454,-1,-1,-1,-1,-1,-1,-1,-1,46.624905,78.501465,-1,-1,-1,-1,-1,-1,47.755917,70.323296,27.643526,36.79785,-1,-1,-1,-1,-1,-1,-1,-1
1778,64.99983,39.093292,-1,-1,-1,-1,-1,-1,-1,-1,44.2976,80.23886,-1,-1,-1,-1,-1,-1,43.99293,68.17854,28.968262,39.79947,-1,-1,-1,-1,-1,-1,-1,-1
1779,64.89777,38.76717,-1,-1,-1,-1,-1,-1,-1,-1,46.43288,76.027275,-1,-1,-1,-1,-1,-1,46.799686,65.21879,31.157413,36.546364,-1,-1,-1,-1,-1,-1,-1,-1
1780,65.382545,36.00144,-1,-1,-1,-1,-1,-1,-1,-1,53.08015,75.479706,-1,-1,-1,-1,-1,-1,51.322277,63.785187,29.930237,42.590015,-1,-1,-1,-1,-1,-1,-1,-1
1781,66.28413,44.318413,-1,-1,-1,-1,-1,-1,-1,-1,45.483353,76.75416,-1,-1,-1,-1,-1,-1,47.34494,66.72589,32.01125,39.67695,-1,-1,-1,-1,-1,-1,-1,-1
1782,63.4375,36.742203,-1,-1,-1,-1,-1,-1,-1,-1,45.78001,73.1551,-1,-1,-1,-1,-1,-1,43.204803,65.14871,30.576561,38.428665,-1,-1,-1,-1,-1,-1,-1,-1
1783,67.877884,37.626064,-1,-1,-1,-1,-1,-1,-1,-1,47.96706,82.99637,-1,-1,-1,-1,-1,-1,46.277866,62.0958,30.983828,37.57406,-1,-1,-1,-1,-1,-1,-1,-1
