RowId,Location
1,66.01424
2,37.88128
3,29.152187
4,36.50408
5,60.192997
6,38.082447
7,72.76305
8,38.8335
9,35.402557
10,36.97737
11,22.047028
12,37.28123
13,57.69966
14,25.793581
15,79.48312
16,29.044964
17,37.745613
18,24.55002
19,15.572224
20,26.252285
21,49.932972
22,52.39619
23,63.37867
24,75.64113
25,32.720413
26,75.176285
27,49.011627
28,68.572
29,48.32432
30,83.728264
31,67.40286
32,36.481087
33,27.277185
34,37.556774
35,60.867302
36,37.7139
37,73.48543
38,37.335518
39,33.27255
40,38.357548
41,20.752756
42,38.737602
43,55.77358
44,31.38229
45,79.54486
46,29.25064
47,35.387745
48,31.41856
49,13.892471
50,30.66328
51,48.70613
52,58.969193
53,64.32119
54,75.73352
55,33.278107
56,77.14028
57,48.586594
58,71.6289
59,49.194553
60,87.127426
61,65.44635
62,36.150352
63,31.055346
64,38.30852
65,59.54082
66,37.150288
67,71.69148
68,35.8656
69,37.14772
70,38.4608
71,23.843866
72,39.218975
73,58.222713
74,29.901567
75,75.27163
76,28.232338
77,38.62076
78,31.668985
79,19.078415
80,33.209
81,48.896538
82,57.401367
83,63.056007
84,74.58763
85,36.091652
86,75.37309
87,49.101727
88,71.78035
89,49.52807
90,85.03478
91,65.46923
92,39.161125
93,30.528635
94,40.589386
95,58.538948
96,40.75785
97,72.22372
98,40.602116
99,36.89625
100,41.491318
101,23.620909
102,42.49791
103,55.85362
104,31.226027
105,76.55831
106,31.661936
107,37.557922
108,31.776217
109,18.888796
110,33.821434
111,47.508095
112,52.436733
113,64.40177
114,77.70822
115,33.542095
116,78.8005
117,48.17812
118,71.06529
119,49.044792
120,82.18856
121,67.28436
122,37.47079
123,28.100666
124,38.71393
125,60.626053
126,37.683384
127,73.996735
128,38.069157
129,35.348595
130,38.33157
131,21.285845
132,39.875416
133,57.70996
134,26.759365
135,79.93048
136,28.419073
137,37.381252
138,27.630228
139,14.226456
140,30.622232
141,48.691025
142,53.015568
143,64.195465
144,76.82382
145,33.824833
146,76.93998
147,48.864094
148,70.631065
149,49.25367
150,84.53037
151,66.86313
152,36.927105
153,28.083036
154,37.108364
155,59.731403
156,36.985718
157,75.70736
158,38.67416
159,36.245934
160,36.91192
161,20.153296
162,39.04133
163,54.252426
164,30.257786
165,80.860634
166,30.629488
167,41.258503
168,29.85847
169,15.898991
170,30.513317
171,47.980263
172,50.569542
173,65.26758
174,76.45139
175,31.822718
176,76.773705
177,48.567543
178,72.45217
179,48.989002
180,85.42847
181,66.31462
182,34.89119
183,24.585196
184,34.85327
185,59.572464
186,35.998775
187,74.47801
188,36.359318
189,33.013645
190,36.264896
191,16.670689
192,36.718567
193,57.82752
194,26.721619
195,79.65431
196,26.820213
197,38.7028
198,26.601154
199,11.79014
200,27.372404
201,50.833176
202,51.567333
203,62.87677
204,77.74686
205,30.71904
206,76.901634
207,48.49162
208,71.51954
209,48.25925
210,82.7215
211,67.49197
212,36.66132
213,29.570126
214,36.674187
215,61.437965
216,37.27012
217,73.421745
218,37.514053
219,35.35959
220,37.091087
221,23.837563
222,37.29716
223,56.37341
224,31.208576
225,79.19577
226,29.696468
227,38.30052
228,30.120295
229,17.481077
230,29.390873
231,50.68576
232,54.860706
233,64.14585
234,73.865074
235,35.088165
236,74.56047
237,49.89134
238,69.56543
239,49.966785
240,82.750145
241,64.54424
242,39.229156
243,31.602468
244,37.743374
245,58.888844
246,40.128185
247,70.48745
248,40.178825
249,37.24893
250,39.212944
251,25.717192
252,38.127544
253,55.606995
254,30.682074
255,79.31753
256,32.65157
257,41.2784
258,30.097652
259,16.870497
260,29.977226
261,47.06809
262,57.942814
263,61.32632
264,76.346634
265,31.265173
266,75.26875
267,46.693604
268,69.94261
269,46.379814
270,86.86255
271,66.296104
272,36.23446
273,30.659027
274,35.81552
275,59.257793
276,37.806076
277,73.10294
278,37.602505
279,37.54112
280,37.06352
281,23.279745
282,37.07102
283,59.22628
284,25.874537
285,79.04555
286,30.546217
287,38.09825
288,25.724697
289,16.988129
290,29.8497
291,49.35024
292,53.425537
293,63.52899
294,73.6347
295,32.546764
296,73.36316
297,48.682728
298,66.75799
299,48.36197
300,82.363365
301,67.033554
302,39.270905
303,30.928082
304,36.484367
305,61.425262
306,39.69351
307,73.31402
308,40.61253
309,36.472267
310,37.856358
311,24.554802
312,37.030727
313,58.06445
314,31.476938
315,81.23164
316,32.88949
317,40.132217
318,29.86152
319,17.626993
320,27.682796
321,48.96827
322,51.750458
323,60.898777
324,78.87648
325,33.558655
326,77.40903
327,47.84483
328,70.22186
329,46.8466
330,86.59888
331,65.5918
332,38.187683
333,31.206186
334,37.642494
335,59.89433
336,39.071335
337,72.017815
338,39.351852
339,37.361015
340,38.710682
341,25.22865
342,38.5244
343,54.571526
344,31.220213
345,78.83764
346,33.70168
347,42.9392
348,30.590374
349,18.69854
350,32.015305
351,49.04645
352,56.944202
353,62.666306
354,77.99173
355,33.55353
356,77.50841
357,48.56425
358,73.23793
359,48.443863
360,82.83914
361,66.06604
362,36.629597
363,30.181202
364,35.71183
365,60.25444
366,37.41487
367,71.9105
368,36.64953
369,35.33389
370,36.7866
371,24.173727
372,35.663723
373,57.228836
374,30.132832
375,77.47681
376,27.779297
377,38.228123
378,30.08199
379,18.053715
380,26.94335
381,47.099087
382,65.446175
383,61.373642
384,77.42015
385,32.54286
386,76.85112
387,46.65678
388,73.25856
389,46.341896
390,86.342
391,64.78557
392,37.037807
393,25.183174
394,35.751907
395,59.513733
396,36.95275
397,71.90141
398,38.21994
399,31.304258
400,36.04612
401,19.6545
402,36.26532
403,55.13999
404,25.278446
405,78.79023
406,27.449274
407,35.09981
408,24.466988
409,12.912514
410,25.357138
411,43.592087
412,63.85293
413,59.98859
414,73.26325
415,31.3678
416,71.56095
417,45.05933
418,69.53479
419,44.80139
420,81.52028
421,65.712036
422,39.30598
423,31.37571
424,37.40673
425,58.446613
426,40.677677
427,72.957794
428,40.654724
429,38.02212
430,39.299797
431,23.940582
432,38.036736
433,54.748486
434,31.290314
435,80.76225
436,33.30706
437,41.932705
438,30.600916
439,16.801157
440,30.40763
441,46.127277
442,60.34086
443,61.897717
444,81.23788
445,29.74903
446,79.69661
447,45.9048
448,77.147095
449,45.41074
450,86.30913
451,66.72877
452,36.316402
453,29.387098
454,33.375927
455,60.175377
456,36.41549
457,72.2802
458,37.88702
459,36.075916
460,34.4967
461,23.422775
462,33.758022
463,58.834736
464,28.38312
465,78.43194
466,28.12282
467,38.492977
468,26.43076
469,18.956938
470,23.088146
471,46.987774
472,49.421207
473,58.532597
474,72.565895
475,31.062517
476,70.10101
477,45.497326
478,65.474495
479,44.62694
480,75.53128
481,65.369095
482,37.423016
483,29.430485
484,36.290375
485,58.80733
486,38.681274
487,72.11641
488,38.67643
489,35.93014
490,37.942783
491,22.495192
492,37.266197
493,54.537865
494,29.206013
495,79.958275
496,32.995697
497,40.277782
498,28.239027
499,14.648397
500,30.691523
501,48.296387
502,58.5731
503,61.692085
504,78.47822
505,31.99496
506,78.30442
507,47.40875
508,73.86942
509,47.434734
510,84.431
511,62.54407
512,35.46192
513,30.611904
514,37.867092
515,57.549618
516,36.45679
517,67.85651
518,35.112324
519,35.89388
520,38.16018
521,25.10102
522,38.371464
523,55.284218
524,30.197012
525,73.59277
526,28.096403
527,38.365967
528,31.298847
529,18.080368
530,32.3327
531,49.408455
532,59.57652
533,63.7051
534,70.04329
535,32.589794
536,72.47936
537,48.969944
538,68.74117
539,49.57143
540,77.29223
541,62.878983
542,35.713356
543,29.808466
544,36.993336
545,57.37823
546,36.281982
547,68.71883
548,35.967827
549,35.983967
550,37.13759
551,24.383123
552,37.621735
553,54.582382
554,29.45648
555,74.022285
556,28.715618
557,36.52487
558,30.448631
559,18.302593
560,31.797235
561,46.92879
562,54.808167
563,60.443844
564,73.561935
565,36.265594
566,74.58835
567,47.69521
568,70.64897
569,48.330326
570,80.37239
571,64.89558
572,34.298115
573,29.744738
574,34.90675
575,58.323864
576,35.85248
577,71.52731
578,35.62869
579,36.31355
580,35.764984
581,23.066923
582,36.37764
583,56.9796
584,24.169697
585,76.93795
586,28.82085
587,37.316425
588,24.613869
589,17.052912
590,29.570295
591,47.846294
592,49.79904
593,63.09664
594,71.27136
595,32.335377
596,71.41787
597,48.00392
598,63.316006
599,48.136913
600,81.743774
601,63.440525
602,35.903957
603,31.180178
604,36.807743
605,57.339336
606,37.47771
607,70.07868
608,36.055866
609,37.584877
610,38.217083
611,24.754374
612,37.594563
613,53.47104
614,29.649385
615,77.45686
616,28.224178
617,40.20871
618,30.115591
619,16.819452
620,30.40019
621,47.462505
622,57.88044
623,62.805107
624,71.91077
625,34.969143
626,73.130974
627,48.463543
628,70.62462
629,48.89777
630,77.963936
631,67.19643
632,38.160355
633,30.280285
634,36.40264
635,61.174473
636,38.266865
637,73.83193
638,39.68051
639,36.219692
640,36.930588
641,23.990404
642,37.22639
643,57.06353
644,27.161026
645,80.41683
646,29.450382
647,39.821304
648,26.866827
649,17.7076
650,27.28907
651,46.156116
652,62.982723
653,63.59157
654,70.918465
655,33.66646
656,69.03025
657,47.5741
658,68.412254
659,47.428905
660,78.40515
661,66.560486
662,37.950195
663,30.185114
664,36.289585
665,61.04875
666,38.387733
667,72.69422
668,39.117977
669,35.76443
670,37.248363
671,24.385595
672,36.962982
673,56.15248
674,30.531868
675,80.56994
676,31.644184
677,39.553616
678,29.297508
679,16.73693
680,28.561687
681,48.306816
682,50.55018
683,61.78836
684,76.92824
685,34.204742
686,76.22686
687,48.03548
688,69.10581
689,47.92734
690,83.299126
691,62.98355
692,40.026985
693,31.405077
694,34.973644
695,57.08318
696,40.074963
697,69.83377
698,41.74945
699,37.283714
700,36.681335
701,25.52548
702,33.74897
703,54.50203
704,32.330997
705,77.57324
706,34.665756
707,39.316105
708,30.35411
709,20.73332
710,23.95778
711,39.69834
712,60.764214
713,56.173782
714,72.859726
715,27.426579
716,67.54765
717,40.261547
718,71.533775
719,39.11825
720,76.643166
721,64.978195
722,35.035694
723,29.71131
724,38.627953
725,58.47453
726,35.691147
727,71.13324
728,35.13062
729,36.268898
730,37.82885
731,23.864765
732,40.052567
733,57.77753
734,27.289804
735,75.39032
736,25.292433
737,36.36838
738,30.200232
739,18.864056
740,31.147274
741,47.44264
742,46.52221
743,63.19043
744,69.39862
745,36.64131
746,71.79792
747,48.648
748,62.909733
749,49.824814
750,76.1716
751,67.57231
752,33.942043
753,26.273754
754,39.58534
755,59.782246
756,35.538975
757,74.24775
758,33.376072
759,33.585842
760,39.421085
761,19.28771
762,41.248077
763,55.50102
764,26.743507
765,77.74276
766,20.97187
767,30.827204
768,30.632198
769,12.31428
770,30.696833
771,46.985676
772,55.031303
773,69.50014
774,70.34511
775,36.934288
776,74.81092
777,51.08043
778,70.02923
779,52.757656
780,78.98113
781,66.58475
782,37.430923
783,27.70056
784,36.278896
785,60.050797
786,38.124004
787,72.816284
788,38.58136
789,33.573296
790,37.357746
791,21.269844
792,37.278084
793,54.781635
794,31.190552
795,79.64629
796,31.043394
797,35.56418
798,30.394646
799,15.343987
800,29.161877
801,45.08639
802,56.302868
803,61.334576
804,76.93976
805,32.57665
806,76.53721
807,45.863827
808,71.6495
809,46.321598
810,86.04123
811,68.125404
812,36.671165
813,29.040108
814,35.732162
815,61.120415
816,36.376614
817,75.05275
818,38.08657
819,36.0074
820,35.756275
821,22.427845
822,36.98097
823,56.175316
824,27.483744
825,82.23437
826,30.807467
827,38.5559
828,26.76391
829,15.632803
830,29.196991
831,46.620346
832,49.00161
833,63.402847
834,74.98428
835,32.260094
836,74.49257
837,46.99398
838,68.882484
839,47.329758
840,84.22596
841,66.601616
842,35.93815
843,29.160614
844,35.96991
845,59.769157
846,36.701813
847,72.23663
848,36.647892
849,35.45753
850,36.445656
851,23.42753
852,35.898357
853,56.89169
854,30.219028
855,79.52393
856,28.624859
857,36.28225
858,30.69606
859,15.760675
860,29.26483
861,45.63152
862,59.75263
863,59.189014
864,80.37686
865,36.46295
866,79.703964
867,46.707783
868,75.2381
869,46.988407
870,88.40078
871,63.821266
872,34.972286
873,30.345484
874,37.195995
875,58.285866
876,36.185616
877,69.32046
878,34.765453
879,35.817017
880,37.63127
881,24.751953
882,37.51648
883,56.007965
884,28.192196
885,75.12174
886,25.321249
887,37.147552
888,30.030514
889,17.81423
890,29.532993
891,46.52717
892,60.393364
893,62.654068
894,74.515724
895,33.68175
896,75.83156
897,47.598957
898,71.18998
899,47.894714
900,82.42692
901,65.18148
902,39.613346
903,30.379196
904,38.111412
905,58.32967
906,40.503654
907,72.569565
908,40.934193
909,36.958366
910,39.31113
911,22.69203
912,38.911407
913,54.313957
914,30.94888
915,80.34067
916,33.614246
917,41.482002
918,29.894531
919,15.055892
920,31.205076
921,47.540806
922,57.854565
923,61.964985
924,79.99296
925,29.767504
926,78.53462
927,46.73496
928,74.597595
929,46.39482
930,84.58335
931,65.124954
932,37.33059
933,29.853981
934,36.839844
935,59.868443
936,37.91309
937,71.45742
938,38.088604
939,35.306236
940,37.771133
941,23.88439
942,37.77207
943,55.432503
944,30.376305
945,78.571106
946,30.895348
947,39.27786
948,29.748995
949,17.416813
950,29.611055
951,48.624638
952,50.942852
953,62.63058
954,74.4657
955,35.549706
956,74.72261
957,49.02689
958,67.90133
959,49.230644
960,81.322914
961,64.85637
962,34.996952
963,29.40084
964,35.84686
965,58.606186
966,35.333496
967,70.568474
968,36.055305
969,35.443253
970,35.631416
971,23.961864
972,37.33827
973,56.96101
974,26.983528
975,77.62233
976,27.091509
977,36.5186
978,28.22439
979,16.781431
980,29.357471
981,45.568954
982,42.50468
983,59.61016
984,72.75959
985,34.25525
986,73.01565
987,46.17799
988,60.641556
989,46.910904
990,80.05228
991,66.44854
992,37.780342
993,31.281748
994,37.156796
995,61.436195
996,37.893593
997,73.30542
998,38.922947
999,37.070408
1000,37.29141
1001,25.970276
1002,37.710304
1003,57.146454
1004,27.269531
1005,79.54346
1006,29.739574
1007,41.1569
1008,27.1739
1009,19.775398
1010,28.059694
1011,46.92789
1012,61.83957
1013,62.94245
1014,70.89252
1015,35.22507
1016,69.49618
1017,48.51242
1018,66.76372
1019,48.079773
1020,78.74748
1021,64.00777
1022,35.098698
1023,31.266752
1024,32.712868
1025,58.795956
1026,35.613903
1027,68.58003
1028,36.09251
1029,36.189358
1030,34.04083
1031,26.584412
1032,33.059452
1033,57.02717
1034,30.058298
1035,74.49174
1036,30.75213
1037,38.89436
1038,28.72515
1039,21.702408
1040,27.18764
1041,46.46925
1042,52.879715
1043,56.48202
1044,67.12278
1045,33.4352
1046,65.64339
1047,45.146023
1048,63.44026
1049,44.723625
1050,72.82037
1051,63.705738
1052,40.20985
1053,31.484325
1054,39.84958
1055,57.965267
1056,40.338963
1057,70.31087
1058,40.732063
1059,37.77141
1060,39.587982
1061,25.067406
1062,39.859493
1063,55.15157
1064,27.767727
1065,78.9906
1066,30.1044
1067,40.517876
1068,27.86323
1069,16.433807
1070,29.566341
1071,47.0729
1072,57.879196
1073,61.692513
1074,74.51763
1075,31.98455
1076,74.229836
1077,46.933876
1078,68.60179
1079,46.9178
1080,85.94887
1081,66.99482
1082,36.620163
1083,29.313637
1084,34.844864
1085,60.63768
1086,36.97578
1087,73.38451
1088,38.10232
1089,35.803696
1090,35.68361
1091,22.937815
1092,36.03202
1093,56.114433
1094,28.456095
1095,80.44464
1096,31.539522
1097,38.393692
1098,27.116177
1099,16.411505
1100,28.42661
1101,47.441257
1102,51.326508
1103,61.703697
1104,76.342445
1105,33.055214
1106,75.665016
1107,47.024384
1108,70.35698
1109,47.10304
1110,83.55846
1111,66.41035
1112,38.438408
1113,28.90045
1114,36.540558
1115,59.82383
1116,39.209263
1117,72.90966
1118,39.649536
1119,35.660328
1120,37.54909
1121,23.063175
1122,36.872337
1123,58.254707
1124,27.939135
1125,80.63761
1126,31.537354
1127,38.08517
1128,26.373587
1129,16.290213
1130,28.099894
1131,47.617897
1132,58.912903
1133,59.04146
1134,83.204796
1135,34.706352
1136,82.425674
1137,47.346
1138,77.21588
1139,47.079304
1140,89.91049
1141,65.22789
1142,37.89461
1143,28.65699
1144,38.433678
1145,58.415794
1146,38.24945
1147,71.9144
1148,38.805786
1149,35.450905
1150,38.473038
1151,22.056454
1152,39.704235
1153,56.099243
1154,27.110262
1155,77.44262
1156,31.323439
1157,35.31388
1158,26.82293
1159,15.937556
1160,31.798199
1161,47.715714
1162,52.546272
1163,62.838123
1164,74.059
1165,33.366222
1166,75.08074
1167,47.975647
1168,68.58367
1169,48.51981
1170,84.51889
1171,63.44914
1172,36.051632
1173,29.651014
1174,35.96075
1175,57.10513
1176,37.297867
1177,70.16783
1178,36.537468
1179,36.29458
1180,37.428658
1181,23.363548
1182,36.244617
1183,53.36569
1184,28.213211
1185,78.36141
1186,27.646666
1187,38.44398
1188,28.14182
1189,14.599184
1190,27.590496
1191,45.070328
1192,58.548344
1193,62.142628
1194,72.82373
1195,31.365253
1196,73.13111
1197,46.08052
1198,71.426865
1199,46.69872
1200,79.69777
1201,64.76361
1202,38.83305
1203,29.38396
1204,40.791367
1205,57.459774
1206,40.303253
1207,71.74333
1208,40.129158
1209,36.09969
1210,41.30323
1211,22.418825
1212,42.66495
1213,54.73768
1214,30.292599
1215,76.46994
1216,31.291168
1217,35.75306
1218,31.069191
1219,16.786692
1220,34.37433
1221,46.374336
1222,51.623745
1223,64.48715
1224,77.647934
1225,32.204113
1226,78.89823
1227,47.426754
1228,70.90853
1229,48.564266
1230,81.32495
1231,65.747375
1232,37.171993
1233,30.602314
1234,35.979492
1235,58.717213
1236,38.4436
1237,72.4097
1238,38.64925
1239,37.435574
1240,37.446198
1241,23.366848
1242,36.95274
1243,58.451286
1244,26.959568
1245,78.48628
1246,31.344942
1247,38.670376
1248,26.458117
1249,17.416286
1250,29.18352
1251,48.400562
1252,54.281918
1253,62.53294
1254,72.82338
1255,31.648138
1256,72.02718
1257,47.77832
1258,67.67947
1259,47.253563
1260,78.338684
1261,64.77875
1262,35.167976
1263,24.631372
1264,34.595924
1265,59.47331
1266,35.287857
1267,71.97178
1268,36.492504
1269,30.813105
1270,34.87204
1271,19.103294
1272,35.377823
1273,55.384956
1274,23.077892
1275,78.575195
1276,25.227646
1277,34.388775
1278,22.856062
1279,12.760145
1280,24.243433
1281,43.364674
1282,62.38088
1283,59.40919
1284,71.51901
1285,32.01263
1286,70.03325
1287,44.89873
1288,66.98255
1289,44.78573
1290,81.081184
1291,65.93648
1292,34.894535
1293,32.97957
1294,32.424446
1295,60.508213
1296,35.66921
1297,70.52893
1298,35.854958
1299,38.015896
1300,33.96589
1301,28.3098
1302,32.850414
1303,59.024796
1304,29.29181
1305,76.4614
1306,30.217113
1307,40.89554
1308,28.27106
1309,22.937572
1310,26.864521
1311,48.067467
1312,53.346733
1313,57.65701
1314,68.723076
1315,34.790405
1316,66.92397
1317,46.560814
1318,64.16272
1319,45.858562
1320,73.73376
1321,64.87905
1322,34.781464
1323,28.916555
1324,36.015144
1325,58.394096
1326,35.20069
1327,70.55911
1328,35.68412
1329,34.97608
1330,35.731544
1331,23.564486
1332,37.495136
1333,56.37483
1334,26.68895
1335,77.736305
1336,26.651981
1337,36.08574
1338,28.162212
1339,15.879048
1340,29.58566
1341,45.146072
1342,43.8162
1343,60.31806
1344,71.81086
1345,33.93333
1346,72.57039
1347,46.16957
1348,61.655506
1349,47.08384
1350,77.40216
1351,63.20319
1352,37.188286
1353,29.981285
1354,36.968994
1355,57.706795
1356,37.84276
1357,68.56562
1358,37.95104
1359,34.82572
1360,37.59704
1361,25.025572
1362,37.305157
1363,53.563435
1364,29.448277
1365,74.069214
1366,29.692886
1367,38.380512
1368,29.282667
1369,20.960411
1370,28.391691
1371,42.457275
1372,54.760464
1373,57.875607
1374,74.32886
1375,31.326588
1376,74.030594
1377,43.363083
1378,68.4884
1379,43.548615
1380,81.28227
1381,69.90791
1382,36.788387
1383,32.404354
1384,34.58205
1385,63.057453
1386,37.651207
1387,76.17429
1388,39.36961
1389,38.038815
1390,36.135014
1391,24.611353
1392,35.877922
1393,60.08322
1394,21.540422
1395,83.6949
1396,30.286951
1397,43.63004
1398,21.261875
1399,20.109728
1400,25.930649
1401,45.81142
1402,50.121346
1403,59.19562
1404,76.21839
1405,29.720251
1406,73.340416
1407,44.11772
1408,63.89017
1409,42.63686
1410,85.592155
1411,66.453674
1412,35.18662
1413,30.360579
1414,36.65738
1415,61.20606
1416,36.145016
1417,72.07401
1418,34.9828
1419,36.334743
1420,37.23665
1421,24.813465
1422,37.18368
1423,57.57004
1424,29.791763
1425,77.56604
1426,25.699152
1427,40.022385
1428,30.668015
1429,17.67037
1430,29.109247
1431,50.135918
1432,62.614124
1433,63.656727
1434,74.70073
1435,35.09516
1436,75.57391
1437,49.722862
1438,70.78786
1439,50.312775
1440,82.40938
1441,68.15895
1442,37.53884
1443,29.293697
1444,34.47566
1445,60.451393
1446,37.950527
1447,75.55173
1448,39.48595
1449,36.298405
1450,36.052864
1451,21.437395
1452,35.621044
1453,55.859207
1454,30.302694
1455,82.78507
1456,33.388298
1457,39.538925
1458,28.872694
1459,16.174715
1460,28.184818
1461,45.131546
1462,55.66762
1463,60.349415
1464,78.92052
1465,29.663477
1466,76.859116
1467,44.286766
1468,74.1879
1469,44.074608
1470,83.031105
1471,63.767487
1472,37.57564
1473,25.941414
1474,40.64001
1475,57.224968
1476,38.48384
1477,70.4516
1478,38.032425
1479,32.703976
1480,40.232807
1481,20.223936
1482,41.998894
1483,54.271687
1484,30.817413
1485,76.737854
1486,29.219303
1487,34.859203
1488,32.30807
1489,12.547784
1490,34.41648
1491,45.617256
1492,50.454662
1493,64.05412
1494,75.17105
1495,32.16823
1496,77.8606
1497,47.42703
1498,68.61014
1499,48.830486
1500,80.29835
1501,67.94881
1502,35.608356
1503,29.441944
1504,35.912952
1505,61.00879
1506,36.451927
1507,73.79314
1508,36.50536
1509,35.841156
1510,36.33343
1511,23.431004
1512,36.230198
1513,57.48124
1514,29.646023
1515,81.58594
1516,28.818857
1517,37.73624
1518,30.08265
1519,14.969544
1520,30.080513
1521,47.020267
1522,59.022118
1523,59.813
1524,81.557274
1525,37.627796
1526,80.96138
1527,47.84523
1528,75.32891
1529,48.253567
1530,89.796295
1531,64.794975
1532,36.38401
1533,31.948263
1534,35.467403
1535,59.269398
1536,37.785473
1537,69.8972
1538,36.988583
1539,37.07855
1540,36.910023
1541,27.464441
1542,35.619114
1543,56.759224
1544,30.092802
1545,74.79964
1546,29.255514
1547,40.52402
1548,29.800512
1549,21.079624
1550,28.496538
1551,47.839264
1552,58.914635
1553,60.50552
1554,73.569016
1555,33.182175
1556,72.773964
1557,47.063942
1558,68.97563
1559,47.234142
1560,79.13759
1561,65.40678
1562,38.696148
1563,32.098465
1564,37.884365
1565,58.467323
1566,40.19626
1567,72.552246
1568,39.973587
1569,38.31864
1570,39.535637
1571,24.523624
1572,38.766277
1573,54.862335
1574,30.784866
1575,79.93494
1576,32.67404
1577,41.788605
1578,30.466787
1579,17.575796
1580,31.4091
1581,46.261353
1582,58.24976
1583,62.635124
1584,78.99085
1585,30.476791
1586,77.99419
1587,46.37829
1588,74.99163
1589,46.087578
1590,84.066605
1591,66.05818
1592,36.19028
1593,30.786411
1594,33.74357
1595,58.314137
1596,37.124203
1597,73.19442
1598,37.685482
1599,36.16678
1600,35.8627
1601,23.31918
1602,34.18672
1603,54.39094
1604,30.031052
1605,80.353355
1606,31.696959
1607,37.25886
1608,29.534843
1609,18.815954
1610,26.241777
1611,40.161106
1612,54.872906
1613,57.68893
1614,74.975784
1615,30.76205
1616,73.905365
1617,42.316704
1618,71.17432
1619,42.493137
1620,80.253365
1621,65.71621
1622,37.86469
1623,29.996628
1624,37.378304
1625,60.55416
1626,37.81427
1627,72.375595
1628,39.1804
1629,35.912575
1630,37.41994
1631,24.371405
1632,38.345715
1633,55.939095
1634,27.125809
1635,78.52597
1636,30.109028
1637,39.778667
1638,27.126144
1639,18.256948
1640,28.997623
1641,45.989365
1642,61.168873
1643,62.31563
1644,71.49868
1645,34.3168
1646,70.48865
1647,47.61246
1648,66.747856
1649,47.474056
1650,80.40421
1651,65.04897
1652,38.09933
1653,28.820023
1654,36.623016
1655,59.82171
1656,38.350372
1657,71.26669
1658,38.921097
1659,34.362545
1660,37.391273
1661,22.728933
1662,37.161015
1663,55.951725
1664,31.013737
1665,78.95959
1666,31.090437
1667,37.80599
1668,29.823624
1669,15.3825655
1670,28.414217
1671,48.263348
1672,51.73743
1673,59.685287
1674,77.434906
1675,34.700275
1676,77.42211
1677,47.69504
1678,69.896164
1679,47.24279
1680,87.58187
1681,64.61832
1682,38.459885
1683,29.999529
1684,38.78943
1685,59.47544
1686,39.159122
1687,70.15234
1688,38.73171
1689,35.501236
1690,39.341877
1691,24.447605
1692,39.34829
1693,55.286118
1694,31.755243
1695,76.08921
1696,30.606695
1697,38.97507
1698,31.993526
1699,17.30436
1700,31.999111
1701,47.737785
1702,60.829468
1703,63.784058
1704,74.68092
1705,32.457474
1706,75.27508
1707,47.768875
1708,71.15036
1709,48.4115
1710,81.73095
1711,66.437195
1712,36.491455
1713,29.69992
1714,36.911915
1715,59.398376
1716,37.767284
1717,73.660385
1718,37.587826
1719,36.553825
1720,37.883564
1721,22.305653
1722,38.47938
1723,58.03193
1724,25.142471
1725,79.59538
1726,29.970049
1727,37.583252
1728,25.329245
1729,16.221962
1730,30.94435
1731,48.73434
1732,51.614567
1733,65.670525
1734,74.45537
1735,31.556477
1736,74.63871
1737,48.782516
1738,66.8128
1739,49.244892
1740,83.721
1741,67.534996
1742,39.006668
1743,29.31442
1744,36.41156
1745,61.453053
1746,39.387985
1747,73.50317
1748,40.29244
1749,35.098656
1750,37.543686
1751,22.92229
1752,37.087433
1753,57.40738
1754,32.855938
1755,79.86823
1756,32.42466
1757,37.743004
1758,30.86833
1759,17.034191
1760,28.646397
1761,48.476196
1762,57.271492
1763,61.817375
1764,75.35607
1765,31.095865
1766,73.65332
1767,46.986866
1768,69.85656
1769,46.140366
1770,85.23999
1771,60.74968
1772,34.110504
1773,30.429035
1774,34.490486
1775,55.780334
1776,35.12273
1777,66.10526
1778,34.16885
1779,35.512394
1780,35.74887
1781,25.351099
1782,34.78468
1783,53.80686
1784,28.830112
1785,71.01388
1786,28.10974
1787,37.462032
1788,28.98095
1789,19.583511
1790,28.806839
1791,45.146954
1792,56.081078
1793,59.594814
1794,67.788605
1795,30.937462
1796,68.08367
1797,45.10526
1798,65.041176
1799,45.3423
1800,74.08847
1801,67.453
1802,37.331245
1803,28.373587
1804,37.607788
1805,60.22316
1806,37.520256
1807,74.13724
1808,38.291435
1809,35.52887
1810,37.608185
1811,21.483747
1812,38.917274
1813,57.6129
1814,27.220234
1815,79.96183
1816,31.081644
1817,36.391163
1818,26.664366
1819,15.126641
1820,31.14731
1821,49.29063
1822,55.569756
1823,64.63701
1824,75.2811
1825,33.666016
1826,76.16395
1827,49.26351
1828,71.338684
1829,49.671146
1830,85.75977
1831,66.56075
1832,39.16725
1833,30.086636
1834,37.726612
1835,59.998142
1836,39.86201
1837,73.29602
1838,40.557575
1839,36.22242
1840,38.952873
1841,22.665138
1842,38.67626
1843,55.5947
1844,31.292824
1845,81.045044
1846,35.593525
1847,41.425842
1848,30.47327
1849,15.23838
1850,33.09073
1851,47.08227
1852,61.450996
1853,62.89506
1854,81.007576
1855,28.717358
1856,79.44463
1857,46.29747
1858,74.74128
1859,65.5359
1860,33.980988
1861,26.839148
1862,35.97111
1863,59.79239
1864,35.162067
1865,71.44886
1866,34.981335
1867,32.87191
1868,35.917343
1869,20.990143
1870,37.39507
1871,57.5823
1872,23.546745
1873,77.074486
1874,24.248066
1875,36.051357
1876,24.76454
1877,14.215067
1878,28.458538
1879,48.50177
1880,51.7134
1881,62.95593
1882,74.03624
1883,34.313774
1884,74.691
1885,48.803207
1886,67.04755
1887,49.371407
1888,83.409775
1889,66.84494
1890,37.63564
1891,28.086208
1892,35.334763
1893,60.812878
1894,38.10733
1895,72.90579
1896,38.85441
1897,34.038013
1898,36.06897
1899,22.109749
1900,35.970074
1901,56.965866
1902,28.576588
1903,79.94188
1904,30.557623
1905,40.12363
1906,26.92347
1907,15.335027
1908,27.026743
1909,48.352768
1910,56.058285
1911,57.553574
1912,76.144104
1913,31.923258
1914,74.31427
1915,45.807568
1916,68.214874
1917,44.688046
1918,85.73874
1919,65.81632
1920,39.969444
1921,27.776516
1922,37.20186
1923,59.554756
1924,40.623962
1925,72.47347
1926,41.467995
1927,34.16551
1928,38.68478
1929,21.917446
1930,37.481564
1931,57.57614
1932,31.016558
1933,80.65288
1934,34.13117
1935,37.434685
1936,28.75334
1937,15.358079
1938,28.790653
1939,46.093197
1940,61.62945
1941,57.30114
1942,85.56837
1943,32.10709
1944,85.03974
1945,45.45888
1946,80.04743
1947,45.15904
1948,92.7538
1949,65.929695
1950,38.162296
1951,31.154015
1952,37.855217
1953,60.838142
1954,38.352303
1955,72.690414
1956,39.414467
1957,36.68155
1958,38.06992
1959,25.287605
1960,38.758636
1961,56.607418
1962,28.168781
1963,78.87213
1964,30.553736
1965,40.321873
1966,28.134167
1967,19.383394
1968,29.499258
1969,47.0909
1970,61.701263
1971,61.962822
1972,70.77227
1973,35.932823
1974,69.624146
1975,48.325756
1976,65.89466
1977,48.180557
1978,79.26557
1979,64.5416
1980,36.079323
1981,30.469898
1982,36.399216
1983,59.874542
1984,36.610443
1985,70.52855
1986,36.27049
1987,35.542645
1988,37.07373
1989,24.754492
1990,37.153904
1991,54.870052
1992,29.044783
1993,76.61548
1994,28.260672
1995,39.97023
1996,28.85553
1997,18.20974
1998,28.419317
1999,50.356678
2000,51.191498
2001,62.060707
2002,72.90013
2003,36.65325
2004,73.92118
2005,49.729
2006,67.55483
2007,49.809082
2008,81.61457
2009,64.26748
2010,34.960697
2011,29.750801
2012,35.703125
2013,57.885975
2014,35.25917
2015,69.94351
2016,35.8881
2017,35.981117
2018,35.63174
2019,24.34317
2020,37.10959
2021,56.85311
2022,27.485945
2023,76.849
2024,27.635572
2025,36.90392
2026,28.704214
2027,17.16415
2028,29.754105
2029,46.15698
2030,43.22215
2031,62.558044
2032,69.800026
2033,32.0289
2034,70.255615
2035,46.60371
2036,62.493176
2037,47.311657
2038,72.96169
2039,66.64673
2040,34.594883
2041,31.40617
2042,36.63566
2043,60.56242
2044,35.57912
2045,72.58418
2046,34.797947
2047,37.44737
2048,36.832767
2049,24.77484
2050,37.51438
2051,59.190773
2052,28.21796
2053,76.61339
2054,27.436415
2055,39.132523
2056,29.619997
2057,19.418173
2058,31.964266
2059,49.793037
2060,54.51144
2061,64.870636
2062,72.78504
2063,36.85144
2064,73.57498
2065,50.474583
2066,69.68719
2067,50.697998
2068,80.92691
2069,65.51781
2070,32.904472
2071,30.630964
2072,36.49207
2073,59.2136
2074,33.711052
2075,71.534065
2076,33.13798
2077,37.185158
2078,35.98167
2079,24.770193
2080,38.07753
2081,57.962605
2082,25.941597
2083,76.29894
2084,23.809652
2085,37.65687
2086,28.908375
2087,19.481274
2088,29.727068
2089,49.087646
2090,44.62834
2091,65.19563
2092,68.27414
2093,37.441353
2094,70.72376
2095,50.298927
2096,62.70796
2097,51.463684
2098,73.27012
2099,66.5717
2100,35.01
2101,28.64909
2102,38.265926
2103,59.788692
2104,36.639706
2105,73.34281
2106,35.62819
2107,35.666344
2108,38.45529
2109,22.356853
2110,39.755543
2111,55.835674
2112,25.961624
2113,79.17349
2114,26.409302
2115,35.030647
2116,28.187088
2117,14.538277
2118,32.695034
2119,47.154263
2120,57.73684
2121,70.01359
2122,67.925514
2123,32.22856
2124,69.872856
2125,49.5426
2126,67.172676
2127,50.894783
2128,81.36786
2129,70.14233
2130,31.196068
2131,28.690722
2132,32.794136
2133,64.0195
2134,32.19708
2135,76.6494
2136,32.72907
2137,35.62461
2138,33.038548
2139,22.776972
2140,34.455074
2141,61.434456
2142,19.416996
2143,83.75837
2144,23.430876
2145,40.027668
2146,21.280233
2147,14.460628
2148,27.689976
2149,50.477287
2150,46.3214
2151,66.40845
2152,73.049126
2153,35.778114
2154,71.99098
2155,50.27952
2156,64.2347
2157,50.34367
2158,82.38537
2159,65.00511
2160,38.978703
2161,24.428316
2162,41.826954
2163,58.46434
2164,39.672157
2165,73.359245
2166,39.567562
2167,31.718784
2168,41.32647
2169,17.727995
2170,42.92697
2171,55.009796
2172,31.656506
2173,79.96199
2174,29.701012
2175,35.147343
2176,33.090397
2177,11.970503
2178,33.78619
2179,44.725014
2180,51.07912
2181,62.023277
2182,79.884315
2183,32.54522
2184,82.04196
2185,46.169006
2186,70.14924
2187,47.426052
2188,87.99035
2189,64.81852
2190,37.00027
2191,30.805532
2192,36.697647
2193,60.02175
2194,37.16215
2195,71.23903
2196,38.03312
2197,35.960777
2198,36.906933
2199,25.400816
2200,37.64813
2201,55.816418
2202,26.914814
2203,77.46435
2204,28.99748
2205,40.199432
2206,26.952461
2207,19.336447
2208,28.536755
2209,46.40144
2210,60.407856
2211,60.573532
2212,69.67357
2213,36.072952
2214,68.63239
2215,47.792366
2216,63.941563
2217,47.742115
2218,78.73546
2219,67.062546
2220,34.809727
2221,30.372831
2222,34.836315
2223,61.71688
2224,35.5452
2225,73.40209
2226,35.483715
2227,36.06792
2228,35.558712
2229,24.39339
2230,35.56686
2231,56.50222
2232,27.770197
2233,80.569984
2234,28.104563
2235,39.71961
2236,27.355625
2237,17.451565
2238,27.025375
2239,49.95945
2240,50.455353
2241,64.439575
2242,72.64948
2243,36.191135
2244,72.971756
2245,50.27425
2246,67.42914
2247,50.09914
2248,78.86493
2249,68.91668
2250,34.644974
2251,27.954601
2252,37.153175
2253,61.92554
2254,36.193798
2255,75.70573
2256,36.40967
2257,34.109455
2258,37.50992
2259,20.544725
2260,39.15045
2261,55.839954
2262,19.313162
2263,80.983665
2264,25.143263
2265,38.682285
2266,20.940607
2267,13.50562
2268,29.807314
2269,45.026863
2270,51.558037
2271,63.371754
2272,78.86208
2273,29.901802
2274,79.95115
2275,45.314682
2276,69.34841
2277,46.269737
2278,87.87893
2279,64.21134
2280,36.964497
2281,30.09525
2282,36.225113
2283,58.578938
2284,37.608166
2285,70.86391
2286,37.75775
2287,36.18279
2288,37.371532
2289,23.786438
2290,36.712173
2291,53.203426
2292,30.305927
2293,77.88725
2294,31.534643
2295,42.52372
2296,29.610321
2297,17.19925
2298,29.473602
2299,47.42704
2300,57.26504
2301,58.3384
2302,77.971886
2303,33.834126
2304,77.76127
2305,46.569588
2306,73.13819
2307,46.346222
2308,85.1972
2309,65.16073
2310,40.417458
2311,28.085657
2312,38.393326
2313,59.13447
2314,41.341377
2315,72.19825
2316,41.631523
2317,34.618492
2318,39.928482
2319,21.541624
2320,38.947056
2321,57.55887
2322,31.959648
2323,79.961136
2324,33.858673
2325,37.481827
2326,30.302456
2327,15.419079
2328,29.60864
2329,47.376625
2330,63.976574
2331,58.54847
2332,85.20722
2333,32.535904
2334,84.94389
2335,46.555065
2336,80.97638
2337,46.059505
2338,91.80052
2339,68.002144
2340,36.156994
2341,29.952097
2342,34.83595
2343,61.49982
2344,36.601856
2345,73.96558
2346,37.268566
2347,36.694458
2348,35.752003
2349,23.991436
2350,35.535248
2351,60.05856
2352,27.872833
2353,79.149895
2354,26.700369
2355,38.313553
2356,26.954214
2357,19.669638
2358,23.87513
2359,48.642788
2360,48.383606
2361,61.801384
2362,73.2334
2363,33.942455
2364,72.14054
2365,48.337006
2366,64.86909
2367,47.915184
2368,79.125694
2369,67.080475
2370,36.58251
2371,30.892252
2372,38.329613
2373,60.837494
2374,37.85004
2375,72.82861
2376,37.376522
2377,36.49237
2378,38.94599
2379,24.782011
2380,39.382256
2381,56.18884
2382,31.27182
2383,78.366394
2384,29.435175
2385,38.43087
2386,31.309734
2387,18.004324
2388,32.33175
2389,51.678795
2390,52.934532
2391,68.68215
2392,69.51583
2393,33.799442
2394,71.46551
2395,51.53832
2396,66.86943
2397,52.039665
2398,80.61457
2399,64.25582
2400,36.845623
2401,29.267748
2402,37.33376
2403,57.83293
2404,37.39478
2405,70.3748
2406,37.725456
2407,35.96582
2408,37.60993
2409,23.376194
2410,38.49448
2411,55.545124
2412,28.636406
2413,75.91064
2414,31.30221
2415,37.140175
2416,28.2568
2417,17.082699
2418,32.03606
2419,48.8528
2420,52.456173
2421,61.437763
2422,71.43852
2423,35.361465
2424,72.52515
2425,48.65781
2426,67.80035
2427,49.122192
2428,80.12941
2429,67.30279
2430,34.798367
2431,29.944624
2432,33.224495
2433,61.092865
2434,35.693207
2435,72.61184
2436,36.0107
2437,36.100533
2438,34.568813
2439,24.377922
2440,34.020126
2441,59.907173
2442,28.069859
2443,79.099144
2444,29.545195
2445,39.272247
2446,27.36568
2447,18.355385
2448,27.41537
2449,48.561234
2450,55.779488
2451,60.35876
2452,72.14414
2453,32.740936
2454,71.24919
2455,47.27975
2456,68.19812
2457,47.010353
2458,78.33133
2459,67.94234
2460,37.928852
2461,30.200602
2462,35.592083
2463,61.54399
2464,37.563766
2465,74.62098
2466,39.61975
2467,36.48395
2468,35.87178
2469,23.66951
2470,36.32472
2471,57.558678
2472,26.202053
2473,81.53704
2474,29.468855
2475,39.365047
2476,25.76342
2477,17.153727
2478,26.674088
2479,44.86733
2480,62.369217
2481,61.802658
2482,73.42397
2483,34.106956
2484,70.6874
2485,46.409336
2486,69.032585
2487,46.386562
2488,80.40352
2489,68.30923
2490,37.955433
2491,30.499243
2492,36.655422
2493,61.596413
2494,38.114517
2495,75.64554
2496,39.31792
2497,37.440372
2498,36.99192
2499,23.593126
2500,37.58328
2501,57.20523
2502,27.145983
2503,82.39182
2504,29.4875
2505,39.607826
2506,27.177183
2507,16.908413
2508,27.972569
2509,45.78831
2510,64.28006
2511,64.03717
2512,74.09013
2513,35.33284
2514,72.00307
2515,47.865635
2516,71.6836
2517,47.94426
2518,79.78713
2519,66.09707
2520,37.646248
2521,31.605267
2522,36.078133
2523,60.354652
2524,38.51478
2525,71.77585
2526,37.776707
2527,36.770287
2528,37.524464
2529,25.770226
2530,36.13268
2531,58.136856
2532,31.083643
2533,77.10732
2534,29.111036
2535,39.90288
2536,30.572203
2537,19.764317
2538,27.872845
2539,48.07813
2540,64.39292
2541,60.96922
2542,77.68905
2543,32.91883
2544,76.44815
2545,46.920765
2546,73.05425
2547,46.74238
2548,85.442566
2549,65.703995
2550,41.5197
2551,29.004139
2552,39.11754
2553,59.553795
2554,42.07861
2555,72.475006
2556,42.68048
2557,35.41723
2558,40.517532
2559,22.205908
2560,39.830326
2561,57.560265
2562,32.381126
2563,80.15003
2564,34.82397
2565,38.198345
2566,30.692211
2567,16.193413
2568,30.93935
2569,47.191906
2570,62.81754
2571,58.212967
2572,85.688416
2573,33.502655
2574,84.775024
2575,46.52974
2576,80.33987
2577,46.18006
2578,91.960365
2579,67.4013
2580,38.208984
2581,28.67134
2582,37.599255
2583,60.69315
2584,38.789043
2585,73.40958
2586,39.04306
2587,35.317192
2588,38.571262
2589,23.089716
2590,38.209164
2591,59.828518
2592,31.61816
2593,77.77499
2594,27.158964
2595,36.27935
2596,31.368223
2597,19.403458
2598,26.404287
2599,47.085537
2600,53.497982
2601,62.953224
2602,71.53146
2603,32.667892
2604,70.9635
2605,47.49729
2606,67.65174
2607,47.567318
2608,79.81003
2609,66.63972
2610,37.29828
2611,28.445705
2612,36.483124
2613,59.797276
2614,37.281868
2615,74.932274
2616,39.026688
2617,36.470512
2618,36.766987
2619,20.994099
2620,37.898785
2621,55.33409
2622,31.027578
2623,80.44583
2624,31.18675
2625,42.195293
2626,30.236938
2627,16.348497
2628,29.865065
2629,48.731285
2630,51.157837
2631,63.141712
2632,76.254265
2633,31.635975
2634,75.60499
2635,48.02002
2636,72.06017
2637,47.891743
2638,83.44038
2639,66.242386
2640,36.31267
2641,28.676844
2642,34.98995
2643,60.521847
2644,36.73699
2645,71.854004
2646,37.31574
2647,34.37384
2648,35.372734
2649,22.681585
2650,35.864826
2651,55.9428
2652,27.709667
2653,78.85621
2654,29.453688
2655,40.303913
2656,26.537985
2657,15.567285
2658,27.538189
2659,49.075348
2660,54.147938
2661,58.68794
2662,74.25088
2663,33.448265
2664,73.38255
2665,47.027348
2666,66.65073
2667,46.346527
2668,84.64789
2669,65.25034
2670,38.415775
2671,27.954836
2672,37.689095
2673,58.21397
2674,38.49502
2675,72.09933
2676,39.604282
2677,34.958252
2678,37.938442
2679,21.056988
2680,38.835037
2681,56.482597
2682,27.994806
2683,77.95509
2684,32.75215
2685,35.541466
2686,26.753683
2687,15.283253
2688,31.235014
2689,47.253044
2690,52.589844
2691,61.69719
2692,74.49024
2693,31.386673
2694,74.69362
2695,46.805252
2696,69.21174
2697,47.049984
2698,82.9407
2699,66.374176
2700,37.971268
2701,28.73467
2702,37.44802
2703,60.08378
2704,38.94019
2705,73.28503
2706,39.190388
2707,35.045242
2708,38.54438
2709,20.89542
2710,38.959297
2711,57.39779
2712,29.946655
2713,80.179695
2714,31.038261
2715,35.156216
2716,29.66755
2717,14.341963
2718,30.380297
2719,47.250217
2720,54.432396
2721,62.016743
2722,78.533585
2723,33.49945
2724,78.47444
2725,47.424488
2726,71.22163
2727,47.51188
2728,85.804794
2729,65.348526
2730,36.68399
2731,29.736618
2732,35.415054
2733,59.66827
2734,37.48486
2735,71.08038
2736,36.88282
2737,35.310665
2738,36.4561
2739,24.06541
2740,35.163486
2741,57.050346
2742,31.533178
2743,77.414986
2744,28.549437
2745,39.63116
2746,30.59096
2747,17.737494
2748,26.886051
2749,47.751686
2750,65.24646
2751,59.902058
2752,75.8137
2753,29.908028
2754,75.04758
2755,46.06804
2756,71.52616
2757,45.960808
2758,83.00921
2759,66.99938
2760,38.574646
2761,30.43116
2762,36.937767
2763,61.115765
2764,38.690807
2765,72.91612
2766,39.870823
2767,36.260315
2768,37.48217
2769,24.7035
2770,37.617386
2771,57.0823
2772,31.542652
2773,79.07579
2774,31.60062
2775,39.58695
2776,30.003332
2777,19.360126
2778,28.479788
2779,49.10739
2780,52.127148
2781,61.58036
2782,75.055016
2783,33.347824
2784,73.962135
2785,47.957798
2786,67.64357
2787,47.600594
2788,83.52018
2789,67.738335
2790,36.738144
2791,28.891449
2792,33.560257
2793,60.873928
2794,37.37703
2795,75.214806
2796,38.879257
2797,36.13618
2798,35.26197
2799,21.60225
2800,34.446144
2801,59.185696
2802,27.568983
2803,81.89967
2804,32.347042
2805,39.738445
2806,25.434181
2807,16.615866
2808,26.67221
2809,47.763996
2810,48.233658
2811,61.943665
2812,73.42632
2813,27.209808
2814,70.40151
2815,45.568825
2816,64.68093
2817,44.383087
2818,80.28349
2819,67.203094
2820,36.46819
2821,28.488932
2822,35.799767
2823,60.453293
2824,37.083294
2825,73.000206
2826,37.252804
2827,35.099865
2828,36.715157
2829,22.698889
2830,36.320457
2831,59.451393
2832,29.001917
2833,77.65731
2834,26.1167
2835,35.88364
2836,28.258127
2837,18.252462
2838,24.628355
2839,47.623196
2840,50.783833
2841,61.963654
2842,72.2216
2843,32.66585
2844,72.19278
2845,47.543175
2846,66.509865
2847,47.387276
2848,78.64653
2849,65.609924
2850,35.793976
2851,28.966545
2852,34.76271
2853,59.78021
2854,36.505703
2855,70.792244
2856,37.118195
2857,34.578037
2858,35.502125
2859,23.49985
2860,35.81988
2861,54.70524
2862,28.05481
2863,77.85295
2864,29.073648
2865,39.54071
2866,27.202316
2867,16.019928
2868,28.202988
2869,48.00322
2870,53.378395
2871,60.65424
2872,70.36121
2873,32.14187
2874,69.9149
2875,46.84682
2876,65.8529
2877,46.623325
2878,78.38345
2879,65.88674
2880,38.260532
2881,28.438358
2882,38.51297
2883,58.469677
2884,39.0357
2885,73.49167
2886,39.30663
2887,35.7329
2888,39.05134
2889,21.067146
2890,39.57091
2891,55.250187
2892,26.705482
2893,82.25025
2894,29.997921
2895,38.328133
2896,26.486841
2897,12.365013
2898,30.54372
2899,46.77324
2900,54.251915
2901,64.0426
2902,78.99173
2903,31.121021
2904,79.268654
2905,47.40135
2906,69.98123
2907,47.64632
2908,87.750084
2909,63.609795
2910,36.791565
2911,25.785324
2912,40.13626
2913,57.245758
2914,38.122437
2915,70.647675
2916,37.39364
2917,32.152042
2918,40.19279
2919,19.229322
2920,42.090935
2921,52.754692
2922,27.77404
2923,76.044044
2924,27.952991
2925,34.628204
2926,28.895998
2927,11.057984
2928,33.907642
2929,48.37951
2930,56.790936
2931,64.41255
2932,72.77089
2933,31.609505
2934,75.78583
2935,48.35359
2936,70.10584
2937,49.571182
2938,82.4046
2939,63.82579
2940,35.1929
2941,30.348598
2942,33.801296
2943,58.809193
2944,35.810074
2945,69.753105
2946,36.15018
2947,36.59923
2948,34.94461
2949,24.668972
2950,34.105762
2951,54.6874
2952,27.6741
2953,77.18706
2954,30.367327
2955,43.61718
2956,26.918371
2957,17.205097
2958,27.303724
2959,49.071564
2960,55.861675
2961,57.01894
2962,75.931305
2963,34.998894
2964,75.3706
2965,47.241688
2966,69.878494
2967,46.619137
2968,83.12507
2969,63.257095
2970,39.450523
2971,28.01901
2972,34.280235
2973,57.724907
2974,39.094406
2975,69.51896
2976,41.309303
2977,33.798885
2978,36.051277
2979,22.002714
2980,33.72939
2981,52.805065
2982,30.966204
2983,78.47885
2984,36.151436
2985,41.598175
2986,28.46432
2987,15.365297
2988,26.018265
2989,42.808006
2990,58.15176
2991,51.58598
2992,79.89495
2993,27.168375
2994,76.19369
2995,40.52567
2996,72.63835
2997,39.006145
2998,86.30459
2999,62.512207
3000,36.568832
3001,31.97401
3002,38.118713
3003,57.938744
3004,37.76515
3005,67.82809
3006,36.355247
3007,36.88336
3008,39.16609
3009,27.032677
3010,38.70634
3011,56.409058
3012,31.45607
3013,73.43006
3014,30.557732
3015,39.137066
3016,32.502907
3017,21.012592
3018,32.739334
3019,49.11135
3020,59.42717
3021,63.239227
3022,69.669556
3023,34.46848
3024,71.370766
3025,49.23782
3026,68.29803
3027,49.464638
3028,76.96504
3029,63.996426
3030,35.14047
3031,29.545261
3032,32.556885
3033,58.365597
3034,35.803425
3035,68.86506
3036,36.336456
3037,34.989243
3038,33.929058
3039,24.004177
3040,33.20343
3041,57.62983
3042,28.373589
3043,75.572624
3044,30.532616
3045,39.031414
3046,27.179487
3047,18.3741
3048,27.756836
3049,46.885075
3050,53.784733
3051,55.17947
3052,71.85186
3053,32.165623
3054,70.317085
3055,44.510628
3056,66.469315
3057,43.847935
3058,78.31016
3059,66.00822
3060,33.67797
3061,27.708868
3062,31.726803
3063,59.723793
3064,34.574703
3065,71.73377
3066,34.8466
3067,34.02359
3068,33.31316
3069,21.941196
3070,32.29834
3071,57.834194
3072,27.215525
3073,78.83107
3074,27.91405
3075,37.723804
3076,26.119642
3077,15.903272
3078,25.482107
3079,46.270733
3080,55.708096
3081,59.414883
3082,71.54875
3083,29.40144
3084,70.23811
3085,45.052494
3086,68.671524
3087,44.80671
3088,78.04733
3089,65.01967
3090,36.635586
3091,29.083225
3092,37.862125
3093,57.86352
3094,37.5294
3095,71.815285
3096,37.328884
3097,35.88397
3098,37.98837
3099,21.517126
3100,38.85015
3101,56.77331
3102,24.557692
3103,77.280075
3104,27.505486
3105,36.29156
3106,25.173117
3107,15.097571
3108,29.398495
3109,48.27765
3110,53.97017
3111,64.83652
3112,69.650795
3113,31.240236
3114,70.957634
3115,48.244514
3116,66.834656
3117,48.48283
3118,77.00928
3119,66.45239
3120,38.48202
3121,28.670177
3122,36.22984
3123,59.566925
3124,38.459335
3125,73.04218
3126,39.933624
3127,35.664047
3128,36.89227
3129,22.28358
3130,36.912983
3131,56.452065
3132,29.29008
3133,79.4346
3134,32.577152
3135,36.52769
3136,27.459932
3137,17.077232
3138,27.887667
3139,45.53646
3140,55.0414
3141,61.70631
3142,73.98321
3143,31.045801
3144,72.772804
3145,45.941933
3146,70.6439
3147,45.629543
3148,80.534004
3149,66.21592
3150,36.367504
3151,30.181911
3152,36.718422
3153,60.167576
3154,37.27367
3155,71.86517
3156,37.08552
3157,35.354916
3158,37.34464
3159,24.60779
3160,37.167255
3161,53.927708
3162,28.348076
3163,77.248276
3164,27.240742
3165,38.68262
3166,28.803856
3167,18.779003
3168,27.79128
3169,43.992615
3170,61.2392
3171,61.770782
3172,78.93694
3173,32.25895
3174,78.476295
3175,45.375313
3176,72.625206
3177,45.512535
3178,90.44264
3179,66.02137
3180,38.849083
3181,29.220135
3182,38.4456
3183,60.32346
3184,39.255707
3185,72.058205
3186,39.807743
3187,35.162586
3188,39.17771
3189,23.195889
3190,39.26676
3191,54.62501
3192,30.371717
3193,80.69888
3194,34.473946
3195,41.776676
3196,29.808275
3197,14.409086
3198,33.38728
3199,48.890526
3200,58.5568
3201,60.57092
3202,82.48524
3203,35.52502
3204,82.4864
3205,48.73038
3206,74.57797
3207,48.722923
3208,91.62339
3209,65.36805
3210,37.796658
3211,30.458015
3212,37.811462
3213,60.486195
3214,37.770557
3215,71.950005
3216,38.93378
3217,35.946815
3218,37.757835
3219,24.837164
3220,38.85449
3221,55.73716
3222,27.183636
3223,78.22
3224,29.433867
3225,40.08835
3226,27.427217
3227,18.535475
3228,29.61503
3229,46.586414
3230,60.455482
3231,61.25925
3232,70.200066
3233,35.94731
3234,69.37058
3235,48.02752
3236,64.27924
3237,48.009567
3238,79.28089
3239,65.274025
3240,37.43609
3241,28.302155
3242,38.440144
3243,58.565514
3244,37.86179
3245,71.98051
3246,38.31477
3247,35.150635
3248,38.510773
3249,21.679443
3250,39.83005
3251,55.522293
3252,28.674793
3253,77.258995
3254,31.617607
3255,35.529064
3256,28.47481
3257,15.506175
3258,33.00266
3259,48.406124
3260,53.232224
3261,63.104046
3262,74.068214
3263,33.945644
3264,75.60347
3265,48.582905
3266,69.7117
3267,49.370308
3268,84.11894
3269,63.933136
3270,37.16343
3271,24.902918
3272,39.735455
3273,57.6228
3274,37.793427
3275,71.49078
3276,37.517056
3277,31.672308
3278,39.30821
3279,18.453566
3280,40.620167
3281,54.611507
3282,30.54343
3283,77.55696
3284,28.337875
3285,34.345924
3286,31.653967
3287,12.762498
3288,32.022526
3289,44.547024
3290,50.38454
3291,59.187214
3292,76.05145
3293,34.981865
3294,77.911705
3295,46.17327
3296,66.606575
3297,47.408054
3298,85.153755
3299,63.363
3300,37.99716
3301,27.967653
3302,34.68614
3303,57.55175
3304,38.106277
3305,70.10911
3306,39.534195
3307,34.550663
3308,36.081234
3309,21.838825
3310,34.46397
3311,52.87033
3312,30.325111
3313,77.22971
3314,33.72069
3315,40.820923
3316,28.40698
3317,15.818294
3318,26.821661
3319,44.461327
3320,58.51638
3321,55.13966
3322,78.75632
3323,28.112097
3324,76.09626
3325,42.38248
3326,74.28163
3327,41.498535
3328,82.58375
3329,67.0413
3330,36.145855
3331,28.31701
3332,35.71538
3333,60.393116
3334,37.099693
3335,73.25081
3336,37.0686
3337,34.978107
3338,36.922962
3339,22.257757
3340,36.491074
3341,58.60962
3342,29.41939
3343,77.80851
3344,26.519085
3345,36.160774
3346,28.781715
3347,18.021147
3348,25.364998
3349,47.254772
3350,50.69208
3351,62.813316
3352,72.1757
3353,32.07787
3354,71.95375
3355,47.426434
3356,66.33261
3357,47.43591
3358,80.81603
3359,63.243538
3360,35.07989
3361,29.694452
3362,39.284626
3363,57.01941
3364,35.691692
3365,69.38211
3366,35.158665
3367,36.25926
3368,38.27116
3369,24.05196
3370,41.10957
3371,55.85376
3372,27.042282
3373,73.08627
3374,25.459188
3375,35.93296
3376,30.447744
3377,19.610174
3378,32.3864
3379,47.124474
3380,44.816998
3381,64.28126
3382,67.78409
3383,36.81221
3384,71.085655
3385,48.97243
3386,62.747066
3387,50.67269
3388,73.07886
3389,66.52262
3390,36.60278
3391,29.625923
3392,35.35744
3393,60.1657
3394,37.00684
3395,72.10684
3396,37.616783
3397,36.142685
3398,36.18321
3399,23.73095
3400,35.852642
3401,59.596222
3402,28.838766
3403,76.99573
3404,26.789356
3405,38.08325
3406,27.956738
3407,19.35544
3408,24.569801
3409,49.287365
3410,49.93361
3411,61.181522
3412,71.18437
3413,32.61613
3414,70.251526
3415,48.04915
3416,64.73576
3417,47.490707
3418,76.4684
3419,66.16467
3420,35.68586
3421,27.975193
3422,36.196457
3423,59.40336
3424,36.71093
3425,72.19012
3426,36.372078
3427,34.593735
3428,36.696247
3429,22.183477
3430,36.40317
3431,56.676617
3432,30.038994
3433,79.36422
3434,28.220015
3435,36.268623
3436,30.320408
3437,14.537431
3438,29.519737
3439,46.40804
3440,59.662186
3441,58.930035
3442,81.24757
3443,36.404766
3444,81.328224
3445,47.032784
3446,75.74205
3447,47.43138
3448,90.06636
3449,67.449875
3450,36.66186
3451,28.077747
3452,35.612926
3453,60.54807
3454,36.99252
3455,73.97148
3456,38.121532
3457,34.886723
3458,36.35798
3459,21.590551
3460,37.008717
3461,55.500168
3462,29.596357
3463,81.06197
3464,31.464607
3465,37.628845
3466,28.633059
3467,15.202765
3468,29.866413
3469,46.0332
3470,53.15918
3471,61.628822
3472,77.53187
3473,32.366234
3474,77.38452
3475,46.113884
3476,73.12783
3477,46.636078
3478,86.13307
3479,63.50037
3480,35.385784
3481,29.18757
3482,36.09154
3483,58.128002
3484,36.3909
3485,70.26354
3486,35.816063
3487,35.866158
3488,36.81133
3489,23.400671
3490,36.6662
3491,53.06088
3492,28.638731
3493,76.61758
3494,29.315966
3495,42.752613
3496,28.321463
3497,16.505598
3498,29.155388
3499,50.051796
3500,57.05649
3501,58.876614
3502,77.27529
3503,36.882442
3504,78.1113
3505,49.0345
3506,72.01489
3507,48.795715
3508,85.15155
3509,64.14373
3510,35.318733
3511,30.006077
3512,35.33069
3513,58.515892
3514,36.26724
3515,70.88262
3516,36.32925
3517,36.071423
3518,36.411533
3519,23.505938
3520,36.702946
3521,56.04263
3522,28.247652
3523,76.45805
3524,29.819393
3525,39.071457
3526,28.188038
3527,18.25879
3528,29.9707
3529,48.09728
3530,52.329437
3531,60.579803
3532,72.19659
3533,34.760616
3534,72.50385
3535,48.00675
3536,65.97985
3537,47.88326
3538,81.57892
3539,75.80975
3540,30.510221
3541,29.615585
3542,30.573626
3543,69.04034
3544,31.188265
3545,83.57384
3546,32.52957
3547,37.993057
3548,31.63984
3549,21.901752
3550,33.907555
3551,67.35632
3552,14.57173
3553,89.52839
3554,22.227531
3555,43.33077
3556,17.707777
3557,15.39831
3558,25.444075
3559,56.446102
3560,46.189148
3561,74.785835
3562,74.60047
3563,42.508217
3564,71.83141
3565,57.032467
3566,64.80673
3567,56.760384
3568,82.4081
3569,63.37768
3570,37.98429
3571,27.227926
3572,40.551838
3573,57.22145
3574,38.496994
3575,69.618744
3576,38.443886
3577,33.378193
3578,39.96876
3579,21.428473
3580,41.999157
3581,54.662334
3582,31.321505
3583,75.72589
3584,29.444427
3585,35.17506
3586,32.607628
3587,14.33131
3588,33.96353
3589,45.486572
3590,48.43936
3591,60.953114
3592,75.50818
3593,34.98676
3594,77.605675
3595,47.318047
3596,65.5026
3597,48.754307
3598,84.33634
3599,66.3696
3600,39.567383
3601,28.189348
3602,38.17188
3603,58.896084
3604,38.51542
3605,74.35053
3606,40.899746
3607,36.0895
3608,37.59376
3609,19.815374
3610,39.685177
3611,55.513977
3612,30.056862
3613,79.916
3614,31.19844
3615,39.932953
3616,29.234922
3617,14.752371
3618,29.645767
3619,47.815147
3620,48.95707
3621,63.382446
3622,76.2682
3623,30.834494
3624,75.84965
3625,47.537735
3626,71.71976
3627,47.738804
3628,82.77958
3629,65.887985
3630,40.000614
3631,31.278364
3632,37.827953
3633,59.885746
3634,40.224205
3635,71.941986
3636,40.786762
3637,37.38173
3638,38.87614
3639,25.397665
3640,37.78685
3641,56.618675
3642,30.19723
3643,81.140594
3644,31.415066
3645,41.393726
3646,29.403238
3647,16.13398
3648,28.282509
3649,47.367786
3650,58.968254
3651,62.022457
3652,77.18034
3653,30.87085
3654,75.66436
3655,46.863476
3656,70.70448
3657,46.372364
3658,87.50893
3659,67.844284
3660,36.184032
3661,29.275167
3662,32.44453
3663,60.351494
3664,36.725536
3665,74.78135
3666,37.937195
3667,36.315216
3668,34.21956
3669,22.10204
3670,33.03621
3671,55.771133
3672,31.32058
3673,82.20815
3674,32.375866
3675,39.425476
3676,29.645452
3677,16.696896
3678,26.094934
3679,44.33235
3680,56.32926
3681,58.915073
3682,77.14271
3683,30.23094
3684,74.83094
3685,43.811867
3686,73.75512
3687,43.494705
3688,83.05453
3689,64.7314
3690,35.53823
3691,31.013807
3692,37.047886
3693,59.146538
3694,36.340706
3695,70.67268
3696,35.507336
3697,36.959995
3698,37.43932
3699,24.591242
3700,37.558514
3701,58.058678
3702,29.89259
3703,74.24873
3704,28.881798
3705,38.623447
3706,30.86057
3707,19.856638
3708,32.550087
3709,47.844727
3710,56.54557
3711,63.334824
3712,71.09163
3713,34.468765
3714,71.340195
3715,48.571835
3716,69.90648
3717,48.70048
3718,79.988335
3719,67.32732
3720,37.58323
3721,29.76488
3722,36.719078
3723,60.934555
3724,38.047573
3725,73.332504
3726,38.32204
3727,36.3956
3728,37.67917
3729,23.858732
3730,37.465477
3731,59.592594
3732,30.247446
3733,78.05734
3734,27.675814
3735,37.955067
3736,29.473278
3737,19.479046
3738,25.972809
3739,48.702923
3740,50.03649
3741,62.4338
3742,73.41028
3743,34.771805
3744,72.94749
3745,48.8205
3746,67.20165
3747,48.572018
3748,76.98189
3749,64.58457
3750,37.28308
3751,31.359434
3752,37.166767
3753,59.99633
3754,37.36935
3755,70.98018
3756,38.13429
3757,36.41348
3758,37.148853
3759,26.036482
3760,37.92472
3761,55.971607
3762,27.149399
3763,77.32067
3764,28.924454
3765,40.493774
3766,27.273027
3767,19.849531
3768,28.580057
3769,46.553566
3770,59.72826
3771,60.76389
3772,68.643845
3773,36.315094
3774,67.59035
3775,48.096848
3776,63.082596
3777,47.98442
3778,77.397224
3779,64.88831
3780,37.524292
3781,30.878231
3782,37.06294
3783,59.301273
3784,38.22117
3785,71.17756
3786,38.07488
3787,36.64904
3788,37.94632
3789,25.146446
3790,37.45748
3791,54.801487
3792,31.212511
3793,77.65929
3794,31.233503
3795,39.82161
3796,30.614668
3797,19.425346
3798,29.729076
3799,48.54375
3800,53.92621
3801,63.0129
3802,72.26702
3803,35.063206
3804,72.466995
3805,48.746914
3806,69.317024
3807,48.594368
3808,77.78891
3809,66.97411
3810,38.04528
3811,28.891935
3812,36.791885
3813,59.92247
3814,37.889675
3815,73.35255
3816,39.42551
3817,35.868492
3818,36.869854
3819,22.49877
3820,37.579357
3821,58.639915
3822,26.284962
3823,79.40153
3824,31.909096
3825,36.82557
3826,25.013557
3827,16.796444
3828,29.194065
3829,48.548157
3830,50.6508
3831,62.57877
3832,73.94724
3833,32.8527
3834,73.43054
3835,47.961414
3836,67.88894
3837,47.48686
3838,80.40299
3839,65.633675
3840,37.474678
3841,31.197998
3842,37.294178
3843,60.865368
3844,37.457943
3845,72.148796
3846,38.512524
3847,36.72728
3848,37.1967
3849,25.914785
3850,38.049892
3851,56.523624
3852,26.986017
3853,78.29612
3854,29.201252
3855,40.722656
3856,27.178852
3857,19.677187
3858,28.61981
3859,47.00563
3860,60.92513
3861,62.3995
3862,70.07743
3863,35.687473
3864,69.17266
3865,48.571476
3866,65.381775
3867,48.46935
3868,78.85102
3869,65.85443
3870,34.77025
3871,29.435587
3872,35.43766
3873,59.325787
3874,34.95738
3875,71.54506
3876,35.945904
3877,35.834957
3878,35.162304
3879,23.75384
3880,37.02721
3881,58.074677
3882,26.687338
3883,78.90932
3884,27.93907
3885,36.752277
3886,27.698145
3887,16.054203
3888,29.73944
3889,46.90437
3890,41.589066
3891,61.3501
3892,72.21049
3893,34.45941
3894,72.247765
3895,47.30115
3896,60.606876
3897,47.819706
3898,78.175674
3899,72.398834
3900,33.73343
3901,24.067688
3902,33.09229
3903,63.461655
3904,34.357887
3905,80.624626
3906,34.834286
3907,32.07836
3908,34.265747
3909,15.579182
3910,34.202873
3911,57.888992
3912,26.201458
3913,87.61707
3914,26.805693
3915,34.127605
3916,25.927193
3917,8.870433
3918,25.056244
3919,44.475357
3920,58.149162
3921,65.21801
3922,81.49083
3923,29.786818
3924,80.79119
3925,45.992268
3926,79.10174
3927,46.102493
3928,91.40664
3929,67.91818
3930,39.431023
3931,28.63801
3932,38.83879
3933,61.546608
3934,40.20948
3935,74.950424
3936,40.765217
3937,35.215103
3938,39.801483
3939,21.864351
3940,39.50039
3941,57.351814
3942,31.07223
3943,82.316154
3944,31.576788
3945,39.533062
3946,30.725828
3947,15.390697
3948,30.157854
3949,46.530582
3950,65.47404
3951,63.142136
3952,83.10747
3953,30.00921
3954,82.2335
3955,46.51664
3956,76.665245
3957,46.30082
3958,92.611855
3959,65.75325
3960,38.439182
3961,30.384048
3962,40.340446
3963,58.428757
3964,40.198788
3965,72.68401
3966,39.83298
3967,37.111
3968,41.148956
3969,23.416553
3970,42.148205
3971,56.428654
3972,30.375015
3973,77.121185
3974,31.282578
3975,37.464375
3976,31.140762
3977,18.23721
3978,34.049717
3979,48.03339
3980,51.493996
3981,65.78376
3982,77.60037
3983,32.814045
3984,78.92506
3985,48.624386
3986,71.37204
3987,49.433865
3988,81.44245
3989,66.07724
3990,35.112995
3991,25.869179
3992,39.779675
3993,59.44403
3994,36.771618
3995,72.38898
3996,35.208885
3997,32.23619
3998,39.540955
3999,18.468712
4000,41.86825
4001,55.004677
4002,29.249878
4003,77.456635
4004,25.921362
4005,34.660835
4006,30.866291
4007,10.104228
4008,34.779823
4009,52.302456
4010,56.682766
4011,67.32795
4012,76.280945
4013,34.653828
4014,80.90496
4015,52.139523
4016,74.02217
4017,53.186058
4018,85.5479
4019,66.734665
4020,37.144714
4021,28.370735
4022,35.98689
4023,60.391163
4024,38.19383
4025,72.68072
4026,37.819912
4027,34.97507
4028,37.665985
4029,22.631363
4030,36.32209
4031,60.64909
4032,31.933666
4033,77.40979
4034,28.270014
4035,36.79681
4036,30.913054
4037,18.834602
4038,26.293589
4039,48.2536
4040,55.577106
4041,60.021034
4042,73.97582
4043,32.962254
4044,73.382454
4045,47.0941
4046,69.776955
4047,46.821934
4048,80.75258
4049,64.5913
4050,34.341164
4051,30.160109
4052,32.60127
4053,58.85554
4054,35.191803
4055,69.34059
4056,35.4574
4057,35.530025
4058,33.87583
4059,24.8653
4060,33.44091
4061,57.65784
4062,27.965296
4063,75.91896
4064,29.391125
4065,38.714626
4066,27.11515
4067,19.126308
4068,27.661203
4069,46.57541
4070,53.347214
4071,56.686413
4072,69.691765
4073,32.884037
4074,68.60408
4075,45.095104
4076,64.86798
4077,44.76344
4078,76.18948
4079,65.466736
4080,38.01765
4081,25.737164
4082,41.067947
4083,59.16912
4084,38.712307
4085,73.54244
4086,38.47058
4087,32.60953
4088,40.66157
4089,19.001095
4090,42.33736
4091,54.875675
4092,31.210897
4093,79.973145
4094,29.464083
4095,35.514717
4096,32.78758
4097,12.450879
4098,34.21776
4099,45.40626
4100,51.07428
4101,63.539536
4102,78.308365
4103,33.639957
4104,80.713295
4105,47.076725
4106,68.826004
4107,48.5893
4108,87.88114
4109,64.77635
4110,34.617085
4111,31.255682
4112,37.071945
4113,58.811768
4114,35.469894
4115,70.0662
4116,35.118923
4117,37.30242
4118,37.02916
4119,25.716284
4120,38.07344
4121,56.048763
4122,28.152525
4123,75.41423
4124,26.820288
4125,37.366287
4126,29.91329
4127,18.722658
4128,32.29347
4129,48.793766
4130,53.09246
4131,63.01597
4132,72.66222
4133,37.95601
4134,74.155975
4135,49.824528
4136,68.904396
4137,50.7313
4138,79.560104
4139,69.68839
4140,32.02302
4141,29.633183
4142,34.741844
4143,63.871258
4144,33.113335
4145,75.625145
4146,33.38268
4147,36.393322
4148,34.633568
4149,24.360357
4150,36.22006
4151,60.631405
4152,20.904648
4153,82.428894
4154,23.038595
4155,39.730274
4156,23.860653
4157,15.769707
4158,29.047844
4159,51.36505
4160,46.82167
4161,68.35756
4162,72.7004
4163,38.410835
4164,72.4316
4165,52.238556
4166,64.03659
4167,52.940773
4168,81.37523
4169,64.24588
4170,36.792564
4171,31.72035
4172,36.429173
4173,59.272316
4174,37.381916
4175,70.12438
4176,37.33206
4177,36.83793
4178,37.09085
4179,26.715937
4180,36.66613
4181,55.240116
4182,30.028156
4183,77.46828
4184,31.342043
4185,40.465214
4186,29.397343
4187,20.548939
4188,29.55072
4189,49.0605
4190,50.745033
4191,62.426697
4192,70.046295
4193,36.309467
4194,70.58143
4195,49.501534
4196,65.96341
4197,49.285255
4198,76.11857
4199,65.59396
4200,38.547806
4201,30.523014
4202,36.48837
4203,59.71353
4204,38.26954
4205,72.256836
4206,40.314354
4207,36.688477
4208,36.713665
4209,24.698162
4210,37.28955
4211,55.790096
4212,27.728163
4213,78.88674
4214,31.725018
4215,39.468983
4216,27.327145
4217,18.227715
4218,28.893122
4219,43.905598
4220,61.040257
4221,60.06021
4222,72.18173
4223,34.31533
4224,69.28544
4225,45.686974
4226,67.787125
4227,45.634388
4228,77.932236
4229,64.706345
4230,39.75921
4231,28.865435
4232,41.989365
4233,57.431618
4234,40.9683
4235,71.69602
4236,40.87386
4237,35.2666
4238,42.42692
4239,21.744194
4240,43.972206
4241,54.819233
4242,30.538025
4243,77.119576
4244,31.805746
4245,35.534367
4246,31.60994
4247,14.890365
4248,35.90562
4249,47.0998
4250,51.76802
4251,65.565
4252,76.4264
4253,31.519629
4254,78.27022
4255,47.874527
4256,69.73443
4257,49.223583
4258,81.20446
4259,66.32921
4260,36.775646
4261,29.902641
4262,35.21371
4263,59.8641
4264,37.24911
4265,72.12564
4266,38.01662
4267,36.429188
4268,36.1969
4269,24.033567
4270,36.056694
4271,58.69318
4272,29.135214
4273,77.32725
4274,28.282381
4275,38.141632
4276,28.037992
4277,20.01035
4278,25.466066
4279,47.518143
4280,49.36203
4281,60.291634
4282,71.82263
4283,33.221428
4284,70.51932
4285,47.19619
4286,64.68003
4287,46.8846
4288,77.720085
4289,66.73924
4290,35.787277
4291,31.96999
4292,36.531532
4293,60.563343
4294,36.521584
4295,72.474365
4296,35.933926
4297,38.04167
4298,36.978676
4299,24.991568
4300,36.974476
4301,60.243805
4302,29.519272
4303,76.429474
4304,28.82035
4305,40.171566
4306,30.329449
4307,20.082262
4308,31.69415
4309,49.56132
4310,57.58493
4311,63.494602
4312,72.80852
4313,34.317734
4314,72.245544
4315,49.166737
4316,71.360504
4317,49.15534
4318,80.8904
4319,65.49538
4320,37.22544
4321,28.162914
4322,37.47957
4323,59.18342
4324,38.11492
4325,72.939064
4326,37.65561
4327,35.02396
4328,38.53578
4329,21.228941
4330,38.131195
4331,55.422386
4332,32.895927
4333,78.29141
4334,32.146152
4335,38.288578
4336,33.023743
4337,16.13384
4338,31.837719
4339,46.70013
4340,59.96204
4341,62.374187
4342,76.496864
4343,33.008266
4344,76.886024
4345,47.164604
4346,75.65015
4347,47.636765
4348,84.54025
4349,64.24274
4350,36.463764
4351,31.32863
4352,35.758472
4353,59.002514
4354,37.034138
4355,70.37753
4356,37.034283
4357,37.195698
4358,36.564053
4359,25.645542
4360,35.95201
4361,54.358692
4362,29.400236
4363,77.27971
4364,31.288187
4365,43.600147
4366,28.836975
4367,19.527
4368,29.068003
4369,48.77919
4370,55.589954
4371,57.227192
4372,75.687904
4373,37.447666
4374,75.10803
4375,47.95731
4376,69.43962
4377,47.476788
4378,83.50711
4379,65.89141
4380,34.504642
4381,30.442602
4382,36.134327
4383,59.969288
4384,35.284916
4385,71.70504
4386,34.59271
4387,36.758453
4388,36.41943
4389,23.972845
4390,36.73885
4391,58.82741
4392,29.00306
4393,75.64476
4394,27.698908
4395,38.377007
4396,30.356956
4397,19.077845
4398,31.499928
4399,48.230522
4400,57.2512
4401,63.53807
4402,71.899124
4403,34.132267
4404,71.923676
4405,48.62033
4406,70.6461
4407,48.79387
4408,80.35597
4409,65.080734
4410,37.044037
4411,23.85692
4412,40.353073
4413,58.310368
4414,38.00045
4415,73.48577
4416,37.523846
4417,31.241646
4418,39.791763
4419,16.834358
4420,41.6641
4421,54.62525
4422,29.479244
4423,80.13656
4424,27.619644
4425,34.511917
4426,30.94254
4427,10.546085
4428,32.73362
4429,44.666897
4430,49.72072
4431,61.964764
4432,78.88526
4433,33.056465
4434,81.65622
4435,46.4652
4436,68.98632
4437,47.897053
4438,87.79762
4439,66.37246
4440,37.64044
4441,29.409134
4442,36.852577
4443,60.204098
4444,38.153183
4445,72.234535
4446,38.68584
4447,34.9621
4448,37.6913
4449,23.71089
4450,37.566082
4451,55.196762
4452,32.16322
4453,78.988495
4454,31.298594
4455,37.679813
4456,31.384743
4457,17.469662
4458,29.842934
4459,46.770393
4460,54.809376
4461,61.46757
4462,74.49851
4463,33.738277
4464,74.33534
4465,46.981323
4466,69.31144
4467,47.272602
4468,81.90991
4469,66.19032
4470,37.989693
4471,29.419804
4472,35.81527
4473,60.427563
4474,38.27178
4475,72.62409
4476,39.24782
4477,35.27865
4478,36.82549
4479,22.94385
4480,36.516808
4481,56.765583
4482,29.725964
4483,80.38428
4484,31.67689
4485,38.042965
4486,27.841982
4487,16.097256
4488,27.34175
4489,47.69714
4490,50.3513
4491,60.34149
4492,76.34932
4493,32.835125
4494,75.2854
4495,46.95784
4496,68.08569
4497,46.429543
4498,82.59826
4499,67.65549
4500,36.96643
4501,27.151674
4502,37.31109
4503,60.091217
4504,37.368744
4505,74.53226
4506,38.024273
4507,34.363724
4508,37.414837
4509,19.73466
4510,38.61562
4511,57.669823
4512,27.32902
4513,80.42533
4514,31.305643
4515,35.28316
4516,26.569016
4517,13.053593
4518,30.914326
4519,49.480217
4520,56.98878
4521,65.69019
4522,74.60926
4523,31.447002
4524,75.658394
4525,49.188244
4526,71.37935
4527,49.32413
4528,85.65375
4529,65.40424
4530,38.590923
4531,28.21934
4532,38.6588
4533,58.9409
4534,39.852093
4535,72.41433
4536,39.753696
4537,34.86366
4538,39.76949
4539,21.336357
4540,39.969463
4541,56.47761
4542,30.364109
4543,79.02639
4544,30.817379
4545,35.65257
4546,30.21397
4547,14.860632
4548,30.71849
4549,47.09366
4550,55.74715
4551,63.22498
4552,78.3367
4553,32.484455
4554,78.502335
4555,47.635067
4556,72.51372
4557,47.77073
4558,83.25247
4559,67.28927
4560,36.91432
4561,26.04807
4562,34.20959
4563,59.960617
4564,36.94034
4565,74.34174
4566,38.536785
4567,33.765373
4568,35.044968
4569,18.689169
4570,35.137966
4571,55.815624
4572,29.683554
4573,81.58589
4574,32.810177
4575,37.642883
4576,28.003738
4577,12.135007
4578,28.45821
4579,46.692753
4580,55.286285
4581,62.37236
4582,78.76975
4583,27.606783
4584,77.81975
4585,44.861443
4586,76.05596
4587,44.525177
4588,87.42873
4589,67.26167
4590,34.955708
4591,30.087273
4592,32.29826
4593,61.081573
4594,35.73317
4595,72.77786
4596,36.203022
4597,36.30465
4598,33.80336
4599,24.580166
4600,32.881428
4601,59.653957
4602,28.586353
4603,79.41655
4604,30.624063
4605,40.518864
4606,27.221628
4607,18.930279
4608,26.612772
4609,47.82271
4610,56.02879
4611,58.31606
4612,73.78914
4613,32.59729
4614,72.0514
4615,46.032337
4616,68.56675
4617,45.470303
4618,79.820724
4619,67.38406
4620,30.614925
4621,28.591135
4622,32.474594
4623,61.398674
4624,31.87239
4625,73.37923
4626,32.07909
4627,35.36923
4628,32.71482
4629,22.64285
4630,34.5923
4631,61.260216
4632,18.25303
4633,80.6456
4634,23.100372
4635,38.478455
4636,20.720198
4637,13.1868925
4638,29.76305
4639,52.207985
4640,46.76548
4641,64.79175
4642,73.39657
4643,39.208115
4644,72.98511
4645,51.604027
4646,64.21661
4647,52.19382
4648,82.68496
4649,64.5594
4650,34.384335
4651,25.228792
4652,33.846306
4653,59.033215
4654,34.611736
4655,71.574234
4656,35.56842
4657,31.439014
4658,34.118446
4659,19.63454
4660,34.677284
4661,55.54376
4662,23.029715
4663,78.02695
4664,25.17091
4665,34.324097
4666,22.64987
4667,13.171525
4668,23.967505
4669,44.099552
4670,61.62347
4671,60.263153
4672,70.325714
4673,31.635826
4674,69.33973
4675,45.538956
4676,67.052376
4677,45.51037
4678,79.38793
4679,64.403305
4680,37.250202
4681,29.972641
4682,37.997505
4683,58.849667
4684,38.02168
4685,70.755005
4686,37.746677
4687,35.88006
4688,38.592728
4689,23.75212
4690,38.851677
4691,53.21109
4692,30.79585
4693,77.77393
4694,32.163776
4695,42.365135
4696,30.358444
4697,16.879019
4698,32.765797
4699,49.42953
4700,57.07795
4701,59.35924
4702,78.845375
4703,38.493164
4704,79.42763
4705,49.248962
4706,73.26543
4707,49.51647
4708,86.48158
4709,65.45222
4710,38.638874
4711,29.784601
4712,36.32868
4713,58.330307
4714,39.94112
4715,72.665504
4716,40.157444
4717,36.306442
4718,38.396805
4719,22.300629
4720,36.962086
4721,54.30514
4722,30.621067
4723,80.633545
4724,32.836586
4725,39.777687
4726,29.599186
4727,15.161382
4728,29.120493
4729,44.831375
4730,61.51628
4731,60.797585
4732,81.98401
4733,27.923689
4734,80.48587
4735,44.338074
4736,77.83972
4737,43.747528
4738,88.17841
4739,66.968735
4740,35.418106
4741,29.831173
4742,36.91152
4743,60.988377
4744,36.62859
4745,72.85647
4746,36.125847
4747,35.636986
4748,37.529472
4749,23.906994
4750,37.865578
4751,55.825085
4752,31.688398
4753,79.08224
4754,29.235756
4755,38.378563
4756,31.236399
4757,17.326872
4758,31.381458
4759,51.88355
4760,55.124996
4761,66.70123
4762,71.07336
4763,35.958427
4764,72.864174
4765,51.753475
4766,68.51399
4767,52.244392
4768,81.278
4769,65.18409
4770,40.497047
4771,26.520878
4772,37.787247
4773,58.90942
4774,41.1701
4775,72.46951
4776,41.908646
4777,33.297512
4778,39.37847
4779,20.00684
4780,38.431793
4781,56.947365
4782,31.672667
4783,80.55004
4784,34.752552
4785,36.92993
4786,29.410711
4787,13.673356
4788,29.81592
4789,45.57996
4790,63.416344
4791,57.108616
4792,87.68118
4793,31.014927
4794,86.91179
4795,44.838417
4796,82.74958
4797,44.628223
4798,94.39819
4799,66.879234
4800,33.91554
4801,29.520412
4802,34.058495
4803,61.12862
4804,34.796715
4805,72.45559
4806,35.25445
4807,35.60525
4808,34.405148
4809,24.438265
4810,35.064514
4811,59.28828
4812,23.869478
4813,79.40014
4814,26.586021
4815,39.35658
4816,24.49541
4817,17.01094
4818,27.95614
4819,49.056736
4820,48.804333
4821,61.78188
4822,72.23222
4823,34.772476
4824,70.93422
4825,48.37823
4826,64.14816
4827,48.07373
4828,80.7873
4829,64.50259
4830,34.00045
4831,27.367418
4832,34.49669
4833,59.25979
4834,34.36965
4835,71.26129
4836,34.916355
4837,33.074738
4838,34.568424
4839,21.633505
4840,35.565315
4841,54.520897
4842,23.483828
4843,77.68517
4844,25.00948
4845,36.10729
4846,23.879883
4847,14.744737
4848,25.587667
4849,44.769417
4850,60.76188
4851,61.33263
4852,68.49724
4853,33.99291
4854,68.50292
4855,46.83757
4856,65.83519
4857,47.2195
4858,79.11937
4859,66.23091
4860,38.035275
4861,29.412964
4862,38.229637
4863,59.95911
4864,39.212795
4865,73.02762
4866,39.09559
4867,35.921814
4868,39.177902
4869,22.536385
4870,39.635796
4871,57.643375
4872,30.00821
4873,79.60547
4874,30.301603
4875,37.16596
4876,30.129848
4877,16.210928
4878,30.569765
4879,48.782574
4880,53.21104
4881,62.42985
4882,78.463524
4883,36.20311
4884,78.72905
4885,49.11674
4886,70.695366
4887,49.294296
4888,86.457306
4889,66.50516
4890,38.232475
4891,27.924137
4892,39.134674
4893,57.797085
4894,40.195526
4895,75.21671
4896,39.35689
4897,36.335743
4898,40.46868
4899,18.481432
4900,40.855576
4901,56.297318
4902,32.243477
4903,79.95216
4904,30.852295
4905,36.845253
4906,32.506977
4907,13.385477
4908,32.58922
4909,47.75652
4910,60.27597
4911,65.06189
4912,82.91148
4913,29.681892
4914,83.64584
4915,47.56537
4916,80.783554
4917,48.042103
4918,88.96206
4919,64.60152
4920,38.469822
4921,29.900684
4922,40.821182
4923,57.694035
4924,39.676044
4925,71.31279
4926,39.535847
4927,36.680626
4928,40.976982
4929,23.47879
4930,42.574467
4931,55.115105
4932,28.732872
4933,76.456924
4934,30.699205
4935,36.38631
4936,29.936943
4937,17.258446
4938,34.464462
4939,47.77525
4940,50.038578
4941,65.26907
4942,74.56895
4943,33.58033
4944,76.21039
4945,48.60545
4946,67.9534
4947,49.557114
4948,77.86901
4949,65.14244
4950,38.973236
4951,27.224335
4952,37.0392
4953,58.847565
4954,40.037853
4955,71.88479
4956,40.370495
4957,33.494617
4958,38.549877
4959,21.466156
4960,37.35647
4961,56.103554
4962,30.246664
4963,80.026474
4964,32.648556
4965,36.767345
4966,28.538893
4967,14.321616
4968,28.869808
4969,45.628704
4970,62.520325
4971,57.281307
4972,85.23792
4973,33.412743
4974,84.759895
4975,45.694855
4976,79.75765
4977,45.496765
4978,92.41092
4979,68.25963
4980,37.57338
4981,28.027187
4982,37.90446
4983,61.547928
4984,38.427982
4985,74.70156
4986,38.590225
4987,34.361248
4988,38.530952
4989,21.010216
4990,38.98341
4991,56.9512
4992,32.31173
4993,80.70586
4994,30.420948
4995,36.61528
4996,32.08286
4997,14.239421
4998,30.988241
4999,49.99922
5000,58.92344
5001,65.27596
5002,76.493866
5003,32.47818
5004,77.05625
5005,49.18146
5006,73.23605
5007,49.150703
5008,86.03989
5009,66.33189
5010,36.04707
5011,29.974655
5012,35.743076
5013,59.42926
5014,37.827938
5015,73.33526
5016,37.59226
5017,36.772858
5018,37.256363
5019,22.589884
5020,36.999084
5021,58.13853
5022,26.903818
5023,79.317116
5024,30.33243
5025,38.24839
5026,26.599672
5027,16.274895
5028,29.580265
5029,48.90832
5030,54.83382
5031,65.22307
5032,71.935974
5033,30.34784
5034,71.468796
5035,48.471172
5036,67.2963
5037,48.07243
5038,81.53527
5039,67.76151
5040,36.960655
5041,30.79405
5042,36.020863
5043,61.18293
5044,37.89227
5045,73.30968
5046,37.833084
5047,36.83803
5048,37.01448
5049,24.497276
5050,36.90573
5051,59.061356
5052,26.892204
5053,79.18759
5054,28.842583
5055,39.70759
5056,26.618567
5057,17.62134
5058,28.600252
5059,50.397755
5060,54.68556
5061,62.52808
5062,72.00782
5063,34.259293
5064,71.72231
5065,49.063824
5066,67.4192
5067,48.725647
5068,78.59635
5069,68.04046
5070,36.04753
5071,29.172405
5072,35.623173
5073,60.93333
5074,36.869114
5075,74.20038
5076,36.89825
5077,35.807182
5078,36.252724
5079,22.590916
5080,36.202045
5081,58.358234
5082,29.93978
5083,81.44991
5084,29.095999
5085,37.504368
5086,29.831238
5087,14.986541
5088,29.443747
5089,47.779224
5090,59.512833
5091,61.58503
5092,80.553505
5093,34.88089
5094,80.2867
5095,47.824764
5096,75.51791
5097,48.124687
5098,88.946106
5099,65.22912
5100,39.568714
5101,29.861473
5102,41.63675
5103,58.264862
5104,40.55053
5105,72.27834
5106,40.706436
5107,36.68002
5108,41.787544
5109,23.24726
5110,43.350822
5111,55.986088
5112,28.834562
5113,77.401924
5114,31.80812
5115,36.898033
5116,29.932108
5117,17.053148
5118,34.918575
5119,48.225445
5120,50.470222
5121,65.57962
5122,75.930916
5123,33.10694
5124,77.49732
5125,48.65393
5126,68.47304
5127,49.552784
5128,79.39333
5129,63.06635
5130,35.457855
5131,33.71612
5132,43.358917
5133,56.63909
5134,38.105766
5135,69.73743
5136,33.965366
5137,39.897797
5138,42.91842
5139,28.022741
5140,45.60443
5141,50.05382
5142,30.740765
5143,73.0947
5144,25.090387
5145,37.43306
5146,36.160786
5147,22.035378
5148,38.69291
5149,47.50675
5150,63.17597
5151,70.08907
5152,72.79088
5153,43.373882
5154,79.031075
5155,54.393982
5156,76.28183
5157,54.416092
5158,76.2161
5159,65.3161
5160,37.15707
5161,28.220705
5162,36.48539
5163,57.926704
5164,37.48335
5165,73.2183
5166,38.81981
5167,36.269657
5168,36.75171
5169,20.73667
5170,37.81443
5171,54.31118
5172,31.769035
5173,78.28976
5174,31.282764
5175,40.157394
5176,31.343262
5177,16.715612
5178,30.129133
5179,45.5348
5180,52.860794
5181,60.34821
5182,75.03347
5183,31.744734
5184,74.38246
5185,45.73751
5186,73.18785
5187,46.25918
5188,79.97579
5189,64.78731
5190,34.772587
5191,32.301315
5192,34.797314
5193,58.61691
5194,36.52615
5195,71.21609
5196,35.053173
5197,38.464855
5198,36.455135
5199,26.314194
5200,34.8512
5201,54.50847
5202,27.975098
5203,79.394806
5204,26.434301
5205,41.47281
5206,28.107977
5207,17.375717
5208,26.60519
5209,46.676968
5210,57.784794
5211,63.477695
5212,69.75748
5213,33.339638
5214,70.1159
5215,47.852364
5216,67.701385
5217,48.239384
5218,79.44238
5219,66.34089
5220,38.264713
5221,29.456505
5222,38.767353
5223,60.503624
5224,38.844845
5225,72.18565
5226,38.980465
5227,35.35106
5228,39.224037
5229,23.306602
5230,39.77154
5231,54.69243
5232,30.210222
5233,80.34775
5234,33.718285
5235,41.980846
5236,30.10095
5237,14.069664
5238,34.90524
5239,50.29817
5240,59.694355
5241,61.448013
5242,83.231705
5243,37.81614
5244,83.63647
5245,50.34811
5246,75.54994
5247,50.681046
5248,92.85355
5249,64.418785
5250,40.281868
5251,30.546429
5252,38.395576
5253,59.182682
5254,40.71262
5255,70.1527
5256,41.619724
5257,36.255623
5258,39.539223
5259,24.969017
5260,38.77299
5261,54.31442
5262,31.504168
5263,77.80336
5264,37.06716
5265,42.841774
5266,30.363708
5267,16.863514
5268,33.279522
5269,48.449352
5270,57.075687
5271,59.2548
5272,80.72881
5273,31.313074
5274,79.7451
5275,46.636658
5276,71.6946
5277,45.741043
5278,92.44888
5279,66.84717
5280,33.585808
5281,30.283722
5282,30.842554
5283,60.634693
5284,34.549236
5285,72.4021
5286,34.957066
5287,36.02344
5288,32.598137
5289,24.576647
5290,31.34579
5291,58.870266
5292,27.423584
5293,78.93841
5294,28.924822
5295,40.145546
5296,25.985008
5297,19.238
5298,24.721947
5299,46.910694
5300,55.12794
5301,57.63752
5302,71.75396
5303,31.905397
5304,69.82469
5305,45.221462
5306,66.51118
5307,44.6126
5308,78.08524
5309,65.945526
5310,37.42534
5311,31.13392
5312,34.685524
5313,60.26701
5314,38.136154
5315,71.776306
5316,38.508667
5317,36.99926
5318,36.16513
5319,25.657394
5320,34.487427
5321,58.197987
5322,29.59525
5323,78.11203
5324,30.552635
5325,42.345078
5326,28.181847
5327,20.349045
5328,25.815811
5329,47.506866
5330,58.47109
5331,59.792
5332,77.245865
5333,30.485376
5334,75.334816
5335,45.615307
5336,72.018394
5337,44.905827
5338,80.97119
5339,65.13804
5340,36.438084
5341,29.974604
5342,38.724533
5343,58.78497
5344,37.86736
5345,71.80192
5346,36.562374
5347,36.816353
5348,39.248993
5349,23.119223
5350,40.20456
5351,57.749134
5352,27.327236
5353,76.86467
5354,29.330269
5355,37.419575
5356,28.827942
5357,17.12429
5358,33.74411
5359,50.26635
5360,54.340927
5361,65.9537
5362,70.84547
5363,35.285755
5364,73.204285
5365,50.786877
5366,68.245834
5367,51.155106
5368,77.31814
5369,67.73096
5370,35.738518
5371,27.339163
5372,35.642475
5373,60.894516
5374,36.39059
5375,74.09675
5376,36.33686
5377,33.89904
5378,36.384422
5379,20.282959
5380,36.12974
5381,56.760895
5382,27.073786
5383,80.91268
5384,25.867193
5385,38.72361
5386,27.006882
5387,12.516332
5388,27.064928
5389,47.72367
5390,62.19726
5391,63.762394
5392,80.11865
5393,28.838411
5394,80.028046
5395,46.465885
5396,76.07146
5397,46.81008
5398,87.07374
5399,70.65473
5400,37.76097
5401,28.183905
5402,36.879284
5403,62.053593
5404,38.77653
5405,79.0408
5406,37.451878
5407,36.393517
5408,38.13676
5409,20.046373
5410,36.022198
5411,58.966324
5412,32.094864
5413,85.355576
5414,29.423605
5415,36.831448
5416,31.519165
5417,13.574292
5418,26.760258
5419,47.74392
5420,70.606575
5421,69.46751
5422,70.17066
5423,32.191772
5424,69.401825
5425,49.04341
5426,76.70976
5427,48.932587
5428,81.48987
5429,64.06305
5430,34.69937
5431,31.50095
5432,32.85287
5433,58.33328
5434,35.820526
5435,69.20023
5436,35.580975
5437,37.142212
5438,34.377148
5439,26.288992
5440,33.66004
5441,57.741325
5442,29.070736
5443,74.968056
5444,30.004019
5445,40.118484
5446,28.257689
5447,21.086742
5448,28.217777
5449,48.215256
5450,53.63018
5451,56.956627
5452,68.45809
5453,34.179176
5454,67.31983
5455,46.269207
5456,65.14675
5457,45.96586
5458,74.76095
5459,64.216515
5460,37.876144
5461,25.599108
5462,40.706577
5463,57.97139
5464,38.510445
5465,71.97772
5466,38.223114
5467,32.145554
5468,40.18328
5469,19.208775
5470,41.671467
5471,54.78528
5472,30.570208
5473,78.52534
5474,28.944927
5475,34.59786
5476,32.010273
5477,12.646066
5478,33.38253
5479,44.637024
5480,49.877903
5481,62.355907
5482,76.73007
5483,33.464844
5484,79.06967
5485,46.68261
5486,67.53372
5487,48.04429
5488,84.58406
5489,66.48652
5490,39.005894
5491,29.529041
5492,37.858047
5493,59.193264
5494,39.474873
5495,73.46174
5496,40.232502
5497,36.585148
5498,38.470657
5499,22.386337
5500,38.528843
5501,56.04763
5502,27.294765
5503,82.35564
5504,30.575615
5505,39.811203
5506,26.558058
5507,13.898391
5508,29.062517
5509,47.01522
5510,55.451244
5511,62.916462
5512,79.628494
5513,30.84756
5514,78.49078
5515,46.988987
5516,70.51856
5517,46.7833
5518,87.502785
5519,65.034035
5520,36.87704
5521,29.818634
5522,38.186592
5523,59.359325
5524,37.75021
5525,70.478745
5526,37.299625
5527,35.15935
5528,38.601974
5529,23.979704
5530,39.046852
5531,54.57348
5532,32.69304
5533,75.959175
5534,30.286802
5535,37.081787
5536,32.579082
5537,17.726831
5538,32.706844
5539,50.355656
5540,54.121284
5541,63.3168
5542,71.898346
5543,36.129944
5544,73.526245
5545,49.77748
5546,68.432945
5547,50.414337
5548,81.60692
5549,64.05439
5550,35.544838
5551,30.67378
5552,37.880222
5553,58.28307
5554,36.39646
5555,69.92563
5556,35.468327
5557,36.658764
5558,38.04498
5559,24.234766
5560,38.668583
5561,56.045002
5562,29.236652
5563,73.52568
5564,28.387505
5565,37.59303
5566,31.06073
5567,19.34078
5568,33.101433
5569,47.695435
5570,55.928673
5571,63.62309
5572,70.54307
5573,35.181458
5574,71.99071
5575,48.578903
5576,70.19498
5577,49.231346
5578,77.473175
5579,62.78149
5580,35.522755
5581,27.977976
5582,34.606075
5583,56.36379
5584,36.349075
5585,69.72631
5586,36.308712
5587,34.680534
5588,35.826366
5589,21.655739
5590,35.10567
5591,53.146698
5592,26.358755
5593,77.512665
5594,28.63608
5595,36.905476
5596,25.95091
5597,14.794399
5598,27.088219
5599,42.56409
5600,55.00932
5601,60.86621
5602,70.58982
5603,28.398262
5604,70.08809
5605,43.74515
5606,67.831696
5607,44.172764
5608,76.70914
5609,67.71209
5610,39.74758
5611,28.003532
5612,36.910583
5613,61.1815
5614,39.81321
5615,74.09348
5616,41.09847
5617,34.282257
5618,37.922855
5619,21.31289
5620,37.377094
5621,57.152763
5622,33.189533
5623,81.0497
5624,33.024208
5625,37.15125
5626,31.219456
5627,15.405875
5628,28.264229
5629,48.0011
5630,58.34917
5631,61.45616
5632,78.7428
5633,30.274912
5634,77.29448
5635,46.386562
5636,73.41506
5637,45.78408
5638,86.226715
5639,65.58862
5640,39.33388
5641,28.282103
5642,37.888344
5643,59.512768
5644,40.35144
5645,72.419754
5646,40.511147
5647,34.623844
5648,39.209633
5649,22.137346
5650,38.473335
5651,57.01565
5652,30.86418
5653,80.3146
5654,32.932396
5655,37.55536
5656,29.410738
5657,15.556826
5658,29.825565
5659,47.138573
5660,62.327267
5661,58.882725
5662,85.43594
5663,34.504852
5664,85.30633
5665,47.138912
5666,80.189804
5667,46.997375
5668,93.135544
5669,68.168976
5670,37.47858
5671,29.424372
5672,35.504204
5673,61.544384
5674,37.725327
5675,74.704994
5676,38.820827
5677,36.101734
5678,36.45374
5679,22.187616
5680,36.281197
5681,58.17207
5682,27.544928
5683,81.40781
5684,30.048803
5685,36.724052
5686,26.22374
5687,15.946501
5688,26.24124
5689,47.375397
5690,53.517647
5691,63.831184
5692,75.757195
5693,30.670732
5694,74.28002
5695,46.952934
5696,70.169426
5697,46.535408
5698,80.91204
5699,66.16918
5700,36.83666
5701,28.912256
5702,38.428806
5703,59.853928
5704,37.78903
5705,72.11785
5706,37.519527
5707,34.858437
5708,38.87541
5709,22.960682
5710,39.759964
5711,54.85938
5712,30.997988
5713,78.10008
5714,29.014004
5715,36.361942
5716,31.724846
5717,16.410028
5718,31.795343
5719,47.815575
5720,54.362305
5721,64.35965
5722,75.194534
5723,35.344376
5724,76.708565
5725,49.069183
5726,70.33483
5727,50.13287
5728,83.93375
5729,68.65359
5730,36.896015
5731,30.156998
5732,34.99472
5733,62.120422
5734,37.039692
5735,74.60959
5736,38.161987
5737,36.88441
5738,36.00741
5739,24.238008
5740,35.596626
5741,60.781948
5742,27.50873
5743,80.06297
5744,27.370543
5745,39.64349
5746,26.370544
5747,19.483501
5748,24.109737
5749,50.030186
5750,48.09006
5751,64.54458
5752,72.1194
5753,31.922857
5754,70.67994
5755,49.120544
5756,64.76216
5757,48.44376
5758,76.42647
5759,65.74505
5760,35.952442
5761,30.679953
5762,37.501545
5763,59.713634
5764,36.85886
5765,71.99984
5766,35.950775
5767,36.69967
5768,37.804073
5769,23.501667
5770,38.050106
5771,59.0235
5772,30.380936
5773,76.14408
5774,29.01058
5775,37.98275
5776,31.473465
5777,18.43633
5778,33.023945
5779,48.957977
5780,60.140644
5781,64.65909
5782,72.85655
5783,33.44954
5784,73.31185
5785,49.15916
5786,72.17064
5787,49.454876
5788,85.15019
5789,65.11099
5790,39.69809
5791,31.725594
5792,36.999176
5793,59.406082
5794,40.222355
5795,71.4579
5796,41.11916
5797,37.972893
5798,38.504486
5799,25.788311
5800,37.31586
5801,55.51492
5802,32.30713
5803,77.83354
5804,35.912704
5805,43.689377
5806,30.709713
5807,20.166265
5808,30.606508
5809,48.33992
5810,56.92817
5811,59.74492
5812,78.040474
5813,31.829275
5814,75.69561
5815,46.49514
5816,72.97439
5817,45.864475
5818,81.09615
5819,64.21618
5820,36.15652
5821,32.313366
5822,37.26224
5823,59.251087
5824,37.178066
5825,69.256584
5826,36.27706
5827,37.2202
5828,38.20652
5829,27.502842
5830,37.8436
5831,57.10099
5832,30.246122
5833,75.078285
5834,29.910131
5835,40.091503
5836,31.244972
5837,21.473436
5838,31.322285
5839,48.856403
5840,57.330376
5841,62.877876
5842,70.5295
5843,34.748592
5844,71.41982
5845,48.976074
5846,67.42949
5847,49.204544
5848,76.37436
5849,66.16467
5850,35.68586
5851,27.975193
5852,36.196457
5853,59.40336
5854,36.71093
5855,72.19012
5856,36.372078
5857,34.593735
5858,36.696247
5859,22.183477
5860,36.40317
5861,56.676617
5862,30.038994
5863,79.36422
5864,28.220015
5865,36.268623
5866,30.320408
5867,14.537431
5868,29.519737
5869,46.40804
5870,59.662186
5871,58.930035
5872,81.24757
5873,36.404766
5874,81.328224
5875,47.032784
5876,75.74205
5877,47.43138
5878,90.06636
5879,65.08322
5880,36.521347
5881,30.11394
5882,35.49901
5883,59.18382
5884,37.294346
5885,70.082954
5886,37.55836
5887,35.523106
5888,36.44493
5889,24.497204
5890,36.47797
5891,55.271484
5892,28.47692
5893,76.361275
5894,29.737312
5895,39.361782
5896,27.7721
5897,17.55407
5898,29.026764
5899,47.831837
5900,53.446426
5901,58.65773
5902,70.704704
5903,33.727287
5904,70.197205
5905,46.55522
5906,64.85429
5907,46.474426
5908,77.9673
5909,64.53072
5910,36.322067
5911,31.607399
5912,36.651237
5913,58.893238
5914,37.172894
5915,70.7265
5916,36.978256
5917,37.39678
5918,37.47066
5919,25.661072
5920,37.239094
5921,54.283775
5922,29.157368
5923,77.12898
5924,30.748398
5925,42.109577
5926,29.19295
5927,19.521198
5928,30.658598
5929,48.67218
5930,55.592693
5931,60.538372
5932,74.48509
5933,35.972485
5934,74.947296
5935,48.411667
5936,70.63523
5937,48.325188
5938,81.380295
5939,64.40904
5940,35.015705
5941,32.01218
5942,32.85243
5943,59.243286
5944,35.664032
5945,69.00879
5946,36.070976
5947,37.11213
5948,34.19722
5949,27.47505
5950,33.258022
5951,57.370712
5952,29.814644
5953,74.7304
5954,30.393232
5955,40.04503
5956,28.613771
5957,22.200436
5958,27.09964
5959,47.59644
5960,53.307373
5961,57.16276
5962,67.781395
5963,34.68678
5964,66.354614
5965,46.313736
5966,63.58716
5967,45.88869
5968,73.14777
5969,67.89478
5970,39.057453
5971,30.783222
5972,35.302055
5973,62.044804
5974,39.194675
5975,73.72638
5976,40.524616
5977,36.54719
5978,36.494083
5979,24.577593
5980,35.62988
5981,58.061985
5982,32.833336
5983,80.27328
5984,33.088688
5985,39.751965
5986,30.165472
5987,18.695137
5988,27.387136
5989,49.299225
5990,55.706394
5991,61.555088
5992,74.4579
5993,30.768173
5994,71.815056
5995,47.0198
5996,68.975296
5997,45.57913
5998,83.51753
5999,64.82083
6000,37.914005
6001,32.20575
6002,36.77449
6003,58.789257
6004,38.723656
6005,70.70352
6006,38.89845
6007,37.867477
6008,37.86827
6009,26.122347
6010,37.077175
6011,56.08045
6012,28.594135
6013,79.131966
6014,30.390068
6015,41.034294
6016,28.280725
6017,17.285223
6018,28.627947
6019,46.97041
6020,56.722607
6021,61.92628
6022,73.8976
6023,31.59592
6024,72.99891
6025,46.98869
6026,67.353264
6027,46.830135
6028,84.31659
6029,66.864845
6030,38.728172
6031,32.39244
6032,36.362576
6033,60.60748
6034,39.503376
6035,73.170555
6036,39.727566
6037,38.477253
6038,38.103046
6039,26.082262
6040,36.425793
6041,57.404892
6042,30.144558
6043,81.87905
6044,30.91834
6045,42.41424
6046,29.32859
6047,17.534815
6048,27.06465
6049,47.694126
6050,59.062965
6051,62.789143
6052,77.28047
6053,31.308352
6054,75.60011
6055,47.234184
6056,71.91703
6057,46.63523
6058,84.68207
6059,67.29762
6060,34.961327
6061,32.074753
6062,35.314335
6063,61.854706
6064,36.12118
6065,72.90207
6066,35.3695
6067,37.396534
6068,36.334045
6069,26.557592
6070,35.396603
6071,59.393295
6072,30.791983
6073,79.55544
6074,26.910252
6075,40.604294
6076,30.886887
6077,19.427193
6078,27.980917
6079,50.177963
6080,65.56872
6081,63.240627
6082,73.92764
6083,33.030075
6084,74.10119
6085,48.953648
6086,71.09353
6087,49.00769
6088,81.4595
6089,64.95908
6090,37.822647
6091,31.333088
6092,37.35313
6093,58.878963
6094,39.088074
6095,71.1243
6096,38.62135
6097,37.216522
6098,38.76766
6099,25.191505
6100,37.862103
6101,55.55376
6102,29.041296
6103,79.806145
6104,30.373497
6105,40.715343
6106,29.130672
6107,16.186134
6108,29.50093
6109,47.401867
6110,58.42293
6111,62.416462
6112,77.55523
6113,32.247654
6114,77.46482
6115,47.575832
6116,71.092224
6117,47.5422
6118,89.501595
6119,64.32223
6120,34.438446
6121,30.364471
6122,38.172035
6123,58.075035
6124,35.176655
6125,70.71101
6126,34.44655
6127,37.01136
6128,37.382404
6129,24.655226
6130,39.71096
6131,57.086014
6132,26.920815
6133,74.857735
6134,24.990423
6135,37.131
6136,29.991798
6137,20.110159
6138,30.808115
6139,48.102623
6140,45.656418
6141,65.44608
6142,68.51001
6143,36.737076
6144,71.2788
6145,49.842316
6146,63.668575
6147,51.163445
6148,73.40801
6149,65.09631
6150,39.37588
6151,31.256035
6152,36.73181
6153,59.86702
6154,40.064148
6155,71.61366
6156,40.913715
6157,36.932312
6158,38.324368
6159,25.112795
6160,37.437824
6161,55.110092
6162,31.61065
6163,78.98782
6164,36.70511
6165,42.99753
6166,30.16455
6167,17.927385
6168,31.601637
6169,48.342796
6170,56.87702
6171,59.821762
6172,79.00479
6173,31.07458
6174,77.04966
6175,46.5709
6176,70.68695
6177,45.375736
6178,90.99138
6179,62.64336
6180,33.59837
6181,30.419077
6182,37.353493
6183,56.94086
6184,34.191628
6185,68.6514
6186,33.728012
6187,36.567
6188,36.64351
6189,24.8805
6190,39.071022
6191,55.46486
6192,26.676384
6193,72.76975
6194,24.512894
6195,36.390903
6196,29.83517
6197,20.734068
6198,29.896965
6199,47.08722
6200,43.579395
6201,62.93619
6202,65.83304
6203,37.741875
6204,68.272446
6205,48.94188
6206,60.19463
6207,50.1996
6208,70.42824
6209,65.24465
6210,36.973427
6211,30.225946
6212,36.146965
6213,59.419567
6214,37.639347
6215,70.386986
6216,37.822212
6217,35.768856
6218,36.881165
6219,24.789469
6220,37.04982
6221,55.451878
6222,28.83711
6223,76.434784
6224,30.452126
6225,39.60082
6226,28.227278
6227,18.07841
6228,29.65704
6229,47.893967
6230,54.1748
6231,58.4191
6232,71.99692
6233,35.36225
6234,71.610504
6235,47.080574
6236,65.650314
6237,47.092365
6238,79.991455
6239,65.57147
6240,36.872185
6241,28.363457
6242,37.07977
6243,58.53089
6244,38.29529
6245,72.92256
6246,38.10046
6247,35.515244
6248,38.247467
6249,20.904055
6250,38.66537
6251,57.603535
6252,26.467916
6253,79.02981
6254,30.092422
6255,36.283848
6256,26.282309
6257,14.384174
6258,30.844315
6259,48.85848
6260,54.81686
6261,63.316433
6262,75.0299
6263,31.598156
6264,75.637344
6265,48.24398
6266,68.79063
6267,48.600655
6268,84.36134
6269,63.829056
6270,35.727894
6271,28.900103
6272,36.507694
6273,58.272305
6274,36.77255
6275,70.905624
6276,36.75072
6277,34.985184
6278,37.418983
6279,22.385777
6280,38.056877
6281,56.38851
6282,27.83949
6283,76.08265
6284,29.769835
6285,38.047092
6286,28.18941
6287,17.37287
6288,31.11493
6289,47.912018
6290,49.80727
6291,60.97589
6292,72.93787
6293,34.290268
6294,73.84615
6295,48.092033
6296,64.75065
6297,48.372654
6298,83.746605
6299,63.95291
6300,35.687744
6301,30.422682
6302,35.825405
6303,59.108063
6304,36.076015
6305,69.80965
6306,36.477444
6307,35.38153
6308,36.43199
6309,24.823063
6310,36.95311
6311,54.181896
6312,28.168764
6313,77.305145
6314,29.940466
6315,39.300987
6316,28.162642
6317,17.726732
6318,29.742409
6319,47.674225
6320,47.706158
6321,60.927357
6322,71.46954
6323,36.118202
6324,71.7625
6325,48.294094
6326,64.29861
6327,48.60558
6328,78.61563
6329,68.50985
6330,37.47493
6331,28.601122
6332,36.94397
6333,61.377922
6334,37.76274
6335,75.40989
6336,38.660873
6337,35.816734
6338,37.315117
6339,22.008135
6340,37.972355
6341,59.321312
6342,27.025562
6343,81.609634
6344,32.014786
6345,37.669067
6346,25.991558
6347,15.970641
6348,30.0025
6349,49.136223
6350,54.725792
6351,63.961597
6352,75.91639
6353,32.593338
6354,76.14826
6355,48.571877
6356,70.72951
6357,48.399097
6358,87.667015
6359,65.93794
6360,39.989162
6361,28.24647
6362,37.59239
6363,59.64245
6364,40.622597
6365,72.95553
6366,41.238518
6367,34.965527
6368,38.916527
6369,21.804829
6370,38.170654
6371,58.468296
6372,29.826778
6373,80.771706
6374,33.04732
6375,37.76735
6376,28.000175
6377,15.862527
6378,28.758738
6379,47.129215
6380,60.735447
6381,58.44269
6382,84.46965
6383,32.563988
6384,83.91663
6385,46.281826
6386,78.94501
6387,45.91564
6388,91.39167
6389,64.88798
6390,33.138184
6391,25.990211
6392,34.50471
6393,58.373898
6394,34.078003
6395,72.32941
6396,33.80695
6397,32.59277
6398,34.73331
6399,19.853336
6400,35.360607
6401,53.682877
6402,25.863268
6403,79.02285
6404,25.86511
6405,35.86159
6406,26.31003
6407,12.870905
6408,27.830854
6409,43.350185
6410,52.25261
6411,62.763947
6412,70.735344
6413,30.155119
6414,71.58593
6415,45.453613
6416,68.513535
6417,46.122784
6418,79.61094
6419,64.742096
6420,34.357834
6421,28.655128
6422,35.509052
6423,57.961983
6424,34.923393
6425,70.7182
6426,35.26107
6427,35.08729
6428,35.38506
6429,23.00289
6430,37.077763
6431,56.63431
6432,26.25301
6433,77.81186
6434,26.573631
6435,35.883698
6436,27.714231
6437,15.157664
6438,29.578247
6439,45.647457
6440,43.07745
6441,63.018505
6442,70.88817
6443,31.544867
6444,71.60271
6445,46.402702
6446,63.046947
6447,47.343616
6448,73.894455
6449,66.44607
6450,37.57012
6451,29.346754
6452,35.631668
6453,60.16251
6454,38.116283
6455,72.04574
6456,38.567814
6457,35.4551
6458,37.10286
6459,23.788761
6460,36.23041
6461,59.44605
6462,31.415218
6463,76.63873
6464,28.925709
6465,37.18248
6466,29.813452
6467,20.459097
6468,25.405235
6469,47.420174
6470,52.62639
6471,59.134903
6472,73.135185
6473,33.371338
6474,72.00977
6475,46.81971
6476,66.9283
6477,46.345055
6478,79.170845
6479,68.78709
6480,35.049114
6481,26.927866
6482,36.49121
6483,61.645443
6484,36.047707
6485,75.6617
6486,35.973236
6487,34.68212
6488,36.67587
6489,20.516535
6490,37.5917
6491,59.611645
6492,24.908133
6493,82.07858
6494,27.86298
6495,37.315765
6496,25.352072
6497,12.568551
6498,29.773586
6499,50.24779
6500,60.394413
6501,65.73155
6502,78.15204
6503,34.30113
6504,78.600655
6505,50.405254
6506,75.73523
6507,50.664368
6508,83.772484
6509,64.90185
6510,38.44779
6511,29.421919
6512,38.751553
6513,58.887077
6514,38.434452
6515,71.945915
6516,39.394264
6517,36.0921
6518,38.334137
6519,23.197056
6520,39.372757
6521,54.225143
6522,29.26987
6523,78.42202
6524,30.046736
6525,37.881298
6526,29.607952
6527,16.156916
6528,30.413074
6529,44.97218
6530,63.088184
6531,61.521694
6532,72.48806
6533,35.628017
6534,71.64189
6535,46.963486
6536,70.20936
6537,47.183872
6538,80.21399
6539,68.3491
6540,35.103466
6541,29.305243
6542,37.581802
6543,61.923393
6544,36.50299
6545,74.344925
6546,35.987095
6547,35.18416
6548,38.23081
6549,22.734734
6550,38.770393
6551,57.29879
6552,30.304823
6553,79.97119
6554,28.033964
6555,38.802742
6556,30.584902
6557,15.860145
6558,31.37317
6559,52.443134
6560,54.24018
6561,67.59582
6562,71.47613
6563,32.941605
6564,73.61211
6565,51.49995
6566,69.20257
6567,51.83554
6568,80.75449
6569,67.37947
6570,34.54818
6571,30.332632
6572,35.12283
6573,60.77721
6574,35.797844
6575,73.66722
6576,35.91206
6577,36.803577
6578,36.27424
6579,24.258091
6580,36.740406
6581,57.48399
6582,26.591513
6583,81.83128
6584,31.213947
6585,39.84628
6586,27.701797
6587,15.945951
6588,32.430115
6589,47.53477
6590,54.75655
6591,63.06348
6592,75.01998
6593,35.27578
6594,74.829544
6595,48.389034
6596,71.59509
6597,48.52325
6598,80.161766
6599,66.88507
6600,36.22017
6601,29.22831
6602,36.484505
6603,59.707035
6604,36.85437
6605,72.44275
6606,36.83876
6607,35.614437
6608,36.596027
6609,23.383818
6610,36.4261
6611,56.47982
6612,30.17866
6613,79.57959
6614,28.207504
6615,36.49996
6616,30.722591
6617,15.237309
6618,29.745142
6619,46.154484
6620,59.153088
6621,59.305443
6622,80.514824
6623,37.138184
6624,79.73578
6625,47.19995
6626,75.26474
6627,47.642006
6628,88.4282
6629,65.422966
6630,37.82528
6631,29.793623
6632,37.44039
6633,59.287556
6634,38.027946
6635,72.36532
6636,39.20428
6637,36.364506
6638,37.44576
6639,23.68466
6640,38.391216
6641,54.78265
6642,28.571636
6643,78.886116
6644,29.924114
6645,38.424683
6646,28.510077
6647,16.688389
6648,29.429188
6649,45.270576
6650,61.53211
6651,62.071404
6652,71.29182
6653,35.036633
6654,69.97729
6655,47.10056
6656,68.68043
6657,47.31508
6658,78.44838
6659,68.15622
6660,36.602757
6661,28.376484
6662,35.691036
6663,61.458836
6664,37.494602
6665,74.71263
6666,37.867283
6667,34.940647
6668,36.668415
6669,20.847446
6670,37.02527
6671,58.052605
6672,28.083725
6673,81.87473
6674,29.38302
6675,35.410133
6676,27.143852
6677,13.499856
6678,28.011108
6679,48.306633
6680,54.99026
6681,62.85151
6682,78.855995
6683,34.3688
6684,78.98253
6685,48.287495
6686,72.58029
6687,48.32315
6688,86.66342
6689,66.03591
6690,35.394653
6691,31.422318
6692,34.671215
6693,60.385464
6694,36.66888
6695,71.70361
6696,35.60241
6697,36.916252
6698,35.996357
6699,25.96584
6700,34.698723
6701,58.59321
6702,29.830914
6703,77.21332
6704,27.043242
6705,40.137695
6706,29.566452
6707,19.416275
6708,26.906483
6709,48.496605
6710,62.371452
6711,60.959045
6712,74.58284
6713,32.8753
6714,73.832306
6715,47.182983
6716,70.5251
6717,47.1757
6718,81.17222
6719,65.01504
6720,35.871075
6721,28.964628
6722,35.62492
6723,59.409004
6724,36.708324
6725,71.9513
6726,36.580368
6727,35.869667
6728,36.601326
6729,22.779428
6730,36.18499
6731,54.66495
6732,28.430122
6733,79.25993
6734,30.09453
6735,42.966984
6736,27.773115
6737,15.496161
6738,28.099281
6739,49.613537
6740,57.86604
6741,58.59753
6742,79.48082
6743,36.2467
6744,79.556816
6745,48.49499
6746,73.57151
6747,47.97144
6748,87.09421
6749,66.81065
6750,38.39645
6751,31.021578
6752,36.03638
6753,61.30053
6754,38.831306
6755,73.04851
6756,39.63708
6757,36.305023
6758,37.285015
6759,24.898108
6760,36.469746
6761,56.635765
6762,31.635035
6763,80.53415
6764,32.091583
6765,40.169712
6766,30.2107
6767,18.711706
6768,27.395168
6769,47.159065
6770,51.598274
6771,60.470387
6772,77.11357
6773,32.86065
6774,75.9248
6775,46.612617
6776,70.022705
6777,46.03563
6778,83.79351
6779,64.991104
6780,37.883533
6781,30.667166
6782,37.50299
6783,57.886242
6784,39.53207
6785,72.60062
6786,38.75244
6787,37.65745
6788,39.295597
6789,23.416504
6790,38.4148
6791,54.119667
6792,30.972952
6793,80.05418
6794,32.136467
6795,40.814648
6796,30.963257
6797,15.970371
6798,31.757215
6799,46.559883
6800,60.618336
6801,63.599422
6802,79.76441
6803,31.253077
6804,79.68583
6805,47.284588
6806,77.20392
6807,47.31765
6808,85.8605
6809,63.705338
6810,37.049984
6811,29.5526
6812,36.822
6813,58.21104
6814,37.62386
6815,70.107056
6816,37.702625
6817,35.448788
6818,37.615765
6819,23.349232
6820,37.500416
6821,52.603683
6822,30.414825
6823,77.169655
6824,32.125175
6825,41.96891
6826,29.814611
6827,16.71923
6828,31.095758
6829,47.703583
6830,56.69179
6831,57.48131
6832,78.09438
6833,36.29362
6834,78.30154
6835,47.19655
6836,72.61065
6837,47.225456
6838,85.85855
6839,64.45598
6840,36.488895
6841,30.784697
6842,36.59522
6843,59.01753
6844,37.382584
6845,71.27379
6846,36.723587
6847,37.10258
6848,37.531673
6849,24.57192
6850,37.115242
6851,54.23792
6852,30.594122
6853,77.275604
6854,31.038834
6855,43.160156
6856,29.982908
6857,18.695295
6858,30.15553
6859,50.249306
6860,58.25775
6861,59.74582
6862,77.55158
6863,37.78613
6864,78.17567
6865,49.53811
6866,73.28266
6867,49.311153
6868,84.52429
6869,65.43808
6870,33.364105
6871,29.078495
6872,34.475395
6873,59.06421
6874,33.677765
6875,70.72227
6876,34.55384
6877,35.404026
6878,34.08596
6879,23.83682
6880,36.182877
6881,57.37303
6882,25.377148
6883,78.68277
6884,26.289263
6885,36.0434
6886,26.487883
6887,15.518591
6888,28.974955
6889,45.512283
6890,39.504375
6891,60.445656
6892,70.40645
6893,34.17794
6894,70.626915
6895,46.322834
6896,58.88813
6897,47.174496
6898,76.474724
6899,65.77864
6900,34.814285
6901,31.599241
6902,36.74621
6903,59.981667
6904,35.845806
6905,71.501144
6906,34.553516
6907,37.47212
6908,37.249374
6909,25.05757
6910,37.296852
6911,59.308933
6912,29.638433
6913,75.1357
6914,27.686678
6915,39.075356
6916,31.042498
6917,20.084602
6918,32.71792
6919,49.090637
6920,57.38084
6921,64.70451
6922,71.048904
6923,35.392216
6924,71.60007
6925,49.822083
6926,70.40435
6927,49.953766
6928,79.85954
6929,65.769936
6930,35.368946
6931,30.602486
6932,37.814556
6933,59.408604
6934,35.98733
6935,71.43995
6936,35.761173
6937,36.97617
6938,37.54769
6939,24.437864
6940,38.908585
6941,56.841427
6942,28.349598
6943,76.85547
6944,27.690786
6945,36.680943
6946,30.245342
6947,17.368454
6948,33.18923
6949,48.526566
6950,54.618088
6951,63.15584
6952,76.35384
6953,38.17091
6954,77.50596
6955,49.772633
6956,72.21328
6957,50.81713
6958,84.26419
6959,64.1663
6960,37.37194
6961,32.10819
6962,38.03825
6963,58.106697
6964,38.843494
6965,70.18869
6966,37.83257
6967,37.78979
6968,39.133667
6969,26.492733
6970,38.213184
6971,54.598
6972,29.20062
6973,78.733864
6974,29.185083
6975,39.913788
6976,29.59605
6977,17.335321
6978,30.467638
6979,46.766644
6980,59.378582
6981,66.531044
6982,66.978836
6983,31.165672
6984,67.33697
6985,48.210644
6986,65.92513
6987,48.594418
6988,78.74008
6989,64.65794
6990,37.668682
6991,30.598701
6992,37.96871
6993,59.07463
6994,38.514343
6995,70.89034
6996,38.64629
6997,36.48239
6998,38.8537
6999,24.606388
7000,38.903366
7001,53.668526
7002,30.633839
7003,77.71874
7004,32.793575
7005,41.79333
7006,30.492477
7007,18.286331
7008,32.417507
7009,47.94919
7010,56.378563
7011,62.22827
7012,76.69815
7013,33.54967
7014,76.87332
7015,48.002274
7016,72.47071
7017,48.162415
7018,82.43524
7019,64.15981
7020,36.138454
7021,32.452118
7022,35.511593
7023,59.415783
7024,36.92907
7025,69.663284
7026,36.456566
7027,37.064404
7028,36.58576
7029,27.09815
7030,35.823257
7031,55.40002
7032,29.91925
7033,75.90028
7034,29.457384
7035,40.569492
7036,29.119572
7037,21.461586
7038,27.510983
7039,49.424274
7040,50.94358
7041,61.808285
7042,69.202484
7043,35.78047
7044,69.57897
7045,49.06147
7046,65.988625
7047,49.028446
7048,75.45057
7049,67.67498
7050,38.310562
7051,30.196423
7052,37.175034
7053,61.376904
7054,38.23994
7055,74.69217
7056,39.555767
7057,36.758175
7058,37.218887
7059,23.651993
7060,38.197327
7061,56.9131
7062,26.164583
7063,81.03606
7064,28.77609
7065,39.930393
7066,26.305515
7067,17.418915
7068,27.696138
7069,45.603737
7070,62.347755
7071,62.802673
7072,73.55102
7073,35.410343
7074,71.72362
7075,47.48482
7076,69.96517
7077,47.68427
7078,81.02567
7079,67.437805
7080,39.348904
7081,28.902538
7082,36.81145
7083,60.924133
7084,39.68697
7085,73.56496
7086,40.08387
7087,35.58478
7088,38.206173
7089,22.703033
7090,37.311962
7091,61.126225
7092,31.993793
7093,78.351135
7094,28.685957
7095,37.2179
7096,30.109438
7097,19.754837
7098,24.567474
7099,48.308716
7100,53.066685
7101,60.29498
7102,76.01379
7103,32.47471
7104,74.806984
7105,47.296272
7106,68.846344
7107,46.72436
7108,81.93156
7109,66.616806
7110,35.575485
7111,27.663544
7112,36.936275
7113,60.473934
7114,36.55078
7115,72.56158
7116,36.34706
7117,33.704803
7118,37.154312
7119,21.69712
7120,38.34787
7121,58.54769
7122,24.68498
7123,78.62096
7124,26.157665
7125,36.93127
7126,25.752502
7127,15.089845
7128,29.663975
7129,48.41047
7130,53.68499
7131,63.7992
7132,75.40896
7133,34.283325
7134,76.048874
7135,49.006645
7136,68.50871
7137,49.51579
7138,85.314445
7139,64.61717
7140,35.54125
7141,29.053743
7142,35.8331
7143,58.400623
7144,36.722126
7145,70.76275
7146,36.994366
7147,35.297043
7148,37.035873
7149,23.356567
7150,37.344276
7151,54.474728
7152,28.527267
7153,78.80639
7154,31.77208
7155,38.22097
7156,29.248745
7157,15.214494
7158,33.126198
7159,45.88827
7160,55.17027
7161,60.925926
7162,74.845566
7163,33.596416
7164,75.16362
7165,46.734886
7166,72.13746
7167,47.018864
7168,80.62909
7169,63.10802
7170,35.427284
7171,29.8596
7172,36.62243
7173,57.92561
7174,36.528324
7175,69.23684
7176,35.8432
7177,36.186592
7178,37.13686
7179,24.577463
7180,37.222904
7181,54.290443
7182,27.620903
7183,75.05524
7184,28.843113
7185,42.0698
7186,27.689629
7187,17.080082
7188,30.224812
7189,51.558292
7190,55.808643
7191,60.48315
7192,75.15983
7193,35.597736
7194,77.0224
7195,49.658222
7196,70.43733
7197,49.563236
7198,84.884476
7199,65.65304
7200,31.152086
7201,26.212488
7202,34.484276
7203,59.580288
7204,32.699963
7205,71.50692
7206,31.923021
7207,32.67338
7208,34.480843
7209,20.460466
7210,36.307446
7211,57.19385
7212,22.009558
7213,78.091835
7214,22.23938
7215,35.68036
7216,23.757048
7217,11.950717
7218,29.404726
7219,48.736473
7220,49.85732
7221,61.853985
7222,73.148
7223,37.439133
7224,74.71275
7225,49.29784
7226,65.88785
7227,50.6128
7228,83.547386
7229,66.44726
7230,36.283527
7231,30.541195
7232,35.237385
7233,60.75964
7234,37.083332
7235,71.67243
7236,37.51173
7237,36.25364
7238,35.986397
7239,25.260221
7240,36.178562
7241,55.848377
7242,28.544872
7243,78.31959
7244,29.892845
7245,41.400158
7246,27.967123
7247,17.86821
7248,28.739807
7249,48.96449
7250,53.731266
7251,59.194626
7252,72.62925
7253,35.85069
7254,71.700745
7255,47.689995
7256,66.24156
7257,47.375874
7258,80.03221
7259,66.79879
7260,36.20175
7261,28.642342
7262,37.41659
7263,60.76973
7264,36.99307
7265,72.9116
7266,36.868824
7267,34.734642
7268,37.796474
7269,22.889608
7270,38.28835
7271,55.800983
7272,30.789196
7273,78.86414
7274,28.465235
7275,37.122524
7276,30.568525
7277,15.831403
7278,30.472073
7279,50.484894
7280,55.379883
7281,65.37987
7282,74.2763
7283,34.586994
7284,75.811646
7285,50.161995
7286,70.84091
7287,50.67094
7288,83.01896
7289,67.71918
7290,38.671307
7291,28.109282
7292,36.860786
7293,61.253807
7294,39.630688
7295,75.04861
7296,39.9704
7297,35.109566
7298,38.320946
7299,21.659573
7300,37.601738
7301,59.367752
7302,29.980125
7303,82.4962
7304,32.196194
7305,38.09288
7306,28.25339
7307,15.590556
7308,28.326534
7309,48.314487
7310,62.30789
7311,60.389896
7312,86.06451
7313,33.46271
7314,86.124405
7315,47.526855
7316,81.576996
7317,47.084026
7318,93.553856
7319,65.80592
7320,36.95716
7321,30.694042
7322,37.033043
7323,60.0229
7324,37.894035
7325,71.21391
7326,37.4592
7327,36.092033
7328,37.783733
7329,24.878115
7330,37.536278
7331,56.137325
7332,33.414562
7333,76.997894
7334,31.702967
7335,38.187157
7336,32.644115
7337,18.801214
7338,31.666136
7339,50.254154
7340,55.691467
7341,62.71904
7342,72.4355
7343,35.420715
7344,72.87293
7345,49.378983
7346,69.02736
7347,49.497967
7348,81.09626
7349,65.982445
7350,38.187355
7351,29.287247
7352,35.50868
7353,59.495667
7354,39.298084
7355,72.31745
7356,39.744495
7357,35.393463
7358,37.44957
7359,22.585773
7360,35.851093
7361,55.390915
7362,29.344645
7363,81.78022
7364,34.34807
7365,41.386776
7366,27.741156
7367,13.775382
7368,29.099327
7369,46.206482
7370,60.51022
7371,56.243965
7372,83.29165
7373,32.405693
7374,82.189476
7375,44.97491
7376,75.43227
7377,44.315395
7378,90.99221
7379,64.670746
7380,35.4918
7381,30.833515
7382,34.727695
7383,59.146465
7384,36.535748
7385,69.738525
7386,35.94771
7387,36.013317
7388,35.898754
7389,25.261606
7390,35.33036
7391,57.41945
7392,29.057102
7393,75.37226
7394,28.006876
7395,39.856052
7396,28.871035
7397,19.271816
7398,27.991428
7399,47.898342
7400,59.626324
7401,59.144623
7402,75.050865
7403,33.454662
7404,74.80806
7405,46.659737
7406,70.08393
7407,46.54952
7408,82.53689
7409,67.30248
7410,35.762302
7411,30.32922
7412,34.229244
7413,60.475548
7414,36.761616
7415,74.30012
7416,37.3031
7417,36.48048
7418,35.68523
7419,23.460855
7420,35.341484
7421,58.71096
7422,27.636017
7423,80.37078
7424,30.870106
7425,39.17819
7426,27.019133
7427,18.183142
7428,28.117281
7429,47.062366
7430,50.5972
7431,62.132587
7432,72.953926
7433,31.41498
7434,71.37971
7435,46.47962
7436,65.28451
7437,45.72464
7438,80.34185
7439,65.56999
7440,39.265297
7441,29.44461
7442,36.69219
7443,58.936337
7444,40.297737
7445,72.680725
7446,40.91309
7447,36.315506
7448,38.704052
7449,22.126211
7450,37.50611
7451,55.581566
7452,30.237402
7453,80.573685
7454,34.928856
7455,41.177696
7456,28.462414
7457,14.724778
7458,30.205841
7459,48.165344
7460,59.60729
7461,60.928486
7462,79.742004
7463,29.763958
7464,77.956474
7465,46.388615
7466,74.83764
7467,45.881634
7468,84.66655
7469,64.125984
7470,34.13469
7471,30.533243
7472,33.163532
7473,58.336582
7474,35.098694
7475,68.72593
7476,35.091026
7477,35.677723
7478,34.413357
7479,25.477858
7480,34.088512
7481,57.291492
7482,27.412241
7483,74.942245
7484,28.633072
7485,38.498074
7486,27.059967
7487,19.742592
7488,28.2147
7489,47.091198
7490,52.78724
7491,56.78324
7492,68.957695
7493,33.704056
7494,68.261536
7495,45.659325
7496,64.00121
7497,45.478867
7498,76.14968
7499,64.79985
7500,37.07256
7501,28.838135
7502,36.31738
7503,58.069313
7504,37.451656
7505,70.95348
7506,38.235523
7507,35.757114
7508,36.756943
7509,22.771303
7510,37.329426
7511,56.8748
7512,27.289803
7513,76.5306
7514,31.314821
7515,37.031338
7516,25.951588
7517,17.24224
7518,29.588848
7519,49.17422
7520,51.40726
7521,61.451866
7522,71.2366
7523,34.114338
7524,71.55261
7525,48.515575
7526,67.16236
7527,48.38396
7528,78.122185
7529,68.166306
7530,36.466705
7531,27.715658
7532,36.17298
7533,60.976097
7534,37.10718
7535,74.49493
7536,37.318455
7537,34.247276
7538,36.759117
7539,20.626133
7540,36.818127
7541,56.253902
7542,28.056168
7543,81.949936
7544,29.411758
7545,34.714664
7546,27.58899
7547,12.878264
7548,28.40192
7549,46.583843
7550,60.226254
7551,67.08207
7552,73.78061
7553,30.171999
7554,74.30008
7555,47.734425
7556,72.09092
7557,48.205437
7558,83.30873
7559,64.87951
7560,38.022686
7561,31.26805
7562,37.77572
7563,58.913727
7564,39.27287
7565,71.05581
7566,38.834057
7567,37.181805
7568,39.161892
7569,25.35919
7570,38.40738
7571,55.311806
7572,29.16526
7573,79.92452
7574,30.82824
7575,40.902634
7576,29.256826
7577,16.149693
7578,30.34364
7579,47.688763
7580,57.931774
7581,62.878384
7582,77.18681
7583,32.407894
7584,77.23573
7585,47.87119
7586,70.757805
7587,47.934032
7588,88.25002
7589,68.49794
7590,36.444668
7591,30.532969
7592,37.134144
7593,61.602024
7594,37.90502
7595,75.61568
7596,37.055645
7597,37.184887
7598,38.0523
7599,23.535677
7600,37.79973
7601,56.037262
7602,29.077682
7603,81.59967
7604,27.968494
7605,38.868732
7606,30.084911
7607,18.009066
7608,29.149446
7609,44.943413
7610,63.06269
7611,65.35731
7612,79.63118
7613,33.04944
7614,79.0836
7615,47.153664
7616,75.85247
7617,47.206944
7618,87.49176
7619,65.26937
7620,38.89692
7621,30.28028
7622,40.214073
7623,57.973713
7624,40.954216
7625,72.27813
7626,40.406544
7627,36.82721
7628,41.524143
7629,22.938711
7630,42.27827
7631,55.57057
7632,31.881317
7633,77.0143
7634,32.33388
7635,37.76764
7636,32.20498
7637,17.948341
7638,34.24251
7639,47.740738
7640,52.525475
7641,64.410164
7642,78.44111
7643,32.809135
7644,79.536224
7645,48.205788
7646,71.64811
7647,48.752964
7648,83.01888
7649,62.844933
7650,36.91683
7651,30.57734
7652,37.659855
7653,56.611507
7654,37.890186
7655,69.17958
7656,36.80427
7657,37.084286
7658,38.176228
7659,24.619081
7660,37.59762
7661,52.047287
7662,29.079878
7663,77.403725
7664,27.041193
7665,38.413902
7666,29.71829
7667,15.672271
7668,28.63392
7669,45.01976
7670,59.39234
7671,63.62164
7672,69.661255
7673,32.149506
7674,70.3944
7675,46.964085
7676,68.76444
7677,47.78508
7678,79.29658
7679,66.80322
7680,36.79536
7681,30.813797
7682,36.647976
7683,60.71057
7684,37.740807
7685,72.182945
7686,37.722553
7687,36.23561
7688,37.357414
7689,24.946615
7690,37.27598
7691,56.32609
7692,32.64678
7693,77.7616
7694,31.034796
7695,38.67519
7696,31.493807
7697,18.996738
7698,30.43365
7699,50.848785
7700,54.256306
7701,63.181107
7702,72.07585
7703,35.010826
7704,72.41242
7705,49.542183
7706,68.099
7707,49.486797
7708,81.01196
7709,67.539734
7710,34.80307
7711,29.229877
7712,35.31653
7713,60.86747
7714,35.872715
7715,74.29957
7716,36.047337
7717,35.89814
7718,36.306747
7719,23.049301
7720,36.382416
7721,59.21032
7722,26.028784
7723,80.78346
7724,28.735437
7725,38.754414
7726,26.175974
7727,16.558052
7728,29.52132
7729,49.330383
7730,47.978947
7731,64.46782
7732,71.23193
7733,32.370922
7734,71.47264
7735,48.765408
7736,63.896248
7737,48.879856
7738,78.17336
7739,67.27497
7740,35.77671
7741,29.837513
7742,36.32309
7743,59.96352
7744,37.379112
7745,74.340576
7746,37.059536
7747,36.83966
7748,37.266586
7749,22.466833
7750,37.45676
7751,59.036404
7752,25.189857
7753,80.42762
7754,29.233881
7755,38.03509
7756,25.286955
7757,15.595837
7758,30.17894
7759,50.083206
7760,53.568012
7761,67.772484
7762,71.06281
7763,30.167868
7764,71.19427
7765,49.619797
7766,66.45956
7767,49.720303
7768,81.400475
7769,67.27269
7770,34.72182
7771,32.428753
7772,36.0572
7773,61.20748
7774,35.696026
7775,72.96817
7776,34.657707
7777,38.358997
7778,36.63317
7779,25.840343
7780,36.469067
7781,60.141697
7782,29.551523
7783,76.80951
7784,27.977041
7785,40.338413
7786,30.567905
7787,21.11108
7788,31.534227
7789,49.86386
7790,56.673996
7791,65.498985
7792,71.57433
7793,35.579956
7794,71.77157
7795,50.472557
7796,70.566864
7797,50.49749
7798,79.11434
7799,65.956375
7800,32.592503
7801,26.57053
7802,32.499756
7803,60.444366
7804,33.010025
7805,72.748886
7806,33.808685
7807,32.67455
7808,32.850704
7809,20.634048
7810,33.595512
7811,57.15357
7812,21.325668
7813,79.88234
7814,22.89449
7815,36.060497
7816,21.291471
7817,13.510106
7818,23.043663
7819,45.645103
7820,60.86511
7821,61.053535
7822,69.96327
7823,32.273758
7824,69.29576
7825,46.576763
7826,66.48203
7827,46.743687
7828,79.32314
7829,65.40229
7830,35.102116
7831,28.571697
7832,35.20114
7833,58.46492
7834,36.352783
7835,72.25468
7836,36.308273
7837,35.44907
7838,36.169785
7839,21.425915
7840,36.38775
7841,57.61238
7842,23.78858
7843,78.635185
7844,28.851698
7845,36.277336
7846,23.814978
7847,14.759391
7848,29.261227
7849,47.846455
7850,51.87995
7851,64.30413
7852,70.97973
7853,30.937681
7854,71.3153
7855,47.79971
7856,66.12136
7857,48.060333
7858,76.82412
7859,66.92059
7860,36.441807
7861,27.93655
7862,37.870716
7863,60.101418
7864,37.204582
7865,73.08532
7866,37.135204
7867,34.64978
7868,37.945236
7869,20.91344
7870,39.377586
7871,56.98204
7872,27.719862
7873,78.69323
7874,28.416365
7875,36.032204
7876,28.461632
7877,13.952894
7878,31.495829
7879,47.85185
7880,54.756256
7881,62.806633
7882,77.099686
7883,33.522514
7884,77.42722
7885,48.046795
7886,71.40041
7887,48.55065
7888,84.18876
7889,67.25434
7890,38.083675
7891,27.858648
7892,38.919228
7893,58.473522
7894,40.305317
7895,76.32203
7896,39.528763
7897,36.171635
7898,40.59259
7899,18.106869
7900,40.856842
7901,56.45872
7902,32.45661
7903,81.074295
7904,31.09209
7905,37.17046
7906,32.840088
7907,13.122873
7908,32.769993
7909,47.246555
7910,60.08673
7911,64.98549
7912,83.841255
7913,30.040632
7914,84.417854
7915,47.459393
7916,80.68937
7917,47.90128
7918,90.52
7919,63.90374
7920,38.361523
7921,23.59001
7922,41.616142
7923,57.199276
7924,39.205402
7925,72.2165
7926,38.94827
7927,30.692356
7928,41.048435
7929,16.86637
7930,42.860546
7931,54.25715
7932,30.690863
7933,78.551674
7934,29.021387
7935,33.733444
7936,32.43559
7937,10.916664
7938,34.215736
7939,44.04273
7940,50.025475
7941,61.31804
7942,78.65227
7943,31.62687
7944,81.257324
7945,45.482117
7946,68.95216
7947,46.82129
7948,86.28512
7949,65.47773
7950,36.07593
7951,31.224285
7952,35.736443
7953,58.635323
7954,37.684277
7955,71.99661
7956,37.317688
7957,38.100864
7958,37.06967
7959,24.407251
7960,36.853817
7961,58.133198
7962,27.084217
7963,77.75287
7964,30.47351
7965,39.344574
7966,27.105074
7967,18.155493
7968,30.019878
7969,49.064377
7970,54.045937
7971,62.831776
7972,72.06902
7973,33.461853
7974,71.79762
7975,48.740112
7976,66.787125
7977,48.58286
7978,79.644424
7979,64.22543
7980,39.754406
7981,27.946383
7982,36.588062
7983,58.0199
7984,40.365246
7985,70.82963
7986,41.08354
7987,34.36657
7988,38.029434
7989,21.696022
7990,36.77686
7991,56.21671
7992,29.418577
7993,78.64072
7994,33.139793
7995,37.4642
7996,27.087496
7997,15.770519
7998,27.530722
7999,45.175423
8000,58.94156
8001,55.735764
8002,82.22716
8003,31.288847
8004,80.94883
8005,44.128582
8006,76.5661
8007,43.56994
8008,88.26186
8009,65.31761
8010,38.31963
8011,29.376945
8012,36.48211
8013,59.990376
8014,38.498707
8015,71.55065
8016,39.209217
8017,34.9295
8018,37.269478
8019,22.995567
8020,37.024284
8021,56.64194
8022,30.374582
8023,79.27583
8024,31.137033
8025,37.895824
8026,28.928635
8027,15.479094
8028,27.777527
8029,48.53283
8030,51.515347
8031,60.183304
8032,76.82094
8033,33.22199
8034,76.472984
8035,47.532482
8036,68.997665
8037,46.90846
8038,87.45211
8039,64.42119
8040,37.04495
8041,24.959772
8042,39.913036
8043,57.927597
8044,37.724247
8045,71.88562
8046,37.36706
8047,31.55583
8048,39.3102
8049,18.523956
8050,40.812572
8051,54.66324
8052,29.795017
8053,78.75247
8054,27.669062
8055,34.335484
8056,31.141586
8057,11.575392
8058,32.323093
8059,44.691696
8060,50.18574
8061,62.138935
8062,76.03981
8063,33.399555
8064,78.473885
8065,46.698402
8066,67.44257
8067,47.974728
8068,83.272606
8069,66.61655
8070,38.293873
8071,22.965988
8072,39.22006
8073,58.49529
8074,39.030865
8075,74.88994
8076,39.032585
8077,31.318043
8078,39.85234
8079,15.087085
8080,39.775345
8081,55.395153
8082,32.1513
8083,81.50427
8084,30.238903
8085,35.05111
8086,32.396233
8087,8.452293
8088,30.446423
8089,44.511425
8090,63.388336
8091,62.550095
8092,81.169266
8093,28.500832
8094,81.46463
8095,45.32228
8096,80.605675
8097,45.701027
8098,87.19589
8099,66.09708
8100,33.42736
8101,29.105562
8102,34.197468
8103,59.62439
8104,34.468132
8105,72.34545
8106,33.75515
8107,35.214664
8108,34.93181
8109,22.119919
8110,34.975887
8111,55.150803
8112,25.770594
8113,78.21259
8114,24.560238
8115,39.21272
8116,26.305737
8117,16.061674
8118,27.062943
8119,46.06362
8120,55.499466
8121,62.834526
8122,73.824524
8123,31.242125
8124,74.178635
8125,46.301834
8126,69.82548
8127,46.870487
8128,80.7545
8129,65.941925
8130,39.646088
8131,27.743149
8132,35.62066
8133,59.7522
8134,40.232513
8135,72.43745
8136,41.465405
8137,34.23479
8138,37.23291
8139,21.011637
8140,35.848133
8141,58.47001
8142,34.081387
8143,78.47179
8144,35.031536
8145,38.85965
8146,30.504826
8147,16.565147
8148,27.606133
8149,48.66149
8150,58.351883
8151,59.25878
8152,73.896866
8153,24.803736
8154,70.57449
8155,44.319576
8156,69.50076
8157,42.880356
8158,84.1697
8159,67.82627
8160,39.763206
8161,29.661718
8162,39.651028
8163,60.13662
8164,40.257828
8165,75.48178
8166,41.094704
8167,37.02278
8168,39.98815
8169,22.681725
8170,41.14255
8171,55.753975
8172,30.892723
8173,81.8721
8174,32.508476
8175,37.141407
8176,30.872267
8177,17.020805
8178,31.884027
8179,44.96337
8180,52.658047
8181,63.596336
8182,78.44725
8183,32.23081
8184,78.2903
8185,46.096523
8186,72.61945
8187,46.67019
8188,83.17333
8189,64.39978
8190,35.497013
8191,31.69317
8192,36.150696
8193,58.264893
8194,37.127823
8195,70.767845
8196,35.81379
8197,37.915207
8198,37.663467
8199,25.618769
8200,36.6271
8201,53.895874
8202,28.641584
8203,78.715195
8204,27.091398
8205,40.112583
8206,29.18935
8207,16.497765
8208,28.649052
8209,46.734074
8210,58.54425
8211,63.81492
8212,71.8115
8213,34.095844
8214,72.67895
8215,48.199234
8216,69.71981
8217,48.803795
8218,80.593925
8219,66.12283
8220,38.621677
8221,28.729177
8222,37.3284
8223,59.281334
8224,38.842514
8225,72.83791
8226,39.93563
8227,35.62982
8228,37.83496
8229,21.842918
8230,38.39544
8231,57.149693
8232,29.403542
8233,79.03715
8234,33.39659
8235,37.02597
8236,27.976664
8237,16.270018
8238,30.80175
8239,47.03538
8240,54.804703
8241,61.2483
8242,75.64258
8243,31.365328
8244,75.11837
8245,46.63956
8246,70.51006
8247,46.521053
8248,85.482994
8249,65.94458
8250,39.502266
8251,27.385422
8252,37.262497
8253,59.705532
8254,40.306667
8255,73.04675
8256,40.977917
8257,34.137077
8258,38.730984
8259,21.426548
8260,37.852074
8261,57.37417
8262,30.758848
8263,80.836624
8264,33.441708
8265,37.382225
8266,28.729252
8267,15.131657
8268,29.049082
8269,46.444195
8270,61.601425
8271,58.444256
8272,85.82074
8273,32.105396
8274,85.75543
8275,46.055042
8276,80.79495
8277,45.98339
8278,93.190575
8279,66.71214
8280,38.26181
8281,27.344334
8282,37.665558
8283,59.630516
8284,38.588913
8285,73.639366
8286,39.48107
8287,34.419884
8288,38.12319
8289,20.363987
8290,38.823017
8291,57.131573
8292,29.091684
8293,79.801926
8294,32.67935
8295,35.6552
8296,27.950394
8297,14.599048
8298,31.04783
8299,47.0578
8300,56.99743
8301,61.867607
8302,76.82642
8303,31.27658
8304,76.96587
8305,46.735725
8306,72.23262
8307,46.79464
8308,89.56356
8309,69.365776
8310,33.177692
8311,29.549217
8312,35.48693
8313,63.213917
8314,34.51762
8315,75.72139
8316,34.29688
8317,36.498577
8318,35.714897
8319,24.160797
8320,37.03538
8321,60.408184
8322,23.048544
8323,82.020676
8324,24.977625
8325,39.547077
8326,25.607582
8327,16.208723
8328,30.471008
8329,50.904366
8330,51.016632
8331,66.80191
8332,74.77919
8333,37.690796
8334,74.71042
8335,51.36531
8336,67.23869
8337,52.205757
8338,83.6289
8339,67.9946
8340,37.052746
8341,26.226013
8342,36.411953
8343,60.27194
8344,36.553566
8345,76.0692
8346,37.905823
8347,33.711807
8348,36.206383
8349,18.485258
8350,36.720325
8351,55.884495
8352,28.843378
8353,83.28658
8354,29.012283
8355,38.368664
8356,28.465412
8357,11.698176
8358,27.874874
8359,46.115475
8360,56.721836
8361,64.21051
8362,78.96026
8363,28.84572
8364,78.69881
8365,46.352333
8366,77.113014
8367,46.035583
8368,87.79829
8369,65.18203
8370,39.648273
8371,27.073364
8372,38.258087
8373,58.408253
8374,40.20412
8375,72.275856
8376,40.85878
8377,34.069187
8378,39.14001
8379,20.274563
8380,39.025276
8381,56.160004
8382,27.860994
8383,79.424416
8384,32.519394
8385,36.183563
8386,26.088367
8387,14.118102
8388,29.721601
8389,46.887833
8390,57.26604
8391,61.16231
8392,82.09532
8393,30.6931
8394,82.09657
8395,46.524128
8396,76.752914
8397,46.65754
8398,86.8942
8399,69.23184
8400,36.740242
8401,30.772287
8402,32.61409
8403,62.80123
8404,36.53976
8405,75.01858
8406,38.678734
8407,37.448112
8408,33.97981
8409,24.472727
8410,33.133316
8411,61.419655
8412,26.343536
8413,81.56632
8414,28.029175
8415,40.4817
8416,24.041327
8417,19.862637
8418,21.247047
8419,48.959385
8420,46.998253
8421,59.526867
8422,75.049866
8423,32.386395
8424,71.766174
8425,46.886024
8426,64.45124
8427,45.54235
8428,80.53976
8429,65.92668
8430,38.263397
8431,29.853916
8432,38.442974
8433,60.56659
8434,39.106865
8435,71.65998
8436,38.419613
8437,35.242554
8438,39.02372
8439,24.203405
8440,38.87446
8441,55.17325
8442,31.036783
8443,77.16134
8444,29.407713
8445,39.702534
8446,31.193563
8447,17.429968
8448,30.26361
8449,47.35566
8450,62.595478
8451,63.878532
8452,78.084854
8453,32.879284
8454,77.85143
8455,47.79935
8456,72.36481
8457,47.952396
8458,88.65599
8459,63.43371
8460,34.969536
8461,30.685064
8462,33.152107
8463,58.04657
8464,35.76633
8465,68.06652
8466,35.866997
8467,35.9578
8468,34.449894
8469,25.83886
8470,33.887497
8471,57.224167
8472,28.834211
8473,73.99765
8474,29.820337
8475,39.43325
8476,28.064775
8477,20.60656
8478,28.0675
8479,47.382633
8480,52.62473
8481,55.32241
8482,68.684586
8483,33.883503
8484,67.6209
8485,45.34866
8486,64.00217
8487,44.884777
8488,74.89962
8489,65.28521
8490,36.33546
8491,31.25846
8492,37.852913
8493,59.74197
8494,37.563267
8495,70.899185
8496,36.533127
8497,36.975555
8498,38.52851
8499,25.969404
8500,38.47017
8501,55.95184
8502,29.38853
8503,76.922615
8504,27.449064
8505,38.977104
8506,30.702557
8507,19.37028
8508,30.59075
8509,46.80437
8510,59.947598
8511,63.019245
8512,75.90689
8513,36.59051
8514,76.53266
8515,48.533894
8516,71.06102
8517,49.16924
8518,83.19472
8519,66.75875
8520,36.09703
8521,25.471613
8522,37.61853
8523,59.608982
8524,36.48204
8525,74.79766
8526,36.614803
8527,32.858154
8528,37.613003
8529,18.206474
8530,38.533913
8531,54.832176
8532,28.935923
8533,81.702774
8534,27.711987
8535,36.73219
8536,29.609985
8537,10.438411
8538,30.224993
8539,44.921646
8540,55.32995
8541,65.27225
8542,76.26258
8543,29.710546
8544,77.173584
8545,46.67832
8546,73.95014
8547,47.464973
8548,88.17521
8549,67.64292
8550,36.16741
8551,31.94362
8552,36.113483
8553,61.597496
8554,36.93796
8555,74.229774
8556,37.099434
8557,38.036415
8558,36.866493
8559,26.014448
8560,36.714397
8561,57.285374
8562,29.655766
8563,80.645134
8564,30.40691
8565,40.963757
8566,29.366556
8567,19.92493
8568,29.369427
8569,51.11383
8570,51.203743
8571,64.63347
8572,74.11158
8573,38.314785
8574,74.48879
8575,51.216087
8576,68.32348
8577,51.15654
8578,81.51119
8579,65.646965
8580,36.215267
8581,30.672997
8582,36.19467
8583,58.803627
8584,37.666897
8585,72.44493
8586,37.67116
8587,37.696415
8588,37.191364
8589,23.685535
8590,37.47524
8591,58.470764
8592,26.016413
8593,77.8151
8594,30.59155
8595,38.530865
8596,26.05214
8597,17.565731
8598,30.455353
8599,49.921906
8600,52.706127
8601,63.99278
8602,72.21456
8603,32.91281
8604,72.08615
8605,49.503746
8606,65.43644
8607,49.298695
8608,81.56207
8609,66.31194
8610,37.41778
8611,29.62386
8612,37.20491
8613,60.148247
8614,38.240467
8615,71.89987
8616,38.11156
8617,35.46878
8618,37.798935
8619,23.610273
8620,38.224533
8621,55.88552
8622,28.937052
8623,77.66491
8624,29.42654
8625,39.163006
8626,28.78947
8627,16.390451
8628,30.025148
8629,48.56699
8630,56.74352
8631,59.24866
8632,75.48633
8633,35.948414
8634,75.14994
8635,47.663544
8636,68.98978
8637,47.799103
8638,84.188286
8639,67.49208
8640,32.985794
8641,29.1338
8642,36.72511
8643,61.22514
8644,34.479836
8645,73.30668
8646,33.32101
8647,34.89901
8648,36.884403
8649,23.224855
8650,38.07367
8651,54.78362
8652,29.515558
8653,79.175156
8654,25.73738
8655,36.796326
8656,30.468554
8657,15.832248
8658,31.890444
8659,51.878674
8660,53.97054
8661,67.97498
8662,71.55422
8663,38.15033
8664,74.56461
8665,52.85112
8666,69.03813
8667,54.07563
8668,80.632416
8669,65.05487
8670,39.12465
8671,30.247517
8672,37.104927
8673,58.880962
8674,38.822456
8675,71.97267
8676,40.645786
8677,36.870117
8678,37.295025
8679,24.048021
8680,37.082584
8681,55.526833
8682,30.219877
8683,78.830925
8684,32.133247
8685,39.49202
8686,29.328987
8687,17.485033
8688,28.13463
8689,44.5846
8690,63.47784
8691,59.90815
8692,71.00165
8693,32.887062
8694,67.97592
8695,45.517124
8696,69.8195
8697,45.332508
8698,74.4315
8699,64.75736
8700,38.05375
8701,31.772432
8702,39.547688
8703,58.40321
8704,39.835827
8705,71.39637
8706,39.041603
8707,38.439205
8708,40.43804
8709,25.078188
8710,40.911148
8711,56.25887
8712,31.705286
8713,74.90371
8714,30.904198
8715,38.604298
8716,32.399025
8717,20.861294
8718,33.379498
8719,48.582394
8720,55.234844
8721,64.08093
8722,77.059364
8723,34.678402
8724,77.66192
8725,48.74961
8726,73.12835
8727,49.48802
8728,81.25664
8729,66.88478
8730,37.360817
8731,28.938808
8732,36.218445
8733,60.3574
8734,37.803425
8735,73.048836
8736,38.138004
8737,35.629856
8738,37.060223
8739,22.820742
8740,36.732452
8741,59.89592
8742,29.60185
8743,76.94451
8744,27.24664
8745,37.343163
8746,28.14959
8747,19.17401
8748,24.849527
8749,50.08944
8750,51.119705
8751,61.729435
8752,73.179565
8753,33.143803
8754,72.99141
8755,48.709747
8756,66.523544
8757,48.25401
8758,79.70929
8759,64.29822
8760,38.260487
8761,26.570595
8762,41.04391
8763,58.045124
8764,38.725063
8765,71.51703
8766,38.570812
8767,32.879406
8768,40.63194
8769,20.336159
8770,42.095684
8771,55.252476
8772,30.851494
8773,77.64825
8774,29.787218
8775,35.254375
8776,32.661366
8777,13.550907
8778,34.557228
8779,45.323086
8780,50.882538
8781,63.888947
8782,75.58832
8783,32.199993
8784,77.98619
8785,46.849327
8786,69.34211
8787,48.33169
8788,81.01696
8789,66.20886
8790,30.366436
8791,28.10095
8792,34.885624
8793,57.397022
8794,32.642918
8795,75.55137
8796,29.964493
8797,36.352436
8798,35.432354
8799,18.30897
8800,36.54561
8801,52.096645
8802,24.424099
8803,78.89996
8804,18.27362
8805,36.959305
8806,26.48874
8807,13.091257
8808,25.757034
8809,45.99376
8810,56.377518
8811,65.21172
8812,74.42254
8813,36.188484
8814,77.23569
8815,49.07091
8816,72.07122
8817,50.588696
8818,80.033424
8819,64.455086
8820,36.706074
8821,27.78276
8822,37.22248
8823,56.106453
8824,38.312393
8825,73.94149
8826,37.41837
8827,36.14044
8828,38.581287
8829,18.415821
8830,38.298054
8831,51.90088
8832,29.262238
8833,81.020195
8834,28.219027
8835,38.79605
8836,29.615704
8837,11.884944
8838,29.693611
8839,45.553265
8840,60.85642
8841,61.779625
8842,79.44687
8843,31.91
8844,79.806366
8845,46.301052
8846,75.59834
8847,46.781937
8848,84.93434
8849,65.77282
8850,37.277992
8851,29.102266
8852,37.489346
8853,58.94212
8854,38.159164
8855,72.20743
8856,38.229034
8857,35.7496
8858,38.269524
8859,22.170702
8860,38.705338
8861,54.868896
8862,29.51873
8863,79.22163
8864,30.209846
8865,38.73085
8866,29.377056
8867,15.411911
8868,31.219841
8869,49.396988
8870,58.954285
8871,64.058525
8872,76.81992
8873,34.215805
8874,77.68519
8875,49.37664
8876,74.055374
8877,49.996265
8878,79.580025
8879,66.368
8880,35.74788
8881,28.425383
8882,35.9011
8883,58.489605
8884,35.879894
8885,74.47178
8886,36.466373
8887,35.88237
8888,35.818077
8889,19.999163
8890,36.64112
8891,54.58244
8892,26.811235
8893,80.857735
8894,30.279425
8895,38.806583
8896,26.358637
8897,13.125303
8898,30.533909
8899,48.27217
8900,60.560635
8901,66.643234
8902,74.373566
8903,29.004032
8904,74.4906
8905,48.092426
8906,73.04049
8907,48.395367
8908,79.22834
8909,67.27931
8910,40.919903
8911,26.265726
8912,44.23708
8913,59.103043
8914,42.201588
8915,75.914894
8916,41.96285
8917,34.940613
8918,44.183918
8919,18.092573
8920,46.58029
8921,52.27629
8922,33.559666
8923,83.24061
8924,33.539917
8925,38.892124
8926,34.815105
8927,9.1448145
8928,39.51988
8929,47.714607
8930,64.12367
8931,70.29618
8932,79.13704
8933,28.31784
8934,82.38767
8935,48.792942
8936,78.57011
8937,49.667057
8938,89.44019
8939,65.50728
8940,36.379547
8941,28.532454
8942,39.834343
8943,58.01755
8944,36.899597
8945,72.430786
8946,35.97202
8947,35.75388
8948,39.17877
8949,20.966211
8950,40.6413
8951,54.305466
8952,27.994413
8953,77.85783
8954,27.94518
8955,36.66517
8956,29.777971
8957,14.246211
8958,33.871426
8959,49.104557
8960,63.988243
8961,68.23212
8962,69.95913
8963,31.578163
8964,72.92907
8965,49.84356
8966,72.8836
8967,49.971687
8968,76.683495
8969,66.47085
8970,35.7814
8971,28.052402
8972,34.099827
8973,57.82127
8974,36.977707
8975,75.83228
8976,36.906906
8977,36.863674
8978,35.86034
8979,18.4749
8980,34.48709
8981,55.69732
8982,29.90139
8983,82.96701
8984,28.205925
8985,40.945717
8986,29.115316
8987,11.36726
8988,25.452175
8989,48.033363
8990,60.3259
8991,60.553616
8992,79.211334
8993,29.620989
8994,77.87002
8995,45.792255
8996,76.026955
8997,45.328976
8998,85.15002
8999,65.21731
9000,35.60458
9001,27.669085
9002,36.050674
9003,57.028915
9004,36.201527
9005,73.73081
9006,36.074284
9007,35.453365
9008,36.723724
9009,18.539564
9010,37.507713
9011,52.570377
9012,29.552553
9013,80.29503
9014,29.20154
9015,39.26681
9016,29.885067
9017,12.659983
9018,31.047054
9019,47.257862
9020,57.027416
9021,64.21275
9022,76.917786
9023,31.402693
9024,78.27856
9025,47.851387
9026,75.49532
9027,48.02279
9028,79.70656
9029,64.45079
9030,39.8492
9031,29.783655
9032,37.896626
9033,57.180027
9034,39.978107
9035,73.41109
9036,41.111465
9037,38.03133
9038,38.7989
9039,20.978334
9040,38.6432
9041,53.52928
9042,33.049736
9043,79.77517
9044,36.92603
9045,42.210533
9046,31.932379
9047,15.059156
9048,33.590385
9049,47.983006
9050,60.058132
9051,62.65136
9052,76.31352
9053,28.225626
9054,74.44602
9055,46.13722
9056,73.33314
9057,45.46415
9058,83.42806
9059,65.96692
9060,35.74149
9061,29.106424
9062,36.952473
9063,58.590343
9064,37.368916
9065,73.59043
9066,36.4234
9067,36.512867
9068,38.327442
9069,21.274864
9070,38.13725
9071,55.430645
9072,26.404203
9073,80.19177
9074,27.2508
9075,38.746773
9076,26.550459
9077,14.073268
9078,29.274311
9079,48.15755
9080,57.864132
9081,63.071793
9082,75.64923
9083,33.17751
9084,76.75677
9085,48.211445
9086,72.43304
9087,48.82758
9088,79.77769
9089,66.187386
9090,37.174335
9091,28.644384
9092,35.499977
9093,57.926327
9094,37.79702
9095,75.2739
9096,38.57322
9097,37.084198
9098,36.807842
9099,19.63067
9100,36.323265
9101,55.810673
9102,29.123314
9103,81.81669
9104,33.240757
9105,40.683605
9106,28.064865
9107,13.784003
9108,29.871616
9109,46.916794
9110,57.457924
9111,61.812645
9112,79.15326
9113,29.110008
9114,77.70358
9115,45.920425
9116,74.29655
9117,45.38376
9118,82.47124
9119,64.964066
9120,36.388565
9121,25.39957
9122,37.061756
9123,57.288662
9124,37.17312
9125,73.33377
9126,37.118637
9127,33.652943
9128,37.701775
9129,16.677727
9130,38.658768
9131,53.13239
9132,30.2271
9133,80.74953
9134,31.332512
9135,38.454655
9136,30.246336
9137,9.3678
9138,33.458366
9139,48.20057
9140,58.750065
9141,63.252235
9142,76.42955
9143,29.672565
9144,77.495224
9145,47.28926
9146,74.12605
9147,47.4966
9148,83.51318
9149,66.330025
9150,35.52234
9151,30.124594
9152,36.630447
9153,57.60546
9154,36.792435
9155,75.29389
9156,35.982597
9157,38.378582
9158,37.17211
9159,20.425203
9160,37.981907
9161,54.758842
9162,28.081898
9163,81.40558
9164,28.57246
9165,40.11751
9166,28.538036
9167,13.48063
9168,31.184187
9169,48.237553
9170,59.761658
9171,64.82882
9172,77.86495
9173,33.71338
9174,78.29057
9175,48.923878
9176,75.307884
9177,49.19472
9178,82.955246
9179,66.01902
9180,37.728275
9181,26.691427
9182,37.93811
9183,57.871475
9184,38.269672
9185,75.12036
9186,39.145973
9187,34.830025
9188,38.600456
9189,17.80469
9190,39.615696
9191,54.248318
9192,29.244642
9193,81.802704
9194,33.541306
9195,39.703064
9196,29.015354
9197,11.759164
9198,33.92709
9199,47.516953
9200,54.112213
9201,63.357098
9202,77.704
9203,30.078804
9204,77.989815
9205,47.143047
9206,71.86826
9207,47.500492
9208,81.580475
9209,66.313995
9210,35.867214
9211,27.348515
9212,36.02328
9213,57.911182
9214,37.82041
9215,75.64148
9216,36.967373
9217,36.551186
9218,37.876823
9219,17.87442
9220,37.139572
9221,56.404152
9222,31.681324
9223,82.014534
9224,29.21517
9225,40.459904
9226,31.351625
9227,10.864117
9228,30.112556
9229,51.413948
9230,61.988766
9231,63.148006
9232,79.0128
9233,30.659916
9234,79.08508
9235,48.252644
9236,78.85695
9237,47.810875
9238,83.779816
9239,64.2363
9240,36.372604
9241,29.103035
9242,35.489258
9243,56.198746
9244,38.43956
9245,74.308586
9246,36.91619
9247,37.970753
9248,37.87583
9249,19.584864
9250,35.88031
9251,55.688442
9252,30.211323
9253,80.27111
9254,28.414911
9255,39.75879
9256,29.514454
9257,14.378522
9258,26.49868
9259,48.103962
9260,61.573936
9261,62.092068
9262,75.12101
9263,31.730478
9264,74.79535
9265,47.38186
9266,75.075424
9267,47.09814
9268,80.64513
9269,65.60884
9270,35.277206
9271,28.741352
9272,37.352135
9273,58.03295
9274,37.051464
9275,73.22694
9276,35.77784
9277,35.659718
9278,38.2947
9279,20.628378
9280,39.169567
9281,53.238537
9282,27.585516
9283,80.814644
9284,29.211012
9285,39.13671
9286,28.339792
9287,12.889451
9288,33.79848
9289,46.97472
9290,60.632767
9291,64.638214
9292,77.85312
9293,34.17062
9294,79.48514
9295,48.78497
9296,75.02389
9297,49.789177
9298,83.886955
9299,67.9868
9300,37.952984
9301,28.556564
9302,36.897995
9303,60.205956
9304,38.258083
9305,76.04072
9306,39.070923
9307,36.415432
9308,37.625767
9309,19.709377
9310,37.646
9311,55.895676
9312,26.875269
9313,84.5716
9314,28.947224
9315,40.94524
9316,26.539349
9317,11.383727
9318,28.006376
9319,49.196228
9320,60.692505
9321,66.89533
9322,81.65589
9323,28.80295
9324,81.48392
9325,48.172607
9326,77.63713
9327,48.077915
9328,88.14365
9329,65.4998
9330,37.052822
9331,28.918707
9332,36.35775
9333,57.06243
9334,38.609776
9335,74.76595
9336,38.19237
9337,37.532204
9338,38.174854
9339,19.48595
9340,36.95662
9341,56.115044
9342,31.628716
9343,81.03001
9344,30.508318
9345,40.405945
9346,30.930601
9347,13.140141
9348,29.310314
9349,49.450233
9350,60.364605
9351,62.047836
9352,77.31408
9353,30.381777
9354,76.69353
9355,47.164497
9356,76.096466
9357,46.79258
9358,82.39615
9359,67.496216
9360,37.9482
9361,29.035376
9362,38.00545
9363,59.295464
9364,38.05369
9365,76.22645
9366,38.590935
9367,37.105602
9368,38.288326
9369,20.213266
9370,38.87065
9371,55.969696
9372,24.818127
9373,83.18227
9374,29.10346
9375,40.13843
9376,24.99813
9377,12.917077
9378,30.182718
9379,48.367542
9380,57.590767
9381,68.7726
9382,76.511246
9383,27.228992
9384,76.26362
9385,48.28256
9386,71.409744
9387,48.500546
9388,86.741776
9389,65.00106
9390,37.316513
9391,27.9161
9392,35.3796
9393,57.938553
9394,37.9624
9395,72.348045
9396,38.674133
9397,35.21964
9398,36.677452
9399,20.176846
9400,36.067966
9401,53.895794
9402,30.852346
9403,80.149635
9404,31.695477
9405,41.18814
9406,29.92403
9407,12.481431
9408,28.95157
9409,48.01718
9410,59.214474
9411,58.904045
9412,78.81801
9413,30.848501
9414,77.7159
9415,45.837048
9416,74.601494
9417,45.539295
9418,84.93241
9419,66.33845
9420,38.970818
9421,29.391066
9422,37.307842
9423,58.589916
9424,39.050755
9425,75.38704
9426,39.91493
9427,37.62774
9428,38.203712
9429,20.794443
9430,37.548126
9431,56.44059
9432,29.531118
9433,82.41253
9434,32.855835
9435,40.615383
9436,28.509413
9437,14.418013
9438,29.881113
9439,47.477764
9440,59.46763
9441,65.72291
9442,76.34769
9443,27.813824
9444,75.20221
9445,47.12422
9446,73.087685
9447,46.913147
9448,85.384964
9449,65.72324
9450,36.7151
9451,27.558388
9452,38.89336
9453,57.920597
9454,37.047455
9455,74.05146
9456,36.63802
9457,35.749805
9458,38.48423
9459,19.563541
9460,39.78974
9461,53.376396
9462,27.633026
9463,80.27635
9464,28.177786
9465,38.274055
9466,28.516329
9467,12.164091
9468,32.471546
9469,48.0089
9470,56.893383
9471,69.82958
9472,71.3512
9473,28.19343
9474,73.54608
9475,48.844215
9476,70.06862
9477,49.807106
9478,84.662476
9479,66.49365
9480,32.676193
9481,27.105225
9482,36.183765
9483,58.076283
9484,34.587196
9485,75.52995
9486,33.38623
9487,35.36039
9488,36.667828
9489,17.919527
9490,38.587746
9491,53.192574
9492,27.580307
9493,82.23557
9494,27.95341
9495,39.216927
9496,28.992987
9497,10.360011
9498,34.66494
9499,48.467796
9500,56.113308
9501,66.3289
9502,75.95963
9503,33.74306
9504,78.66118
9505,49.68595
9506,73.23582
9507,50.646194
9508,82.22242
9509,65.979065
9510,36.444405
9511,28.032938
9512,34.59757
9513,58.642506
9514,37.024563
9515,73.73658
9516,38.01815
9517,35.751614
9518,35.916836
9519,20.170706
9520,35.417957
9521,55.820824
9522,27.99841
9523,82.69904
9524,33.43983
9525,41.76265
9526,27.076872
9527,12.786123
9528,30.36143
9529,46.470894
9530,57.4977
9531,59.625294
9532,78.322464
9533,28.475426
9534,76.9523
9535,44.845085
9536,73.25098
9537,44.442883
9538,82.84236
9539,66.95535
9540,38.456406
9541,28.565596
9542,36.837925
9543,59.47302
9544,38.97231
9545,74.63416
9546,40.318848
9547,35.849613
9548,37.861713
9549,20.430021
9550,38.144173
9551,55.718014
9552,28.825756
9553,82.63672
9554,34.580933
9555,42.299263
9556,28.024776
9557,13.945881
9558,32.89054
9559,46.920113
9560,57.765736
9561,61.022884
9562,79.66213
9563,30.413658
9564,77.943535
9565,46.26295
9566,72.858154
9567,46.21734
9568,83.785095
9569,65.583374
9570,39.38114
9571,29.858576
9572,37.792866
9573,57.861736
9574,39.86478
9575,74.94675
9576,41.173573
9577,38.495186
9578,38.85392
9579,20.750893
9580,38.96903
9581,53.94566
9582,33.124126
9583,81.15873
9584,37.145023
9585,43.97286
9586,32.095863
9587,14.951189
9588,34.065434
9589,49.57129
9590,59.677002
9591,62.300877
9592,80.14736
9593,32.07199
9594,78.64888
9595,48.14853
9596,75.664894
9597,47.66748
9598,82.960434
9599,65.54373
9600,37.0489
9601,29.27485
9602,37.66306
9603,58.59176
9604,38.051872
9605,72.82289
9606,37.919357
9607,36.324154
9608,38.44828
9609,21.914019
9610,38.83373
9611,54.612762
9612,27.01135
9613,80.55145
9614,31.346727
9615,39.86125
9616,26.906265
9617,14.439732
9618,32.643074
9619,47.851757
9620,58.675846
9621,63.737343
9622,76.90099
9623,32.538925
9624,77.35815
9625,48.226547
9626,73.04646
9627,48.783417
9628,79.62783
9629,65.25989
9630,34.356693
9631,29.206047
9632,36.534237
9633,57.591778
9634,35.33667
9635,73.59579
9636,34.43774
9637,37.226078
9638,36.686954
9639,21.001799
9640,37.24574
9641,53.918633
9642,25.917955
9643,79.29406
9644,25.217695
9645,40.69228
9646,26.814537
9647,14.102537
9648,28.294468
9649,48.741917
9650,55.38946
9651,63.677647
9652,74.74195
9653,34.42974
9654,75.85577
9655,49.028324
9656,70.981705
9657,49.626526
9658,79.22664
9659,65.480354
9660,36.49839
9661,30.077896
9662,37.437996
9663,57.031654
9664,38.07373
9665,73.91587
9666,37.274643
9667,38.21151
9668,38.368404
9669,21.423788
9670,38.300007
9671,54.2024
9672,27.489754
9673,80.97429
9674,28.5034
9675,38.860943
9676,27.949947
9677,14.622546
9678,29.64383
9679,46.21814
9680,58.703945
9681,63.124992
9682,78.41205
9683,33.35659
9684,79.0406
9685,47.41303
9686,74.357025
9687,47.74576
9688,82.39738
9689,65.86748
9690,39.266075
9691,30.376753
9692,37.368492
9693,58.23361
9694,39.801727
9695,74.949265
9696,41.10448
9697,38.913055
9698,38.535515
9699,21.352211
9700,38.388115
9701,54.421745
9702,32.720673
9703,81.477165
9704,37.372063
9705,43.824947
9706,31.624548
9707,15.098167
9708,33.487965
9709,49.140133
9710,60.192917
9711,61.682796
9712,80.04879
9713,31.506392
9714,77.9737
9715,47.45604
9716,75.56173
9717,46.843178
9718,82.88533
9719,65.045654
9720,34.907597
9721,28.465158
9722,37.347553
9723,56.67542
9724,35.881596
9725,73.569855
9726,35.442314
9727,36.561512
9728,37.491795
9729,19.078465
9730,38.945766
9731,52.1947
9732,27.147501
9733,80.22591
9734,28.138264
9735,39.96787
9736,28.247835
9737,11.48658
9738,32.210327
9739,47.757343
9740,56.450912
9741,65.36764
9742,75.064384
9743,32.237377
9744,77.09673
9745,48.729355
9746,71.49199
9747,49.383484
9748,80.577415
9749,65.80395
9750,36.26901
9751,29.50172
9752,37.34227
9753,58.893578
9754,37.5314
9755,73.303474
9756,37.39174
9757,36.71452
9758,38.084187
9759,22.77836
9760,38.5646
9761,53.404408
9762,28.068241
9763,81.723465
9764,31.900341
9765,41.016537
9766,28.482105
9767,14.730221
9768,33.556015
9769,47.099277
9770,58.89059
9771,63.712673
9772,77.928
9773,34.758396
9774,78.30845
9775,48.597313
9776,73.50395
9777,49.228313
9778,82.12129
9779,64.69944
9780,37.856026
9781,29.034979
9782,37.46371
9783,56.632793
9784,38.394943
9785,73.72257
9786,38.96624
9787,37.321373
9788,38.18903
9789,20.155182
9790,38.116936
9791,54.934227
9792,28.697588
9793,80.52452
9794,31.133818
9795,39.063087
9796,28.196646
9797,14.106059
9798,29.441387
9799,47.168526
9800,56.288242
9801,61.95772
9802,71.663345
9803,30.961313
9804,71.11919
9805,46.514587
9806,69.07963
9807,46.281303
9808,77.40793
9809,63.668392
9810,35.940605
9811,29.645796
9812,37.620422
9813,56.264587
9814,37.068474
9815,71.72335
9816,36.378925
9817,37.32601
9818,38.017517
9819,21.753197
9820,38.81135
9821,51.732838
9822,30.15475
9823,77.366
9824,29.547651
9825,40.011326
9826,30.950535
9827,14.7953825
9828,32.39714
9829,47.015785
9830,57.25362
9831,62.293518
9832,74.134926
9833,33.953075
9834,75.576996
9835,47.80213
9836,71.32779
9837,48.30871
9838,78.17424
9839,66.08446
9840,33.92641
9841,28.672358
9842,35.254307
9843,57.559696
9844,35.316795
9845,75.26087
9846,34.02848
9847,37.235367
9848,35.906002
9849,19.714642
9850,36.382534
9851,54.001217
9852,28.872028
9853,81.81606
9854,26.99499
9855,40.632355
9856,29.200573
9857,12.617952
9858,29.860882
9859,47.574688
9860,60.835907
9861,63.856125
9862,76.63881
9863,32.51628
9864,77.90569
9865,48.022816
9866,75.84237
9867,48.222977
9868,83.56065
9869,72.89318
9870,41.47065
9871,31.564178
9872,42.725624
9873,64.077866
9874,42.829212
9875,81.22856
9876,42.86663
9877,40.17081
9878,43.515434
9879,22.389614
9880,44.4047
9881,58.035175
9882,33.829853
9883,86.788475
9884,34.8511
9885,45.88464
9886,34.560345
9887,15.350093
9888,37.84732
9889,52.54995
9890,65.20667
9891,70.37191
9892,88.619385
9893,34.860043
9894,89.239296
9895,52.603725
9896,84.04028
9897,52.97941
9898,91.14056
9899,66.2903
9900,34.004623
9901,26.182903
9902,33.135807
9903,57.892006
9904,33.89078
9905,74.31314
9906,34.24934
9907,34.87593
9908,32.992138
9909,17.712448
9910,33.083923
9911,57.36332
9912,23.137518
9913,79.99755
9914,26.693878
9915,37.3476
9916,23.118998
9917,12.907574
9918,25.484873
9919,46.39591
9920,63.07875
9921,66.29653
9922,68.70589
9923,26.780315
9924,66.8638
9925,45.88148
9926,71.251495
9927,46.122364
9928,74.2187
9929,68.57327
9930,36.160114
9931,29.446747
9932,36.514095
9933,60.583214
9934,36.742546
9935,77.16773
9936,35.782978
9937,37.63601
9938,36.88395
9939,22.052668
9940,35.84567
9941,56.872658
9942,30.367697
9943,84.936424
9944,25.605824
9945,39.310547
9946,30.611635
9947,13.788537
9948,25.697931
9949,46.928
9950,63.95885
9951,68.84704
9952,72.76549
9953,31.746973
9954,73.52743
9955,49.40179
9956,74.431
9957,49.960476
9958,85.92976
9959,67.94686
9960,37.75295
9961,28.456678
9962,39.457676
9963,59.97945
9964,38.10267
9965,76.00815
9966,37.654102
9967,36.35263
9968,39.28127
9969,20.507595
9970,40.357697
9971,54.889637
9972,29.35324
9973,83.60616
9974,29.22593
9975,38.702244
9976,30.137373
9977,12.533534
9978,32.929173
9979,48.75286
9980,63.776722
9981,70.82289
9982,76.06796
9983,30.743574
9984,78.340775
9985,50.195763
9986,77.75811
9987,50.667015
9988,86.67805
9989,65.18861
9990,38.46432
9991,30.158295
9992,35.198776
9993,57.545765
9994,39.224735
9995,72.896286
9996,40.132103
9997,37.968254
9998,37.34575
9999,22.518526
10000,35.17562
10001,57.450222
10002,28.886234
10003,79.04666
10004,32.566483
10005,41.271545
10006,26.731886
10007,17.662205
10008,26.154879
10009,47.93936
10010,57.17788
10011,59.310528
10012,76.60116
10013,30.294086
10014,74.35723
10015,46.07441
10016,71.536766
10017,45.453396
10018,78.04651
10019,66.55631
10020,36.343636
10021,29.295456
10022,36.6532
10023,58.012676
10024,37.76689
10025,75.781364
10026,36.530468
10027,37.758873
10028,37.87432
10029,19.917532
10030,37.310482
10031,55.77757
10032,31.412027
10033,81.72609
10034,29.490093
10035,38.88256
10036,31.446041
10037,13.901379
10038,29.562725
10039,47.588165
10040,63.466103
10041,64.96901
10042,77.08039
10043,31.161098
10044,77.533005
10045,47.857365
10046,77.51064
10047,47.70976
10048,84.30865
10049,65.24342
10050,36.11047
10051,29.077133
10052,37.511337
10053,57.101864
10054,37.885357
10055,74.114
10056,36.338066
10057,37.231396
10058,38.55977
10059,20.08298
10060,38.455097
10061,54.723717
10062,31.71422
10063,80.02938
10064,29.694635
10065,38.263245
10066,32.10669
10067,13.422516
10068,31.710089
10069,48.340534
10070,61.836803
10071,65.17975
10072,74.793335
10073,31.431765
10074,75.951324
10075,48.52922
10076,75.650276
10077,48.61038
10078,81.41011
10079,66.08343
10080,35.499
10081,29.572208
10082,35.81761
10083,59.114983
10084,36.867847
10085,73.86894
10086,36.580853
10087,37.021156
10088,37.152527
10089,22.00708
10090,37.070885
10091,55.749218
10092,26.976841
10093,81.18233
10094,29.21736
10095,40.639233
10096,26.961449
10097,15.094709
10098,29.613255
10099,48.504864
10100,57.146854
10101,63.226433
10102,74.47991
10103,33.695877
10104,74.95889
10105,48.61002
10106,70.68146
10107,49.129356
10108,79.5936
10109,65.65441
10110,34.53714
10111,29.042578
10112,37.648014
10113,56.835075
10114,36.700577
10115,75.01928
10116,34.2819
10117,37.301186
10118,38.3467
10119,19.125893
10120,39.480904
10121,52.37117
10122,30.169613
10123,80.58301
10124,26.73147
10125,39.02129
10126,31.538536
10127,12.501415
10128,33.366455
10129,47.41068
10130,63.37658
10131,66.52918
10132,78.30192
10133,34.94182
10134,80.94328
10135,49.919548
10136,78.40921
10137,50.943203
10138,86.401695
10139,66.007996
10140,36.864304
10141,29.567553
10142,38.401897
10143,58.41106
10144,37.261837
10145,73.86204
10146,36.82625
10147,37.24247
10148,38.088806
10149,21.538568
10150,39.309273
10151,53.23467
10152,29.11198
10153,80.31909
10154,28.000708
10155,39.395615
10156,29.520792
10157,14.313809
10158,31.161783
10159,47.8656
10160,59.8782
10161,66.18865
10162,77.25839
10163,33.145218
10164,79.074974
10165,49.150333
10166,76.56718
10167,49.46351
10168,82.921394
10169,64.91722
10170,37.347565
10171,29.986326
10172,37.065826
10173,56.7816
10174,38.20974
10175,74.094154
10176,38.26402
10177,38.206802
10178,38.137604
10179,20.718943
10180,38.260883
10181,54.486828
10182,31.129854
10183,80.38326
10184,32.466442
10185,40.23658
10186,30.63949
10187,14.966179
10188,31.937122
10189,47.79565
10190,58.040565
10191,63.013683
10192,74.72312
10193,32.626514
10194,74.54453
10195,47.810738
10196,71.862785
10197,48.0347
10198,79.817726
10199,64.89591
10200,39.922516
10201,27.488192
10202,38.086273
10203,57.47348
10204,40.071774
10205,72.923386
10206,41.443874
10207,35.518654
10208,39.06827
10209,19.024834
10210,39.23984
10211,53.28223
10212,32.848698
10213,80.599686
10214,38.556015
10215,42.147797
10216,31.652287
10217,12.145809
10218,35.241737
10219,47.29534
10220,63.354923
10221,60.027893
10222,81.08092
10223,28.82587
10224,79.41626
10225,45.77286
10226,76.636185
10227,45.65523
10228,84.35693
10229,65.95596
10230,36.7277
10231,27.696789
10232,37.894203
10233,57.19444
10234,38.203087
10235,75.17408
10236,37.85068
10237,36.307587
10238,38.70989
10239,18.79172
10240,39.289646
10241,52.70627
10242,29.054087
10243,82.84792
10244,31.004324
10245,39.821724
10246,29.78254
10247,11.631114
10248,32.97142
10249,45.94904
10250,59.716125
10251,63.80414
10252,80.366745
10253,31.683617
10254,80.767975
10255,47.116085
10256,76.67299
10257,47.72463
10258,84.837425
10259,64.98543
10260,31.553772
10261,27.945557
10262,35.060158
10263,57.200737
10264,33.225254
10265,72.93665
10266,30.639925
10267,35.707443
10268,34.974674
10269,19.760624
10270,35.80301
10271,54.32799
10272,25.128254
10273,79.263084
10274,17.293486
10275,36.995995
10276,26.613255
10277,11.25241
10278,25.119389
10279,48.750523
10280,57.979996
10281,64.24413
10282,74.10279
10283,36.25982
10284,76.68096
10285,50.15648
10286,72.76807
10287,51.219734
10288,81.61067
10289,66.80272
10290,36.607548
10291,29.027073
10292,35.81429
10293,58.43137
10294,37.791283
10295,75.2776
10296,37.705276
10297,37.5171
10298,37.543785
10299,20.19756
10300,36.59698
10301,57.11227
10302,28.491316
10303,81.20466
10304,29.105734
10305,41.41401
10306,28.028778
10307,13.919456
10308,27.791304
10309,49.259148
10310,57.500427
10311,61.66481
10312,78.06256
10313,31.866182
10314,77.23354
10315,47.459297
10316,74.750465
10317,47.502525
10318,80.32029
10319,63.4999
10320,35.25413
10321,29.014215
10322,37.57752
10323,56.333298
10324,36.4418
10325,70.83709
10326,35.786514
10327,35.671154
10328,37.6805
10329,21.449402
10330,39.385777
10331,52.038834
10332,28.075502
10333,78.586624
10334,29.74068
10335,38.30301
10336,29.381897
10337,13.835945
10338,34.409317
10339,45.588028
10340,54.00564
10341,60.771122
10342,71.13268
10343,34.62156
10344,73.06732
10345,46.71416
10346,67.32475
10347,47.477024
10348,76.58379
10349,66.10064
10350,35.647373
10351,29.869686
10352,36.81141
10353,58.825687
10354,37.412495
10355,73.41752
10356,36.62676
10357,37.154827
10358,37.983135
10359,22.369871
10360,38.054134
10361,54.470173
10362,25.914177
10363,81.49794
10364,29.256243
10365,40.038826
10366,25.98092
10367,14.37889
10368,30.85789
10369,48.3618
10370,57.928684
10371,64.979706
10372,77.54909
10373,33.47129
10374,79.138535
10375,49.093723
10376,73.2075
10377,49.783867
10378,82.04114
10379,65.73244
10380,38.83515
10381,29.159212
10382,39.354824
10383,57.391197
10384,39.735943
10385,75.07998
10386,39.326973
10387,37.5662
10388,39.926395
10389,20.295135
10390,40.43408
10391,54.07768
10392,29.913902
10393,82.43407
10394,31.591616
10395,39.25452
10396,30.43778
10397,12.889768
10398,33.52121
10399,46.68722
10400,61.16529
10401,67.97684
10402,76.660576
10403,28.60567
10404,77.4255
10405,47.82984
10406,75.10682
10407,48.6648
10408,90.12446
10409,64.548416
10410,38.115364
10411,28.481314
10412,37.86981
10413,57.062054
10414,38.97699
10415,72.765816
10416,39.473583
10417,36.113052
10418,38.737667
10419,20.678318
10420,38.59555
10421,54.455093
10422,28.777143
10423,80.753815
10424,32.287632
10425,39.01424
10426,28.199366
10427,13.149485
10428,30.947443
10429,47.787502
10430,57.146923
10431,62.647793
10432,71.96074
10433,30.7757
10434,71.873665
10435,47.305862
10436,68.78303
10437,47.38636
10438,76.77804
10439,67.4517
10440,35.94709
10441,29.224955
10442,36.89844
10443,60.188736
10444,36.59856
10445,74.541115
10446,36.666637
10447,36.116528
10448,37.193245
10449,21.63803
10450,37.929874
10451,54.434807
10452,28.292402
10453,82.73596
10454,27.6832
10455,40.41208
10456,28.771915
10457,14.070275
10458,30.26978
10459,48.44301
10460,62.289295
10461,65.457214
10462,79.00838
10463,33.48366
10464,79.774826
10465,49.221
10466,76.90166
10467,49.567932
10468,84.123505
10469,66.422165
10470,39.373184
10471,26.156368
10472,42.038136
10473,58.100998
10474,40.364178
10475,75.4456
10476,40.415985
10477,35.2988
10478,41.720787
10479,17.038183
10480,44.31711
10481,52.711792
10482,30.04163
10483,83.05745
10484,31.087149
10485,39.588955
10486,31.264793
10487,8.734256
10488,35.90444
10489,47.522083
10490,64.193985
10491,64.870384
10492,83.58694
10493,32.570908
10494,85.501724
10495,48.232605
10496,80.140854
10497,48.464626
10498,88.43409
10499,64.61276
10500,38.37496
10501,25.776724
10502,42.35484
10503,56.32609
10504,39.432762
10505,72.8813
10506,38.76918
10507,34.61304
10508,41.340397
10509,17.245712
10510,44.399292
10511,51.55369
10512,30.15208
10513,80.106575
10514,30.121851
10515,37.72996
10516,31.878279
10517,8.17594
10518,37.524086
10519,46.47895
10520,63.658195
10521,66.425835
10522,78.660515
10523,28.99255
10524,82.20174
10525,47.60354
10526,78.60237
10527,47.844337
10528,86.97309
10529,65.05803
10530,35.01276
10531,30.096567
10532,33.98463
10533,57.536907
10534,35.954254
10535,73.1255
10536,36.213036
10537,38.123215
10538,34.925526
10539,22.209185
10540,34.5441
10541,55.66005
10542,29.147318
10543,79.79929
10544,30.194435
10545,41.613815
10546,28.467918
10547,15.245939
10548,28.475567
10549,48.55269
10550,56.77286
10551,61.352592
10552,73.580444
10553,31.315176
10554,72.58689
10555,47.151905
10556,70.1245
10557,46.643456
10558,78.775024
10559,64.03716
10560,34.83129
10561,28.49994
10562,37.109688
10563,57.057358
10564,35.688557
10565,71.23204
10566,35.459133
10567,35.454166
10568,37.20188
10569,20.815754
10570,38.63228
10571,52.412727
10572,26.928421
10573,78.48449
10574,28.326246
10575,39.394382
10576,28.041899
10577,12.761762
10578,32.25825
10579,47.392376
10580,55.38955
10581,62.210663
10582,73.49784
10583,33.854183
10584,75.13513
10585,48.12524
10586,68.93826
10587,48.59224
10588,78.84071
10589,69.99597
10590,40.727673
10591,31.586163
10592,42.247402
10593,61.68459
10594,42.16694
10595,78.1497
10596,41.422203
10597,39.800137
10598,42.808834
10599,23.166338
10600,43.313206
10601,57.553192
10602,32.88986
10603,85.424904
10604,34.035503
10605,44.47888
10606,33.758217
10607,14.378107
10608,37.620804
10609,52.188435
10610,65.567375
10611,71.537766
10612,80.68006
10613,30.879852
10614,82.342834
10615,51.96969
10616,78.97073
10617,51.900246
10618,89.65501
10619,64.80837
10620,37.274025
10621,27.637033
10622,39.699425
10623,57.023396
10624,37.681423
10625,73.726036
10626,37.045082
10627,35.780678
10628,39.292522
10629,19.085167
10630,40.772438
10631,52.89987
10632,27.944286
10633,80.125755
10634,28.26571
10635,38.201836
10636,29.064444
10637,10.882471
10638,33.40564
10639,47.696247
10640,58.620934
10641,71.16381
10642,73.62145
10643,27.74824
10644,76.37085
10645,48.89974
10646,73.05136
10647,50.286762
10648,89.16297
10649,66.0049
10650,36.88099
10651,28.491016
10652,38.191246
10653,57.718792
10654,38.66634
10655,75.33688
10656,36.992687
10657,36.80076
10658,39.186596
10659,19.38957
10660,38.65255
10661,55.75493
10662,31.540655
10663,81.7085
10664,29.807554
10665,37.627075
10666,31.987116
10667,12.574195
10668,31.782936
10669,48.170334
10670,63.167294
10671,71.43591
10672,70.93287
10673,25.322105
10674,71.91056
10675,48.168625
10676,74.52503
10677,48.46007
10678,88.36417
10679,68.15397
10680,36.61739
10681,29.153576
10682,37.718693
10683,59.98368
10684,36.924885
10685,76.18307
10686,36.736378
10687,37.31346
10688,37.563023
10689,20.605928
10690,38.635815
10691,55.35632
10692,28.89677
10693,82.69674
10694,27.279194
10695,40.030197
10696,29.054806
10697,13.732269
10698,29.73424
10699,49.44668
10700,62.22813
10701,66.92968
10702,79.564926
10703,32.44534
10704,80.93265
10705,49.66767
10706,79.31102
10707,49.868057
10708,83.23435
10709,65.260155
10710,38.043636
10711,29.07895
10712,37.237183
10713,57.22202
10714,38.155113
10715,73.99714
10716,39.140182
10717,37.244617
10718,37.632202
10719,20.264301
10720,37.97508
10721,54.716213
10722,28.00798
10723,79.88492
10724,32.00447
10725,39.560364
10726,27.491232
10727,15.0016775
10728,30.632402
10729,46.689266
10730,56.49099
10731,63.60104
10732,75.29229
10733,29.317308
10734,74.205635
10735,46.538284
10736,71.56475
10737,46.589306
10738,80.71501
10739,65.681526
10740,38.26853
10741,31.109196
10742,38.15822
10743,58.455345
10744,39.09379
10745,73.686386
10746,39.30825
10747,38.937855
10748,38.94729
10749,23.691828
10750,39.243786
10751,54.41467
10752,30.763062
10753,80.3662
10754,33.32755
10755,43.656384
10756,30.571598
10757,16.64528
10758,32.51816
10759,49.698418
10760,59.777798
10761,65.2132
10762,79.10454
10763,32.791153
10764,79.4909
10765,49.507828
10766,75.843376
10767,49.445213
10768,82.722824
10769,66.5345
10770,39.340553
10771,26.195263
10772,40.946095
10773,58.55344
10774,40.32663
10775,75.05894
10776,40.499268
10777,35.14308
10778,41.331085
10779,17.514896
10780,42.75952
10781,53.14258
10782,32.625122
10783,82.06246
10784,32.44458
10785,39.803757
10786,33.139503
10787,9.844911
10788,34.71928
10789,48.128174
10790,62.350124
10791,62.66943
10792,83.56117
10793,33.148037
10794,84.53602
10795,48.011345
10796,79.71725
10797,48.07872
10798,88.542496
10799,65.24233
10800,38.615276
10801,27.985212
10802,37.61995
10803,56.98967
10804,39.10279
10805,73.94068
10806,39.71117
10807,36.209194
10808,38.43287
10809,19.386347
10810,38.59043
10811,53.45696
10812,31.772339
10813,80.536285
10814,34.388138
10815,39.661564
10816,30.820799
10817,13.713628
10818,32.34606
10819,46.503498
10820,61.286438
10821,63.47461
10822,79.11297
10823,29.223368
10824,78.4359
10825,46.214363
10826,76.56814
10827,46.21314
10828,82.420784
10829,66.42592
10830,38.356995
10831,28.721336
10832,36.636234
10833,58.102325
10834,38.417355
10835,75.7105
10836,39.632095
10837,37.16953
10838,37.283062
10839,19.109957
10840,37.404907
10841,56.10481
10842,27.583836
10843,81.81061
10844,32.780376
10845,40.986954
10846,26.576
10847,13.984763
10848,29.986824
10849,47.606277
10850,56.946236
10851,62.42194
10852,78.30726
10853,29.99775
10854,76.70136
10855,46.802967
10856,72.55404
10857,46.44384
10858,82.062
10859,65.200584
10860,35.826374
10861,28.730719
10862,36.800503
10863,58.08322
10864,36.994255
10865,72.704384
10866,36.33775
10867,35.640324
10868,37.65105
10869,20.731129
10870,37.768116
10871,54.17769
10872,28.609678
10873,80.33262
10874,30.588291
10875,37.7526
10876,29.07325
10877,13.181725
10878,31.86203
10879,46.93456
10880,62.319717
10881,65.23715
10882,74.54895
10883,31.502611
10884,75.59803
10885,48.212925
10886,74.15489
10887,48.543274
10888,80.55219
10889,63.369747
10890,33.3793
10891,29.802935
10892,32.923286
10893,57.218056
10894,34.177074
10895,69.626495
10896,34.31521
10897,35.979294
10898,33.79917
10899,23.401487
10900,33.925186
10901,54.04846
10902,26.510061
10903,76.411125
10904,29.210545
10905,39.757484
10906,26.380419
10907,16.82458
10908,28.958485
10909,45.340492
10910,52.749336
10911,57.952293
10912,69.59919
10913,32.32902
10914,69.31151
10915,45.172985
10916,65.14127
10917,45.286873
10918,76.16392
10919,65.80946
10920,35.35435
10921,28.644619
10922,38.739674
10923,57.45938
10924,36.524616
10925,74.76199
10926,35.106377
10927,36.527645
10928,38.44837
10929,19.388807
10930,40.60459
10931,52.9289
10932,26.191923
10933,81.08102
10934,27.751472
10935,36.874092
10936,27.635551
10937,11.36128
10938,34.679184
10939,47.91919
10940,59.030235
10941,70.67831
10942,73.37178
10943,31.952639
10944,77.43721
10945,50.44686
10946,72.82135
10947,52.394444
10948,86.57394
10949,66.98255
10950,36.86233
10951,29.921083
10952,35.522808
10953,58.521507
10954,37.54746
10955,76.159935
10956,38.14181
10957,38.295143
10958,36.763817
10959,20.678144
10960,36.264275
10961,55.822243
10962,29.873558
10963,82.902054
10964,33.631508
10965,41.277122
10966,29.181263
10967,14.717747
10968,30.468172
10969,46.636883
10970,58.016594
10971,61.55297
10972,79.16839
10973,31.49597
10974,77.74143
10975,46.404644
10976,74.37319
10977,46.04914
10978,82.887146
10979,66.74274
10980,37.48334
10981,29.013693
10982,37.325237
10983,58.35526
10984,38.29461
10985,75.768105
10986,38.323612
10987,37.398304
10988,38.300205
10989,19.292185
10990,38.029396
10991,56.81167
10992,29.442556
10993,82.03525
10994,30.365993
10995,39.98457
10996,29.300335
10997,12.622306
10998,30.99512
10999,49.858913
11000,58.53401
11001,66.69768
11002,75.55326
11003,27.974426
11004,75.09409
11005,48.239426
11006,73.79154
11007,48.13921
11008,84.56074
11009,67.43626
11010,36.381752
11011,32.885376
11012,38.370735
11013,60.039303
11014,38.315784
11015,74.8609
11016,37.59398
11017,40.585
11018,39.190666
11019,25.921259
11020,39.853577
11021,56.23017
11022,30.057892
11023,81.59625
11024,31.687576
11025,43.912926
11026,31.165031
11027,18.517904
11028,34.625683
11029,50.457893
11030,59.174442
11031,67.41892
11032,77.335075
11033,36.39857
11034,78.36059
11035,51.794228
11036,75.2458
11037,52.18502
11038,79.78407
11039,65.2818
11040,38.133823
11041,27.699286
11042,41.35115
11043,57.940514
11044,39.156433
11045,72.32616
11046,38.861835
11047,35.483356
11048,41.066
11049,19.972855
11050,43.404957
11051,52.991333
11052,28.985077
11053,80.329666
11054,30.185358
11055,38.664677
11056,30.749073
11057,10.669409
11058,36.365902
11059,47.644512
11060,61.51181
11061,64.66057
11062,80.14552
11063,33.83685
11064,82.67965
11065,48.72913
11066,76.97638
11067,49.529182
11068,85.33883
11069,65.699776
11070,37.422085
11071,28.52584
11072,38.258606
11073,58.11301
11074,37.459362
11075,73.17929
11076,37.55596
11077,35.754524
11078,38.116726
11079,20.593891
11080,39.203186
11081,54.117783
11082,28.697416
11083,79.78936
11084,30.584703
11085,37.996227
11086,28.797106
11087,13.283873
11088,32.48267
11089,48.208824
11090,59.84418
11091,65.85123
11092,74.37406
11093,31.460121
11094,75.93037
11095,48.638363
11096,73.11189
11097,48.847744
11098,78.49761
11099,67.295784
11100,34.919983
11101,27.706402
11102,34.64744
11103,59.21369
11104,34.571716
11105,74.65382
11106,35.243763
11107,35.39183
11108,34.645336
11109,19.471607
11110,34.799435
11111,55.976803
11112,25.248005
11113,80.672714
11114,29.750797
11115,39.571087
11116,25.042608
11117,12.122799
11118,28.962217
11119,46.709293
11120,62.17994
11121,62.84079
11122,76.259834
11123,27.695383
11124,74.99543
11125,45.832127
11126,73.50763
11127,45.622387
11128,74.92469
11129,67.062256
11130,36.838577
11131,29.502048
11132,35.870205
11133,58.763363
11134,37.807087
11135,76.09131
11136,37.64391
11137,37.97983
11138,37.05929
11139,20.359875
11140,35.946445
11141,56.389793
11142,29.843157
11143,83.351135
11144,28.1863
11145,41.08663
11146,29.41051
11147,13.131628
11148,26.175636
11149,48.4757
11150,61.111397
11151,64.50846
11152,75.3412
11153,29.468618
11154,74.55925
11155,47.496937
11156,73.82129
11157,47.18386
11158,83.71192
11159,66.36423
11160,36.75981
11161,27.246672
11162,37.114666
11163,58.782562
11164,37.432964
11165,74.37192
11166,38.298267
11167,34.896336
11168,37.83659
11169,18.835121
11170,38.78796
11171,54.35107
11172,29.36514
11173,81.2099
11174,33.345707
11175,40.052673
11176,29.241903
11177,12.8488035
11178,33.74485
11179,47.74675
11180,54.897915
11181,65.1376
11182,75.64926
11183,28.543602
11184,76.0697
11185,47.335293
11186,72.15665
11187,47.70853
11188,80.3932
11189,64.926
11190,36.642834
11191,30.030718
11192,37.309196
11193,58.378506
11194,37.235645
11195,72.351555
11196,37.886883
11197,37.233257
11198,37.505077
11199,23.314741
11200,38.56247
11201,54.46105
11202,27.522926
11203,79.99469
11204,33.090847
11205,41.158867
11206,27.292675
11207,15.511932
11208,33.94047
11209,48.460083
11210,53.665234
11211,61.886578
11212,72.92846
11213,35.687195
11214,73.31126
11215,48.97615
11216,66.69085
11217,49.519127
11218,77.71528
11219,64.83209
11220,35.51781
11221,26.817358
11222,37.503952
11223,57.484657
11224,36.54666
11225,72.18986
11226,35.874302
11227,34.143566
11228,37.800056
11229,19.122797
11230,38.985657
11231,51.364975
11232,27.860401
11233,79.751976
11234,27.733055
11235,39.612377
11236,28.514004
11237,10.898508
11238,31.848312
11239,46.697353
11240,57.1317
11241,62.88889
11242,77.66537
11243,32.886856
11244,79.41983
11245,47.567436
11246,73.16245
11247,48.55628
11248,82.812325
11249,64.10814
11250,34.690235
11251,27.385965
11252,36.6592
11253,55.489403
11254,35.700455
11255,72.303764
11256,35.015877
11257,34.858448
11258,36.55347
11259,18.428587
11260,37.70627
11261,51.45144
11262,26.259558
11263,79.2186
11264,26.707327
11265,36.826183
11266,27.085112
11267,10.643022
11268,30.624289
11269,46.030266
11270,56.603115
11271,65.49132
11272,76.450195
11273,31.368319
11274,78.70874
11275,47.92044
11276,75.15178
11277,48.742428
11278,81.337135
11279,66.63608
11280,33.634144
11281,27.597937
11282,32.739155
11283,58.147957
11284,33.60037
11285,75.74962
11286,33.66959
11287,36.44142
11288,33.016716
11289,18.29714
11290,32.609516
11291,56.024406
11292,23.076118
11293,81.592064
11294,24.84263
11295,39.430405
11296,22.672535
11297,12.933549
11298,23.229685
11299,46.71418
11300,62.14738
11301,66.150215
11302,73.92006
11303,26.792355
11304,72.77262
11305,46.796417
11306,73.28558
11307,46.712246
11308,75.0501
11309,65.179276
11310,37.5723
11311,28.831963
11312,37.955185
11313,57.08418
11314,38.563007
11315,74.29063
11316,38.751892
11317,37.113934
11318,38.782253
11319,20.00694
11320,39.09273
11321,53.521767
11322,29.944843
11323,80.5731
11324,33.13093
11325,40.509987
11326,29.695534
11327,13.684189
11328,33.070297
11329,47.887558
11330,58.49337
11331,63.17727
11332,79.18992
11333,32.274155
11334,78.98437
11335,47.953888
11336,74.78812
11337,48.105038
11338,82.30516
11339,64.67602
11340,37.78723
11341,27.602654
11342,37.972145
11343,57.365402
11344,38.63183
11345,72.3547
11346,38.80511
11347,34.72594
11348,38.762276
11349,19.60664
11350,39.344315
11351,53.723278
11352,29.904163
11353,79.61573
11354,32.722687
11355,39.999386
11356,29.787802
11357,13.121595
11358,33.30215
11359,47.002037
11360,59.52032
11361,62.07522
11362,77.23386
11363,30.808062
11364,77.19937
11365,46.897305
11366,72.997505
11367,47.230713
11368,80.97022
11369,66.43064
11370,37.279957
11371,29.859324
11372,36.01672
11373,57.99861
11374,37.91229
11375,76.30433
11376,38.86959
11377,38.671394
11378,36.974586
11379,19.770332
11380,37.063908
11381,54.01797
11382,33.25457
11383,82.86165
11384,34.840725
11385,42.79242
11386,32.540382
11387,14.15434
11388,32.08417
11389,47.191822
11390,57.822525
11391,62.790165
11392,74.94815
11393,30.26171
11394,73.9257
11395,46.386078
11396,73.00811
11397,46.118835
11398,81.62809
11399,66.26822
11400,36.037003
11401,29.561224
11402,36.52439
11403,57.814476
11404,37.392708
11405,75.57269
11406,36.724903
11407,38.119495
11408,37.581944
11409,20.178976
11410,37.542843
11411,55.007393
11412,28.643887
11413,81.93424
11414,27.866762
11415,39.86021
11416,28.734955
11417,14.454912
11418,28.466362
11419,47.016216
11420,58.947353
11421,62.467587
11422,76.64112
11423,33.465572
11424,76.79694
11425,47.342148
11426,73.415695
11427,47.708
11428,81.34127
11429,67.531555
11430,40.210293
11431,27.795118
11432,40.42329
11433,59.748463
11434,40.952656
11435,75.38868
11436,41.85277
11437,35.892853
11438,41.2105
11439,19.60982
11440,42.06515
11441,53.6993
11442,32.589058
11443,82.83412
11444,33.959
11445,41.37261
11446,32.776333
11447,11.766165
11448,34.584366
11449,47.725742
11450,61.75098
11451,63.475903
11452,83.01735
11453,30.813047
11454,83.26093
11455,47.229538
11456,78.27197
11457,47.501747
11458,88.26424
11459,66.51288
11460,39.565033
11461,29.196917
11462,41.545773
11463,58.813023
11464,41.538845
11465,74.31801
11466,40.613293
11467,37.137966
11468,42.566597
11469,21.180023
11470,43.576977
11471,54.735096
11472,33.763924
11473,81.14665
11474,34.326344
11475,42.465313
11476,34.802956
11477,13.583212
11478,38.72661
11479,50.22944
11480,63.161064
11481,65.40776
11482,83.604515
11483,33.612553
11484,84.92546
11485,50.249027
11486,80.05458
11487,50.808228
11488,87.68074
11489,65.45228
11490,39.768085
11491,29.385815
11492,40.16861
11493,58.109417
11494,40.84763
11495,73.42055
11496,40.758244
11497,36.72331
11498,41.257015
11499,21.086739
11500,41.192863
11501,56.42585
11502,31.703722
11503,79.565056
11504,32.80751
11505,39.959248
11506,31.749641
11507,13.90364
11508,33.632816
11509,50.014874
11510,58.543724
11511,63.557972
11512,78.29234
11513,33.02069
11514,79.01798
11515,49.454002
11516,74.62157
11517,49.577183
11518,82.78271
11519,72.89318
11520,41.47065
11521,31.564178
11522,42.725624
11523,64.077866
11524,42.829212
11525,81.22856
11526,42.86663
11527,40.17081
11528,43.515434
11529,22.389614
11530,44.4047
11531,58.035175
11532,33.829853
11533,86.788475
11534,34.8511
11535,45.88464
11536,34.560345
11537,15.350093
11538,37.84732
11539,52.54995
11540,65.20667
11541,70.37191
11542,88.619385
11543,34.860043
11544,89.239296
11545,52.603725
11546,84.04028
11547,52.97941
11548,91.14056
11549,64.99481
11550,41.14373
11551,29.509882
11552,40.81297
11553,57.281147
11554,42.167675
11555,73.10414
11556,41.896557
11557,36.344875
11558,42.266
11559,20.819263
11560,41.780384
11561,54.71068
11562,32.864937
11563,80.26038
11564,34.91184
11565,38.05673
11566,32.81149
11567,13.549746
11568,34.294266
11569,46.99958
11570,61.120888
11571,63.32078
11572,77.839516
11573,31.06992
11574,77.95234
11575,47.22648
11576,74.87776
11577,47.500355
11578,82.43858
11579,69.99597
11580,40.727673
11581,31.586163
11582,42.247402
11583,61.68459
11584,42.16694
11585,78.1497
11586,41.422203
11587,39.800137
11588,42.808834
11589,23.166338
11590,43.313206
11591,57.553192
11592,32.88986
11593,85.424904
11594,34.035503
11595,44.47888
11596,33.758217
11597,14.378107
11598,37.620804
11599,52.188435
11600,65.567375
11601,71.537766
11602,80.68006
11603,30.879852
11604,82.342834
11605,51.96969
11606,78.97073
11607,51.900246
11608,89.65501
11609,67.43626
11610,36.381752
11611,32.885376
11612,38.370735
11613,60.039303
11614,38.315784
11615,74.8609
11616,37.59398
11617,40.585
11618,39.190666
11619,25.921259
11620,39.853577
11621,56.23017
11622,30.057892
11623,81.59625
11624,31.687576
11625,43.912926
11626,31.165031
11627,18.517904
11628,34.625683
11629,50.457893
11630,59.174442
11631,67.41892
11632,77.335075
11633,36.39857
11634,78.36059
11635,51.794228
11636,75.2458
11637,52.18502
11638,79.78407
11639,65.323494
11640,36.512066
11641,28.694715
11642,36.218044
11643,58.385372
11644,37.858868
11645,72.94236
11646,37.68142
11647,35.501102
11648,37.66952
11649,21.151335
11650,37.2155
11651,53.687588
11652,28.147263
11653,81.30638
11654,30.442192
11655,40.591736
11656,28.088034
11657,12.86102
11658,30.960339
11659,46.726067
11660,59.5509
11661,62.18369
11662,75.94909
11663,31.12574
11664,75.81621
11665,46.62967
11666,72.237335
11667,47.044647
11668,81.623955
11669,64.455086
11670,36.706074
11671,27.78276
11672,37.22248
11673,56.106453
11674,38.312393
11675,73.94149
11676,37.41837
11677,36.14044
11678,38.581287
11679,18.415821
11680,38.298054
11681,51.90088
11682,29.262238
11683,81.020195
11684,28.219027
11685,38.79605
11686,29.615704
11687,11.884944
11688,29.693611
11689,45.553265
11690,60.85642
11691,61.779625
11692,79.44687
11693,31.91
11694,79.806366
11695,46.301052
11696,75.59834
11697,46.781937
11698,84.93434
11699,64.563644
11700,36.522198
11701,29.68512
11702,37.641552
11703,56.467976
11704,38.478516
11705,73.09013
11706,36.771576
11707,38.039482
11708,38.968678
11709,21.37143
11710,38.065804
11711,54.52481
11712,28.72443
11713,80.257126
11714,28.725874
11715,39.333164
11716,29.144508
11717,14.462181
11718,29.520079
11719,46.744526
11720,62.90045
11721,63.06925
11722,74.03546
11723,32.085346
11724,75.03763
11725,47.241287
11726,75.104515
11727,47.33604
11728,81.74012
11729,65.045654
11730,34.907597
11731,28.465158
11732,37.347553
11733,56.67542
11734,35.881596
11735,73.569855
11736,35.442314
11737,36.561512
11738,37.491795
11739,19.078465
11740,38.945766
11741,52.1947
11742,27.147501
11743,80.22591
11744,28.138264
11745,39.96787
11746,28.247835
11747,11.48658
11748,32.210327
11749,47.757343
11750,56.450912
11751,65.36764
11752,75.064384
11753,32.237377
11754,77.09673
11755,48.729355
11756,71.49199
11757,49.383484
11758,80.577415
11759,63.925636
11760,34.74598
11761,28.656313
11762,36.587765
11763,56.74626
11764,36.262157
11765,71.271126
11766,35.092674
11767,36.287918
11768,37.166374
11769,21.105696
11770,37.65011
11771,52.973648
11772,24.468746
11773,79.56043
11774,26.6581
11775,39.92694
11776,25.083933
11777,12.153822
11778,30.458021
11779,47.774906
11780,59.12154
11781,64.01168
11782,74.1527
11783,32.599678
11784,75.89958
11785,48.50855
11786,71.00115
11787,49.466232
11788,81.07062
11789,64.91722
11790,37.347565
11791,29.986326
11792,37.065826
11793,56.7816
11794,38.20974
11795,74.094154
11796,38.26402
11797,38.206802
11798,38.137604
11799,20.718943
11800,38.260883
11801,54.486828
11802,31.129854
11803,80.38326
11804,32.466442
11805,40.23658
11806,30.63949
11807,14.966179
11808,31.937122
11809,47.79565
11810,58.040565
11811,63.013683
11812,74.72312
11813,32.626514
11814,74.54453
11815,47.810738
11816,71.862785
11817,48.0347
11818,79.817726
11819,64.03716
11820,34.83129
11821,28.49994
11822,37.109688
11823,57.057358
11824,35.688557
11825,71.23204
11826,35.459133
11827,35.454166
11828,37.20188
11829,20.815754
11830,38.63228
11831,52.412727
11832,26.928421
11833,78.48449
11834,28.326246
11835,39.394382
11836,28.041899
11837,12.761762
11838,32.25825
11839,47.392376
11840,55.38955
11841,62.210663
11842,73.49784
11843,33.854183
11844,75.13513
11845,48.12524
11846,68.93826
11847,48.59224
11848,78.84071
11849,64.926
11850,36.642834
11851,30.030718
11852,37.309196
11853,58.378506
11854,37.235645
11855,72.351555
11856,37.886883
11857,37.233257
11858,37.505077
11859,23.314741
11860,38.56247
11861,54.46105
11862,27.522926
11863,79.99469
11864,33.090847
11865,41.158867
11866,27.292675
11867,15.511932
11868,33.94047
11869,48.460083
11870,53.665234
11871,61.886578
11872,72.92846
11873,35.687195
11874,73.31126
11875,48.97615
11876,66.69085
11877,49.519127
11878,77.71528
11879,67.62202
11880,37.85754
11881,30.192335
11882,38.23662
11883,59.46958
11884,39.38514
11885,76.06292
11886,37.438274
11887,38.620014
11888,39.54751
11889,21.299545
11890,38.305958
11891,58.82969
11892,33.712036
11893,81.75217
11894,30.02492
11895,41.670216
11896,33.24758
11897,14.865118
11898,30.524212
11899,50.93096
11900,64.670166
11901,64.81159
11902,74.17166
11903,29.763332
11904,74.56677
11905,48.63277
11906,76.97362
11907,49.002693
11908,80.51803
11909,66.851006
11910,41.909004
11911,32.235435
11912,36.62035
11913,58.942715
11914,41.856956
11915,74.325745
11916,42.77345
11917,39.478355
11918,38.530033
11919,23.87194
11920,36.35071
11921,60.009373
11922,33.046085
11923,81.33347
11924,36.993347
11925,42.601242
11926,30.182106
11927,17.628078
11928,28.869558
11929,47.968624
11930,68.06484
11931,60.11657
11932,79.85502
11933,29.56423
11934,76.175964
11935,45.71611
11936,78.82279
11937,46.174103
11938,80.28031
11939,68.86031
11940,37.063297
11941,29.744919
11942,37.459354
11943,59.790306
11944,38.406574
11945,76.41765
11946,37.17375
11947,38.462616
11948,38.503994
11949,21.51317
11950,37.851048
11951,58.633316
11952,28.368069
11953,81.497116
11954,28.816784
11955,39.846455
11956,28.239138
11957,16.443296
11958,28.6251
11959,48.72557
11960,61.10173
11961,65.00715
11962,78.85823
11963,33.718586
11964,78.643654
11965,49.05773
11966,77.95095
11967,48.571354
11968,77.228584
11969,66.33204
11970,38.099022
11971,28.415228
11972,39.569305
11973,57.55552
11974,40.41226
11975,74.472145
11976,37.933083
11977,36.65042
11978,41.078564
11979,19.575756
11980,40.301376
11981,55.621365
11982,30.82254
11983,80.70419
11984,28.404648
11985,37.253384
11986,31.608038
11987,11.938614
11988,31.442074
11989,48.195847
11990,67.084946
11991,62.443134
11992,78.020164
11993,33.3786
11994,79.08014
11995,48.48862
11996,78.91894
11997,48.243866
11998,80.082825
11999,65.45284
12000,39.27197
12001,30.37846
12002,38.755962
12003,57.965946
12004,40.592274
12005,74.019005
12006,40.44812
12007,37.956177
12008,40.227356
12009,23.825027
12010,38.68754
12011,54.530014
12012,29.527407
12013,82.09567
12014,33.364574
12015,37.310875
12016,30.369106
12017,17.704855
12018,29.736279
12019,41.931206
12020,64.95022
12021,60.788635
12022,80.61296
12023,34.99904
12024,78.19108
12025,45.01492
12026,79.32976
12027,44.114014
12028,80.42267
12029,76.00005
12030,46.25204
12031,51.762497
12032,43.9375
12033,69.549
12034,43.75856
12035,80.98563
12036,39.298676
12037,54.654114
12038,44.935
12039,41.631702
12040,43.248905
12041,71.170204
12042,38.764908
12043,89.01308
12044,15.596625
12045,63.47728
12046,35.411583
12047,39.213287
12048,28.094042
12049,66.47616
12050,66.493645
12051,73.76136
12052,73.32185
12053,47.8031
12054,74.137314
12055,64.34287
12056,72.91533
12057,64.62742
12058,74.73078
12059,66.36211
12060,34.578342
12061,28.795263
12062,42.43382
12063,59.85016
12064,36.47358
12065,74.550514
12066,32.35837
12067,36.932575
12068,41.36219
12069,21.281378
12070,44.10665
12071,54.39337
12072,30.883537
12073,78.294624
12074,27.728413
12075,36.655693
12076,36.34703
12077,16.511686
12078,38.98121
12079,52.601208
12080,71.86171
12081,77.38796
12082,69.50534
12083,41.35337
12084,77.03401
12085,58.029766
12086,80.16212
12087,57.492058
12088,82.270485
12089,66.80157
12090,36.416615
12091,29.521364
12092,34.48208
12093,58.027695
12094,38.22626
12095,75.82812
12096,37.338634
12097,37.45027
12098,36.875896
12099,19.618189
12100,34.93574
12101,55.897167
12102,33.388763
12103,82.085464
12104,31.259697
12105,39.28406
12106,32.609657
12107,13.912808
12108,28.218626
12109,45.696636
12110,64.37463
12111,60.701748
12112,79.686264
12113,30.493866
12114,78.58863
12115,45.381348
12116,79.7907
12117,45.517178
12118,83.31198
12119,63.72247
12120,41.31272
12121,33.248924
12122,38.34728
12123,58.11966
12124,42.162495
12125,70.02697
12126,41.267574
12127,40.878113
12128,40.164894
12129,26.775227
12130,38.582027
12131,61.24932
12132,34.64407
12133,49.863068
12134,31.078718
12135,20.852163
12136,31.809114
12137,58.40013
12138,68.19717
12139,58.002724
12140,82.01536
12141,30.583475
12142,81.231674
12143,49.045208
12144,81.44159
12145,49.777203
12146,84.258385
12147,67.930336
12148,36.084854
12149,28.429888
12150,35.139732
12151,59.46666
12152,37.98323
12153,76.91304
12154,36.625908
12155,37.120045
12156,37.456463
12157,19.033352
12158,35.585663
12159,57.878677
12160,30.572138
12161,84.54855
12162,29.357796
12163,40.160442
12164,29.55747
12165,11.864344
12166,27.361042
12167,48.756428
12168,65.36359
12169,66.90065
12170,75.118385
12171,28.686361
12172,74.442955
12173,48.261425
12174,78.925186
12175,48.16957
12176,81.407555
12177,63.544872
12178,36.77903
12179,30.189531
12180,40.080173
12181,55.84279
12182,38.8458
12183,70.57801
12184,36.355473
12185,37.603973
12186,40.58526
12187,22.380354
12188,41.356598
12189,54.234127
12190,32.570705
12191,74.643936
12192,30.90206
12193,38.879303
12194,33.7865
12195,15.67212
12196,37.41666
12197,51.683372
12198,61.698463
12199,65.97339
12200,69.92942
12201,33.03614
12202,73.783195
12203,51.193516
12204,72.35481
12205,51.757645
12206,75.7538
12207,66.16038
12208,36.413143
12209,30.76552
12210,35.365063
12211,58.209286
12212,38.652786
12213,75.29084
12214,37.34918
12215,39.328903
12216,37.736633
12217,21.79474
12218,35.904957
12219,57.00002
12220,31.490524
12221,81.55663
12222,29.526396
12223,41.845398
12224,30.44889
12225,15.37063
12226,28.399372
12227,50.62211
12228,60.894524
12229,62.77701
12230,75.60984
12231,32.380688
12232,75.24261
12233,48.54803
12234,75.9111
12235,48.36826
12236,79.109856
12237,65.16098
12238,32.868633
12239,30.7819
12240,40.852684
12241,57.058792
12242,36.948982
12243,73.31955
12244,30.997519
12245,37.145687
12246,41.797512
12247,23.638424
12248,42.72332
12249,50.015884
12250,30.456114
12251,76.59695
12252,19.346748
12253,35.840378
12254,36.019825
12255,18.265144
12256,32.396706
12257,47.17846
12258,61.99494
12259,72.42314
12260,72.114075
12261,44.156116
12262,77.01002
12263,56.247833
12264,77.02804
12265,56.882225
12266,78.34106
12267,68.16867
12268,39.818897
12269,26.565416
12270,40.16316
12271,59.04783
12272,41.55974
12273,77.02435
12274,40.24298
12275,36.024784
12276,41.78491
12277,16.671803
12278,41.17133
12279,59.30313
12280,28.563658
12281,82.600464
12282,25.941032
12283,37.051193
12284,28.731695
12285,9.143336
12286,28.371752
12287,50.797382
12288,61.24877
12289,64.693016
12290,81.115036
12291,30.746613
12292,81.898705
12293,48.99305
12294,81.05577
12295,49.03707
12296,82.39106
12297,67.44414
12298,38.54353
12299,31.07793
12300,36.6304
12301,58.957897
12302,40.249115
12303,75.66055
12304,39.703163
12305,39.732758
12306,39.088154
12307,22.957153
12308,36.618217
12309,58.737175
12310,31.902046
12311,81.994705
12312,31.628414
12313,43.105465
12314,30.296822
12315,16.17963
12316,28.116648
12317,50.094257
12318,61.187466
12319,65.018005
12320,72.15974
12321,28.823517
12322,70.53331
12323,47.997116
12324,73.49797
12325,47.97858
12326,77.5527
12327,65.8682
12328,40.082672
12329,32.902298
12330,35.550777
12331,59.027172
12332,41.616364
12333,74.916695
12334,41.592113
12335,42.82705
12336,38.29944
12337,24.064415
12338,35.286743
12339,50.47468
12340,29.555544
12341,55.417225
12342,58.63483
12343,61.430492
12344,72.51665
12345,27.464813
12346,68.36579
12347,47.226143
12348,72.9925
12349,45.851326
12350,77.06092
12351,62.912113
12352,38.762295
12353,30.29637
12354,36.736645
12355,55.90494
12356,39.652935
12357,70.34999
12358,39.869064
12359,37.67396
12360,38.305
12361,22.20019
12362,36.538605
12363,55.87211
12364,32.797283
12365,76.71252
12366,32.02491
12367,41.744175
12368,31.264177
12369,16.578661
12370,29.463575
12371,47.49754
12372,62.491287
12373,59.412003
12374,71.436134
12375,26.9001
12376,69.20657
12377,44.186066
12378,73.34466
12379,44.176434
12380,76.3722
12381,64.047165
12382,37.21697
12383,29.721004
12384,38.137943
12385,57.820557
12386,38.49936
12387,71.43101
12388,38.91792
12389,31.467394
12390,34.65683
12391,54.633312
12392,31.737566
12393,76.043045
12394,32.058414
12395,46.090614
12396,62.312916
12397,59.78051
12398,77.17665
12399,30.870373
12400,77.78355
12401,46.094547
12402,75.82408
12403,45.8374
12404,78.58073
12405,66.14368
12406,34.03072
12407,26.563757
12408,41.024338
12409,57.705418
12410,36.670013
12411,73.23018
12412,32.846478
12413,35.202347
12414,40.867546
12415,17.586168
12416,43.154648
12417,55.854317
12418,29.370611
12419,36.983395
12420,31.860178
12421,8.5023575
12422,36.926746
12423,54.241997
12424,65.03058
12425,69.732704
12426,70.1867
12427,32.509914
12428,77.815575
12429,53.62824
12430,76.74004
12431,54.711685
12432,80.818954
12433,73.137085
12434,35.686398
12435,30.076218
12436,35.598427
12437,61.99356
12438,37.947983
12439,83.14632
12440,34.457897
12441,37.79411
12442,37.75759
12443,18.45485
12444,36.0457
12445,54.960064
12446,27.80487
12447,35.567028
12448,28.881826
12449,42.920456
12450,64.62288
12451,75.1119
12452,74.46091
12453,33.566185
12454,74.90235
12455,50.236614
12456,79.32334
12457,50.67891
12458,85.13266
12459,65.51428
12460,32.811108
12461,28.951017
12462,38.697506
12463,56.192616
12464,36.78267
12465,74.434044
12466,31.998636
12467,36.624832
12468,39.874603
12469,19.533428
12470,40.62148
12471,50.862427
12472,30.764198
12473,78.40146
12474,22.282677
12475,35.279613
12476,34.17707
12477,13.062346
12478,32.901657
12479,46.62717
12480,61.251495
12481,67.47614
12482,76.19355
12483,39.758286
12484,80.17096
12485,52.428185
12486,79.55871
12487,52.98431
12488,80.33863
12489,68.79255
12490,36.284378
12491,30.120428
12492,35.966194
12493,60.788166
12494,36.923485
12495,76.39129
12496,36.353783
12497,38.40823
12498,36.90202
12499,22.16931
12500,36.30437
12501,58.51104
12502,32.066273
12503,82.18872
12504,32.7559
12505,40.758194
12506,31.08334
12507,14.8081255
12508,31.842289
12509,52.102516
12510,59.389763
12511,65.496315
12512,74.615036
12513,34.622185
12514,75.428375
12515,50.883896
12516,75.60877
12517,50.925007
12518,76.4442
12519,64.69822
12520,36.548786
12521,32.471313
12522,41.278244
12523,58.8736
12524,38.095104
12525,70.575294
12526,36.20489
12527,38.755043
12528,41.033813
12529,26.71552
12530,42.729156
12531,53.78449
12532,30.12167
12533,75.2618
12534,28.032934
12535,41.274174
12536,32.131256
12537,21.237057
12538,35.4683
12539,50.111862
12540,59.150818
12541,66.25101
12542,78.39689
12543,39.826202
12544,82.290634
12545,52.215553
12546,76.31411
12547,53.581627
12548,85.22045
12549,71.98899
12550,37.228355
12551,28.652555
12552,37.952415
12553,62.874596
12554,37.79225
12555,80.9064
12556,35.64425
12557,38.62152
12558,38.22303
12559,21.146685
12560,36.984818
12561,60.427467
12562,28.083345
12563,86.151115
12564,26.891407
12565,38.680958
12566,29.941576
12567,16.275967
12568,27.547602
12569,47.430424
12570,66.71954
12571,68.95926
12572,78.328224
12573,31.395906
12574,78.1017
12575,49.122223
12576,79.47352
12577,47.934223
12578,81.21465
12579,62.656246
12580,38.12023
12581,31.591341
12582,36.596195
12583,55.904667
12584,38.751907
12585,70.12896
12586,38.72706
12587,38.980927
12588,37.592644
12589,25.733898
12590,36.534878
12591,55.64072
12592,30.110245
12593,75.241714
12594,30.754332
12595,39.90345
12596,29.580585
12597,45.352913
12598,59.545506
12599,58.86665
12600,69.246826
12601,31.026194
12602,67.69749
12603,45.114094
12604,69.43279
12605,44.303772
12606,71.32841
12607,65.41896
12608,36.439896
12609,28.936836
12610,36.660034
12611,57.37722
12612,37.83651
12613,73.46445
12614,37.641716
12615,36.959015
12616,37.802917
12617,21.71466
12618,37.79508
12619,54.156612
12620,30.235006
12621,79.16179
12622,32.39659
12623,37.47145
12624,31.16912
12625,17.210514
12626,31.86713
12627,44.132683
12628,63.066517
12629,63.785683
12630,77.56465
12631,30.954582
12632,77.00143
12633,46.00703
12634,78.17871
12635,45.42064
12636,80.51924
12637,67.170525
12638,40.601295
12639,29.15006
12640,36.753372
12641,58.807556
12642,41.248436
12643,76.08067
12644,41.933365
12645,37.967148
12646,39.179153
12647,20.487072
12648,36.6335
12649,59.25336
12650,32.649895
12651,81.67341
12652,34.753956
12653,41.631577
12654,29.900541
12655,15.443867
12656,29.147259
12657,49.075974
12658,57.95697
12659,64.50714
12660,73.026115
12661,25.498373
12662,70.038086
12663,46.281086
12664,71.34182
12665,45.975082
12666,77.3682
12667,65.28302
12668,35.230083
12669,29.865408
12670,34.27712
12671,56.733124
12672,37.616276
12673,74.546265
12674,36.124794
12675,38.150684
12676,36.85319
12677,21.46902
12678,34.418915
12679,54.317715
12680,30.048191
12681,81.01012
12682,27.404888
12683,39.41759
12684,29.88537
12685,44.436466
12686,58.95272
12687,63.089718
12688,72.68686
12689,31.415344
12690,72.35672
12691,46.27635
12692,74.72652
12693,46.034218
12694,76.58518
12695,67.417725
12696,36.063217
12697,28.086102
12698,36.881783
12699,58.55259
12700,37.949913
12701,75.44746
12702,35.89826
12703,36.816757
12704,38.281948
12705,20.127787
12706,37.11704
12707,57.44685
12708,27.565083
12709,81.258
12710,25.678482
12711,37.29977
12712,27.711084
12713,13.698263
12714,27.60115
12715,48.81862
12716,64.356834
12717,66.82897
12718,71.20832
12719,30.407032
12720,72.55338
12721,48.88569
12722,74.613716
12723,49.16026
12724,77.63103
12725,65.877335
12726,37.599136
12727,27.79932
12728,35.015278
12729,57.703236
12730,38.73283
12731,74.4418
12732,38.67588
12733,36.624207
12734,37.034996
12735,18.854008
12736,35.66481
12737,57.162064
12738,32.611183
12739,80.22585
12740,33.59712
12741,41.670532
12742,30.121634
12743,13.311189
12744,29.629124
12745,50.399666
12746,64.63789
12747,58.989925
12748,81.145935
12749,28.64726
12750,79.69451
12751,46.11707
12752,80.196724
12753,46.485077
12754,81.3769
12755,63.39492
12756,34.388103
12757,31.577652
12758,38.906616
12759,56.856262
12760,36.375412
12761,70.91175
12762,33.508472
12763,38.98405
12764,38.98683
12765,23.473375
12766,40.997852
12767,51.172146
12768,29.293474
12769,73.53479
12770,28.235859
12771,38.083122
12772,32.090885
12773,46.724167
12774,62.64557
12775,67.32146
12776,69.686
12777,38.185577
12778,73.48563
12779,51.402275
12780,72.18827
12781,50.420017
12782,76.11385
12783,67.01984
12784,36.824276
12785,34.784653
12786,38.236847
12787,60.240246
12788,37.313362
12789,74.04077
12790,35.592075
12791,41.602562
12792,38.708397
12793,26.160591
12794,39.134964
12795,60.08103
12796,28.448553
12797,78.80308
12798,27.542978
12799,46.48471
12800,28.83902
12801,20.83362
12802,31.560312
12803,55.02946
12804,51.897594
12805,66.40172
12806,66.67685
12807,39.490864
12808,69.12024
12809,54.407845
12810,66.03034
12811,54.576626
12812,67.535034
12813,67.10472
12814,35.398643
12815,27.795
12816,39.074753
12817,55.959446
12818,40.19895
12819,77.02636
12820,35.205086
12821,33.293327
12822,42.61177
12823,19.55769
12824,40.23489
12825,47.161797
12826,30.083101
12827,84.73013
12828,21.393997
12829,32.341785
12830,34.0351
12831,13.053722
12832,27.19635
12833,41.80103
12834,72.06253
12835,72.59356
12836,81.42877
12837,40.60365
12838,80.09651
12839,51.064785
12840,87.65603
12841,49.66661
12842,90.77052
12843,63.44188
12844,35.13669
12845,31.017862
12846,39.47633
12847,55.614735
12848,37.640003
12849,70.70975
12850,34.705006
12851,37.780647
12852,40.140923
12853,51.961002
12854,29.292683
12855,73.71764
12856,24.830288
12857,34.769745
12858,32.117393
12859,47.502422
12860,62.70558
12861,68.123825
12862,70.33965
12863,33.980026
12864,73.42671
12865,50.21635
12866,73.31633
12867,50.462578
12868,78.712944
12869,64.541534
12870,31.857111
12871,28.772043
12872,38.268227
12873,57.186596
12874,34.567158
12875,72.25488
12876,31.57112
12877,36.712673
12878,38.05567
12879,20.68739
12880,40.713104
12881,53.53514
12882,26.230658
12883,76.614944
12884,22.413597
12885,37.247623
12886,28.475868
12887,12.762624
12888,33.593452
12889,52.66756
12890,59.990402
12891,68.265686
12892,70.119514
12893,35.62934
12894,76.446724
12895,53.147614
12896,72.96765
12897,53.76039
12898,75.53856
12899,68.05724
12900,38.010963
12901,29.61089
12902,35.548176
12903,58.848392
12904,39.076077
12905,76.68464
12906,38.79696
12907,37.218784
12908,37.569767
12909,21.294346
12910,35.50716
12911,53.136436
12912,31.250738
12913,83.68472
12914,31.20608
12915,36.254948
12916,31.522293
12917,16.138704
12918,26.03259
12919,41.4018
12920,62.99256
12921,70.258026
12922,74.17015
12923,32.63104
12924,71.69402
12925,47.556976
12926,76.881454
12927,48.07202
12928,81.72405
12929,59.092293
12930,34.11454
12931,32.985535
12932,39.752903
12933,55.483543
12934,35.83772
12935,64.813354
12936,31.113993
12937,39.484184
12938,39.11664
12939,25.565895
12940,40.69623
12941,58.05837
12942,35.021885
12943,77.54791
12944,13.883057
12945,45.965828
12946,35.104816
12947,17.611887
12948,33.961124
12949,58.860638
12950,65.10239
12951,57.109528
12952,73.444534
12953,33.42442
12954,79.09709
12955,49.892307
12956,77.96121
12957,51.56822
12958,78.605385
12959,75.20439
12960,43.784546
12961,35.214176
12962,32.6529
12963,65.48311
12964,45.045193
12965,82.88251
12966,43.136852
12967,45.184467
12968,37.69476
12969,29.015228
12970,29.9292
12971,66.73721
12972,37.662735
12973,50.21036
12974,31.039984
12975,26.757776
12976,18.063932
12977,53.06022
12978,67.349625
12979,59.460487
12980,88.626175
12981,26.514376
12982,80.07327
12983,44.751434
12984,85.42541
12985,45.762115
12986,83.26229
12987,66.22062
12988,36.64197
12989,26.60954
12990,37.52723
12991,58.538242
12992,36.964394
12993,75.25963
12994,37.84645
12995,35.184025
12996,37.458134
12997,17.689575
12998,39.419353
12999,55.85125
13000,23.027382
13001,81.53571
13002,27.176277
13003,37.89611
13004,23.395653
13005,10.399002
13006,29.56716
13007,49.58387
13008,48.316605
13009,65.89231
13010,77.85279
13011,32.509964
13012,78.540504
13013,49.563404
13014,68.04641
13015,49.855648
13016,83.74048
13017,69.22778
13018,28.475132
13019,25.938753
13020,35.25792
13021,59.993088
13022,31.725634
13023,79.48203
13024,26.279509
13025,35.777767
13026,34.528652
13027,15.968698
13028,36.809956
13029,54.284554
13030,24.725105
13031,34.296833
13032,28.72306
13033,47.876987
13034,66.41901
13035,78.51199
13036,69.15173
13037,34.41232
13038,76.6933
13039,54.767548
13040,77.36703
13041,55.986774
13042,85.31531
13043,66.54266
13044,36.127525
13045,30.404627
13046,38.118877
13047,58.967102
13048,37.40616
13049,73.550285
13050,35.030327
13051,37.220028
13052,38.238956
13053,22.465654
13054,37.815617
13055,57.107235
13056,33.151627
13057,78.47352
13058,28.997852
13059,39.210297
13060,33.11317
13061,17.841846
13062,31.627316
13063,51.66199
13064,66.69801
13065,64.37418
13066,72.058655
13067,35.22874
13068,74.20625
13069,50.86786
13070,75.50217
13071,51.567295
13072,76.36178
13073,67.08467
13074,39.44643
13075,31.11186
13076,35.59371
13077,58.556137
13078,39.964134
13079,74.62697
13080,40.98201
13081,39.324577
13082,37.291954
13083,22.574608
13084,35.81805
13085,58.12877
13086,31.93518
13087,79.969376
13088,34.784546
13089,41.36376
13090,29.855492
13091,16.986963
13092,28.726597
13093,48.19424
13094,60.1341
13095,61.17096
13096,80.59938
13097,29.286385
13098,77.61264
13099,46.038326
13100,77.9502
13101,45.923965
13102,78.51946
13103,63.870968
13104,37.555397
13105,31.205004
13106,42.11197
13107,57.303513
13108,39.509136
13109,71.751076
13110,38.01894
13111,37.771988
13112,42.04634
13113,24.285149
13114,44.46234
13115,52.995987
13116,29.382565
13117,76.74001
13118,30.6785
13119,37.147823
13120,32.083218
13121,18.195787
13122,38.378357
13123,46.210155
13124,54.559772
13125,67.06847
13126,73.104294
13127,35.330418
13128,76.36252
13129,49.096066
13130,67.642166
13131,49.907364
13132,80.82153
13133,65.54356
13134,34.914234
13135,27.451912
13136,35.888702
13137,56.89607
13138,37.486805
13139,74.4147
13140,35.73616
13141,35.452763
13142,38.231216
13143,18.587027
13144,37.163513
13145,53.690536
13146,29.005985
13147,80.26381
13148,26.019184
13149,36.244377
13150,30.070759
13151,13.972352
13152,27.093176
13153,44.601562
13154,56.108494
13155,64.34213
13156,69.93187
13157,31.112024
13158,71.19716
13159,46.793983
13160,71.98447
13161,46.84631
13162,74.62176
13163,65.04324
13164,35.160343
13165,26.543697
13166,36.623074
13167,56.730873
13168,36.96343
13169,73.21882
13170,36.56503
13171,35.249393
13172,37.412086
13173,19.121742
13174,37.45057
13175,53.126602
13176,26.489416
13177,79.08024
13178,30.018747
13179,35.561344
13180,27.040686
13181,15.040746
13182,28.338514
13183,42.627983
13184,63.31314
13185,63.338387
13186,80.34714
13187,29.32772
13188,80.41621
13189,44.975487
13190,80.3296
13191,43.717407
13192,80.6948
13193,63.75475
13194,34.43345
13195,26.264318
13196,41.232372
13197,55.33689
13198,37.306107
13199,71.91747
13200,33.42831
13201,34.67129
13202,41.02118
13203,18.029547
13204,42.921013
13205,52.096287
13206,30.877468
13207,75.24294
13208,25.764456
13209,35.030098
13210,34.377914
13211,12.590916
13212,36.594517
13213,49.37473
13214,63.310135
13215,70.099785
13216,69.51223
13217,32.831642
13218,76.26263
13219,51.83985
13220,75.32758
13221,51.794098
13222,78.71492
13223,65.3711
13224,35.876534
13225,28.712072
13226,36.847874
13227,56.920605
13228,37.245342
13229,74.28009
13230,36.129944
13231,37.124374
13232,37.84545
13233,20.100365
13234,37.528355
13235,53.335747
13236,26.897095
13237,80.927956
13238,28.55285
13239,37.25555
13240,28.523233
13241,15.514097
13242,29.384846
13243,43.533165
13244,60.62876
13245,64.40582
13246,73.4678
13247,30.017874
13248,74.60168
13249,45.685566
13250,72.7873
13251,45.145763
13252,78.609085
13253,61.914387
13254,36.436825
13255,27.886131
13256,38.42183
13257,54.606842
13258,38.66152
13259,70.07542
13260,35.99268
13261,36.897583
13262,38.747837
13263,20.914677
13264,39.929085
13265,58.69566
13266,25.93795
13267,38.4932
13268,26.638687
13269,15.03119
13270,31.541412
13271,53.05106
13272,63.18321
13273,63.248413
13274,78.83636
13275,33.57707
13276,82.076744
13277,50.211357
13278,81.442314
13279,50.537495
13280,80.20369
13281,64.38184
13282,39.701298
13283,31.590601
13284,37.816757
13285,57.211605
13286,40.889473
13287,72.289375
13288,40.546566
13289,39.256535
13290,39.62635
13291,24.388857
13292,37.484406
13293,56.914814
13294,29.68689
13295,78.5938
13296,30.518343
13297,41.417118
13298,28.461924
13299,18.598625
13300,26.651863
13301,48.42366
13302,62.083435
13303,62.54425
13304,75.56266
13305,31.621675
13306,74.72813
13307,47.64515
13308,77.26159
13309,47.379444
13310,79.38832
13311,68.467545
13312,44.275368
13313,32.664787
13314,35.63879
13315,60.413612
13316,42.82856
13317,75.54522
13318,45.21413
13319,41.494236
13320,37.723232
13321,25.30217
13322,34.66433
13323,64.15536
13324,31.527122
13325,82.73282
13326,38.78681
13327,44.466286
13328,27.58014
13329,22.805952
13330,24.882774
13331,45.447483
13332,57.57891
13333,57.96946
13334,77.58598
13335,27.706089
13336,69.176994
13337,43.059303
13338,71.16625
13339,42.05
13340,74.67245
13341,66.29885
13342,36.58511
13343,30.678728
13344,44.33013
13345,58.422184
13346,39.826435
13347,73.34498
13348,35.745255
13349,38.558643
13350,44.237007
13351,22.716393
13352,47.094154
13353,53.734585
13354,32.438686
13355,77.8866
13356,27.13156
13357,38.233906
13358,37.054356
13359,14.768163
13360,41.31137
13361,49.7851
13362,60.378185
13363,70.84931
13364,69.85624
13365,39.189438
13366,76.50021
13367,54.117783
13368,74.034035
13369,53.931057
13370,73.495926
13371,65.870926
13372,34.78513
13373,27.853771
13374,41.150494
13375,57.18293
13376,38.05981
13377,73.965034
13378,34.240654
13379,36.50087
13380,41.65826
13381,19.35231
13382,42.780422
13383,55.315693
13384,30.001307
13385,78.66192
13386,25.915268
13387,35.915665
13388,33.654736
13389,11.643884
13390,36.64046
13391,50.667946
13392,62.58594
13393,71.18723
13394,69.17748
13395,32.64404
13396,75.32635
13397,52.894173
13398,74.548134
13399,53.020542
13400,76.486664
13401,67.14575
13402,33.32204
13403,27.442774
13404,39.22133
13405,57.897278
13406,35.546238
13407,75.42206
13408,32.16169
13409,37.374065
13410,38.570408
13411,18.295107
13412,40.983593
13413,53.30866
13414,25.377724
13415,80.46641
13416,23.326607
13417,34.75474
13418,28.481462
13419,12.572109
13420,32.135784
13421,49.99388
13422,62.87853
13423,73.27475
13424,66.66948
13425,33.04787
13426,74.140915
13427,52.60002
13428,72.64845
13429,52.655945
13430,74.13375
13431,66.1947
13432,39.295715
13433,29.669184
13434,37.198277
13435,58.947113
13436,39.803764
13437,73.752304
13438,39.902744
13439,38.171486
13440,38.578247
13441,22.269156
13442,37.589912
13443,58.20084
13444,33.065952
13445,78.7754
13446,31.829521
13447,42.062878
13448,30.744743
13449,16.906311
13450,28.77032
13451,52.40537
13452,57.74239
13453,60.863995
13454,76.83209
13455,34.187786
13456,75.6057
13457,49.425327
13458,75.29775
13459,49.44091
13460,75.899284
13461,64.09518
13462,37.87642
13463,31.64627
13464,38.43897
13465,57.462147
13466,39.05208
13467,71.86522
13468,38.22633
13469,39.694195
13470,39.03939
13471,24.333115
13472,39.766148
13473,54.7545
13474,32.444794
13475,77.510124
13476,31.745169
13477,41.820522
13478,33.347115
13479,18.518269
13480,33.766132
13481,48.534714
13482,60.330997
13483,63.85746
13484,72.51396
13485,34.854527
13486,72.86129
13487,49.365566
13488,72.55124
13489,49.04265
13490,76.04468
13491,65.73713
13492,36.50489
13493,29.410639
13494,40.413486
13495,58.56813
13496,37.845497
13497,73.30359
13498,35.581642
13499,37.277946
13500,40.334824
13501,22.199284
13502,40.76395
13503,56.085083
13504,29.4679
13505,78.449905
13506,27.999464
13507,37.006252
13508,31.424177
13509,16.114418
13510,33.702255
13511,51.005768
13512,65.20457
13513,68.204865
13514,69.39287
13515,34.82539
13516,73.19143
13517,52.10562
13518,74.181725
13519,52.129063
13520,76.340324
13521,63.434715
13522,33.89596
13523,31.876894
13524,36.04869
13525,58.15092
13526,34.42834
13527,69.9574
13528,33.54868
13529,37.720627
13530,36.03705
13531,26.09224
13532,36.489704
13533,55.58749
13534,26.277004
13535,74.65199
13536,25.873392
13537,40.134014
13538,27.581427
13539,21.255909
13540,28.875757
13541,50.619865
13542,59.249065
13543,64.713585
13544,67.50654
13545,36.866604
13546,69.66174
13547,51.436806
13548,69.47657
13549,51.689743
13550,73.682274
13551,68.59262
13552,31.174913
13553,27.872543
13554,33.683456
13555,59.93222
13556,34.695374
13557,77.740005
13558,32.208904
13559,36.829643
13560,35.92941
13561,18.583656
13562,35.399754
13563,57.281467
13564,28.4808
13565,83.764244
13566,23.425865
13567,39.321278
13568,29.515299
13569,11.322601
13570,27.599781
13571,50.666737
13572,59.61488
13573,66.97338
13574,77.32693
13575,34.88021
13576,78.97787
13577,51.533424
13578,78.81371
13579,51.74995
13580,80.36732
13581,62.771015
13582,31.054174
13583,31.472075
13584,44.836174
13585,56.01243
13586,35.088924
13587,70.05213
13588,28.234169
13589,39.417995
13590,42.565582
13591,24.17377
13592,48.134457
13593,49.827526
13594,28.84327
13595,73.21499
13596,18.161097
13597,37.404625
13598,34.74286
13599,15.881879
13600,43.136753
13601,57.248325
13602,62.041927
13603,76.90975
13604,66.62843
13605,44.939945
13606,80.10173
13607,62.355457
13608,73.87021
13609,63.236492
13610,76.125786
13611,66.48196
13612,36.831047
13613,29.329638
13614,38.921253
13615,57.73868
13616,39.194622
13617,74.89065
13618,37.6581
13619,37.079468
13620,40.29177
13621,20.353876
13622,40.08153
13623,55.644417
13624,31.920515
13625,81.50715
13626,30.265589
13627,36.617775
13628,33.716972
13629,12.013939
13630,34.073456
13631,46.017887
13632,61.905403
13633,69.18228
13634,73.37931
13635,28.46821
13636,75.360466
13637,48.160973
13638,78.409065
13639,48.566616
13640,80.97554
13641,69.47221
13642,40.093945
13643,30.023518
13644,28.3349
13645,60.51268
13646,38.410236
13647,76.71914
13648,43.57949
13649,38.5991
13650,32.18199
13651,21.808228
13652,27.877542
13653,63.97521
13654,25.130018
13655,83.249275
13656,38.29791
13657,45.036728
13658,19.220333
13659,20.5987
13660,17.055403
13661,45.978504
13662,54.74026
13663,54.079895
13664,78.23419
13665,22.030128
13666,68.46697
13667,39.937023
13668,70.062546
13669,38.613632
13670,71.77932
13671,66.53782
13672,37.047207
13673,29.461618
13674,36.19836
13675,58.380375
13676,38.744648
13677,74.209694
13678,37.484135
13679,37.18456
13680,37.920864
13681,21.209253
13682,36.49342
13683,58.663048
13684,30.401464
13685,39.23818
13686,29.781935
13687,15.030362
13688,28.62786
13689,48.712982
13690,64.95316
13691,66.3786
13692,71.38336
13693,26.846521
13694,70.5587
13695,47.30686
13696,74.4051
13697,47.72071
13698,80.00309
13699,60.700115
13700,32.65049
13701,29.195518
13702,35.9174
13703,54.021935
13704,34.38295
13705,68.044174
13706,31.937536
13707,37.10532
13708,35.809776
13709,22.34034
13710,37.609406
13711,47.593033
13712,55.549034
13713,61.635307
13714,66.49808
13715,36.40552
13716,68.75071
13717,48.734467
13718,68.576866
13719,48.76199
13720,67.72688
13721,65.50745
13722,35.26147
13723,28.931627
13724,36.867443
13725,57.15977
13726,37.93953
13727,74.767296
13728,35.49557
13729,37.300922
13730,38.691525
13731,19.68875
13732,37.923145
13733,55.138134
13734,30.7964
13735,80.748566
13736,26.85073
13737,37.90627
13738,31.761763
13739,13.27355
13740,29.624315
13741,47.644505
13742,62.56214
13743,63.97729
13744,75.18183
13745,33.966213
13746,76.39783
13747,48.669212
13748,77.40368
13749,48.722523
13750,78.86124
13751,66.56302
13752,36.12963
13753,30.221024
13754,38.16834
13755,58.64876
13756,37.93692
13757,74.618965
13758,36.814217
13759,38.592705
13760,39.10414
13761,20.755653
13762,40.447983
13763,57.562927
13764,30.838697
13765,79.568954
13766,30.715528
13767,41.504906
13768,31.4721
13769,14.495834
13770,35.53219
13771,53.701073
13772,61.818462
13773,68.438324
13774,76.25708
13775,30.081427
13776,78.23322
13777,51.27117
13778,77.791374
13779,51.56073
13780,84.285446
13781,67.6481
13782,34.230915
13783,28.07572
13784,38.92867
13785,58.864468
13786,37.10378
13787,76.41061
13788,33.42036
13789,36.636505
13790,39.54732
13791,19.715466
13792,39.2146
13793,55.37732
13794,28.812157
13795,81.95339
13796,24.48418
13797,34.97239
13798,31.271223
13799,12.776912
13800,30.972933
13801,49.713867
13802,65.01754
13803,71.71048
13804,67.06216
13805,34.758865
13806,71.45473
13807,52.373024
13808,73.678604
13809,52.44492
13810,76.89009
13811,63.22504
13812,30.303871
13813,27.940243
13814,38.860085
13815,55.379704
13816,34.104523
13817,72.2313
13818,28.79901
13819,36.895344
13820,38.295902
13821,19.498026
13822,40.98949
13823,51.168976
13824,30.629452
13825,76.19147
13826,23.179768
13827,35.732334
13828,34.389683
13829,12.333702
13830,38.23774
13831,50.769276
13832,60.003223
13833,71.14866
13834,65.58329
13835,39.607822
13836,73.563446
13837,55.60406
13838,73.54121
13839,55.959435
13840,73.57004
13841,70.15628
13842,30.867453
13843,27.65994
13844,33.069935
13845,60.900753
13846,33.710835
13847,79.77975
13848,30.643726
13849,36.053787
13850,34.662067
13851,17.642971
13852,34.042767
13853,57.832207
13854,28.626139
13855,85.66488
13856,24.346628
13857,38.00882
13858,29.785936
13859,10.916341
13860,28.15912
13861,47.47981
13862,64.512825
13863,67.462074
13864,77.63593
13865,32.698696
13866,79.327774
13867,49.70788
13868,81.60756
13869,49.47159
13870,82.59764
13871,64.79042
13872,36.481342
13873,27.911997
13874,41.013577
13875,56.19938
13876,39.872906
13877,73.718445
13878,36.460297
13879,36.233276
13880,42.23323
13881,19.464867
13882,42.947205
13883,53.478195
13884,31.7885
13885,79.721115
13886,28.315853
13887,37.035717
13888,34.289925
13889,12.41099
13890,36.502125
13891,48.366302
13892,63.21483
13893,68.64839
13894,74.06531
13895,34.568203
13896,79.22836
13897,51.54922
13898,78.502
13899,51.658356
13900,79.86934
13901,68.98223
13902,40.161312
13903,29.992802
13904,30.257969
13905,59.999783
13906,39.818127
13907,78.6719
13908,43.260426
13909,38.167988
13910,33.73679
13911,21.215572
13912,28.395512
13913,58.670235
13914,32.662685
13915,86.57359
13916,36.36271
13917,40.015297
13918,28.611513
13919,18.554235
13920,18.084177
13921,37.55161
13922,60.818283
13923,55.936516
13924,80.903915
13925,21.55917
13926,71.01631
13927,36.23056
13928,79.13882
13929,35.26752
13930,80.30217
13931,66.78183
13932,39.5785
13933,29.117067
13934,35.987602
13935,58.6288
13936,40.34051
13937,75.006546
13938,40.89425
13939,37.143646
13940,38.44759
13941,21.27035
13942,35.479355
13943,58.116825
13944,31.096272
13945,81.732414
13946,33.378723
13947,39.729218
13948,29.235256
13949,15.972099
13950,26.775875
13951,46.355827
13952,64.43611
13953,62.322884
13954,74.052
13955,28.272194
13956,70.83966
13957,45.165894
13958,74.826294
13959,45.112015
13960,78.51727
13961,61.957657
13962,36.10976
13963,29.274984
13964,42.832714
13965,55.71238
13966,38.18358
13967,69.98677
13968,34.50641
13969,37.02068
13970,42.02468
13971,22.73206
13972,44.39071
13973,51.452934
13974,28.034546
13975,74.57784
13976,25.30123
13977,36.66704
13978,32.742172
13979,16.874163
13980,35.71234
13981,48.201454
13982,65.51044
13983,69.38368
13984,71.14603
13985,40.25141
13986,76.20007
13987,52.954624
13988,75.60013
13989,52.013046
13990,77.29445
13991,65.906746
13992,40.095284
13993,29.150015
13994,38.015076
13995,58.078358
13996,40.959618
13997,73.332855
13998,40.79902
13999,36.749603
14000,39.891834
14001,20.881245
14002,39.00798
14003,57.43751
14004,30.8268
14005,78.18657
14006,31.75286
14007,40.818108
14008,29.181084
14009,15.5518465
14010,29.928646
14011,51.06855
14012,61.0497
14013,61.163116
14014,81.403564
14015,33.839134
14016,80.305466
14017,48.985516
14018,78.313255
14019,49.348663
14020,80.86415
14021,63.36473
14022,38.015797
14023,29.737078
14024,39.031963
14025,56.408768
14026,38.777916
14027,69.851364
14028,37.95459
14029,36.385674
14030,39.202316
14031,22.121954
14032,39.31581
14033,56.05708
14034,30.339125
14035,38.00333
14036,29.555412
14037,15.794067
14038,32.434723
14039,52.027176
14040,65.40756
14041,64.87638
14042,73.97636
14043,29.168398
14044,75.549255
14045,49.4368
14046,76.260704
14047,50.349514
14048,79.660324
14049,64.4736
14050,29.389858
14051,28.833256
14052,40.69651
14053,55.928234
14054,34.621464
14055,73.01828
14056,26.940687
14057,36.01681
14058,40.468964
14059,19.083246
14060,44.000195
14061,50.829514
14062,26.72285
14063,33.37042
14064,32.35523
14065,10.937938
14066,36.61911
14067,51.486397
14068,60.956287
14069,76.07409
14070,70.47949
14071,38.38052
14072,81.291
14073,57.556007
14074,77.362946
14075,58.673462
14076,82.55133
14077,64.32812
14078,37.827606
14079,31.23139
14080,34.50645
14081,56.729576
14082,38.09902
14083,72.44186
14084,39.300938
14085,37.951496
14086,36.081623
14087,24.715464
14088,33.58496
14089,52.234093
14090,31.492592
14091,78.67979
14092,35.165554
14093,36.533493
14094,31.723207
14095,23.148632
14096,26.662071
14097,37.73794
14098,66.76116
14099,61.60683
14100,77.949135
14101,31.197142
14102,74.866356
14103,42.761703
14104,80.25055
14105,40.993855
14106,78.61288
14107,67.44157
14108,35.985073
14109,29.20185
14110,36.079693
14111,59.231083
14112,35.898773
14113,74.882965
14114,35.98849
14115,37.29778
14116,36.050186
14117,21.601223
14118,36.01094
14119,56.994736
14120,25.743132
14121,81.32526
14122,28.323679
14123,37.26879
14124,26.529541
14125,15.730803
14126,27.865538
14127,44.80829
14128,62.294544
14129,61.297447
14130,74.15011
14131,32.610847
14132,73.37969
14133,45.790413
14134,73.87886
14135,45.079567
14136,74.43725
14137,63.98085
14138,40.43785
14139,31.26792
14140,40.443398
14141,56.764668
14142,41.054306
14143,70.32663
14144,40.426277
14145,38.310978
14146,40.822464
14147,24.442627
14148,40.513012
14149,56.24239
14150,33.816006
14151,75.389275
14152,33.556473
14153,40.414436
14154,33.532604
14155,18.952475
14156,34.876713
14157,49.400665
14158,63.051064
14159,62.038895
14160,71.672714
14161,31.604301
14162,72.24476
14163,48.410408
14164,73.22606
14165,48.78657
14166,73.05391
14167,65.39667
14168,35.92104
14169,29.125961
14170,37.688957
14171,57.23002
14172,38.634926
14173,74.06362
14174,36.741573
14175,37.217545
14176,39.308346
14177,20.219255
14178,39.15017
14179,56.721184
14180,31.401735
14181,80.05522
14182,31.45409
14183,37.504772
14184,31.644
14185,13.381899
14186,34.98945
14187,49.99481
14188,61.069798
14189,69.73125
14190,70.16181
14191,27.196083
14192,72.28872
14193,49.126225
14194,74.616196
14195,49.39235
14196,81.575584
14197,69.14951
14198,33.02737
14199,29.128721
14200,36.07806
14201,59.205902
14202,36.186817
14203,78.943275
14204,32.51091
14205,36.4352
14206,38.191963
14207,18.512407
14208,37.772884
14209,52.32001
14210,28.42028
14211,84.6484
14212,23.585054
14213,34.918636
14214,30.7729
14215,12.7230835
14216,28.64621
14217,43.345577
14218,62.237736
14219,72.896614
14220,73.44806
14221,33.585674
14222,76.808205
14223,50.453426
14224,78.2033
14225,51.384323
14226,84.13739
14227,64.01389
14228,35.37872
14229,29.750338
14230,36.325348
14231,56.414383
14232,36.88553
14233,71.89763
14234,36.018223
14235,37.871464
14236,36.810272
14237,23.95578
14238,36.526375
14239,45.57543
14240,61.0987
14241,62.94809
14242,72.23811
14243,31.481104
14244,72.02637
14245,46.736187
14246,72.74232
14247,46.0418
14248,77.06899
14249,65.58763
14250,37.097168
14251,29.590376
14252,38.036316
14253,58.087646
14254,37.76271
14255,73.10093
14256,36.994812
14257,37.010773
14258,38.111416
14259,21.420294
14260,38.658512
14261,57.969986
14262,28.288662
14263,78.97838
14264,27.963192
14265,39.334488
14266,27.479918
14267,14.61793
14268,30.407331
14269,51.050213
14270,67.77098
14271,64.70906
14272,78.90649
14273,30.828346
14274,80.11269
14275,49.479275
14276,80.41949
14277,50.25174
14278,84.54085
14279,63.887077
14280,39.158638
14281,30.930353
14282,34.995884
14283,56.90092
14284,38.249287
14285,70.36046
14286,39.393845
14287,37.654602
14288,35.55742
14289,23.324461
14290,33.982113
14291,56.21051
14292,30.548737
14293,75.769
14294,29.98063
14295,41.468357
14296,27.877563
14297,20.57856
14298,23.427967
14299,47.086685
14300,60.87796
14301,59.17483
14302,69.27861
14303,29.16969
14304,66.05181
14305,45.054756
14306,70.06664
14307,45.95301
14308,70.319565
14309,65.20714
14310,37.097862
14311,28.44279
14312,40.436203
14313,58.07213
14314,38.530933
14315,72.30711
14316,37.229107
14317,36.247936
14318,40.594513
14319,21.294493
14320,41.34112
14321,55.69396
14322,32.924385
14323,77.1774
14324,32.659714
14325,37.51265
14326,35.122623
14327,16.472195
14328,36.396072
14329,48.121803
14330,65.643585
14331,67.63512
14332,69.64482
14333,31.254288
14334,71.53265
14335,49.432873
14336,74.32891
14337,49.027107
14338,75.500626
14339,67.824974
14340,36.09719
14341,28.104708
14342,35.00726
14343,59.17383
14344,38.45979
14345,77.364586
14346,37.32487
14347,36.82594
14348,37.924637
14349,18.321152
14350,35.488125
14351,58.343937
14352,30.359072
14353,38.391987
14354,29.584137
14355,47.57186
14356,64.46637
14357,65.09998
14358,75.9404
14359,27.568888
14360,75.219604
14361,46.17584
14362,80.13772
14363,46.2291
14364,83.26808
14365,64.514755
14366,30.5537
14367,31.40232
14368,39.120136
14369,59.816315
14370,33.543556
14371,72.29877
14372,28.615492
14373,38.594387
14374,39.143456
14375,22.25567
14376,41.991615
14377,55.60565
14378,32.616783
14379,79.63081
14380,16.556236
14381,43.959675
14382,34.23955
14383,14.079729
14384,35.902832
14385,61.52718
14386,58.511227
14387,69.41073
14388,68.08548
14389,35.886383
14390,75.82455
14391,56.76196
14392,73.91244
14393,57.084194
14394,79.18203
14395,67.79312
14396,38.466347
14397,28.405096
14398,35.05959
14399,59.495148
14400,38.359398
14401,76.42255
14402,39.229477
14403,37.16847
14404,36.27849
14405,20.36914
14406,34.616123
14407,57.680656
14408,30.72256
14409,83.61751
14410,33.77902
14411,38.648968
14412,29.315962
14413,14.218652
14414,28.407005
14415,45.057106
14416,68.872604
14417,45.88208
14418,82.90524
14419,44.9746
14420,84.42685
14421,67.02518
14422,33.075745
14423,28.952448
14424,39.613544
14425,59.224636
14426,35.98441
14427,75.36073
14428,32.10621
14429,37.24011
14430,39.67507
14431,21.56904
14432,41.20224
14433,54.330814
14434,29.109686
14435,81.95596
14436,25.58887
14437,37.688442
14438,33.301903
14439,13.355478
14440,36.150036
14441,48.299423
14442,66.33182
14443,71.68172
14444,71.469826
14445,37.806038
14446,76.93939
14447,53.3746
14448,77.42302
14449,53.009693
14450,79.18566
14451,65.41941
14452,35.71871
14453,27.458717
14454,35.97425
14455,56.80718
14456,37.696865
14457,73.03433
14458,36.12341
14459,35.802834
14460,37.57706
14461,19.78928
14462,36.1442
14463,55.301815
14464,31.288784
14465,79.060135
14466,28.69064
14467,37.94897
14468,31.34944
14469,14.407619
14470,28.303438
14471,46.94924
14472,63.066822
14473,63.423527
14474,66.74119
14475,31.00822
14476,66.79311
14477,46.902763
14478,70.57336
14479,46.87873
14480,72.163734
14481,65.71995
14482,35.33569
14483,30.97746
14484,44.12244
14485,59.508842
14486,37.084805
14487,71.74695
14488,33.73124
14489,38.61242
14490,42.088806
14491,24.061028
14492,45.929543
14493,59.07786
14494,22.718224
14495,77.51127
14496,17.713375
14497,40.134148
14498,26.854298
14499,13.436115
14500,35.696575
14501,60.30253
14502,63.14012
14503,72.35276
14504,76.6566
14505,46.00713
14506,83.755
14507,60.976826
14508,79.28908
14509,62.48499
14510,82.54714
14511,63.659077
14512,36.28128
14513,33.92025
14514,41.453716
14515,58.6601
14516,37.250122
14517,70.19074
14518,34.33794
14519,40.13443
14520,40.45886
14521,27.617271
14522,41.967987
14523,56.562943
14524,29.68611
14525,75.00584
14526,25.098272
14527,40.976303
14528,32.67292
14529,21.932589
14530,35.21078
14531,51.95234
14532,65.741745
14533,65.5384
14534,71.69125
14535,40.968548
14536,75.16632
14537,53.30271
14538,74.32103
14539,53.43205
14540,76.406395
14541,65.2994
14542,39.393597
14543,30.352577
14544,35.961105
14545,58.442444
14546,39.34071
14547,72.57984
14548,40.449085
14549,39.374863
14550,36.92453
14551,21.396322
14552,35.980434
14553,59.0271
14554,32.922314
14555,79.14087
14556,29.808643
14557,44.48753
14558,30.479704
14559,15.967232
14560,26.700428
14561,52.76661
14562,58.510983
14563,57.49062
14564,78.483635
14565,30.55881
14566,75.70928
14567,46.835808
14568,76.47839
14569,46.468426
14570,77.78293
14571,68.81474
14572,40.087597
14573,35.15214
14574,35.400402
14575,60.49377
14576,40.968548
14577,75.23448
14578,38.376724
14579,42.634605
14580,38.07088
14581,25.656153
14582,35.0716
14583,62.54418
14584,33.909782
14585,81.536194
14586,28.951029
14587,48.833515
14588,29.941185
14589,20.42064
14590,26.55932
14591,56.38204
14592,58.565968
14593,64.39189
14594,70.8466
14595,35.795673
14596,69.41243
14597,52.873672
14598,70.66432
14599,53.94895
14600,70.711914
14601,60.693756
14602,36.560806
14603,32.336155
14604,43.388775
14605,56.15636
14606,38.137745
14607,67.286385
14608,35.258915
14609,38.5829
14610,42.70485
14611,27.818985
14612,45.01252
14613,49.87833
14614,32.747757
14615,71.413155
14616,29.640638
14617,38.028454
14618,37.321316
14619,21.815977
14620,40.415432
14621,45.00934
14622,63.66451
14623,64.81287
14624,71.53563
14625,39.689293
14626,76.17031
14627,50.07342
14628,73.97608
14629,49.110252
14630,75.892006
14631,67.64117
14632,38.03289
14633,29.167425
14634,36.158062
14635,59.72532
14636,37.66333
14637,74.37237
14638,37.967773
14639,36.591328
14640,36.650806
14641,21.290253
14642,36.447605
14643,59.413807
14644,29.86015
14645,80.27255
14646,31.802317
14647,41.1727
14648,28.37997
14649,15.855042
14650,29.998602
14651,49.791763
14652,66.289795
14653,63.27599
14654,77.719246
14655,30.249908
14656,76.16832
14657,47.849308
14658,78.15541
14659,48.744743
14660,80.803795
14661,66.12975
14662,40.03912
14663,27.229578
14664,37.64796
14665,56.06425
14666,41.18074
14667,76.36481
14668,41.21626
14669,36.145428
14670,38.84678
14671,17.922207
14672,37.195503
14673,50.422348
14674,34.475952
14675,83.05043
14676,34.543396
14677,35.616932
14678,35.14629
14679,14.23093
14680,29.121893
14681,39.852207
14682,70.517136
14683,66.04162
14684,87.67246
14685,27.702965
14686,85.44014
14687,44.70708
14688,88.05786
14689,43.856487
14690,91.35504
14691,69.765015
14692,34.664017
14693,30.189249
14694,39.097862
14695,61.593754
14696,36.088196
14697,77.25296
14698,34.205036
14699,37.53182
14700,38.949303
14701,22.84666
14702,40.3223
14703,58.178036
14704,23.861462
14705,80.753365
14706,20.47592
14707,36.721157
14708,27.403395
14709,17.579012
14710,26.900877
14711,47.057774
14712,58.562435
14713,70.140915
14714,78.107155
14715,36.30607
14716,81.108696
14717,51.058266
14718,80.11709
14719,51.496197
14720,80.76681
14721,65.26276
14722,37.11862
14723,28.699087
14724,42.43069
14725,58.01472
14726,38.148003
14727,73.22984
14728,36.396915
14729,36.620163
14730,41.631588
14731,21.60479
14732,43.46915
14733,53.84336
14734,30.026108
14735,78.404526
14736,28.533232
14737,37.70164
14738,33.105194
14739,14.458956
14740,37.208176
14741,48.713295
14742,66.075905
14743,68.89009
14744,73.737114
14745,36.14106
14746,77.917175
14747,52.18738
14748,77.64524
14749,51.30932
14750,75.53591
14751,69.85389
14752,38.917816
14753,30.638945
14754,38.36044
14755,61.364944
14756,39.32086
14757,77.179596
14758,38.66054
14759,39.712784
14760,38.505836
14761,22.43265
14762,38.99455
14763,58.294918
14764,30.525312
14765,81.493034
14766,30.796972
14767,40.28277
14768,30.134644
14769,16.090528
14770,31.041819
14771,49.78589
14772,58.730667
14773,68.439285
14774,70.64839
14775,34.31585
14776,70.00404
14777,50.267864
14778,71.24572
14779,50.600903
14780,70.99007
14781,64.69706
14782,37.897373
14783,28.980204
14784,40.23366
14785,57.479073
14786,39.954548
14787,72.38619
14788,36.922337
14789,36.145588
14790,40.653923
14791,24.23586
14792,39.81203
14793,56.447243
14794,29.135675
14795,78.13171
14796,26.985437
14797,40.86015
14798,28.670835
14799,15.751805
14800,30.641539
14801,54.04015
14802,71.40811
14803,64.41912
14804,80.793304
14805,34.637943
14806,82.82789
14807,51.926876
14808,82.557396
14809,52.731804
14810,85.465096
14811,65.063065
14812,35.65499
14813,28.145638
14814,36.92976
14815,56.561306
14816,38.24188
14817,72.91639
14818,36.15005
14819,35.585434
14820,39.17098
14821,19.547302
14822,37.718777
14823,56.189854
14824,29.048712
14825,78.74323
14826,26.237642
14827,36.46365
14828,29.53453
14829,48.225143
14830,61.768463
14831,65.75226
14832,72.03254
14833,28.620358
14834,73.27492
14835,47.795307
14836,75.24437
14837,48.168507
14838,77.94273
14839,61.424454
14840,38.471485
14841,30.504862
14842,35.410965
14843,54.634674
14844,38.358986
14845,68.80209
14846,40.455242
14847,36.836014
14848,36.528984
14849,25.108652
14850,33.962013
14851,50.786663
14852,28.311338
14853,75.39369
14854,34.82068
14855,35.651352
14856,28.417002
14857,21.754318
14858,25.29658
14859,36.69816
14860,64.53942
14861,57.81447
14862,78.29986
14863,30.93442
14864,74.976814
14865,41.271362
14866,77.07165
14867,39.73862
14868,78.31824
14869,66.299805
14870,35.05867
14871,28.953783
14872,35.63386
14873,58.771305
14874,35.285736
14875,73.524216
14876,35.157856
14877,36.902637
14878,35.6471
14879,22.056196
14880,35.64291
14881,55.168083
14882,26.675358
14883,79.417656
14884,26.512323
14885,37.44288
14886,27.644678
14887,16.12838
14888,27.471018
14889,46.327477
14890,62.858944
14891,63.63067
14892,71.16401
14893,34.211044
14894,71.21947
14895,47.755005
14896,71.866356
14897,47.536587
14898,74.11224
14899,67.43786
14900,35.11385
14901,30.396605
14902,35.551582
14903,59.643658
14904,36.574886
14905,75.41289
14906,35.877968
14907,38.069366
14908,36.319805
14909,22.756866
14910,36.0262
14911,59.610115
14912,23.456524
14913,81.965
14914,26.339691
14915,37.863514
14916,24.020012
14917,16.90952
14918,26.24007
14919,46.557384
14920,67.58245
14921,63.74614
14922,82.13969
14923,31.978964
14924,81.795975
14925,47.360317
14926,82.43487
14927,46.560585
14928,83.43958
14929,66.3591
14930,38.141003
14931,27.76486
14932,37.913906
14933,57.608948
14934,40.973083
14935,76.14238
14936,38.904594
14937,36.158314
14938,41.010834
14939,18.921219
14940,39.107624
14941,56.479065
14942,32.564316
14943,82.60207
14944,30.737173
14945,38.038216
14946,32.958103
14947,45.94371
14948,64.06218
14949,66.33704
14950,75.86653
14951,27.783684
14952,76.32574
14953,46.604156
14954,78.81863
14955,46.5445
14956,83.41591
14957,79.21764
14958,25.569437
14959,31.434893
14960,26.838406
14961,70.86186
14962,26.663975
14963,86.518166
14964,25.199533
14965,44.27019
14966,28.008518
14967,22.116545
14968,27.988564
14969,59.172035
14970,24.43765
14971,37.86933
14972,25.46605
14973,49.502533
14974,63.236687
14975,73.59058
14976,67.99816
14977,68.01629
14978,38.958668
14979,27.710985
14980,35.420956
14981,60.050343
14982,40.153393
14983,77.86492
14984,41.237877
14985,37.223297
14986,38.25633
14987,19.042591
14988,35.72601
14989,58.62848
14990,31.710136
14991,85.186195
14992,34.217964
14993,43.486393
14994,29.525724
14995,12.9440365
14996,26.455515
14997,49.05708
14998,64.42291
14999,61.827118
15000,85.37272
15001,27.723251
15002,82.86182
15003,46.10526
15004,83.42858
15005,45.50126
15006,86.21055
15007,66.50573
15008,38.611794
15009,29.320587
15010,40.722965
15011,57.320213
15012,38.97097
15013,74.012024
15014,37.835423
15015,38.10148
15016,39.441288
15017,20.745232
15018,41.40573
15019,54.577374
15020,28.68955
15021,80.02999
15022,25.27562
15023,36.76368
15024,31.404373
15025,46.319214
15026,64.60409
15027,67.370056
15028,79.44793
15029,36.496235
15030,81.0516
15031,50.714123
15032,81.54863
15033,50.077946
15034,79.328354
15035,66.69155
15036,41.589367
15037,30.228449
15038,32.387012
15039,58.46564
15040,40.96453
15041,74.50613
15042,43.4137
15043,37.41902
15044,35.59504
15045,21.408901
15046,30.580387
15047,62.406803
15048,31.953358
15049,82.893394
15050,37.335526
15051,42.619843
15052,27.197165
15053,43.39664
15054,67.21392
15055,56.57862
15056,76.62616
15057,23.033613
15058,68.67287
15059,39.816612
15060,77.278725
15061,40.104267
15062,78.74805
15063,61.67408
15064,30.346552
15065,26.912937
15066,39.603252
15067,54.08801
15068,34.143806
15069,70.018845
15070,28.385845
15071,35.01691
15072,38.859463
15073,19.05818
15074,42.10328
15075,51.61212
15076,25.540667
15077,72.734856
15078,18.87704
15079,33.963898
15080,29.132153
15081,12.649514
15082,35.35931
15083,54.00153
15084,58.78302
15085,68.58943
15086,70.21048
15087,41.16591
15088,78.854256
15089,55.96383
15090,74.700424
15091,56.432945
15092,75.46344
15093,67.57387
15094,39.011253
15095,28.757902
15096,38.422035
15097,59.414494
15098,40.2876
15099,76.377655
15100,38.434914
15101,37.403183
15102,39.73838
15103,21.132603
15104,37.689518
15105,57.237183
15106,36.70697
15107,82.561455
15108,33.99658
15109,40.67478
15110,36.136623
15111,14.674446
15112,32.21412
15113,47.44478
15114,68.80508
15115,63.485195
15116,79.10707
15117,32.140465
15118,78.54185
15119,47.883392
15120,81.72144
15121,47.750427
15122,80.959785
15123,71.27442
15124,44.486855
15125,32.17157
15126,34.74245
15127,63.000355
15128,42.76906
15129,79.20754
15130,45.729473
15131,41.11465
15132,37.268063
15133,24.388542
15134,33.130993
15135,64.771645
15136,30.738403
15137,86.47339
15138,36.647156
15139,45.05486
15140,25.959719
15141,21.709433
15142,20.904877
15143,46.810406
15144,64.58117
15145,58.8133
15146,81.70109
15147,27.591345
15148,73.512115
15149,43.820778
15150,76.19326
15151,43.322098
15152,78.539345
15153,42.36005
15154,41.619446
15155,20.400919
15156,47.512234
15157,40.082462
15158,43.150078
15159,51.371162
15160,40.630764
15161,26.36889
15162,45.54367
15163,17.22616
15164,46.53692
15165,33.865566
15166,35.263504
15167,54.350307
15168,31.999144
15169,24.839634
15170,38.875988
15171,19.104877
15172,37.27156
15173,28.449144
15174,62.585217
15175,47.42658
15176,66.53156
15177,27.190676
15178,69.32352
15179,33.25846
15180,71.61623
15181,32.616207
15182,70.41542
15183,66.16721
15184,38.94274
15185,28.972271
15186,35.338203
15187,57.85764
15188,39.494175
15189,74.053764
15190,40.02103
15191,36.855785
15192,37.503418
15193,21.178684
15194,34.651253
15195,57.501816
15196,30.100933
15197,80.65508
15198,32.675106
15199,39.72732
15200,28.030499
15201,16.34188
15202,26.003452
15203,45.87985
15204,63.520092
15205,61.798725
15206,71.78923
15207,28.254288
15208,68.809265
15209,44.900646
15210,72.83186
15211,44.86923
15212,76.015366
15213,66.21458
15214,35.13224
15215,28.991598
15216,38.414433
15217,58.03115
15218,36.58693
15219,74.25276
15220,34.847576
15221,37.681675
15222,38.479637
15223,20.349674
15224,39.902626
15225,54.705967
15226,27.693562
15227,79.664536
15228,24.126272
15229,40.136894
15230,28.803488
15231,13.766725
15232,29.80738
15233,49.84177
15234,59.57262
15235,65.63947
15236,75.40549
15237,35.724197
15238,78.0072
15239,51.29577
15240,76.23202
15241,51.70305
15242,77.29915
15243,70.82207
15244,28.70461
15245,20.80863
15246,39.250233
15247,61.28289
15248,31.442648
15249,79.55411
15250,28.751173
15251,31.400898
15252,37.39617
15253,12.285656
15254,41.66925
15255,53.19991
15256,22.26981
15257,80.88676
15258,21.595789
15259,30.663277
15260,28.203285
15261,8.690111
15262,33.37221
15263,42.82765
15264,60.7258
15265,72.032776
15266,80.46571
15267,31.722298
15268,85.54147
15269,48.8488
15270,81.04311
15271,49.539745
15272,80.77952
15273,64.85398
15274,36.979008
15275,32.12638
15276,39.940483
15277,58.12293
15278,38.67771
15279,72.309784
15280,37.55757
15281,38.7416
15282,40.555614
15283,25.306973
15284,41.970707
15285,53.886017
15286,30.860798
15287,76.86267
15288,31.338058
15289,38.39364
15290,32.801117
15291,20.803577
15292,35.22557
15293,46.11874
15294,58.563007
15295,66.47811
15296,76.26834
15297,36.724594
15298,78.60528
15299,49.812363
15300,77.053154
15301,50.38711
15302,81.82544
15303,58.92563
15304,36.44868
15305,29.422848
15306,40.872746
15307,53.10804
15308,37.456608
15309,66.254776
15310,37.124573
15311,36.504463
15312,39.01676
15313,28.277742
15314,39.5952
15315,42.845345
15316,31.089834
15317,68.35882
15318,29.178274
15319,32.029514
15320,34.9922
15321,40.31371
15322,24.460056
15323,39.790855
15324,70.049034
15325,65.55003
15326,81.030945
15327,42.965874
15328,80.15282
15329,49.7724
15330,83.69969
15331,48.076096
15332,86.19655
15333,65.612495
15334,42.560707
15335,32.87842
15336,32.97829
15337,58.94479
15338,41.19094
15339,72.302734
15340,44.918533
15341,40.282036
15342,35.644733
15343,23.208912
15344,32.57135
15345,60.722
15346,30.476822
15347,78.44964
15348,37.2021
15349,46.893085
15350,24.765882
15351,19.22572
15352,22.986864
15353,53.784306
15354,55.438084
15355,60.266266
15356,77.23133
15357,24.004055
15358,69.68685
15359,45.530796
15360,71.72868
15361,43.955044
15362,80.04204
15363,63.66543
15364,33.449535
15365,28.384653
15366,40.018528
15367,56.767067
15368,35.42341
15369,71.38435
15370,31.996243
15371,36.093967
15372,39.23667
15373,19.610397
15374,41.970715
15375,53.657177
15376,32.722973
15377,75.75595
15378,26.172691
15379,38.918568
15380,35.185062
15381,12.437558
15382,39.55598
15383,55.687244
15384,65.01172
15385,68.266594
15386,74.585724
15387,39.576015
15388,81.028465
15389,55.8823
15390,78.498955
15391,56.68829
15392,81.0228
15393,63.1131
15394,35.7859
15395,28.221493
15396,40.850826
15397,55.975155
15398,37.96919
15399,71.06433
15400,34.42937
15401,35.834225
15402,40.877285
15403,20.918596
15404,41.562153
15405,51.41503
15406,30.553522
15407,75.84906
15408,25.792147
15409,34.85107
15410,33.402313
15411,15.458377
15412,32.79692
15413,49.136265
15414,68.02706
15415,68.35353
15416,71.92266
15417,37.76898
15418,76.45614
15419,52.41889
15420,77.44606
15421,52.214935
15422,78.12075
15423,66.89832
15424,36.732117
15425,29.488781
15426,34.33758
15427,57.59109
15428,38.447697
15429,76.20224
15430,38.392437
15431,37.125805
15432,36.759842
15433,21.405636
15434,33.699425
15435,53.20671
15436,32.510704
15437,83.64069
15438,30.452364
15439,36.850845
15440,33.068275
15441,15.800911
15442,25.796452
15443,40.34401
15444,65.236465
15445,63.211517
15446,82.334366
15447,32.49114
15448,79.76
15449,45.22402
15450,83.34157
15451,44.899467
15452,84.31434
15453,65.27684
15454,39.649853
15455,28.98804
15456,39.197796
15457,57.568695
15458,39.97513
15459,71.906685
15460,39.755363
15461,36.76765
15462,39.56261
15463,21.184605
15464,38.980873
15465,56.594902
15466,35.069412
15467,77.04166
15468,33.333393
15469,40.163445
15470,34.189014
15471,15.07479
15472,32.599163
15473,49.89989
15474,64.2131
15475,61.73816
15476,72.446976
15477,26.309084
15478,72.13028
15479,46.12117
15480,74.47263
15481,46.89598
15482,78.110954
15483,65.70699
15484,39.001205
15485,28.369131
15486,35.95066
15487,58.21758
15488,38.807983
15489,73.785515
15490,39.603844
15491,35.95331
15492,37.28339
15493,20.812992
15494,34.926357
15495,56.649647
15496,32.71351
15497,81.18005
15498,33.4806
15499,40.335793
15500,30.68839
15501,16.222048
15502,27.453596
15503,45.30304
15504,67.94572
15505,62.57056
15506,74.66959
15507,27.213036
15508,72.10902
15509,44.88016
15510,77.24378
15511,45.14097
15512,78.53876
15513,66.41799
15514,35.784325
15515,28.554735
15516,39.819603
15517,58.667843
15518,37.249058
15519,74.73252
15520,33.871124
15521,36.988525
15522,39.7965
15523,21.24046
15524,39.768032
15525,54.753822
15526,31.862785
15527,37.06065
15528,34.6549
15529,50.39029
15530,66.53815
15531,72.77136
15532,67.085045
15533,37.75459
15534,71.44555
15535,54.349144
15536,74.73269
15537,53.994682
15538,78.273285
15539,64.68844
15540,35.225555
15541,36.252605
15542,38.12927
15543,59.206547
15544,36.65908
15545,71.03856
15546,34.7693
15547,45.75562
15548,35.815018
15549,44.766796
15550,30.354424
15551,53.638588
15552,30.302187
15553,74.50221
15554,26.282507
15555,42.06022
15556,32.1438
15557,30.121777
15558,28.629877
15559,46.910313
15560,63.89239
15561,63.265446
15562,74.658775
15563,39.819714
15564,76.24001
15565,51.96655
15566,73.589516
15567,51.64681
15568,76.021454
15569,63.00965
15570,34.165886
15571,29.960361
15572,41.603226
15573,55.56245
15574,37.80263
15575,71.38075
15576,35.274612
15577,35.595005
15578,42.292847
15579,23.378521
15580,44.50642
15581,48.652054
15582,27.283533
15583,76.75972
15584,25.832214
15585,34.392624
15586,31.996397
15587,19.123817
15588,35.165516
15589,39.654167
15590,53.76842
15591,62.589283
15592,74.209145
15593,34.972904
15594,78.78799
15595,45.12238
15596,71.57002
15597,45.522808
15598,78.92094
15599,63.836483
15600,39.429573
15601,27.663006
15602,33.696373
15603,56.74795
15604,38.84495
15605,70.78267
15606,40.387024
15607,34.456852
15608,35.56919
15609,21.243639
15610,31.663326
15611,55.793182
15612,31.675837
15613,78.589035
15614,34.918587
15615,38.471054
15616,28.314205
15617,17.283766
15618,24.190481
15619,42.194736
15620,67.3349
15621,55.693962
15622,79.403206
15623,26.033215
15624,74.48136
15625,40.90219
15626,78.43071
15627,40.906307
15628,78.844574
15629,37.636505
15630,39.91534
15631,9.968356
15632,49.96479
15633,33.35346
15634,43.435455
15635,47.245667
15636,38.76089
15637,20.032389
15638,47.657204
15639,7.7918634
15640,49.184303
15641,22.188028
15642,36.173073
15643,49.558594
15644,30.443747
15645,13.262568
15646,41.255802
15647,14.947226
15648,40.01039
15649,22.444782
15650,70.14188
15651,50.18986
15652,74.152534
15653,23.870657
15654,81.54757
15655,32.326477
15656,83.72251
15657,32.35747
15658,82.72818
15659,65.057785
15660,35.96677
15661,25.764004
15662,39.8533
15663,56.869465
15664,38.580513
15665,74.10062
15666,35.66003
15667,35.21678
15668,40.35229
15669,16.198566
15670,42.136097
15671,55.84309
15672,29.359629
15673,78.2287
15674,23.547867
15675,36.196415
15676,30.262064
15677,9.181081
15678,31.847805
15679,55.314514
15680,63.652634
15681,68.129845
15682,84.42847
15683,34.000206
15684,88.524315
15685,53.398495
15686,85.578835
15687,53.8617
15688,87.412964
15689,66.25056
15690,37.249912
15691,29.155474
15692,37.99314
15693,58.66193
15694,38.413372
15695,73.99044
15696,37.491253
15697,36.54962
15698,38.91547
15699,21.394608
15700,38.46666
15701,56.21045
15702,31.1628
15703,80.84475
15704,30.189579
15705,36.77062
15706,32.318134
15707,14.731731
15708,31.222158
15709,45.951797
15710,63.782734
15711,64.628784
15712,74.44286
15713,33.248825
15714,75.11378
15715,48.083755
15716,76.29832
15717,47.998177
15718,78.69239
15719,66.74957
15720,38.327866
15721,29.901281
15722,36.871616
15723,59.370834
15724,38.350056
15725,74.19772
15726,39.02204
15727,37.79661
15728,37.593426
15729,23.494158
15730,36.62107
15731,58.11815
15732,26.835144
15733,79.49474
15734,31.108028
15735,39.18958
15736,25.844524
15737,19.235085
15738,27.306759
15739,46.943047
15740,62.40956
15741,61.76728
15742,75.85994
15743,30.968372
15744,74.37493
15745,46.28664
15746,75.28488
15747,45.909576
15748,74.44118
15749,68.74425
15750,38.24873
15751,25.832838
15752,37.63264
15753,59.68386
15754,39.32278
15755,78.18003
15756,38.511158
15757,35.24869
15758,38.894012
15759,17.036615
15760,37.475777
15761,56.70004
15762,33.147705
15763,85.220856
15764,31.115223
15765,38.593338
15766,32.754734
15767,11.539381
15768,28.478443
15769,46.766457
15770,66.13871
15771,67.163605
15772,71.88111
15773,30.140411
15774,71.930305
15775,47.9048
15776,77.42368
15777,47.56168
15778,79.10477
15779,68.09953
15780,35.782494
15781,28.417923
15782,37.01406
15783,59.483727
15784,37.12439
15785,75.52228
15786,35.717384
15787,36.32787
15788,37.800102
15789,20.35223
15790,37.25343
15791,57.224705
15792,33.300278
15793,80.739265
15794,30.875637
15795,39.248463
15796,33.74571
15797,15.510376
15798,32.088463
15799,47.99316
15800,66.98992
15801,62.281536
15802,79.03887
15803,34.06821
15804,79.59288
15805,48.3021
15806,80.957664
15807,48.027836
15808,80.764366
15809,61.90675
15810,33.213333
15811,29.74887
15812,40.850914
15813,55.595234
15814,35.87754
15815,68.56836
15816,32.503998
15817,36.579067
15818,40.40809
15819,23.21684
15820,43.036835
15821,51.360176
15822,29.02476
15823,70.76831
15824,25.008232
15825,35.798347
15826,33.005997
15827,17.744902
15828,36.89312
15829,49.349186
15830,57.997864
15831,67.910706
15832,70.694275
15833,38.216526
15834,77.512146
15835,52.79516
15836,74.32044
15837,52.99473
15838,74.85351
15839,65.21469
15840,35.194214
15841,27.759401
15842,35.707626
15843,57.602924
15844,35.92203
15845,72.94426
15846,35.987473
15847,35.42092
15848,35.874996
15849,22.34936
15850,34.60673
15851,53.247684
15852,27.506899
15853,79.06241
15854,29.106998
15855,35.07366
15856,28.972052
15857,42.014626
15858,67.87482
15859,66.183105
15860,77.471855
15861,33.04236
15862,77.861946
15863,47.36423
15864,81.161194
15865,46.436516
15866,81.10538
15867,64.511826
15868,39.189766
15869,30.81379
15870,38.46409
15871,57.42318
15872,40.225636
15873,71.89196
15874,40.01229
15875,37.571293
15876,40.04577
15877,23.844439
15878,38.38183
15879,54.344707
15880,32.29154
15881,78.62269
15882,34.025204
15883,38.12873
15884,32.862198
15885,18.322653
15886,31.525385
15887,44.97356
15888,67.43758
15889,65.38337
15890,72.24616
15891,30.660675
15892,71.49514
15893,46.715282
15894,77.32029
15895,46.581444
15896,78.16106
15897,68.322075
15898,34.917007
15899,30.100626
15900,35.522793
15901,61.675644
15902,36.190132
15903,76.18429
15904,35.59096
15905,39.76919
15906,36.588352
15907,20.715319
15908,37.172546
15909,60.510323
15910,29.881907
15911,81.993965
15912,24.036404
15913,45.37531
15914,28.752289
15915,13.01333
15916,28.521547
15917,60.22248
15918,59.857533
15919,64.73734
15920,81.99002
15921,35.0485
15922,82.6283
15923,53.36217
15924,81.84739
15925,53.374886
15926,82.61075
15927,66.75919
15928,37.805412
15929,30.22886
15930,39.416546
15931,58.624996
15932,39.23328
15933,73.77479
15934,37.978195
15935,37.785152
15936,40.392372
15937,21.588104
15938,40.744377
15939,57.405422
15940,32.14464
15941,79.41007
15942,31.277655
15943,40.30643
15944,32.706444
15945,13.037424
15946,35.393646
15947,52.108677
15948,60.177372
15949,64.89538
15950,74.554276
15951,33.004425
15952,76.56005
15953,50.6515
15954,74.97359
15955,51.042107
15956,76.38488
15957,58.2845
15958,35.110466
15959,27.398027
15960,42.23095
15961,52.40377
15962,37.14036
15963,64.93459
15964,34.12482
15965,33.84268
15966,41.26649
15967,22.537048
15968,43.544678
15969,69.29213
15970,28.066168
15971,16.154564
15972,39.09563
15973,46.392685
15974,64.71323
15975,64.67104
15976,70.94959
15977,38.250717
15978,76.4932
15979,50.306232
15980,73.30018
15981,50.388634
15982,75.71822
15983,63.861267
15984,34.797802
15985,29.762192
15986,37.415188
15987,55.92393
15988,37.189106
15989,71.0902
15990,34.718586
15991,37.59473
15992,38.42382
15993,22.275143
15994,38.35693
15995,54.45523
15996,27.74289
15997,76.59334
15998,26.6452
15999,37.201054
16000,28.713655
16001,15.886437
16002,31.34388
16003,49.112663
16004,62.14839
16005,63.460384
16006,71.76022
16007,35.315853
16008,74.230095
16009,49.69953
16010,73.34445
16011,49.886753
16012,74.44737
16013,64.59503
16014,37.864704
16015,29.047327
16016,39.01938
16017,56.934128
16018,39.4375
16019,72.03062
16020,38.30474
16021,37.29658
16022,39.918304
16023,21.003666
16024,40.315716
16025,55.4781
16026,34.249985
16027,76.37959
16028,33.597652
16029,40.993847
16030,34.084724
16031,15.598523
16032,36.454624
16033,52.22136
16034,60.639606
16035,65.09893
16036,73.51562
16037,30.793917
16038,75.26898
16039,50.199924
16040,74.994255
16041,50.48023
16042,76.484924
16043,65.35335
16044,35.453674
16045,28.946136
16046,42.114536
16047,57.86501
16048,37.26635
16049,72.584236
16050,34.392216
16051,36.83166
16052,41.3758
16053,21.136538
16054,43.71972
16055,54.957592
16056,28.544401
16057,76.57709
16058,26.50586
16059,36.881207
16060,32.563774
16061,15.879565
16062,36.91947
16063,51.229237
16064,64.40444
16065,71.40544
16066,70.861824
16067,33.90917
16068,76.075264
16069,53.316883
16070,74.743965
16071,53.197304
16072,78.879524
16073,66.55946
16074,34.23883
16075,26.017872
16076,35.159973
16077,59.303577
16078,34.870964
16079,74.24196
16080,35.000027
16081,34.274715
16082,35.370983
16083,19.563522
16084,35.301125
16085,57.339916
16086,25.642086
16087,80.93824
16088,29.866571
16089,36.247143
16090,26.270172
16091,14.66176
16092,29.422182
16093,46.553844
16094,68.879555
16095,62.51243
16096,78.8528
16097,31.642746
16098,79.409546
16099,47.448452
16100,79.814514
16101,46.538055
16102,79.388695
16103,63.56368
16104,38.192024
16105,30.881433
16106,39.28788
16107,57.80818
16108,38.18858
16109,71.38746
16110,39.203377
16111,37.989223
16112,38.527054
16113,25.105663
16114,39.754307
16115,52.09526
16116,29.494522
16117,76.26849
16118,32.07184
16119,39.779675
16120,30.561556
16121,22.703302
16122,31.18983
16123,42.766438
16124,59.735615
16125,62.242725
16126,75.8371
16127,32.174892
16128,75.05615
16129,44.960823
16130,73.64819
16131,44.0173
16132,75.69969
16133,63.576168
16134,36.294693
16135,31.292946
16136,37.746365
16137,57.314846
16138,37.58852
16139,70.19694
16140,36.406105
16141,37.70923
16142,38.374264
16143,25.515879
16144,38.333855
16145,53.97716
16146,30.954067
16147,73.944695
16148,29.62563
16149,37.59702
16150,31.87891
16151,21.160936
16152,31.596468
16153,46.492077
16154,58.67306
16155,62.748188
16156,74.22747
16157,37.42262
16158,75.35459
16159,48.906208
16160,73.66211
16161,49.359543
16162,78.002815
16163,65.56534
16164,38.43236
16165,29.213392
16166,41.13597
16167,57.186478
16168,40.250675
16169,71.58221
16170,38.390865
16171,37.807377
16172,41.38938
16173,20.5337
16174,41.967186
16175,56.333515
16176,31.976217
16177,76.16512
16178,29.112585
16179,40.429234
16180,31.695278
16181,12.287989
16182,33.827053
16183,56.88971
16184,61.37741
16185,68.6459
16186,72.709335
16187,33.44027
16188,76.79487
16189,54.638943
16190,75.81903
16191,56.103622
16192,73.336426
16193,61.920242
16194,36.166553
16195,30.363914
16196,44.697002
16197,55.822628
16198,38.61852
16199,68.21163
16200,35.142666
16201,37.02929
16202,43.927784
16203,23.120953
16204,47.998768
16205,52.660862
16206,31.027975
16207,71.316086
16208,25.862322
16209,38.898003
16210,34.838173
16211,15.638869
16212,42.731712
16213,56.427048
16214,57.308754
16215,69.47437
16216,75.232056
16217,45.349747
16218,82.76403
16219,58.873024
16220,73.890366
16221,60.05614
16222,81.12576
16223,66.655716
16224,33.43966
16225,28.445307
16226,32.79507
16227,57.91887
16228,35.559395
16229,74.36588
16230,35.115532
16231,36.61242
16232,34.797894
16233,20.842474
16234,33.617104
16235,55.777195
16236,28.144733
16237,80.566696
16238,28.234844
16239,37.6285
16240,27.846773
16241,15.381717
16242,26.533546
16243,46.405964
16244,58.371567
16245,60.723103
16246,77.11607
16247,33.959774
16248,76.55203
16249,46.662228
16250,75.76672
16251,46.62046
16252,78.38552
16253,65.3612
16254,40.52372
16255,30.036547
16256,41.05496
16257,58.42796
16258,41.05821
16259,73.229805
16260,40.984497
16261,37.36407
16262,41.452354
16263,23.857946
16264,41.3243
16265,53.99209
16266,31.873478
16267,79.226364
16268,32.954113
16269,37.684032
16270,32.576572
16271,20.816381
16272,31.429413
16273,45.947018
16274,65.24403
16275,65.10553
16276,78.91762
16277,34.49503
16278,78.249756
16279,48.344864
16280,80.12774
16281,47.834156
16282,80.05782
16283,65.10625
16284,38.413513
16285,32.82785
16286,39.29981
16287,58.50299
16288,39.050575
16289,72.2206
16290,38.927963
16291,39.798298
16292,39.124992
16293,27.673733
16294,38.567284
16295,54.858967
16296,27.847101
16297,79.791664
16298,30.78228
16299,39.82816
16300,29.191982
16301,24.6098
16302,28.581827
16303,43.886375
16304,68.07747
16305,61.871296
16306,80.07486
16307,34.89922
16308,79.03592
16309,46.636986
16310,79.92902
16311,44.62873
16312,80.087524
16313,64.80537
16314,36.055386
16315,31.184534
16316,37.70205
16317,57.413715
16318,38.572216
16319,72.003845
16320,36.292965
16321,37.912727
16322,39.450607
16323,23.72582
16324,38.28604
16325,55.94439
16326,30.156803
16327,77.52811
16328,27.66964
16329,38.478313
16330,30.98706
16331,17.112268
16332,30.719854
16333,48.275047
16334,60.121403
16335,63.80646
16336,68.81814
16337,32.588326
16338,70.41009
16339,48.254555
16340,70.93206
16341,48.373047
16342,75.70233
16343,60.585175
16344,40.897724
16345,25.564983
16346,27.714006
16347,53.456154
16348,38.995304
16349,69.1529
16350,43.28634
16351,34.210827
16352,31.331598
16353,19.921371
16354,24.696953
16355,54.248264
16356,31.39728
16357,77.787315
16358,36.73594
16359,39.392242
16360,25.683552
16361,19.403841
16362,14.402572
16363,36.54044
16364,59.661285
16365,51.83401
16366,69.20308
16367,18.29901
16368,58.159588
16369,33.501705
16370,69.408615
16371,32.831642
16372,69.066925
16373,64.047905
16374,34.166096
16375,28.278921
16376,38.789043
16377,57.348656
16378,36.415012
16379,71.61169
16380,33.64802
16381,36.524372
16382,38.97222
16383,20.833076
16384,40.314835
16385,56.662476
16386,29.811394
16387,75.75053
16388,26.00335
16389,38.46189
16390,31.26851
16391,15.046941
16392,34.883057
16393,53.28047
16394,65.325516
16395,65.38891
16396,79.031334
16397,34.709084
16398,83.188065
16399,51.70535
16400,83.32009
16401,52.15942
16402,83.39658
16403,62.161404
16404,32.924927
16405,28.128256
16406,39.724987
16407,53.94668
16408,35.25992
16409,69.41577
16410,34.26121
16411,31.136639
16412,40.134655
16413,14.6678915
16414,44.426514
16415,45.97469
16416,24.482948
16417,66.04068
16418,26.695353
16419,35.360413
16420,28.33298
16421,96.0
16422,0.0
16423,38.007496
16424,63.89167
16425,67.65305
16426,83.426926
16427,51.553894
16428,84.19082
16429,61.451977
16430,35.354816
16431,29.488758
16432,36.12485
16433,68.85007
16434,34.737576
16435,37.971226
16436,34.426533
16437,21.947935
16438,36.199516
16439,45.318092
16440,57.787968
16441,60.836517
16442,69.13411
16443,33.473
16444,69.38647
16445,46.51653
16446,70.70544
16447,47.124527
16448,70.77233
16449,65.95776
16450,35.787148
16451,28.478403
16452,37.91278
16453,57.90257
16454,37.426487
16455,73.54531
16456,35.458633
16457,36.5505
16458,38.3992
16459,20.279146
16460,38.792274
16461,57.173164
16462,31.861944
16463,78.582306
16464,30.74269
16465,36.871185
16466,31.512709
16467,13.522506
16468,34.846676
16469,51.928673
16470,64.86251
16471,66.42333
16472,75.9234
16473,33.00542
16474,78.761566
16475,51.48768
16476,79.06639
16477,52.388927
16478,79.3126
16479,71.407326
16480,42.38265
16481,40.634304
16482,37.18486
16483,77.97091
16484,39.846947
16485,46.45703
16486,39.90596
16487,32.91793
16488,36.395092
16489,83.83068
16490,30.869373
16491,28.466309
16492,26.223097
16493,56.980843
16494,66.99898
16495,65.01404
16496,78.43338
16497,34.281605
16498,72.644585
16499,52.180588
16500,74.53038
16501,54.34576
16502,79.45332
16503,64.701385
16504,38.513283
16505,29.772898
16506,38.75519
16507,57.028915
16508,39.8783
16509,71.5675
16510,38.44381
16511,37.831467
16512,39.933197
16513,20.751522
16514,40.6077
16515,56.601208
16516,27.790052
16517,74.808304
16518,26.360842
16519,41.676556
16520,27.133831
16521,14.561331
16522,29.293734
16523,55.8553
16524,59.92783
16525,64.54133
16526,78.97686
16527,37.076054
16528,79.63196
16529,53.496925
16530,77.64857
16531,54.427353
16532,77.71434
16533,66.76055
16534,41.41138
16535,28.479889
16536,38.88383
16537,58.585773
16538,41.584618
16539,74.181274
16540,41.53437
16541,35.95184
16542,40.21862
16543,20.227982
16544,38.778313
16545,56.34072
16546,34.959167
16547,81.21775
16548,35.499653
16549,39.573326
16550,33.85918
16551,12.765001
16552,32.75603
16553,48.933918
16554,69.23797
16555,62.191032
16556,81.06723
16557,31.222982
16558,79.50527
16559,47.85979
16560,79.87101
16561,48.384075
16562,81.032425
16563,68.61915
16564,36.12057
16565,28.324669
16566,37.646385
16567,60.131702
16568,36.923523
16569,75.93083
16570,36.032406
16571,37.170364
16572,37.734447
16573,19.734991
16574,38.661953
16575,58.716873
16576,29.990726
16577,80.368454
16578,30.966524
16579,40.590427
16580,29.51176
16581,13.2924
16582,33.19312
16583,54.03904
16584,66.80901
16585,66.67363
16586,75.625916
16587,30.269379
16588,77.40397
16589,51.0099
16590,78.189285
16591,51.62468
16592,78.16434
16593,67.91729
16594,36.781265
16595,29.760765
16596,36.50078
16597,59.358124
16598,37.96309
16599,75.186005
16600,36.915768
16601,38.44797
16602,37.611774
16603,20.770805
16604,36.960167
16605,58.574047
16606,31.948055
16607,80.891014
16608,30.829775
16609,41.72492
16610,30.864378
16611,14.342758
16612,30.538326
16613,52.673782
16614,64.85325
16615,65.57883
16616,73.9463
16617,29.841898
16618,74.90275
16619,49.49256
16620,78.09771
16621,50.392986
16622,77.15801
16623,66.28111
16624,35.25478
16625,29.594477
16626,38.656223
16627,58.99599
16628,36.343277
16629,37.13991
16630,38.32355
16631,21.593102
16632,39.09178
16633,55.55753
16634,30.281622
16635,37.741863
16636,31.806034
16637,17.771925
16638,30.697395
16639,49.536148
16640,67.77061
16641,67.68988
16642,70.54089
16643,34.31657
16644,73.7713
16645,51.121212
16646,76.788246
16647,50.951443
16648,77.57104
16649,68.60818
16650,38.604935
16651,28.507187
16652,35.9698
16653,60.7052
16654,39.116234
16655,77.08582
16656,38.656506
16657,36.624866
16658,37.804554
16659,19.723087
16660,35.54494
16661,60.119995
16662,32.421486
16663,84.66124
16664,31.851965
16665,40.93271
16666,30.083055
16667,13.6747875
16668,27.90988
16669,49.02062
16670,69.976776
16671,64.19844
16672,78.18955
16673,26.450304
16674,76.44141
16675,46.354286
16676,80.7342
16677,47.207157
16678,84.6223
16679,62.7974
16680,35.977047
16681,28.857054
16682,42.555065
16683,56.120037
16684,37.597343
16685,70.01683
16686,35.7954
16687,36.806076
16688,41.001022
16689,22.584318
16690,44.421864
16691,51.436924
16692,27.663404
16693,72.84061
16694,26.876797
16695,35.954975
16696,31.076593
16697,17.813362
16698,37.57455
16699,47.638664
16700,58.89193
16701,67.87222
16702,71.79532
16703,36.036907
16704,77.16509
16705,50.545506
16706,73.07466
16707,50.459167
16708,72.71315
16709,67.21532
16710,35.73374
16711,29.939888
16712,37.715435
16713,59.020756
16714,37.028763
16715,73.44185
16716,35.2121
16717,37.91027
16718,38.01689
16719,22.495604
16720,38.3604
16721,57.64774
16722,28.561203
16723,78.172585
16724,25.153128
16725,38.729847
16726,28.609762
16727,15.093263
16728,29.769257
16729,51.69453
16730,57.0428
16731,63.30154
16732,76.016975
16733,35.626945
16734,77.55497
16735,50.406918
16736,74.69941
16737,51.050545
16738,75.97363
16739,64.9086
16740,32.497604
16741,29.96419
16742,34.693047
16743,56.46669
16744,35.15772
16745,74.026115
16746,32.64082
16747,37.103115
16748,36.289642
16749,22.67654
16750,35.781853
16751,50.354816
16752,25.118044
16753,79.654305
16754,23.443123
16755,34.526913
16756,27.356276
16757,19.985525
16758,24.694012
16759,39.574104
16760,59.12308
16761,65.29068
16762,73.2078
16763,35.0199
16764,74.54579
16765,46.795643
16766,73.72519
16767,46.276302
16768,78.93381
16769,71.40327
16770,37.37791
16771,25.40528
16772,39.617355
16773,61.13259
16774,39.27395
16775,81.068016
16776,38.502724
16777,34.590977
16778,40.28852
16779,16.731121
16780,40.472923
16781,54.42148
16782,29.362814
16783,86.75794
16784,29.840239
16785,33.06944
16786,31.960024
16787,12.342547
16788,30.273249
16789,41.351044
16790,71.273415
16791,69.93715
16792,89.202576
16793,32.539684
16794,88.1486
16795,47.357647
16796,89.76861
16797,46.339314
16798,94.49407
16799,68.330246
16800,35.879185
16801,31.715912
16802,38.125904
16803,59.77953
16804,37.7628
16805,76.48396
16806,37.429974
16807,39.03217
16808,39.143158
16809,23.745138
16810,39.64606
16811,54.653564
16812,27.980433
16813,81.127975
16814,29.3494
16815,38.438828
16816,29.810106
16817,19.172743
16818,31.754404
16819,43.50527
16820,63.009163
16821,65.5334
16822,85.25554
16823,35.112774
16824,85.55848
16825,47.520596
16826,85.29412
16827,47.25801
16828,85.90572
16829,65.161415
16830,30.692272
16831,27.08923
16832,36.638126
16833,57.9847
16834,32.70082
16835,71.991135
16836,29.934494
16837,33.99524
16838,36.175938
16839,19.883612
16840,37.90812
16841,54.59088
16842,24.929293
16843,77.079575
16844,20.178692
16845,35.244286
16846,27.538593
16847,12.17873
16848,30.299526
16849,50.999428
16850,64.40687
16851,66.71917
16852,71.86507
16853,36.02972
16854,76.35483
16855,52.105145
16856,74.322716
16857,52.80056
16858,77.0766
16859,66.42688
16860,40.282578
16861,29.170187
16862,36.308105
16863,58.32832
16864,40.813602
16865,75.381615
16866,41.930557
16867,36.66728
16868,38.689663
16869,21.922474
16870,35.385365
16871,54.57988
16872,31.636923
16873,84.53201
16874,33.178783
16875,36.74936
16876,30.64776
16877,17.410776
16878,23.990807
16879,39.346935
16880,62.95548
16881,58.41749
16882,81.60456
16883,30.73815
16884,77.79559
16885,41.726334
16886,79.41539
16887,41.328472
16888,79.86956
16889,64.56179
16890,37.712067
16891,29.368046
16892,36.42518
16893,57.80362
16894,38.653637
16895,71.64599
16896,38.354153
16897,36.87402
16898,37.922707
16899,22.324472
16900,36.797134
16901,57.678757
16902,31.369265
16903,76.20538
16904,30.284813
16905,41.090855
16906,29.404982
16907,18.02589
16908,28.291805
16909,52.903374
16910,62.070435
16911,62.472374
16912,79.00654
16913,30.069714
16914,78.44154
16915,48.81364
16916,78.30734
16917,49.042145
16918,81.51433
16919,66.69243
16920,35.44911
16921,29.94992
16922,37.674053
16923,59.165394
16924,36.509888
16925,73.65772
16926,35.240864
16927,37.395214
16928,37.688274
16929,22.039127
16930,38.245224
16931,56.637383
16932,31.656273
16933,78.12941
16934,32.09774
16935,40.28528
16936,32.141335
16937,17.355799
16938,34.541927
16939,50.780186
16940,65.10633
16941,67.468056
16942,72.062775
16943,31.684052
16944,73.55828
16945,50.298183
16946,75.88665
16947,50.671696
16948,76.33256
16949,65.46779
16950,37.32771
16951,31.084177
16952,36.042675
16953,57.64098
16954,38.0393
16955,72.441895
16956,37.938953
16957,38.899635
16958,36.895046
16959,23.593073
16960,36.567776
16961,57.47007
16962,31.221048
16963,77.688896
16964,32.308903
16965,41.519447
16966,29.292685
16967,17.948328
16968,30.43039
16969,50.020954
16970,62.008114
16971,60.892727
16972,74.10911
16973,31.29387
16974,73.26988
16975,47.613922
16976,73.4354
16977,48.511
16978,73.49454
16979,68.64401
16980,34.896347
16981,30.339449
16982,38.677795
16983,60.896103
16984,36.94714
16985,76.18158
16986,34.66663
16987,38.89085
16988,38.969875
16989,22.580711
16990,39.71655
16991,58.754875
16992,30.706676
16993,80.66059
16994,28.021671
16995,42.027622
16996,31.394249
16997,15.891081
16998,33.994984
16999,54.467678
17000,63.256664
17001,70.39479
17002,67.9966
17003,32.13676
17004,71.64627
17005,52.957447
17006,72.34341
17007,53.855686
17008,79.06567
17009,69.01212
17010,32.44845
17011,24.236624
17012,30.764227
17013,59.759468
17014,34.372223
17015,77.51391
17016,32.65507
17017,33.93515
17018,33.66226
17019,13.762755
17020,31.310535
17021,61.12569
17022,29.879957
17023,83.494225
17024,24.088797
17025,41.77872
17026,26.890886
17027,8.684941
17028,22.249302
17029,55.0348
17030,67.46934
17031,61.746403
17032,84.51833
17033,46.87871
17034,86.564995
17035,48.485275
17036,88.29746
17037,67.98077
17038,37.27464
17039,28.599512
17040,37.645203
17041,59.467255
17042,37.786877
17043,75.26085
17044,36.99723
17045,36.81187
17046,37.979416
17047,19.983269
17048,38.18073
17049,58.535095
17050,30.73264
17051,79.181274
17052,29.849213
17053,40.580364
17054,29.729076
17055,15.179539
17056,30.340412
17057,52.665222
17058,65.30471
17059,66.27704
17060,71.84673
17061,31.472607
17062,72.61901
17063,50.55139
17064,74.59434
17065,51.556446
17066,76.493126
17067,64.31292
17068,40.066948
17069,31.770393
17070,35.909466
17071,57.554466
17072,39.78863
17073,70.88719
17074,40.83082
17075,38.539093
17076,36.963917
17077,24.868309
17078,34.934845
17079,60.666115
17080,25.362427
17081,80.61577
17082,24.061438
17083,42.181778
17084,22.810291
17085,19.58797
17086,19.693586
17087,47.8391
17088,64.958374
17089,56.747536
17090,76.14928
17091,29.561174
17092,72.595955
17093,44.276978
17094,75.60283
17095,44.739395
17096,78.24905
17097,56.75054
17098,31.441437
17099,81.15075
17100,26.773535
17101,37.788387
17102,31.764362
17103,12.813894
17104,28.027567
17105,48.352715
17106,69.55941
17107,62.804813
17108,80.147896
17109,32.737774
17110,80.83231
17111,48.583954
17112,81.26367
17113,48.887047
17114,83.04267
17115,65.35242
17116,35.85623
17117,29.731367
17118,37.592358
17119,56.797752
17120,38.294395
17121,74.53427
17122,36.01171
17123,37.646675
17124,39.07001
17125,53.244896
17126,29.39042
17127,79.93508
17128,28.090105
17129,35.852367
17130,31.201366
17131,19.07101
17132,29.357016
17133,45.0259
17134,64.46959
17135,65.52092
17136,75.85453
17137,36.71639
17138,76.79646
17139,48.746174
17140,78.950874
17141,47.5164
17142,78.381775
17143,66.58974
17144,31.625786
17145,27.811607
17146,36.920868
17147,58.27492
17148,35.138786
17149,75.66977
17150,30.880829
17151,35.63012
17152,38.003716
17153,18.842318
17154,38.61878
17155,53.630676
17156,27.985146
17157,81.40472
17158,21.708385
17159,36.179134
17160,31.061316
17161,11.286214
17162,31.217726
17163,48.69081
17164,61.024765
17165,70.78337
17166,72.24414
17167,36.228405
17168,77.46665
17169,52.988495
17170,76.13016
17171,53.776318
17172,81.86854
17173,65.61736
17174,39.033535
17175,30.95452
17176,37.743286
17177,58.138893
17178,39.653408
17179,72.71622
17180,40.1697
17181,38.64219
17182,38.824997
17183,23.334486
17184,38.38191
17185,54.97692
17186,32.54933
17187,79.667305
17188,36.44164
17189,40.18603
17190,32.623325
17191,16.526606
17192,34.152096
17193,45.69172
17194,66.8672
17195,64.379654
17196,76.26558
17197,28.256317
17198,74.90287
17199,45.882347
17200,77.69031
17201,45.70892
17202,80.98653
17203,64.88625
17204,37.608444
17205,28.933826
17206,37.59484
17207,56.94748
17208,38.801014
17209,72.600006
17210,38.198692
17211,37.139088
17212,38.88125
17213,21.445143
17214,38.09193
17215,56.33603
17216,29.200123
17217,78.62117
17218,32.210793
17219,37.176804
17220,29.121576
17221,15.243892
17222,31.894136
17223,47.16754
17224,61.198887
17225,64.45953
17226,71.95232
17227,29.535969
17228,72.478615
17229,47.294693
17230,71.97172
17231,46.91062
17232,74.23737
17233,71.806725
17234,40.80388
17235,32.914112
17236,32.26936
17237,62.073364
17238,40.837543
17239,80.815186
17240,43.187817
17241,40.81392
17242,35.611927
17243,23.26094
17244,31.153412
17245,59.713642
17246,32.312294
17247,88.21938
17248,34.3423
17249,41.50047
17250,29.003506
17251,19.688923
17252,20.02245
17253,41.25706
17254,63.125458
17255,61.304153
17256,82.18063
17257,28.275986
17258,74.91047
17259,42.29914
17260,80.61243
17261,41.777687
17262,84.59926
17263,63.978218
17264,30.393044
17265,28.199162
17266,37.033337
17267,57.196053
17268,33.968903
17269,72.385864
17270,28.930468
17271,36.800205
17272,37.45871
17273,19.0378
17274,39.035927
17275,54.9253
17276,29.170744
17277,79.34397
17278,15.134528
17279,40.367336
17280,30.523989
17281,12.85198
17282,29.728117
17283,55.170635
17284,59.763767
17285,64.399155
17286,71.73052
17287,36.505955
17288,77.15562
17289,52.80449
17290,75.81969
17291,52.87778
17292,76.22621
17293,64.35204
17294,37.932392
17295,29.235498
17296,33.872765
17297,56.331238
17298,38.142193
17299,72.63205
17300,39.121426
17301,37.02678
17302,35.667427
17303,21.082926
17304,33.176228
17305,52.915672
17306,30.728188
17307,79.331314
17308,32.31175
17309,38.34271
17310,29.299957
17311,18.156605
17312,23.750525
17313,40.88665
17314,60.061775
17315,59.35522
17316,71.72504
17317,28.408157
17318,67.91824
17319,41.961887
17320,72.04484
17321,41.365063
17322,72.6114
17323,65.66615
17324,36.462715
17325,28.986765
17326,36.708126
17327,57.251793
17328,39.207798
17329,74.57494
17330,38.120457
17331,37.269928
17332,39.119312
17333,19.72698
17334,37.91787
17335,54.57874
17336,33.212555
17337,81.18658
17338,29.005177
17339,39.671417
17340,33.398003
17341,13.184127
17342,29.922897
17343,48.15427
17344,61.065662
17345,65.317116
17346,73.20229
17347,30.891207
17348,73.863014
17349,48.504627
17350,76.93087
17351,48.508602
17352,78.289825
17353,66.12395
17354,38.575756
17355,30.492294
17356,35.71316
17357,57.554756
17358,41.12091
17359,75.56897
17360,40.337894
17361,38.150967
17362,39.457214
17363,20.553196
17364,35.889767
17365,55.185238
17366,34.046486
17367,82.07658
17368,31.209017
17369,40.521767
17370,32.87141
17371,15.174085
17372,25.61706
17373,45.73278
17374,62.299023
17375,62.465034
17376,75.571014
17377,28.787252
17378,73.71032
17379,45.134037
17380,77.995346
17381,45.158897
17382,81.181564
17383,66.7507
17384,36.698513
17385,25.485706
17386,35.64621
17387,57.711136
17388,38.432167
17389,75.574356
17390,37.280888
17391,34.93156
17392,37.75789
17393,16.654552
17394,35.61742
17395,57.69364
17396,31.827715
17397,82.32496
17398,29.24009
17399,39.72925
17400,31.01104
17401,12.339063
17402,26.73191
17403,47.484104
17404,63.830547
17405,60.15859
17406,78.9543
17407,28.849236
17408,77.24356
17409,45.571777
17410,79.7606
17411,45.687
17412,78.90078
17413,66.13579
17414,39.218273
17415,30.867466
17416,37.21023
17417,57.963806
17418,40.97374
17419,74.824066
17420,39.99887
17421,38.677235
17422,39.750404
17423,23.429585
17424,36.483757
17425,55.986423
17426,34.695312
17427,80.39911
17428,32.36129
17429,40.620316
17430,33.63323
17431,17.139763
17432,28.322374
17433,46.579784
17434,64.050545
17435,62.92285
17436,74.36232
17437,31.416565
17438,73.372856
17439,47.016487
17440,77.272316
17441,46.812096
17442,79.05907
17443,64.74518
17444,37.580353
17445,29.187712
17446,36.534348
17447,56.878143
17448,39.855316
17449,73.376236
17450,39.01074
17451,36.993988
17452,39.177135
17453,21.335842
17454,37.115093
17455,55.045876
17456,33.969707
17457,79.0845
17458,31.273413
17459,41.44953
17460,32.708374
17461,16.617104
17462,29.153128
17463,47.75368
17464,62.675446
17465,59.140736
17466,77.26187
17467,32.03963
17468,76.54014
17469,46.069492
17470,78.110306
17471,46.040844
17472,79.43782
17473,64.13435
17474,36.3946
17475,30.303444
17476,38.061832
17477,56.583904
17478,38.597965
17479,71.463005
17480,36.647846
17481,37.665382
17482,39.305725
17483,22.821577
17484,38.78677
17485,54.55417
17486,31.637648
17487,76.3262
17488,28.45343
17489,39.491302
17490,32.115353
17491,16.594711
17492,31.902685
17493,49.388428
17494,60.52313
17495,66.280846
17496,67.66588
17497,30.750378
17498,69.03643
17499,49.060905
17500,70.8781
17501,49.397835
17502,76.58154
17503,65.37272
17504,39.83716
17505,30.500624
17506,38.774258
17507,57.733685
17508,40.772686
17509,73.189735
17510,40.601612
17511,38.439922
17512,40.17481
17513,22.825102
17514,39.12321
17515,56.80382
17516,31.209234
17517,79.2269
17518,33.91312
17519,40.16065
17520,30.756662
17521,17.533255
17522,31.09027
17523,46.88496
17524,64.26096
17525,61.90546
17526,75.53188
17527,31.870428
17528,73.84855
17529,47.050777
17530,75.12613
17531,46.975388
17532,75.874084
17533,67.06531
17534,38.19912
17535,30.897589
17536,35.4738
17537,58.38697
17538,40.680096
17539,76.48685
17540,39.747696
17541,38.498653
17542,39.111725
17543,20.719809
17544,35.656326
17545,55.72493
17546,33.83936
17547,82.95908
17548,30.753517
17549,40.738453
17550,32.702415
17551,15.238526
17552,25.348782
17553,46.21254
17554,62.64967
17555,63.373554
17556,75.60359
17557,29.399433
17558,73.97461
17559,45.882088
17560,78.08919
17561,45.962166
17562,81.530106
17563,75.58499
17564,41.68694
17565,28.887728
17566,40.930573
17567,65.155716
17568,42.81616
17569,83.520584
17570,41.07367
17571,38.349785
17572,42.553436
17573,19.141083
17574,41.69833
17575,64.13914
17576,31.131525
17577,88.47587
17578,28.214016
17579,39.903217
17580,31.902468
17581,13.078791
17582,30.589687
17583,53.49747
17584,66.00737
17585,71.71569
17586,84.818275
17587,32.834324
17588,84.765816
17589,53.221054
17590,84.0405
17591,53.455456
17592,84.983246
17593,66.00047
17594,36.165024
17595,29.348902
17596,37.584095
17597,48.35879
17598,60.209785
17599,48.717808
17600,71.19484
17601,65.68756
17602,36.511063
17603,31.131588
17604,36.725418
17605,49.82949
17606,64.783
17607,48.86414
17608,75.20057
17609,70.51048
17610,42.028954
17611,32.97481
17612,35.35567
17613,49.446663
17614,70.519196
17615,46.76089
17616,78.0041
17617,67.276634
17618,35.415295
17619,29.70258
17620,36.37864
17621,47.30903
17622,65.8079
17623,48.33413
17624,78.14943
17625,67.33773
17626,36.907127
17627,33.878464
17628,39.912373
17629,51.215984
17630,63.68876
17631,52.60746
17632,71.09559
17633,64.04689
17634,36.33219
17635,30.895641
17636,39.923527
17637,49.12793
17638,66.09557
17639,50.59368
17640,75.685684
17641,66.1817
17642,40.98105
17643,28.173037
17644,36.289646
17645,47.85985
17646,67.70982
17647,45.59133
17648,83.53138
17649,70.433205
17650,37.09703
17651,32.510887
17652,39.832745
17653,53.473778
17654,69.56491
17655,54.836395
17656,78.41411
17657,66.162384
17658,38.532837
17659,29.929272
17660,38.255104
17661,49.82114
17662,67.31585
17663,48.99584
17664,77.014885
17665,62.42657
17666,38.25296
17667,25.376078
17668,35.216534
17669,45.358555
17670,65.881195
17671,45.409145
17672,77.012405
17673,65.55481
17674,37.78811
17675,28.289415
17676,34.34887
17677,42.45634
17678,63.068382
17679,42.88778
17680,72.38659
17681,68.9124
17682,40.82513
17683,33.132072
17684,39.123383
17685,40.866024
17686,73.81107
17687,43.859
17688,91.118546
17689,64.30884
17690,38.092503
17691,29.878096
17692,37.6693
17693,47.02166
17694,61.784924
17695,47.2784
17696,78.969345
17697,64.823044
17698,38.678535
17699,30.397118
17700,38.489445
17701,43.558342
17702,67.69298
17703,44.21742
17704,78.309586
17705,66.95184
17706,36.61908
17707,29.607584
17708,37.56126
17709,48.150063
17710,63.70883
17711,48.25835
17712,73.516785
17713,63.66069
17714,34.330414
17715,30.858696
17716,41.46887
17717,55.37928
17718,65.070206
17719,57.01169
17720,77.09084
17721,66.82463
17722,33.6724
17723,29.7946
17724,40.41125
17725,56.797756
17726,67.47481
17727,58.246372
17728,80.03008
17729,64.12475
17730,37.479218
17731,31.171885
17732,38.597267
17733,48.08799
17734,62.971962
17735,48.159363
17736,73.585556
17737,65.393654
17738,36.497597
17739,28.054258
17740,38.468945
17741,45.22129
17742,62.13111
17743,46.52692
17744,76.24296
17745,69.16837
17746,37.828773
17747,28.00997
17748,40.269154
17749,49.115993
17750,70.05278
17751,50.455376
17752,82.91001
17753,66.59764
17754,39.805805
17755,27.83137
17756,35.657894
17757,50.344933
17758,69.31315
17759,48.330193
17760,83.286446
17761,66.94788
17762,33.813755
17763,29.268291
17764,37.433006
17765,48.809742
17766,62.975
17767,50.182392
17768,75.94222
17769,65.88262
17770,37.883846
17771,30.550974
17772,36.63937
17773,44.04926
17774,56.288605
17775,44.9339
17776,77.39993
17777,67.48805
17778,37.18046
17779,29.296335
17780,38.536873
17781,49.280704
17782,64.33685
17783,49.609646
17784,78.23567
17785,66.82893
17786,37.48793
17787,29.05527
17788,37.64201
17789,47.084064
17790,65.20413
17791,47.596256
17792,75.9809
17793,63.88901
17794,35.793472
17795,29.242712
17796,36.0439
17797,44.857643
17798,60.261505
17799,45.50705
17800,75.200325
17801,65.597374
17802,34.966362
17803,26.078259
17804,41.507317
17805,48.078262
17806,68.12335
17807,49.908936
17808,77.33408
17809,65.399925
17810,35.79501
17811,29.276451
17812,38.624184
17813,50.604343
17814,64.0977
17815,51.417374
17816,75.460106
17817,65.29147
17818,38.727493
17819,29.352783
17820,35.649372
17821,40.787376
17822,66.60665
17823,42.105408
17824,77.29558
17825,65.15788
17826,36.256817
17827,27.611067
17828,40.07075
17829,46.133984
17830,65.93043
17831,47.193916
17832,78.91728
17833,67.77777
17834,40.70765
17835,27.571236
17836,35.75447
17837,45.049194
17838,60.874317
17839,43.965565
17840,76.028465
17841,66.68794
17842,34.832077
17843,28.741693
17844,34.86463
17845,47.471325
17846,60.51399
17847,47.32366
17848,76.67085
17849,67.01919
17850,41.059544
17851,29.099224
17852,40.774696
17853,45.956085
17854,65.198845
17855,47.327522
17856,81.55972
17857,67.30078
17858,36.804123
17859,34.400352
17860,32.765118
17861,47.667255
17862,56.388264
17863,46.307655
17864,69.15738
17865,65.490654
17866,33.977962
17867,32.51609
17868,41.27291
17869,59.305134
17870,62.78711
17871,59.523235
17872,76.15711
17873,65.68125
17874,35.63556
17875,30.051903
17876,39.395195
17877,52.380405
17878,64.677
17879,51.983337
17880,75.84432
17881,62.230972
17882,39.304203
17883,26.607122
17884,38.900658
17885,45.579597
17886,67.61157
17887,43.190945
17888,78.29874
17889,67.231895
17890,42.262505
17891,30.676273
17892,39.07252
17893,48.886757
17894,62.385693
17895,48.31421
17896,75.938255
17897,66.147736
17898,35.193695
17899,28.623804
17900,36.0669
17901,46.140316
17902,65.20378
17903,47.139618
17904,82.48261
17905,61.76783
17906,35.943684
17907,26.47325
17908,44.19851
17909,46.392185
17910,63.15377
17911,50.96022
17912,78.623604
17913,65.28898
17914,37.85488
17915,28.699484
17916,37.308273
17917,43.089966
17918,69.56759
17919,43.81236
17920,82.989136
17921,64.79509
17922,36.426743
17923,29.504145
17924,41.8857
17925,49.38872
17926,64.60967
17927,51.17698
17928,74.0252
17929,63.54027
17930,37.53228
17931,31.376234
17932,35.867874
17933,47.33227
17934,63.855804
17935,47.06955
17936,71.41269
17937,63.664062
17938,33.556934
17939,28.992594
17940,38.251347
17941,63.126507
17942,60.57386
17943,57.14345
17944,84.41782
17945,64.72555
17946,35.662323
17947,24.574299
17948,38.515305
17949,35.930054
17950,56.860252
17951,43.11769
17952,77.29207
17953,64.19025
17954,37.472107
17955,28.991251
17956,39.149975
17957,48.076008
17958,70.304054
17959,48.418415
17960,75.969604
17961,65.02313
17962,39.550808
17963,32.638515
17964,39.64206
17965,48.639187
17966,65.12656
17967,49.302578
17968,74.174545
17969,64.99769
17970,40.57183
17971,31.088236
17972,39.044003
17973,42.62621
17974,62.93575
17975,42.797016
17976,75.60691
17977,65.30087
17978,38.441036
17979,29.371468
17980,37.771194
17981,46.356255
17982,63.23402
17983,46.234913
17984,73.58598
17985,66.051445
17986,33.842613
17987,32.321774
17988,37.910076
17989,53.462643
17990,62.89496
17991,53.5607
17992,73.60736
17993,68.50859
17994,40.34978
17995,35.324917
17996,40.094925
17997,58.12755
17998,66.86243
17999,55.81272
18000,81.838554
18001,68.52192
18002,33.663754
18003,27.19779
18004,34.58407
18005,46.437782
18006,68.98642
18007,47.80336
18008,85.307205
18009,66.33512
18010,36.812824
18011,28.1897
18012,34.781506
18013,51.423206
18014,59.935513
18015,48.56879
18016,77.264786
18017,64.63443
18018,36.10175
18019,29.292048
18020,37.276714
18021,46.853554
18022,63.009888
18023,47.380157
18024,72.72642
18025,61.678238
18026,35.607815
18027,35.25925
18028,42.566753
18029,40.736813
18030,63.188824
18031,48.41812
18032,79.36716
18033,66.318474
18034,33.970913
18035,30.18897
18036,38.779057
18037,54.419228
18038,60.084576
18039,54.54497
18040,70.554565
18041,68.205986
18042,41.62095
18043,29.784088
18044,37.703606
18045,46.072475
18046,74.33032
18047,45.07222
18048,84.18868
18049,65.70225
18050,34.693417
18051,27.875757
18052,34.845695
18053,48.737007
18054,63.424023
18055,48.29689
18056,76.68953
18057,69.795265
18058,36.401424
18059,29.451147
18060,34.43961
18061,45.17717
18062,66.43908
18063,48.50745
18064,80.99539
18065,66.90303
18066,36.994404
18067,27.70562
18068,37.258457
18069,50.410316
18070,69.054054
18071,50.169018
18072,80.64448
18073,66.29991
18074,40.92857
18075,30.95487
18076,36.223335
18077,53.890423
18078,62.918953
18079,52.058964
18080,75.92298
18081,64.25917
18082,38.641514
18083,31.674921
18084,40.06357
18085,42.683865
18086,64.61365
18087,44.41581
18088,75.7318
18089,63.360924
18090,37.80063
18091,31.10321
18092,34.688663
18093,41.19329
18094,59.683807
18095,41.152306
18096,71.94675
18097,66.86059
18098,30.423101
18099,31.303139
18100,42.525154
18101,61.179157
18102,66.33948
18103,62.004986
18104,78.02496
18105,68.8294
18106,33.84014
18107,26.909248
18108,36.411922
18109,50.58259
18110,66.30771
18111,51.42775
18112,77.185875
18113,65.40289
18114,37.599934
18115,29.988098
18116,37.27643
18117,48.84055
18118,62.25693
18119,48.78631
18120,71.8234
18121,68.719734
18122,37.2294
18123,28.630297
18124,36.769955
18125,49.40364
18126,65.190506
18127,48.702316
18128,79.24774
18129,61.83468
18130,38.319244
18131,31.352821
18132,43.597702
18133,47.72741
18134,64.031715
18135,50.015774
18136,74.05211
18137,62.969997
18138,35.298656
18139,31.011663
18140,36.972584
18141,49.17738
18142,61.885113
18143,48.74277
18144,73.532234
18145,65.06367
18146,35.60384
18147,29.020805
18148,35.901802
18149,46.36094
18150,64.524734
18151,46.340107
18152,73.690094
18153,66.002014
18154,42.353706
18155,31.465536
18156,42.89731
18157,52.823986
18158,63.331272
18159,52.99311
18160,76.05836
18161,63.84147
18162,40.105343
18163,30.218306
18164,35.493084
18165,40.879414
18166,69.36153
18167,41.101727
18168,78.83649
18169,67.50629
18170,35.49346
18171,30.195276
18172,35.390694
18173,52.08856
18174,57.72498
18175,51.33122
18176,73.44918
18177,65.436035
18178,38.023403
18179,30.561022
18180,39.611244
18181,52.73438
18182,62.231937
18183,50.935356
18184,82.87878
18185,65.21721
18186,39.254375
18187,33.09547
18188,37.75603
18189,46.092155
18190,67.13695
18191,46.589855
18192,77.49897
18193,64.22926
18194,36.770485
18195,31.272873
18196,39.46014
18197,58.94309
18198,66.40746
18199,55.719612
18200,81.61077
18201,64.495255
18202,39.178883
18203,32.87533
18204,37.897804
18205,51.32653
18206,60.577618
18207,50.627167
18208,71.769775
18209,67.41797
18210,35.693325
18211,27.965467
18212,38.713715
18213,50.3047
18214,67.32065
18215,51.019535
18216,80.63098
18217,62.843525
18218,30.699505
18219,28.748672
18220,42.882008
18221,51.76131
18222,62.999237
18223,56.504025
18224,74.47428
18225,68.63592
18226,42.666943
18227,32.193714
18228,38.471424
18229,51.340076
18230,65.309654
18231,50.642136
18232,79.9517
18233,62.301666
18234,40.300144
18235,28.808107
18236,34.606804
18237,48.074005
18238,61.75701
18239,42.237392
18240,77.31681
18241,61.537807
18242,41.95774
18243,33.014133
18244,43.80513
18245,48.63231
18246,60.613197
18247,48.477764
18248,69.47586
18249,69.61742
18250,37.96175
18251,26.699196
18252,35.416233
18253,44.7902
18254,57.483494
18255,44.67102
18256,74.40674
18257,67.10362
18258,38.466873
18259,29.763605
18260,38.346672
18261,46.130104
18262,66.90502
18263,45.540447
18264,78.29851
18265,71.0588
18266,41.107487
18267,39.01911
18268,38.34507
18269,63.802177
18270,59.59177
18271,61.16789
18272,74.92622
18273,65.95645
18274,39.024822
18275,27.326698
18276,36.450394
18277,47.17756
18278,66.63142
18279,46.255253
18280,78.55603
18281,61.967884
18282,38.935616
18283,30.68545
18284,38.65338
18285,50.73865
18286,66.06957
18287,50.13273
18288,76.52912
18289,64.80423
18290,39.39895
18291,28.604391
18292,33.649616
18293,45.62213
18294,65.55642
18295,41.090954
18296,78.79947
18297,66.69922
18298,44.10866
18299,33.316082
18300,34.50784
18301,39.866943
18302,64.62639
18303,39.240677
18304,74.605125
18305,66.198524
18306,33.84818
18307,27.780497
18308,36.168926
18309,46.972767
18310,63.11454
18311,48.168278
18312,81.76146
18313,63.53775
18314,35.214554
18315,30.55628
18316,41.988483
18317,54.954987
18318,62.931618
18319,56.308826
18320,71.011894
18321,64.55071
18322,39.67537
18323,29.026241
18324,40.051586
18325,43.487347
18326,67.08316
18327,44.787094
18328,77.11914
18329,66.06723
18330,35.970585
18331,30.693686
18332,34.62741
18333,45.8222
18334,61.694298
18335,45.58673
18336,76.1388
18337,64.35302
18338,38.012966
18339,30.121044
18340,37.326115
18341,46.53037
18342,64.29765
18343,46.41872
18344,75.12106
18345,62.75986
18346,39.487957
18347,31.575584
18348,35.874554
18349,47.3188
18350,65.27606
18351,45.740906
18352,77.5646
18353,65.545845
18354,38.38343
18355,28.67818
18356,40.491894
18357,49.08969
18358,64.76192
18359,49.642963
18360,77.382065
18361,66.121124
18362,41.81986
18363,35.80828
18364,40.25441
18365,50.744995
18366,64.91954
18367,48.54155
18368,75.23486
18369,45.493233
18370,42.8684
18371,26.472519
18372,38.318127
18373,30.07119
18374,57.954052
18375,29.984205
18376,64.54909
18377,62.86481
18378,38.309155
18379,31.54767
18380,36.40185
18381,46.99537
18382,60.3404
18383,46.272064
18384,70.09077
18385,63.971977
18386,37.985497
18387,30.957119
18388,35.97434
18389,44.380375
18390,61.278008
18391,44.34908
18392,73.77739
18393,65.190346
18394,40.790085
18395,31.631533
18396,39.09144
18397,48.743973
18398,62.8791
18399,47.94188
18400,74.64842
18401,57.36167
18402,35.99959
18403,31.012503
18404,38.575764
18405,36.55473
18406,61.084427
18407,41.52138
18408,73.573784
18409,63.161827
18410,34.170704
18411,25.01069
18412,37.14052
18413,44.88213
18414,59.611046
18415,46.306286
18416,71.30524
18417,69.66105
18418,30.75431
18419,30.723238
18420,32.560898
18421,55.876053
18422,52.120922
18423,54.307014
18424,67.561104
18425,70.71428
18426,38.87734
18427,29.525944
18428,30.983028
18429,41.969543
18430,66.09034
18431,41.11236
18432,77.026405
18433,61.11114
18434,37.29131
18435,31.922356
18436,34.35094
18437,44.856865
18438,52.39389
18439,43.58277
18440,59.86352
18441,65.105644
18442,35.70188
18443,29.872883
18444,38.73709
18445,49.787437
18446,67.57737
18447,51.410664
18448,76.18407
18449,67.92319
18450,29.53494
18451,28.882149
18452,38.80639
18453,47.781673
18454,61.43014
18455,54.940426
18456,78.18322
18457,64.9228
18458,40.65182
18459,34.819244
18460,33.44374
18461,47.50563
18462,64.38248
18463,44.4842
18464,74.4653
18465,64.156204
18466,40.526897
18467,33.218723
18468,38.36545
18469,49.345585
18470,62.839626
18471,48.507263
18472,72.57673
18473,63.89408
18474,36.287724
18475,31.97169
18476,38.743
18477,47.069267
18478,64.48992
18479,49.426205
18480,76.64967
18481,67.27884
18482,42.624863
18483,32.6225
18484,38.129337
18485,47.829315
18486,63.809254
18487,47.236126
18488,73.266495
18489,71.30971
18490,47.690926
18491,47.896965
18492,45.16354
18493,58.439503
18494,60.20893
18495,58.306946
18496,70.2969
18497,67.89136
18498,38.491756
18499,27.751997
18500,39.00371
18501,52.231865
18502,69.09665
18503,51.002007
18504,84.263954
18505,67.47458
18506,39.004196
18507,27.2762
18508,34.389286
18509,45.00827
18510,72.69471
18511,41.252617
18512,84.75328
18513,63.824883
18514,38.633827
18515,30.891651
18516,38.45921
18517,46.257103
18518,65.165184
18519,46.069916
18520,76.62005
18521,65.58986
18522,39.149696
18523,33.172367
18524,35.155937
18525,50.60168
18526,59.268063
18527,49.77992
18528,68.91993
18529,65.14804
18530,38.382626
18531,34.874878
18532,38.048183
18533,51.783775
18534,64.85813
18535,50.43512
18536,74.77713
18537,69.16577
18538,41.141197
18539,27.882845
18540,34.474277
18541,45.9947
18542,66.53603
18543,43.85718
18544,78.23607
18545,65.26789
18546,38.791416
18547,29.210487
18548,34.90213
18549,44.452553
18550,64.33348
18551,44.034557
18552,72.89637
18553,65.76186
18554,38.251053
18555,33.052147
18556,35.520706
18557,49.895042
18558,60.926952
18559,49.281548
18560,72.90702
18561,65.28306
18562,35.80798
18563,30.383324
18564,37.888306
18565,48.562683
18566,65.43737
18567,49.398224
18568,76.80778
18569,64.42793
18570,38.376312
18571,32.10108
18572,35.8403
18573,44.942387
18574,57.363953
18575,44.297806
18576,71.011536
18577,62.43278
18578,38.92563
18579,30.44482
18580,39.398018
18581,46.75482
18582,65.9477
18583,46.32956
18584,75.35257
18585,65.053055
18586,36.44684
18587,30.632845
18588,39.309376
18589,53.525497
18590,61.9064
18591,54.185505
18592,73.51898
18593,67.678444
18594,40.311653
18595,30.868605
18596,38.288475
18597,48.364704
18598,63.29853
18599,47.897827
18600,73.69952
18601,64.57633
18602,37.081497
18603,29.112997
18604,34.96653
18605,44.768787
18606,65.45922
18607,45.552452
18608,76.87861
18609,65.80189
18610,36.933372
18611,30.029081
18612,37.705296
18613,51.16897
18614,61.45765
18615,50.55645
18616,73.12465
18617,66.151634
18618,37.707172
18619,32.079025
18620,38.28969
18621,52.605835
18622,67.22661
18623,52.09137
18624,76.60884
18625,68.221985
18626,39.24983
18627,34.043552
18628,41.42084
18629,49.9463
18630,63.915077
18631,51.24338
18632,73.080315
18633,64.91489
18634,39.34316
18635,30.896349
18636,41.216915
18637,49.366383
18638,64.897964
18639,49.439846
18640,77.08915
18641,61.79947
18642,36.932484
18643,33.396908
18644,34.77588
18645,37.97108
18646,60.737495
18647,38.902042
18648,72.817856
18649,65.17667
18650,33.97036
18651,28.771996
18652,40.104065
18653,49.818604
18654,65.1267
18655,50.858532
18656,79.56194
18657,66.55116
18658,37.79259
18659,30.36946
18660,37.97388
18661,49.060543
18662,68.7559
18663,48.632065
18664,78.326004
18665,69.16859
18666,40.765476
18667,30.88827
18668,39.26357
18669,48.57398
18670,63.814377
18671,47.89887
18672,75.26994
18673,65.71871
18674,38.86061
18675,31.088854
18676,36.383022
18677,45.31956
18678,62.55084
18679,44.72832
18680,82.98676
18681,66.790115
18682,41.185837
18683,30.159452
18684,36.651497
18685,48.356903
18686,61.535023
18687,46.64275
18688,72.44384
18689,65.0049
18690,34.502083
18691,31.27075
18692,38.71961
18693,49.11844
18694,64.17274
18695,51.212753
18696,72.04153
18697,63.59472
18698,40.79924
18699,27.827694
18700,36.67816
18701,52.12511
18702,65.48912
18703,48.041943
18704,84.270706
18705,63.794823
18706,34.15055
18707,29.987
18708,39.41201
18709,48.460213
18710,57.632683
18711,51.529636
18712,77.46118
18713,64.20465
18714,35.452675
18715,31.06225
18716,34.976624
18717,48.306816
18718,57.65783
18719,47.166344
18720,75.88049
18721,66.06692
18722,37.61383
18723,28.948753
18724,37.93992
18725,45.18276
18726,64.82166
18727,45.79024
18728,75.53083
18729,58.189342
18730,34.564396
18731,27.200611
18732,40.721176
18733,43.169334
18734,63.064934
18735,46.74319
18736,75.17933
18737,64.273766
18738,42.60614
18739,29.304598
18740,32.50913
18741,40.458687
18742,68.81021
18743,37.98334
18744,79.13556
18745,75.05726
18746,39.067635
18747,39.673058
18748,36.605576
18749,62.270153
18750,67.87891
18751,61.89722
18752,79.8162
18753,65.65123
18754,35.476257
18755,24.089499
18756,36.30923
18757,45.99001
18758,60.524822
18759,47.126602
18760,73.439865
18761,60.604504
18762,35.047085
18763,31.85537
18764,42.551655
18765,49.78185
18766,64.98328
18767,54.454838
18768,78.48243
18769,71.74296
18770,32.537884
18771,26.283861
18772,43.71517
18773,56.37629
18774,70.93808
18775,59.621986
18776,82.7638
18777,63.13267
18778,37.0097
18779,29.682695
18780,36.44776
18781,48.66804
18782,67.06376
18783,47.314823
18784,76.81393
18785,67.16486
18786,38.116356
18787,29.655224
18788,36.2639
18789,47.06876
18790,68.03503
18791,46.861115
18792,81.59168
18793,65.38728
18794,36.336506
18795,29.076618
18796,38.005276
18797,51.293034
18798,66.7058
18799,50.920475
18800,76.766075
18801,64.8372
18802,37.68107
18803,30.587442
18804,38.96774
18805,52.61973
18806,65.08777
18807,50.34984
18808,76.89464
18809,69.16859
18810,40.765476
18811,30.88827
18812,39.26357
18813,48.57398
18814,63.814377
18815,47.89887
18816,75.26994
18817,64.29277
18818,34.083138
18819,30.358889
18820,36.675
18821,48.373516
18822,61.296543
18823,48.525852
18824,71.93712
18825,65.1696
18826,40.38139
18827,31.292747
18828,42.731014
18829,50.6569
18830,66.836235
18831,51.89795
18832,77.80203
18833,65.38728
18834,36.336506
18835,29.076618
18836,38.005276
18837,51.293034
18838,66.7058
18839,50.920475
18840,76.766075
18841,66.58227
18842,38.231667
18843,32.3052
18844,37.25964
18845,50.118416
18846,66.43176
18847,49.81929
18848,78.63097
18849,68.255615
18850,38.180153
18851,29.366594
18852,39.406143
18853,46.14597
18854,68.519
18855,47.963924
18856,82.8973
18857,64.89701
18858,37.7213
18859,30.436255
18860,37.738537
18861,51.416443
18862,62.977367
18863,50.89772
18864,74.32557
18865,39.640804
18866,38.718136
18867,12.659017
18868,38.59971
18869,23.750082
18870,61.2777
18871,25.32847
18872,70.99436
18873,66.193985
18874,43.07306
18875,31.441551
18876,34.671864
18877,45.238506
18878,66.45269
18879,41.57354
18880,77.98179
18881,66.39865
18882,35.937283
18883,28.109774
18884,40.524155
18885,50.12909
18886,63.93005
18887,50.6229
18888,74.64458
18889,66.26841
18890,37.149105
18891,29.875954
18892,36.27193
18893,48.381493
18894,68.6502
18895,47.730366
18896,78.990074
18897,64.52973
18898,39.762737
18899,31.830786
18900,37.32456
18901,51.269093
18902,63.529533
18903,50.58431
18904,77.46724
18905,65.66931
18906,40.34438
18907,32.119022
18908,36.130207
18909,46.943962
18910,64.0016
18911,45.427204
18912,73.421486
18913,61.25579
18914,38.981277
18915,31.020721
18916,42.74667
18917,49.725597
18918,63.03069
18919,50.459957
18920,73.327896
18921,67.35205
18922,35.1524
18923,29.783268
18924,36.97293
18925,48.252766
18926,63.942318
18927,51.3011
18928,78.11618
18929,68.05956
18930,31.609962
18931,26.692865
18932,37.94495
18933,49.023674
18934,61.370827
18935,52.59087
18936,77.34348
18937,65.47532
18938,36.887215
18939,32.044216
18940,38.4888
18941,54.139412
18942,63.518005
18943,53.55544
18944,76.416176
18945,63.32308
18946,42.609085
18947,37.451042
18948,35.027622
18949,41.153854
18950,57.397163
18951,39.643326
18952,66.85372
18953,60.75263
18954,36.898674
18955,28.094122
18956,38.42
18957,37.02855
18958,64.103645
18959,41.63359
18960,77.03041
18961,62.023968
18962,33.993782
18963,31.029465
18964,47.794277
18965,49.292583
18966,62.254765
18967,57.245052
18968,76.35536
18969,62.407337
18970,34.58067
18971,31.51933
18972,40.905746
18973,46.07428
18974,58.006207
18975,48.96453
18976,69.23622
18977,63.448017
18978,37.176292
18979,28.902851
18980,38.89785
18981,48.22856
18982,66.63129
18983,48.613224
18984,75.786064
18985,66.43296
18986,40.666683
18987,29.639864
18988,40.7585
18989,50.239605
18990,67.94746
18991,49.872658
18992,82.46783
18993,69.13145
18994,38.248028
18995,30.855108
18996,38.97544
18997,49.55798
18998,67.91736
18999,50.40396
19000,80.57037
19001,64.34582
19002,32.68045
19003,30.99387
19004,40.34267
19005,51.181072
19006,64.95364
19007,54.90526
19008,74.85511
19009,65.86414
19010,38.028347
19011,31.209177
19012,36.24675
19013,44.82793
19014,68.11362
19015,45.502937
19016,80.3228
19017,65.0769
19018,40.777584
19019,29.696047
19020,34.046906
19021,41.84937
19022,59.686245
19023,40.015503
19024,71.03464
19025,66.31216
19026,40.16066
19027,29.691364
19028,39.530926
19029,47.49744
19030,68.784454
19031,47.28646
19032,79.80221
19033,65.79281
19034,40.50284
19035,27.409664
19036,32.8174
19037,43.425644
19038,66.22156
19039,40.373486
19040,77.13868
19041,66.55669
19042,35.89023
19043,29.932293
19044,36.513844
19045,51.45758
19046,64.0258
19047,49.84424
19048,72.17864
19049,59.00155
19050,37.16284
19051,26.23621
19052,43.32067
19053,43.704273
19054,66.41147
19055,48.58242
19056,77.59449
19057,66.63618
19058,37.252716
19059,26.536028
19060,38.24173
19061,47.569138
19062,64.988556
19063,48.01723
19064,77.7203
19065,65.93371
19066,36.463837
19067,29.800343
19068,39.001266
19069,50.02749
19070,67.76119
19071,52.163013
19072,78.171036
19073,66.704796
19074,37.58863
19075,30.336798
19076,38.203907
19077,47.21051
19078,66.397606
19079,47.76687
19080,78.42442
19081,63.634766
19082,34.59799
19083,28.78834
19084,41.311394
19085,50.906498
19086,58.800026
19087,52.83536
19088,68.59112
19089,65.79281
19090,40.50284
19091,27.409664
19092,32.8174
19093,43.425644
19094,66.22156
19095,40.373486
19096,77.13868
19097,62.012608
19098,39.00458
19099,28.993006
19100,40.4434
19101,42.709656
19102,65.35134
19103,45.205055
19104,81.02422
19105,63.89793
19106,40.236404
19107,27.298233
19108,39.37449
19109,46.568283
19110,64.206535
19111,45.958435
19112,80.05322
19113,58.81975
19114,50.454075
19115,37.275326
19116,50.954624
19117,43.22366
19118,65.08249
19119,58.81519
19120,36.602734
19121,24.138586
19122,41.499416
19123,39.369194
19124,63.980366
19125,41.82802
19126,77.26454
19127,66.89949
19128,31.861486
19129,32.11135
19130,39.94506
19131,52.604572
19132,67.09
19133,57.64662
19134,78.09141
19135,63.077293
19136,34.030586
19137,28.490732
19138,34.619415
19139,47.449215
19140,59.5479
19141,46.073685
19142,69.51062
19143,66.25383
19144,43.970436
19145,32.223763
19146,34.67482
19147,44.97767
19148,64.33542
19149,40.948566
19150,76.15691
19151,65.93845
19152,37.221664
19153,30.760101
19154,39.279465
19155,49.40854
19156,69.1169
19157,51.06738
19158,78.40477
19159,66.97662
19160,40.525673
19161,29.03407
19162,32.296314
19163,41.386982
19164,65.66655
19165,39.678913
19166,76.21427
19167,68.07123
19168,38.788578
19169,31.41731
19170,38.51095
19171,50.391685
19172,60.862873
19173,50.117443
19174,69.71077
19175,66.64756
19176,39.980858
19177,32.879845
19178,41.64674
19179,43.983994
19180,68.37778
19181,46.18682
19182,79.169914
19183,65.47885
19184,39.283348
19185,29.284554
19186,35.881786
19187,44.649323
19188,67.55966
19189,44.43189
19190,80.37693
19191,65.77929
19192,44.694317
19193,34.619587
19194,41.605064
19195,47.515656
19196,68.76285
19197,46.631393
19198,78.608315
19199,68.590065
19200,36.61584
19201,29.666195
19202,36.4352
19203,46.18681
19204,70.28634
19205,47.891857
19206,81.291245
19207,64.36689
19208,36.499214
19209,27.431665
19210,37.587452
19211,46.77545
19212,62.20036
19213,47.212605
19214,71.794044
19215,67.48486
19216,38.64981
19217,30.819916
19218,39.653725
19219,46.82644
19220,66.67872
19221,47.655346
19222,79.092094
19223,74.63661
19224,40.884193
19225,31.282663
19226,35.450867
19227,43.52055
19228,72.34436
19229,44.54326
19230,84.331665
19231,68.68365
19232,34.95593
19233,29.852324
19234,41.539692
19235,60.14757
19236,70.82385
19237,57.112885
19238,88.3414
19239,65.64737
19240,37.744602
19241,28.746895
19242,37.938683
19243,47.445045
19244,63.19015
19245,47.873245
19246,76.530426
19247,39.781357
19248,42.179558
19249,18.77734
19250,47.75253
19251,28.036575
19252,61.41121
19253,32.01146
19254,72.39438
19255,64.97787
19256,38.132915
19257,31.027426
19258,38.473618
19259,45.579254
19260,67.78354
19261,46.72239
19262,78.46364
19263,64.22326
19264,36.21735
19265,34.941692
19266,40.87419
19267,55.688854
19268,66.437065
19269,56.00353
19270,76.901474
19271,64.23523
19272,38.151905
19273,30.655462
19274,38.137474
19275,46.189426
19276,63.747368
19277,46.26445
19278,76.97768
19279,63.54222
19280,37.38393
19281,28.352608
19282,38.15523
19283,49.905167
19284,65.138374
19285,48.73729
19286,78.222694
19287,67.64195
19288,36.76788
19289,28.031126
19290,37.160557
19291,47.589386
19292,63.40405
19293,47.654278
19294,78.03502
19295,65.748856
19296,34.857372
19297,27.5338
19298,38.981586
19299,51.763744
19300,65.07305
19301,52.54415
19302,81.373055
19303,64.13277
19304,38.52721
19305,29.945314
19306,39.3347
19307,50.256012
19308,64.172516
19309,49.358402
19310,78.97451
19311,65.844345
19312,39.270535
19313,28.093597
19314,38.58132
19315,44.75813
19316,61.77281
19317,44.6663
19318,72.82181
19319,65.33086
19320,43.04566
19321,31.319214
19322,36.41805
19323,44.660713
19324,65.61411
19325,42.844025
19326,76.89683
19327,64.734665
19328,36.247044
19329,28.036646
19330,34.945866
19331,54.050938
19332,55.53952
19333,50.850113
19334,75.85962
19335,65.71073
19336,32.49505
19337,29.636618
19338,37.007523
19339,54.010567
19340,64.591606
19341,51.123795
19342,76.59376
19343,65.1217
19344,34.447395
19345,31.50743
19346,32.98123
19347,44.30267
19348,60.287056
19349,45.484985
19350,70.63436
19351,65.01606
19352,37.786213
19353,29.31537
19354,32.40722
19355,48.021214
19356,61.936977
19357,43.166542
19358,77.11612
19359,64.460724
19360,37.430576
19361,26.432972
19362,39.63151
19363,48.280518
19364,69.75347
19365,48.96932
19366,85.30476
19367,66.58381
19368,39.64941
19369,30.92458
19370,35.84442
19371,44.05243
19372,64.099495
19373,44.054543
19374,74.57914
19375,64.50599
19376,43.00633
19377,32.367157
19378,35.621094
19379,45.96193
19380,63.389
19381,43.43816
19382,72.27093
19383,66.467094
19384,41.70018
19385,30.317415
19386,34.049366
19387,39.96419
19388,67.11819
19389,39.1343
19390,83.747246
19391,63.589108
19392,38.3647
19393,32.374737
19394,37.689587
19395,51.069336
19396,64.23918
19397,50.49458
19398,77.49176
19399,67.95697
19400,37.92052
19401,28.232933
19402,38.027973
19403,48.18805
19404,65.38516
19405,48.35512
19406,79.78732
19407,64.945625
19408,36.055
19409,30.555277
19410,39.834713
19411,50.17522
19412,67.36154
19413,51.053864
19414,79.57093
19415,62.568382
19416,33.687317
19417,29.841045
19418,42.020042
19419,54.220673
19420,62.627007
19421,56.849026
19422,74.555336
19423,66.202965
19424,33.912712
19425,28.394115
19426,41.49342
19427,50.40044
19428,57.85435
19429,53.492077
19430,72.67586
19431,63.76036
19432,40.50878
19433,30.547483
19434,40.015625
19435,49.28735
19436,62.4378
19437,48.992447
19438,75.3536
19439,59.705486
19440,36.171406
19441,31.95213
19442,40.394028
19443,47.22064
19444,61.754078
19445,48.38251
19446,70.06319
19447,63.99435
19448,35.376293
19449,27.078733
19450,38.4708
19451,45.277515
19452,54.90103
19453,46.640526
19454,69.12791
19455,63.500244
19456,34.497925
19457,31.631252
19458,37.060814
19459,51.25201
19460,62.943817
19461,48.808887
19462,77.05731
19463,64.055916
19464,39.08252
19465,30.605537
19466,36.158325
19467,45.466465
19468,58.83878
19469,44.66566
19470,69.82957
19471,66.916
19472,37.183147
19473,28.371883
19474,37.103683
19475,48.05833
19476,62.827667
19477,46.996273
19478,77.6486
19479,66.49621
19480,40.578136
19481,29.512486
19482,35.277836
19483,46.012077
19484,63.666546
19485,43.997578
19486,79.555786
19487,64.733215
19488,40.6059
19489,27.753149
19490,37.55644
19491,49.42199
19492,60.594883
19493,48.825214
19494,74.06946
19495,66.91492
19496,35.705616
19497,29.939257
19498,35.695625
19499,49.829422
19500,63.322437
19501,49.477688
19502,71.88959
19503,67.25409
19504,35.43458
19505,28.132082
19506,38.73668
19507,49.107296
19508,64.85872
19509,49.475536
19510,75.35466
19511,40.68505
19512,42.32108
19513,23.930363
19514,40.398037
19515,25.611477
19516,53.23133
19517,27.7
19518,67.78883
19519,66.21222
19520,36.252342
19521,29.838379
19522,34.073082
19523,45.565903
19524,63.33571
19525,46.74175
19526,74.095535
19527,62.150826
19528,40.37453
19529,31.837154
19530,37.666843
19531,43.126385
19532,60.331398
19533,42.210964
19534,73.66179
19535,63.1725
19536,39.965107
19537,29.91877
19538,41.45554
19539,45.050632
19540,69.24172
19541,46.0901
19542,79.27197
19543,73.49412
19544,40.021713
19545,30.400145
19546,41.891663
19547,53.880913
19548,72.248924
19549,54.12445
19550,83.46555
19551,64.50816
19552,36.636806
19553,29.018522
19554,38.460186
19555,44.993713
19556,63.87133
19557,46.518604
19558,74.0425
19559,67.46486
19560,34.375244
19561,31.275658
19562,36.911972
19563,51.839745
19564,63.98709
19565,53.26559
19566,74.07144
19567,67.40573
19568,36.532104
19569,30.178225
19570,36.88683
19571,50.02918
19572,59.921158
19573,49.806595
19574,72.135635
19575,63.91611
19576,33.346584
19577,23.904709
19578,38.29477
19579,48.269123
19580,64.36518
19581,49.766068
19582,83.9323
19583,67.21845
19584,39.34774
19585,30.06376
19586,37.71574
19587,47.691742
19588,62.609245
19589,47.639378
19590,78.57804
19591,65.17604
19592,38.819008
19593,30.899958
19594,36.03118
19595,46.722553
19596,64.45671
19597,45.766895
19598,73.61515
19599,68.96594
19600,37.76823
19601,30.695456
19602,39.76543
19603,51.933815
19604,65.29719
19605,51.302414
19606,79.99143
19607,65.446
19608,35.44695
19609,27.80394
19610,30.722641
19611,42.33511
19612,62.051903
19613,42.47496
19614,70.23902
19615,70.118164
19616,30.050608
19617,27.474022
19618,36.4978
19619,48.038067
19620,64.30646
19621,54.530056
19622,82.137794
19623,67.38527
19624,38.678024
19625,28.015356
19626,36.646626
19627,44.87539
19628,52.366894
19629,43.562813
19630,81.596306
19631,65.54106
19632,37.146782
19633,29.736639
19634,37.340412
19635,47.10324
19636,65.00635
19637,47.76281
19638,73.06616
19639,69.016365
19640,43.67571
19641,31.944572
19642,36.97648
19643,49.771793
19644,65.29183
19645,46.464188
19646,77.37652
19647,66.02545
19648,33.514828
19649,24.124075
19650,38.805363
19651,46.54188
19652,67.69657
19653,48.679047
19654,78.26557
19655,62.859535
19656,39.84485
19657,29.881205
19658,36.080196
19659,42.96265
19660,67.07119
19661,42.596878
19662,77.228134
19663,69.986176
19664,41.62212
19665,27.93168
19666,36.29547
19667,46.825157
19668,67.68754
19669,45.604736
19670,82.31762
19671,66.103645
19672,39.018726
19673,28.182777
19674,40.766273
19675,50.1509
19676,60.485035
19677,50.328518
19678,75.2157
19679,66.67288
19680,36.206703
19681,32.048763
19682,37.867428
19683,49.342026
19684,64.92819
19685,50.163746
19686,76.77242
19687,67.76326
19688,38.71859
19689,31.116089
19690,38.481472
19691,50.314056
19692,64.85245
19693,50.050278
19694,72.16169
19695,65.27161
19696,31.682682
19697,28.01603
19698,38.146202
19699,50.80124
19700,67.004036
19701,53.847225
19702,84.196045
19703,64.56574
19704,33.86091
19705,27.4094
19706,35.645683
19707,48.376842
19708,59.139355
19709,48.21203
19710,69.35796
19711,64.8835
19712,37.604214
19713,31.869087
19714,36.26721
19715,55.5831
19716,59.979317
19717,54.163048
19718,73.88594
19719,64.55206
19720,34.83892
19721,30.003542
19722,37.021244
19723,53.948185
19724,64.03044
19725,53.849003
19726,75.46101
19727,63.582115
19728,38.684563
19729,29.942766
19730,36.517082
19731,47.404156
19732,59.621643
19733,45.978764
19734,74.72504
19735,58.97729
19736,42.08254
19737,34.629353
19738,42.138767
19739,49.256752
19740,59.592594
19741,47.820942
19742,68.31948
19743,63.76504
19744,32.270145
19745,23.34759
19746,37.91988
19747,49.567543
19748,63.921486
19749,50.707325
19750,77.035225
19751,70.744736
19752,37.29499
19753,26.548447
19754,38.76072
19755,50.18566
19756,66.27816
19757,50.1757
19758,81.7358
19759,61.2319
19760,38.853405
19761,27.20612
19762,33.82539
19763,36.994972
19764,63.820393
19765,37.308296
19766,75.83296
19767,65.36282
19768,37.303207
19769,27.309977
19770,37.930252
19771,46.555397
19772,64.67531
19773,46.444183
19774,75.40885
19775,67.51264
19776,40.065166
19777,30.210503
19778,36.29549
19779,44.42489
19780,65.42143
19781,43.660843
19782,80.768776
19783,65.889694
19784,36.560448
19785,28.538206
19786,37.237038
19787,49.431488
19788,61.317272
19789,49.382755
19790,75.43196
19791,68.30343
19792,34.291115
19793,29.206749
19794,34.406715
19795,48.13241
19796,60.23585
19797,47.946915
19798,75.995285
19799,66.4639
19800,34.68374
19801,30.194069
19802,39.348125
19803,51.89433
19804,63.675323
19805,53.238197
19806,79.53139
19807,66.851715
19808,36.234406
19809,30.633404
19810,37.144787
19811,48.869884
19812,61.39695
19813,49.49305
19814,73.93934
19815,60.54244
19816,33.060993
19817,26.81441
19818,36.78427
19819,39.25673
19820,58.196995
19821,42.108627
19822,71.4078
19823,64.41163
19824,34.391373
19825,28.868286
19826,41.70564
19827,51.403618
19828,62.448
19829,53.1409
19830,73.3673
19831,70.651306
19832,39.871338
19833,33.629353
19834,36.712456
19835,51.03303
19836,64.61948
19837,49.904762
19838,74.87106
19839,65.04395
19840,42.351597
19841,29.30761
19842,39.899635
19843,44.101562
19844,67.47595
19845,43.604336
19846,77.031715
19847,62.95557
19848,39.516186
19849,29.11255
19850,36.02134
19851,44.9938
19852,64.50816
19853,42.443142
19854,76.51721
19855,65.52452
19856,43.147224
19857,33.19151
19858,38.13344
19859,39.110493
19860,55.379208
19861,36.713898
19862,78.421326
19863,65.241425
19864,38.756832
19865,30.474173
19866,36.99323
19867,47.030308
19868,66.27029
19869,45.586075
19870,76.99794
19871,66.14528
19872,35.777977
19873,30.685652
19874,37.552868
19875,50.299355
19876,58.901752
19877,50.84291
19878,68.90313
19879,65.21327
19880,38.25858
19881,27.21745
19882,33.8413
19883,43.63197
19884,64.01482
19885,41.056053
19886,77.38122
19887,67.12374
19888,34.666157
19889,25.055193
19890,34.714046
19891,44.033566
19892,64.92966
19893,44.993263
19894,78.16578
19895,65.39342
19896,33.779587
19897,24.530245
19898,34.211502
19899,47.535316
19900,58.38705
19901,46.230213
19902,75.578224
19903,66.534744
19904,37.17568
19905,28.087706
19906,40.469727
19907,49.03663
19908,60.493668
19909,50.73262
19910,77.68333
19911,64.43426
19912,36.29817
19913,29.445976
19914,35.967495
19915,45.76832
19916,58.758373
19917,45.695457
19918,69.266106
19919,63.572975
19920,35.01887
19921,28.51147
19922,37.222492
19923,44.102917
19924,60.603592
19925,45.04966
19926,76.20914
19927,65.5384
19928,40.53776
19929,28.249168
19930,40.49645
19931,46.2226
19932,64.92095
19933,46.5579
19934,77.23915
19935,66.43202
19936,40.70141
19937,26.371178
19938,37.590946
19939,45.192684
19940,68.96765
19941,42.93607
19942,76.9479
19943,66.92499
19944,38.779488
19945,29.707767
19946,38.59032
19947,48.922054
19948,64.515945
19949,49.009422
19950,73.37979
19951,64.70119
19952,36.90214
19953,26.188038
19954,41.701015
19955,48.894604
19956,63.944363
19957,50.555767
19958,81.73963
19959,67.05384
19960,41.098988
19961,31.086903
19962,40.650124
19963,50.663723
19964,66.102135
19965,49.456566
19966,79.07435
19967,65.85743
19968,36.82485
19969,28.962158
19970,42.03367
19971,53.41115
19972,63.361282
19973,54.54269
19974,75.352715
19975,66.56328
19976,37.76961
19977,32.224808
19978,38.374367
19979,50.626358
19980,62.215652
19981,50.811058
19982,75.29011
19983,62.898037
19984,38.21617
19985,31.181177
19986,40.447247
19987,48.285065
19988,58.086475
19989,49.22297
19990,71.95557
19991,66.28924
19992,37.79986
19993,27.773926
19994,36.378254
19995,47.32489
19996,64.39405
19997,46.854797
19998,77.57046
19999,67.365906
20000,40.081223
20001,31.042183
20002,38.62291
20003,48.74945
20004,62.7496
20005,47.72232
20006,77.951355
20007,65.68745
20008,38.61237
20009,31.378288
20010,36.4357
20011,47.038296
20012,64.013084
20013,46.464928
20014,74.92633
20015,65.81084
20016,37.089317
20017,26.502085
20018,37.31632
20019,51.18332
20020,63.590622
20021,50.174885
20022,86.16746
20023,66.01759
20024,36.654354
20025,30.074095
20026,37.57648
20027,46.494003
20028,65.10123
20029,47.38551
20030,80.83713
20031,62.086082
20032,42.43881
20033,32.876328
20034,41.218002
20035,47.49251
20036,61.58364
20037,46.681145
20038,72.14015
20039,65.69996
20040,33.463757
20041,27.225595
20042,38.50897
20043,50.471096
20044,64.798546
20045,51.499313
20046,76.399414
20047,66.83849
20048,36.62067
20049,32.27177
20050,37.247684
20051,52.40976
20052,63.426456
20053,52.41934
20054,75.22355
20055,66.98121
20056,36.32256
20057,29.757017
20058,35.920982
20059,51.855583
20060,63.96451
20061,51.60264
20062,78.069534
20063,67.46007
20064,38.37473
20065,28.522987
20066,47.938477
20067,53.40531
20068,68.29537
20069,55.39752
20070,78.484955
20071,68.681564
20072,40.808895
20073,27.958923
20074,34.305363
20075,42.94714
20076,65.37098
20077,41.38813
20078,83.79522
20079,64.61231
20080,35.6846
20081,30.292902
20082,39.24011
20083,49.40796
20084,68.98577
20085,51.055206
20086,78.74897
20087,66.46945
20088,38.511547
20089,28.854853
20090,38.26109
20091,48.329754
20092,64.16481
20093,48.102577
20094,76.2387
20095,66.04916
20096,37.77386
20097,32.262753
20098,38.623062
20099,52.468357
20100,66.69204
20101,51.972164
20102,74.81963
20103,66.80975
20104,34.696133
20105,32.40596
20106,33.614334
20107,47.551914
20108,56.005226
20109,47.89567
20110,74.6179
20111,66.19905
20112,29.287888
20113,17.069185
20114,33.50619
20115,40.55041
20116,62.483486
20117,41.77925
20118,78.33184
20119,67.76304
20120,38.964775
20121,30.6169
20122,38.95876
20123,52.644238
20124,70.71679
20125,51.17754
20126,82.22966
20127,72.954025
20128,43.67678
20129,27.846401
20130,38.736557
20131,47.15405
20132,73.33518
20133,45.605637
20134,87.1152
20135,63.539948
20136,37.577858
20137,29.510979
20138,39.17434
20139,47.89206
20140,63.92051
20141,48.971676
20142,76.84492
20143,66.84371
20144,39.391323
20145,29.40738
20146,38.011673
20147,51.18928
20148,64.07966
20149,49.91493
20150,76.78791
20151,65.94236
20152,34.39159
20153,27.089897
20154,37.888557
20155,49.883324
20156,61.11046
20157,50.79837
20158,70.039055
20159,65.03512
20160,39.986538
20161,31.459465
20162,37.32289
20163,49.454
20164,64.997505
20165,47.844578
20166,75.027596
20167,65.97661
20168,39.945026
20169,28.073402
20170,35.332283
20171,44.89712
20172,65.76634
20173,42.222248
20174,77.72408
20175,65.49418
20176,33.784565
20177,28.687141
20178,36.548664
20179,46.529587
20180,57.96127
20181,47.768833
20182,69.90718
20183,59.241547
20184,37.55251
20185,34.99165
20186,40.857536
20187,46.73289
20188,62.029114
20189,49.95576
20190,69.522934
20191,65.43894
20192,36.502304
20193,27.79712
20194,38.699276
20195,55.346264
20196,64.07273
20197,56.723392
20198,77.28861
20199,63.21449
20200,39.835728
20201,29.979116
20202,41.91181
20203,51.55483
20204,62.142456
20205,52.584747
20206,73.39475
20207,64.60935
20208,38.36349
20209,27.85844
20210,43.387295
20211,43.665947
20212,62.888344
20213,45.547432
20214,74.56017
20215,70.89457
20216,38.11387
20217,25.047598
20218,38.94105
20219,50.457066
20220,66.46907
20221,50.82501
20222,80.982056
20223,66.735886
20224,36.719517
20225,28.993322
20226,38.19633
20227,45.51327
20228,56.667877
20229,48.12459
20230,77.94724
20231,73.85782
20232,39.871048
20233,42.307446
20234,34.69632
20235,61.35581
20236,66.11346
20237,56.456455
20238,78.83805
20239,66.21408
20240,36.74528
20241,29.939455
20242,38.89222
20243,46.32585
20244,64.77975
20245,49.107796
20246,80.334
20247,65.5583
20248,35.841827
20249,28.19714
20250,41.06683
20251,49.384552
20252,67.39276
20253,50.834904
20254,79.71264
20255,64.674736
20256,37.67914
20257,28.73804
20258,39.247143
20259,49.509457
20260,68.16783
20261,49.708065
20262,82.161415
20263,63.666763
20264,37.674114
20265,32.17849
20266,37.87001
20267,45.68361
20268,65.5098
20269,46.917946
20270,75.88394
20271,74.51946
20272,41.842068
20273,32.940903
20274,31.726429
20275,51.222954
20276,53.69181
20277,47.82986
20278,73.93925
20279,70.36332
20280,42.17081
20281,28.305187
20282,38.936832
20283,49.752995
20284,64.57006
20285,48.0057
20286,89.47503
20287,67.35292
20288,41.41633
20289,31.668272
20290,38.36019
20291,46.13516
20292,61.91446
20293,45.16804
20294,76.08022
20295,66.93366
20296,37.88634
20297,29.201395
20298,40.288906
20299,48.0911
20300,70.88157
20301,49.659576
20302,82.24812
20303,66.60861
20304,41.311764
20305,28.392979
20306,41.921623
20307,48.142746
20308,62.421703
20309,48.2107
20310,72.428734
20311,65.071976
20312,35.276493
20313,29.61189
20314,36.84202
20315,50.41808
20316,67.82374
20317,50.865467
20318,79.34709
20319,65.638794
20320,38.51373
20321,30.456743
20322,39.45972
20323,48.02025
20324,62.062885
20325,48.84716
20326,72.50393
20327,63.271515
20328,37.08868
20329,30.65495
20330,37.24488
20331,47.216
20332,64.74225
20333,47.345474
20334,75.20799
20335,66.51637
20336,40.211246
20337,31.053232
20338,37.023262
20339,45.837074
20340,58.304924
20341,44.577873
20342,72.57362
20343,66.41043
20344,38.27303
20345,29.599836
20346,40.470795
20347,48.452457
20348,64.31567
20349,49.6414
20350,77.495766
20351,66.82584
20352,42.97301
20353,31.534575
20354,35.226875
20355,46.151836
20356,57.241795
20357,42.925835
20358,69.67303
20359,69.19927
20360,39.705017
20361,32.814297
20362,37.698307
20363,54.069622
20364,66.66815
20365,51.593086
20366,78.178505
20367,57.41158
20368,35.640205
20369,27.220434
20370,40.352615
20371,45.664883
20372,61.04764
20373,47.551735
20374,73.31313
20375,67.70368
20376,34.627815
20377,25.39775
20378,38.631516
20379,49.238785
20380,66.77284
20381,50.606857
20382,75.96464
20383,67.15017
20384,37.5143
20385,30.480324
20386,37.844296
20387,49.181156
20388,64.290565
20389,49.188564
20390,73.8449
20391,71.82957
20392,36.381195
20393,29.014278
20394,35.47688
20395,47.207336
20396,71.38861
20397,49.24697
20398,83.039894
20399,61.255783
20400,36.40185
20401,32.4043
20402,38.269257
20403,46.39151
20404,52.7474
20405,47.39261
20406,62.799465
20407,66.68395
20408,43.04603
20409,33.773453
20410,38.16406
20411,52.718513
20412,67.24179
20413,48.96379
20414,81.285416
20415,65.85426
20416,37.580326
20417,32.375572
20418,38.4471
20419,51.01053
20420,61.191242
20421,51.1948
20422,74.81079
20423,61.88286
20424,31.472507
20425,30.34554
20426,42.746582
20427,53.493916
20428,64.940994
20429,58.945065
20430,74.502205
20431,66.19264
20432,36.1926
20433,31.43316
20434,39.983303
20435,55.330593
20436,66.40921
20437,54.86447
20438,79.73146
20439,64.28265
20440,38.74312
20441,29.92602
20442,38.875618
20443,44.699543
20444,64.2997
20445,45.675533
20446,79.800064
20447,61.255783
20448,36.40185
20449,32.4043
20450,38.269257
20451,46.39151
20452,52.7474
20453,47.39261
20454,62.799465
20455,69.50557
20456,31.925905
20457,27.072012
20458,40.798077
20459,48.410675
20460,64.9655
20461,50.758827
20462,77.6569
20463,63.95765
20464,38.014553
20465,28.309092
20466,41.99444
20467,49.20727
20468,63.23177
20469,50.034557
20470,71.275215
20471,63.95765
20472,38.014553
20473,28.309092
20474,41.99444
20475,49.20727
20476,63.23177
20477,50.034557
20478,71.275215
20479,62.024494
20480,36.104713
20481,33.700348
20482,37.793133
20483,48.90541
20484,60.477943
20485,49.4896
20486,68.59026
20487,67.72169
20488,38.840145
20489,36.01122
20490,38.459267
20491,46.97504
20492,60.2788
20493,47.12588
20494,72.2694
20495,65.13605
20496,33.717445
20497,31.884344
20498,36.162674
20499,53.87114
20500,62.425003
20501,54.243153
20502,75.900986
20503,64.517845
20504,39.881943
20505,35.665855
20506,37.853554
20507,48.574547
20508,57.341125
20509,48.491882
20510,67.540085
20511,65.31038
20512,41.840496
20513,43.172356
20514,37.541546
20515,52.463882
20516,59.21705
20517,60.793858
20518,36.541325
20519,33.82179
20520,45.74158
20521,54.024956
20522,59.18446
20523,57.147533
20524,67.41361
20525,63.844494
20526,34.944855
20527,31.450996
20528,40.20204
20529,51.373768
20530,63.59349
20531,53.525215
20532,78.13655
20533,68.785545
20534,46.360786
20535,45.708782
20536,43.40457
20537,56.41874
20538,61.07011
20539,54.859318
20540,67.85305
20541,51.124577
20542,41.539017
20543,31.062756
20544,43.45512
20545,39.01481
20546,58.89239
20547,40.21588
20548,69.397385
20549,67.24772
20550,39.281826
20551,29.308918
20552,39.7496
20553,55.57983
20554,65.882904
20555,53.149506
20556,80.860725
20557,43.19488
20558,40.633064
20559,20.347742
20560,42.900227
20561,26.366152
20562,59.92329
20563,28.975332
20564,71.407425
20565,65.26993
20566,36.51932
20567,30.425291
20568,37.337975
20569,47.61342
20570,62.903587
20571,47.84769
20572,72.27228
20573,66.03333
20574,38.584816
20575,28.628075
20576,35.286247
20577,46.538242
20578,72.28412
20579,45.714066
20580,84.522255
20581,62.744534
20582,39.988316
20583,30.836645
20584,43.278305
20585,41.64396
20586,58.9075
20587,46.58413
20588,77.61891
20589,65.66128
20590,35.468964
20591,28.99887
20592,39.433884
20593,51.673286
20594,61.06407
20595,51.817913
20596,69.28961
20597,65.17107
20598,39.078682
20599,30.919315
20600,38.02812
20601,46.31043
20602,66.749664
20603,46.71508
20604,74.89789
20605,65.0253
20606,41.471428
20607,33.535862
20608,43.816437
20609,49.85438
20610,64.05941
20611,50.56546
20612,75.159294
20613,64.14372
20614,40.830914
20615,29.598728
20616,36.62456
20617,45.288353
20618,68.05206
20619,41.96958
20620,82.77895
20621,67.78627
20622,35.70196
20623,28.656233
20624,37.906715
20625,47.036484
20626,59.88889
20627,49.925552
20628,79.03621
20629,68.58413
20630,35.533096
20631,25.907028
20632,36.042496
20633,49.469963
20634,63.302555
20635,50.000145
20636,70.84283
20637,63.40292
20638,39.96723
20639,28.017038
20640,39.29059
20641,49.645157
20642,64.63792
20643,50.162243
20644,77.000534
20645,57.37998
20646,34.70708
20647,28.084705
20648,41.583828
20649,40.98721
20650,63.060303
20651,46.31436
20652,73.67422
20653,66.35863
20654,33.539623
20655,30.89699
20656,31.437113
20657,47.067688
20658,56.772446
20659,47.083397
20660,66.86047
20661,61.842403
20662,37.650448
20663,27.294527
20664,37.137066
20665,42.111187
20666,60.821987
20667,43.127518
20668,71.86021
20669,65.734695
20670,36.244644
20671,30.280151
20672,34.41689
20673,46.630497
20674,63.47776
20675,48.10824
20676,74.45202
20677,66.702446
20678,34.172714
20679,28.055147
20680,38.573322
20681,48.145844
20682,65.64661
20683,50.78579
20684,77.419716
20685,69.292206
20686,42.477375
20687,32.821835
20688,38.140152
20689,48.162792
20690,64.384865
20691,46.12592
20692,79.390205
20693,65.51393
20694,40.375732
20695,30.328575
20696,36.456257
20697,48.654156
20698,66.401245
20699,46.36238
20700,77.346
20701,64.90739
20702,36.64916
20703,30.809416
20704,39.19446
20705,49.664017
20706,65.80877
20707,50.747097
20708,75.34695
20709,61.576992
20710,35.538403
20711,30.324623
20712,42.470257
20713,50.145767
20714,66.95412
20715,53.243683
20716,77.07883
20717,71.15281
20718,36.12787
20719,27.236458
20720,38.5501
20721,46.96568
20722,63.89183
20723,47.849846
20724,75.13993
20725,65.76334
20726,37.82568
20727,30.097015
20728,35.956898
20729,49.702793
20730,62.13657
20731,48.36112
20732,74.93762
20733,59.987488
20734,35.587387
20735,33.695732
20736,36.089878
20737,50.00461
20738,52.970387
20739,49.88631
20740,62.27327
20741,62.800304
20742,46.512234
20743,29.155437
20744,40.49279
20745,58.92754
20746,59.03839
20747,52.09052
20748,80.565445
20749,62.113777
20750,38.740685
20751,26.313456
20752,42.424797
20753,45.542194
20754,64.60756
20755,46.88258
20756,76.487724
20757,65.99849
20758,40.334076
20759,30.943823
20760,38.790615
20761,50.416332
20762,65.3979
20763,49.66887
20764,75.216324
20765,62.02545
20766,38.23059
20767,25.345524
20768,36.050358
20769,40.799416
20770,60.240765
20771,40.290474
20772,74.17551
20773,64.10171
20774,41.94193
20775,32.58445
20776,41.105675
20777,45.47117
20778,64.77785
20779,45.26605
20780,75.51991
20781,64.778145
20782,37.296745
20783,30.357956
20784,39.40355
20785,52.67849
20786,62.625763
20787,52.5126
20788,82.08717
20789,66.9876
20790,37.16269
20791,30.816452
20792,36.776283
20793,49.90062
20794,65.97553
20795,49.083466
20796,76.71214
20797,65.807304
20798,38.58807
20799,28.810751
20800,34.80165
20801,45.59926
20802,64.19454
20803,44.570118
20804,72.76242
20805,66.92891
20806,35.510338
20807,29.22674
20808,38.547607
20809,51.985325
20810,69.0913
20811,52.33595
20812,78.823265
20813,65.637215
20814,36.932053
20815,31.240557
20816,36.016327
20817,49.39414
20818,60.376102
20819,47.674335
20820,77.591125
20821,62.309967
20822,39.77194
20823,31.466457
20824,36.28603
20825,43.08309
20826,56.22893
20827,41.41485
20828,67.45216
20829,65.592384
20830,36.675877
20831,28.308613
20832,38.181114
20833,50.211792
20834,64.94473
20835,49.51784
20836,78.8112
20837,66.49442
20838,39.304146
20839,26.811
20840,39.325737
20841,44.54918
20842,61.94359
20843,44.302967
20844,79.67951
20845,66.30128
20846,39.049484
20847,30.123713
20848,41.954945
20849,50.80996
20850,69.21583
20851,51.82867
20852,76.928986
20853,66.31933
20854,37.75899
20855,30.34222
20856,41.439938
20857,49.51738
20858,62.232113
20859,50.063484
20860,72.549446
20861,61.526375
20862,40.926624
20863,33.88707
20864,38.28404
20865,46.432102
20866,62.395714
20867,45.94757
20868,71.049995
20869,65.4847
20870,34.487
20871,27.791237
20872,36.404217
20873,47.985096
20874,66.653435
20875,49.362896
20876,76.76462
20877,66.49582
20878,34.639797
20879,26.914833
20880,41.408348
20881,54.765316
20882,68.64008
20883,55.730423
20884,84.782394
20885,71.83145
20886,38.76377
20887,29.067684
20888,41.067387
20889,49.30911
20890,73.19014
20891,52.674892
20892,87.52259
20893,65.872025
20894,41.618973
20895,30.239798
20896,39.660248
20897,45.884403
20898,68.10549
20899,45.125454
20900,80.25667
20901,65.01621
20902,36.89079
20903,29.206366
20904,37.48446
20905,47.391808
20906,58.039604
20907,47.273907
20908,74.44833
20909,61.885857
20910,37.98882
20911,30.543362
20912,42.12189
20913,49.899372
20914,63.911263
20915,51.768787
20916,72.92949
20917,67.40001
20918,38.045948
20919,26.790962
20920,38.924015
20921,48.029
20922,58.864273
20923,48.917988
20924,76.87955
20925,62.131382
20926,36.25018
20927,29.888437
20928,38.539722
20929,46.065727
20930,60.440628
20931,46.58327
20932,69.663216
20933,68.19419
20934,32.563957
20935,28.238396
20936,41.32777
20937,47.642635
20938,63.381016
20939,54.228973
20940,82.08344
20941,67.40699
20942,44.03244
20943,32.687576
20944,33.01697
20945,47.424034
20946,66.50937
20947,41.37029
20948,80.46093
20949,67.96123
20950,39.079727
20951,27.232845
20952,42.518837
20953,49.42389
20954,64.65975
20955,51.232
20956,82.98795
20957,66.19351
20958,36.799477
20959,31.197336
20960,37.57436
20961,51.996815
20962,58.18754
20963,53.042652
20964,68.985634
20965,65.08917
20966,37.526443
20967,29.994081
20968,39.152252
20969,49.59512
20970,68.37843
20971,49.882908
20972,77.44552
20973,57.849762
20974,35.414448
20975,28.232327
20976,47.85917
20977,44.57334
20978,63.11646
20979,52.583145
20980,80.90729
20981,65.49808
20982,39.061928
20983,29.782463
20984,37.676136
20985,45.49723
20986,65.257034
20987,45.415054
20988,74.030716
20989,64.35178
20990,33.923767
20991,31.303093
20992,34.541718
20993,48.12152
20994,55.178158
20995,48.255474
20996,64.39616
20997,66.65311
20998,32.87714
20999,29.67446
21000,34.941383
21001,49.928665
21002,63.328117
21003,50.500877
21004,76.76635
21005,65.07078
21006,36.82205
21007,33.840183
21008,32.52129
21009,48.315765
21010,57.328846
21011,44.844776
21012,65.51489
21013,65.56427
21014,38.987514
21015,31.395775
21016,39.062992
21017,49.380035
21018,66.256004
21019,49.145138
21020,81.61773
21021,68.024055
21022,37.733273
21023,29.35793
21024,37.89969
21025,45.681305
21026,66.92762
21027,46.86186
21028,78.24433
21029,66.23202
21030,36.8957
21031,32.38345
21032,39.124775
21033,40.52163
21034,53.155964
21035,44.421684
21036,80.53839
21037,69.168205
21038,38.715416
21039,33.81644
21040,36.217117
21041,50.93479
21042,61.49039
21043,50.83191
21044,73.75078
21045,66.24792
21046,35.609802
21047,28.159624
21048,36.80214
21049,51.03111
21050,60.17637
21051,50.754974
21052,75.06435
21053,54.49734
21054,37.448994
21055,19.704622
21056,32.201992
21057,33.24909
21058,59.45828
21059,31.161753
21060,71.80644
21061,66.09595
21062,37.904243
21063,29.360987
21064,38.726917
21065,49.27823
21066,68.3083
21067,48.92313
21068,80.62488
21069,63.606472
21070,36.471268
21071,28.189045
21072,39.735962
21073,46.25013
21074,68.6326
21075,48.602226
21076,80.368225
21077,66.96742
21078,38.779892
21079,28.604689
21080,38.923615
21081,49.8634
21082,71.31572
21083,48.512554
21084,80.93489
21085,65.178856
21086,33.951027
21087,32.13912
21088,47.86574
21089,60.075024
21090,63.44259
21091,63.72764
21092,72.64941
21093,43.253437
21094,43.082523
21095,16.291063
21096,49.070244
21097,27.815554
21098,66.63878
21099,31.290966
21100,78.82567
21101,67.93786
21102,35.197067
21103,29.55336
21104,37.572433
21105,51.41609
21106,68.193405
21107,52.095848
21108,78.4383
21109,61.494812
21110,38.03326
21111,33.268276
21112,38.2112
21113,47.718216
21114,60.00189
21115,48.35483
21116,67.89463
21117,66.05059
21118,39.547134
21119,29.613201
21120,40.75017
21121,47.49242
21122,67.90824
21123,48.65237
21124,78.59492
21125,65.16994
21126,45.039654
21127,32.718525
21128,37.114624
21129,45.743313
21130,62.735115
21131,43.669407
21132,73.63789
21133,64.77782
21134,36.932396
21135,30.12765
21136,38.51272
21137,48.51795
21138,67.07944
21139,49.347782
21140,76.86152
21141,66.1576
21142,29.358618
21143,29.505383
21144,31.872906
21145,45.057266
21146,59.330784
21147,48.994484
21148,73.14367
21149,62.15078
21150,36.35026
21151,26.571941
21152,39.462406
21153,45.764244
21154,66.16905
21155,47.20294
21156,78.480804
21157,68.433624
21158,33.686665
21159,30.664408
21160,38.46359
21161,52.26682
21162,62.52853
21163,54.325882
21164,75.23278
21165,68.36065
21166,38.471657
21167,30.94375
21168,36.68084
21169,51.78082
21170,67.020134
21171,49.925144
21172,76.16335
21173,65.71272
21174,37.592552
21175,30.548702
21176,38.265034
21177,49.78567
21178,68.25583
21179,49.26028
21180,82.137184
21181,60.443604
21182,36.320198
21183,23.957727
21184,39.79413
21185,39.97756
21186,68.035614
21187,40.21237
21188,80.645775
21189,65.58463
21190,44.52303
21191,30.789291
21192,38.948364
21193,44.562473
21194,71.7087
21195,41.28551
21196,81.62573
21197,67.04193
21198,36.191063
21199,28.431107
21200,37.18719
21201,47.538258
21202,70.29404
21203,49.802437
21204,81.07981
21205,66.241615
21206,40.52751
21207,28.316187
21208,38.21721
21209,51.646065
21210,65.37517
21211,50.431488
21212,76.95044
21213,66.220276
21214,39.195976
21215,31.82245
21216,38.95111
21217,48.1124
21218,60.73862
21219,48.04534
21220,71.344
21221,66.94918
21222,38.203083
21223,28.45095
21224,38.010014
21225,51.63919
21226,66.0613
21227,51.181274
21228,76.45802
21229,66.45638
21230,39.589954
21231,26.378134
21232,40.410877
21233,47.11211
21234,62.55822
21235,47.38109
21236,73.6685
21237,68.78523
21238,40.46592
21239,26.664974
21240,39.10586
21241,46.598267
21242,61.493965
21243,46.365536
21244,78.50343
21245,65.586945
21246,35.041527
21247,25.803158
21248,38.063847
21249,41.915386
21250,60.95095
21251,44.55459
21252,77.07511
21253,66.92984
21254,36.632626
21255,28.76046
21256,38.727192
21257,48.69264
21258,64.807175
21259,49.25987
21260,76.04326
21261,50.481007
21262,39.518757
21263,20.106543
21264,38.998737
21265,33.176323
21266,60.000393
21267,31.96306
21268,69.045845
21269,65.98597
21270,41.21597
21271,29.602829
21272,41.61766
21273,52.257538
21274,72.17219
21275,50.122402
21276,91.04085
21277,67.48524
21278,37.209335
21279,31.291128
21280,38.416573
21281,52.725887
21282,60.425873
21283,53.17959
21284,73.20018
21285,69.598625
21286,41.48266
21287,25.768404
21288,43.95676
21289,46.915504
21290,62.33763
21291,47.938717
21292,75.617256
21293,69.23193
21294,38.647236
21295,27.601992
21296,38.8394
21297,49.028713
21298,65.289795
21299,49.285797
21300,79.36975
21301,64.984955
21302,37.020172
21303,31.135431
21304,37.094376
21305,53.101933
21306,66.2955
21307,51.197025
21308,78.03388
21309,64.88349
21310,33.92639
21311,27.234224
21312,42.015717
21313,52.4067
21314,63.23493
21315,54.093204
21316,72.24509
21317,61.882267
21318,37.957676
21319,21.918417
21320,30.164062
21321,38.421005
21322,51.19743
21323,34.039658
21324,71.37522
21325,65.73929
21326,39.38838
21327,30.502512
21328,39.21259
21329,45.42937
21330,65.773254
21331,45.313778
21332,79.67572
21333,65.984
21334,35.83657
21335,29.593649
21336,35.803608
21337,50.26045
21338,61.5319
21339,49.890865
21340,74.150116
21341,63.096096
21342,38.731007
21343,27.861244
21344,41.007328
21345,49.358593
21346,65.0547
21347,49.757072
21348,78.8341
21349,65.64341
21350,39.743553
21351,29.84467
21352,39.250923
21353,43.642944
21354,65.44579
21355,43.931473
21356,80.23576
21357,65.49297
21358,40.10661
21359,28.576887
21360,37.869595
21361,44.619827
21362,65.45174
21363,44.90861
21364,80.784355
21365,66.0716
21366,41.702114
21367,33.2717
21368,41.126633
21369,44.80252
21370,66.17221
21371,45.58998
21372,79.239044
21373,40.778973
21374,40.7847
21375,2.2604353
21376,40.45808
21377,16.298973
21378,71.7921
21379,17.918594
21380,88.73193
21381,61.861416
21382,41.847134
21383,36.309906
21384,37.095795
21385,47.381695
21386,58.25038
21387,45.470272
21388,67.931175
21389,72.22764
21390,35.062653
21391,26.884203
21392,31.437834
21393,47.08784
21394,70.565895
21395,46.006702
21396,83.659584
21397,66.39593
21398,34.671978
21399,31.236254
21400,39.037857
21401,52.932472
21402,67.82544
21403,53.419533
21404,78.69176
21405,68.918625
21406,34.961693
21407,28.983955
21408,38.197964
21409,49.12411
21410,67.55518
21411,52.241917
21412,77.56172
21413,62.995476
21414,37.413765
21415,28.637192
21416,38.377094
21417,44.55113
21418,63.269875
21419,44.36574
21420,71.96205
21421,66.85047
21422,38.026817
21423,31.05657
21424,36.50135
21425,51.065804
21426,65.58064
21427,49.996346
21428,76.75672
21429,59.665882
21430,40.602467
21431,31.693476
21432,41.80941
21433,46.315063
21434,65.62686
21435,46.83718
21436,73.262314
21437,68.01115
21438,38.94087
21439,33.423515
21440,36.683167
21441,54.05384
21442,58.821957
21443,53.50314
21444,71.52608
21445,66.918915
21446,40.64876
21447,30.409758
21448,38.238873
21449,44.160038
21450,62.25987
21451,43.010036
21452,79.50174
21453,66.18819
21454,38.16334
21455,28.94943
21456,36.473557
21457,46.32923
21458,55.761734
21459,46.436
21460,72.74061
21461,65.52564
21462,37.074707
21463,30.976233
21464,38.313957
21465,49.544205
21466,61.921017
21467,49.94615
21468,71.72377
21469,66.991455
21470,37.876434
21471,30.737858
21472,39.313316
21473,53.67579
21474,66.69033
21475,51.921345
21476,84.72791
21477,65.139145
21478,36.77055
21479,28.780186
21480,41.098362
21481,51.120987
21482,56.731827
21483,52.952385
21484,76.57903
21485,65.20783
21486,37.292698
21487,32.412304
21488,37.168884
21489,49.811436
21490,62.513317
21491,49.853027
21492,73.589516
21493,66.69218
21494,39.1361
21495,29.78146
21496,37.312057
21497,45.7755
21498,64.407715
21499,44.413296
21500,79.14399
21501,65.078835
21502,42.498585
21503,33.361637
21504,35.83114
21505,44.2284
21506,68.04003
21507,42.12443
21508,78.335
21509,67.102066
21510,37.929413
21511,28.82586
21512,39.923023
21513,47.42583
21514,62.203995
21515,48.18104
21516,77.31292
21517,60.061638
21518,40.839176
21519,28.862173
21520,39.949734
21521,44.885506
21522,64.19576
21523,43.870407
21524,74.22847
21525,67.17114
21526,38.74031
21527,30.35415
21528,38.54696
21529,49.248974
21530,62.385117
21531,49.049187
21532,75.713776
21533,66.51869
21534,39.762592
21535,31.982534
21536,40.18958
21537,51.2333
21538,62.237545
21539,51.022224
21540,74.66551
21541,64.375015
21542,34.92094
21543,32.8908
21544,37.53555
21545,51.317543
21546,58.316387
21547,51.835384
21548,68.71254
21549,67.85796
21550,39.142174
21551,34.72043
21552,33.604633
21553,51.965466
21554,60.546856
21555,47.13682
21556,74.887985
21557,66.67265
21558,39.602997
21559,24.22841
21560,37.812992
21561,42.84172
21562,68.991714
21563,42.99183
21564,80.91502
21565,68.261406
21566,32.574783
21567,34.04604
21568,38.301212
21569,60.262375
21570,66.67478
21571,57.185177
21572,84.92708
21573,67.502846
21574,39.422794
21575,30.267988
21576,36.269653
21577,44.646618
21578,66.911644
21579,44.700546
21580,77.589714
21581,66.90569
21582,41.14312
21583,30.429459
21584,37.351177
21585,45.213932
21586,60.260586
21587,44.15905
21588,71.05268
21589,65.864
21590,43.284977
21591,30.515388
21592,37.35913
21593,44.523865
21594,65.61185
21595,42.25569
21596,85.5442
21597,62.049297
21598,36.43493
21599,29.752037
21600,36.77131
21601,47.26124
21602,63.164764
21603,47.195297
21604,72.38208
21605,63.590195
21606,37.86445
21607,28.525866
21608,41.585262
21609,47.734184
21610,67.694275
21611,49.263874
21612,80.233635
21613,65.138885
21614,36.992306
21615,26.951529
21616,36.69086
21617,48.19447
21618,66.593925
21619,47.263645
21620,77.71991
21621,69.79786
21622,33.8792
21623,34.340836
21624,35.06535
21625,60.645702
21626,66.197075
21627,58.95257
21628,78.74584
21629,65.33203
21630,35.735935
21631,27.03085
21632,37.755013
21633,46.312912
21634,57.327118
21635,47.265602
21636,72.076195
21637,63.353237
21638,43.22421
21639,28.421186
21640,34.409992
21641,36.128998
21642,56.341496
21643,32.538177
21644,74.02127
21645,64.33554
21646,40.296783
21647,28.235933
21648,40.508907
21649,44.035564
21650,67.19068
21651,45.188747
21652,76.624985
21653,65.7967
21654,38.21209
21655,30.602795
21656,35.07648
21657,46.208294
21658,61.86514
21659,44.53646
21660,73.55104
21661,68.2596
21662,35.753136
21663,27.919292
21664,37.975502
21665,51.093468
21666,63.569
21667,50.734516
21668,78.08629
21669,81.51225
21670,47.529095
21671,48.408695
21672,38.5151
21673,65.06112
21674,72.96645
21675,59.975166
21676,89.06087
21677,63.703148
21678,35.120125
21679,33.33268
21680,35.93291
21681,46.58935
21682,55.033485
21683,48.65483
21684,67.425995
21685,64.392075
21686,37.055767
21687,28.528006
21688,38.959896
21689,48.25866
21690,64.727776
21691,48.07192
21692,76.03708
21693,66.54331
21694,36.201263
21695,29.63596
21696,39.03261
21697,49.21081
21698,67.487144
21699,50.636013
21700,78.82743
21701,70.485016
21702,40.239555
21703,28.586485
21704,35.581104
21705,43.848103
21706,71.48328
21707,43.8393
21708,85.25454
21709,65.8145
21710,41.104958
21711,25.628895
21712,39.253456
21713,48.5234
21714,67.25712
21715,48.286903
21716,80.91381
21717,63.934418
21718,36.283306
21719,26.796854
21720,38.05061
21721,47.29554
21722,63.43636
21723,46.95572
21724,75.17704
21725,64.65648
21726,32.8713
21727,32.213226
21728,40.071083
21729,58.46513
21730,63.347496
21731,57.377045
21732,73.50487
21733,61.352722
21734,41.215733
21735,30.942217
21736,37.647606
21737,38.9427
21738,59.6491
21739,39.743824
21740,73.01987
21741,61.950462
21742,39.403423
21743,22.230356
21744,37.852177
21745,39.434414
21746,69.088455
21747,38.184006
21748,80.9346
21749,64.918526
21750,34.404556
21751,29.69237
21752,40.392822
21753,54.559383
21754,62.453358
21755,54.35577
21756,73.897354
21757,64.45684
21758,40.09097
21759,29.287222
21760,40.843174
21761,46.29033
21762,69.038155
21763,48.025608
21764,80.405495
21765,70.60019
21766,40.89875
21767,29.727829
21768,36.685734
21769,47.64981
21770,67.72376
21771,46.467857
21772,80.075905
21773,66.480965
21774,36.130775
21775,30.707615
21776,40.67659
21777,51.542313
21778,61.988445
21779,52.93055
21780,74.196
21781,67.205185
21782,37.27974
21783,31.371798
21784,43.969933
21785,48.042618
21786,60.400257
21787,51.916233
21788,75.69004
21789,45.342224
21790,42.688175
21791,23.811281
21792,34.99327
21793,23.648174
21794,58.97562
21795,24.847723
21796,70.20255
21797,63.609432
21798,32.824837
21799,28.42585
21800,32.846424
21801,46.831654
21802,61.342266
21803,46.813118
21804,79.55857
21805,66.997475
21806,42.57113
21807,31.534845
21808,37.69574
21809,44.154408
21810,55.268562
21811,41.454334
21812,81.4283
21813,63.250004
21814,41.354614
21815,29.781513
21816,43.649387
21817,48.01932
21818,68.059265
21819,50.01586
21820,83.76261
21821,66.37465
21822,40.846184
21823,29.414175
21824,35.98122
21825,45.868244
21826,69.36224
21827,45.113945
21828,77.68181
21829,65.6646
21830,40.63012
21831,31.815296
21832,38.95307
21833,53.561226
21834,67.57921
21835,50.31414
21836,79.947365
21837,65.14487
21838,38.532803
21839,30.8635
21840,37.74682
21841,47.669304
21842,66.641884
21843,46.61668
21844,82.25884
21845,45.163345
21846,43.601852
21847,21.65913
21848,45.762978
21849,30.273418
21850,64.065834
21851,33.575275
21852,77.42356
21853,62.929317
21854,39.106434
21855,31.739101
21856,40.92988
21857,45.932434
21858,60.34359
21859,46.554237
21860,71.75838
21861,65.5391
21862,39.034466
21863,31.560999
21864,39.18741
21865,48.66189
21866,56.103107
21867,48.061035
21868,77.651024
21869,65.366844
21870,37.38958
21871,30.057884
21872,40.126293
21873,47.06138
21874,59.90762
21875,48.088387
21876,71.384155
21877,66.639626
21878,40.342896
21879,28.639324
21880,39.19056
21881,48.943897
21882,65.71648
21883,49.12414
21884,75.18079
21885,69.153015
21886,42.911972
21887,30.305618
21888,39.18271
21889,45.70907
21890,65.04516
21891,43.759792
21892,78.61116
21893,64.439384
21894,36.418587
21895,30.352144
21896,40.33294
21897,50.02471
21898,59.94502
21899,50.62588
21900,74.03621
21901,65.14167
21902,36.35031
21903,29.785917
21904,41.217484
21905,50.947464
21906,64.85312
21907,51.65026
21908,79.91736
21909,62.3655
21910,38.740723
21911,35.21465
21912,36.542046
21913,46.493713
21914,55.520138
21915,46.717766
21916,63.39028
21917,67.613144
21918,37.416306
21919,35.742985
21920,33.39487
21921,50.379074
21922,60.019882
21923,45.7957
21924,71.506294
21925,65.39556
21926,42.98727
21927,31.838816
21928,39.430237
21929,47.92542
21930,65.34541
21931,44.900826
21932,76.13957
21933,68.455925
21934,39.070057
21935,28.646515
21936,37.644028
21937,49.03013
21938,68.37575
21939,47.247566
21940,79.952896
21941,64.85838
21942,39.559578
21943,29.590342
21944,40.440895
21945,49.05987
21946,66.80491
21947,49.72035
21948,77.86368
21949,64.62867
21950,39.38179
21951,30.082556
21952,34.409374
21953,44.915745
21954,66.887566
21955,42.849903
21956,77.0141
21957,62.757088
21958,34.921787
21959,31.75928
21960,39.927586
21961,58.343544
21962,63.075947
21963,55.94594
21964,80.12324
21965,67.20265
21966,37.96919
21967,29.848524
21968,35.725903
21969,55.1573
21970,62.254417
21971,52.893993
21972,79.80117
21973,67.96842
21974,40.04163
21975,30.133364
21976,37.524857
21977,48.308907
21978,58.744213
21979,46.58997
21980,74.469826
21981,63.86087
21982,39.184704
21983,31.189505
21984,37.21958
21985,47.202972
21986,65.44162
21987,46.20073
21988,75.13088
21989,63.14018
21990,37.11357
21991,30.552107
21992,36.31878
21993,44.25182
21994,63.38418
21995,44.823128
21996,73.09834
21997,65.80911
21998,37.071613
21999,30.613733
22000,39.735466
22001,46.302902
22002,66.52707
22003,48.91157
22004,86.99304
22005,68.48015
22006,39.98735
22007,27.627943
22008,41.64506
22009,46.67947
22010,63.535378
22011,47.333492
22012,76.10298
22013,68.28709
22014,39.4941
22015,29.990845
22016,37.398674
22017,49.233543
22018,62.616253
22019,48.32315
22020,79.069824
22021,65.82447
22022,40.425137
22023,30.985985
22024,36.012684
22025,47.507053
22026,66.07893
22027,45.51466
22028,78.463066
22029,62.426563
22030,38.100464
22031,29.646048
22032,41.834553
22033,54.784786
22034,64.245094
22035,56.332237
22036,77.20874
22037,67.820435
22038,37.34484
22039,30.58521
22040,34.45572
22041,49.451797
22042,65.198875
22043,47.878185
22044,78.19048
22045,63.589157
22046,38.536495
22047,31.95905
22048,40.56818
22049,49.5244
22050,63.084717
22051,50.644653
22052,76.10605
22053,69.480354
22054,38.802547
22055,27.333912
22056,38.300285
22057,49.093002
22058,74.16478
22059,49.85775
22060,83.97884
22061,65.301384
22062,34.53787
22063,27.599178
22064,41.980446
22065,57.268856
22066,67.75078
22067,56.249237
22068,81.68514
22069,62.877068
22070,40.751694
22071,30.387228
22072,41.29448
22073,49.82118
22074,66.85572
22075,49.289158
22076,77.85734
22077,63.20113
22078,39.247684
22079,29.55482
22080,41.160007
22081,48.17185
22082,65.89896
22083,48.66222
22084,76.78506
22085,63.37386
22086,38.45264
22087,32.266876
22088,39.59574
22089,53.340252
22090,65.74859
22091,52.709885
22092,79.07748
22093,64.13997
22094,40.97691
22095,31.65944
22096,37.520973
22097,48.3594
22098,62.095997
22099,46.172077
22100,75.87885
22101,67.530045
22102,36.36771
22103,30.021631
22104,39.93685
22105,48.820236
22106,65.8484
22107,50.13305
22108,77.078514
22109,67.76161
22110,39.525154
22111,32.423485
22112,40.31453
22113,52.03146
22114,64.39583
22115,51.590534
22116,73.801254
22117,67.877884
22118,37.62607
22119,30.983826
22120,37.574066
22121,46.27786
22122,62.0958
22123,47.967064
22124,82.99637
22125,65.78638
22126,38.665752
22127,28.50301
22128,36.538773
22129,50.404408
22130,62.236427
22131,48.29517
22132,82.30416
22133,67.97953
22134,41.75326
22135,33.234833
22136,39.773956
22137,52.927876
22138,62.28111
22139,51.748642
22140,73.55916
22141,63.386864
22142,38.474766
22143,32.06396
22144,39.144493
22145,46.304188
22146,63.13727
22147,46.993374
22148,75.37569
22149,61.181694
22150,34.415695
22151,24.630583
22152,39.431126
22153,51.78324
22154,64.7518
22155,53.767597
22156,78.34152
22157,64.78342
22158,40.880627
22159,31.298216
22160,40.05705
22161,48.23013
22162,61.1361
22163,47.057575
22164,71.53706
22165,68.340836
22166,36.899597
22167,27.997747
22168,34.766365
22169,47.790546
22170,62.284054
22171,46.136
22172,76.6806
22173,64.80436
22174,40.76579
22175,30.648985
22176,37.357243
22177,47.672096
22178,66.752014
22179,45.523857
22180,77.51676
22181,65.45842
22182,39.082287
22183,30.129576
22184,39.57828
22185,47.408928
22186,59.364666
22187,47.17358
22188,75.87992
22189,65.78308
22190,37.61876
22191,31.940847
22192,40.901375
22193,50.6582
22194,65.346275
22195,52.044186
22196,76.53173
22197,68.72987
22198,36.3547
22199,27.098509
22200,32.778873
22201,46.502686
22202,56.59423
22203,45.0961
22204,66.94749
22205,65.160965
22206,38.953934
22207,30.275322
22208,36.832268
22209,46.58101
22210,59.894478
22211,45.697456
22212,72.6108
22213,68.108955
22214,37.443985
22215,28.831055
22216,37.140953
22217,46.06273
22218,67.931725
22219,47.147697
22220,79.590164
22221,68.55442
22222,40.2438
22223,29.531494
22224,36.908806
22225,47.637783
22226,69.59299
22227,45.86672
22228,81.42139
22229,67.60927
22230,36.42782
22231,32.653114
22232,37.358
22233,49.54851
22234,67.22022
22235,50.185345
22236,76.40442
22237,68.48141
22238,36.19525
22239,27.356403
22240,37.082645
22241,51.783855
22242,64.587
22243,50.645336
22244,80.81778
22245,65.33855
22246,37.136406
22247,31.387896
22248,44.340176
22249,52.211052
22250,65.98921
22251,53.77557
22252,78.069664
22253,65.052666
22254,39.107258
22255,27.354286
22256,40.340855
22257,49.752388
22258,68.48767
22259,48.953457
22260,82.070244
22261,65.476776
22262,38.48724
22263,34.179848
22264,39.303783
22265,52.73373
22266,59.952087
22267,51.229343
22268,70.666374
22269,64.02769
22270,36.144073
22271,31.441753
22272,35.489517
22273,46.542206
22274,62.617523
22275,46.66531
22276,74.16486
22277,63.534546
22278,35.491993
22279,29.534243
22280,41.547173
22281,51.58625
22282,64.26792
22283,53.159946
22284,75.595375
22285,62.510723
22286,38.10174
22287,31.248856
22288,39.719643
22289,47.044483
22290,58.206333
22291,48.24851
22292,73.11088
22293,62.544945
22294,37.14621
22295,30.277634
22296,42.228565
22297,46.602947
22298,66.20938
22299,50.120445
22300,77.55878
22301,48.104755
22302,43.72122
22303,25.142557
22304,41.11931
22305,29.391783
22306,65.51425
22307,29.901329
22308,73.01364
22309,67.67024
22310,39.191948
22311,33.20949
22312,39.377087
22313,44.338654
22314,63.872166
22315,43.75463
22316,78.10052
22317,64.81365
22318,35.334904
22319,28.90338
22320,36.24816
22321,48.41723
22322,59.771923
22323,48.357777
22324,74.24794
22325,71.05276
22326,33.311893
22327,30.84633
22328,34.57793
22329,53.882374
22330,62.160084
22331,54.39764
22332,81.25731
22333,57.74972
22334,41.45163
22335,32.17065
22336,42.629505
22337,44.38468
22338,60.921307
22339,44.671642
22340,69.647415
22341,63.628117
22342,30.855116
22343,27.019587
22344,39.464035
22345,49.943794
22346,63.566826
22347,55.03285
22348,75.67235
22349,62.988377
22350,36.59056
22351,29.54324
22352,36.244667
22353,46.59206
22354,65.03385
22355,46.912266
22356,77.896194
22357,65.62378
22358,34.27174
22359,29.085442
22360,43.319313
22361,55.193737
22362,64.55818
22363,57.322083
22364,75.77634
22365,66.817696
22366,40.933926
22367,30.754639
22368,40.13712
22369,48.191486
22370,72.09909
22371,48.15049
22372,82.49363
22373,70.56272
22374,35.747955
22375,24.592583
22376,42.891563
22377,49.289886
22378,78.1262
22379,53.323307
22380,87.31254
22381,65.53617
22382,37.539677
22383,31.311125
22384,38.60503
22385,47.75965
22386,57.754494
22387,48.993504
22388,71.26
22389,66.29075
22390,38.580162
22391,27.816347
22392,38.164772
22393,46.397377
22394,65.68847
22395,46.472702
22396,78.02718
22397,42.05272
22398,40.357227
22399,21.681238
22400,43.043056
22401,29.845146
22402,59.889942
22403,32.49276
22404,69.01865
22405,62.95614
22406,32.5597
22407,32.05763
22408,40.976234
22409,57.436287
22410,59.850933
22411,59.674885
22412,71.8612
22413,62.785065
22414,31.8338
22415,26.227516
22416,39.917816
22417,45.259953
22418,62.611877
22419,49.496574
22420,75.057144
22421,65.78296
22422,35.498913
22423,27.978712
22424,42.04597
22425,56.691074
22426,69.22994
22427,57.60221
22428,80.33228
22429,64.69321
22430,37.874985
22431,30.699238
22432,38.112362
22433,47.506836
22434,65.440674
22435,47.366383
22436,75.22144
22437,61.743515
22438,34.648285
22439,32.03763
22440,42.96594
22441,52.58006
22442,62.943977
22443,56.458206
22444,69.70514
22445,65.76061
22446,38.09715
22447,29.81733
22448,39.480095
22449,49.09562
22450,66.370125
22451,48.94171
22452,74.95586
22453,69.63737
22454,43.43362
22455,31.081633
22456,36.992672
22457,49.81938
22458,72.38587
22459,47.00552
22460,87.138306
22461,61.505886
22462,38.97466
22463,30.847387
22464,42.15098
22465,44.194973
22466,63.891254
22467,45.84053
22468,74.622284
22469,68.76499
22470,33.285896
22471,31.040733
22472,36.758965
22473,52.35284
22474,66.06863
22475,54.173164
22476,83.314
22477,61.17264
22478,36.077206
22479,29.434418
22480,43.665646
22481,61.458748
22482,66.6218
22483,58.660717
22484,84.93864
22485,58.590668
22486,43.61431
22487,35.198162
22488,41.554134
22489,39.667213
22490,62.68105
22491,41.248283
22492,73.20793
22493,61.539734
22494,36.058823
22495,29.94778
22496,39.688442
22497,48.41399
22498,62.067234
22499,49.92246
22500,75.17723
22501,67.15871
22502,30.756824
22503,28.618895
22504,31.693794
22505,48.568054
22506,57.491848
22507,49.32463
22508,76.80465
22509,42.717026
22510,43.123848
22511,24.9076
22512,45.7229
22513,29.293812
22514,62.406326
22515,32.606728
22516,72.83635
22517,62.517456
22518,43.072914
22519,28.902708
22520,36.894363
22521,41.876095
22522,69.57809
22523,39.120457
22524,83.7803
22525,64.39446
22526,35.714825
22527,30.663116
22528,40.4834
22529,47.691025
22530,62.72093
22531,52.890297
22532,77.37505
22533,64.55879
22534,38.434483
22535,28.762697
22536,39.955597
22537,49.189606
22538,67.81792
22539,48.949593
22540,78.432335
22541,66.25923
22542,36.786842
22543,28.86717
22544,38.898197
22545,46.847214
22546,64.9132
22547,47.485664
22548,76.36265
22549,63.851673
22550,39.399662
22551,30.66283
22552,36.621735
22553,49.3576
22554,57.7394
22555,46.995216
22556,77.63895
22557,67.1654
22558,36.856735
22559,31.446156
22560,34.379234
22561,45.391407
22562,60.956448
22563,45.990128
22564,72.42868
22565,63.72771
22566,38.465565
22567,29.44967
22568,37.95369
22569,44.848255
22570,69.04941
22571,45.780087
22572,82.854645
22573,65.282166
22574,34.57125
22575,29.540445
22576,40.77822
22577,51.731388
22578,65.32498
22579,53.642002
22580,74.222824
22581,64.87082
22582,38.508606
22583,25.910063
22584,38.450413
22585,46.612896
22586,67.41243
22587,46.18254
22588,77.29868
22589,64.18985
22590,35.957737
22591,30.228188
22592,39.257534
22593,51.8779
22594,62.602036
22595,53.214214
22596,75.6005
22597,65.92922
22598,35.85344
22599,29.254889
22600,35.845036
22601,46.294464
22602,66.85152
22603,46.445236
22604,78.34315
22605,66.64044
22606,36.949917
22607,31.64477
22608,39.906494
22609,54.094696
22610,65.15337
22611,54.388176
22612,75.746124
22613,70.17857
22614,41.731483
22615,31.36427
22616,32.824932
22617,42.16657
22618,68.26352
22619,40.73173
22620,82.47569
22621,66.38901
22622,38.450523
22623,28.29074
22624,37.802834
22625,47.13097
22626,63.89646
22627,47.101013
22628,78.11806
22629,65.22903
22630,39.046272
22631,29.337084
22632,38.871147
22633,47.15927
22634,62.231163
22635,47.17417
22636,76.16262
22637,64.09078
22638,37.925503
22639,31.606964
22640,36.244102
22641,46.795395
22642,62.88923
22643,49.118702
22644,72.012955
22645,65.93719
22646,37.9767
22647,27.865465
22648,40.357525
22649,47.61583
22650,71.19103
22651,48.140423
22652,81.69331
22653,65.37294
22654,37.14413
22655,30.2394
22656,40.02083
22657,46.34596
22658,65.33063
22659,47.570946
22660,77.7677
22661,69.36192
22662,38.42815
22663,26.887543
22664,38.560886
22665,49.09386
22666,70.87686
22667,49.19537
22668,86.30846
22669,66.010765
22670,38.414654
22671,30.58563
22672,39.954483
22673,49.781845
22674,66.67021
22675,49.841106
22676,76.93524
22677,66.744835
22678,37.942905
22679,30.577217
22680,40.821003
22681,47.930706
22682,64.37627
22683,49.204758
22684,73.9957
22685,61.310257
22686,39.390987
22687,31.00659
22688,39.085777
22689,40.3983
22690,60.452072
22691,42.85433
22692,74.72005
22693,65.415886
22694,34.809444
22695,31.369364
22696,35.256115
22697,48.241917
22698,65.31118
22699,49.863964
22700,78.219124
22701,66.28394
22702,37.584057
22703,28.757383
22704,39.333145
22705,49.6743
22706,67.85738
22707,50.422802
22708,79.83721
22709,64.97632
22710,40.5581
22711,30.844454
22712,36.840157
22713,44.357082
22714,68.323906
22715,44.85304
22716,82.29892
22717,63.751064
22718,38.709877
22719,30.31647
22720,35.956223
22721,45.683445
22722,62.813858
22723,43.864975
22724,77.34839
22725,64.40936
22726,36.39569
22727,34.172222
22728,39.975147
22729,45.813976
22730,63.276344
22731,47.530247
22732,76.1182
22733,42.00042
22734,44.27253
22735,23.964691
22736,44.609108
22737,28.905407
22738,61.94618
22739,32.084415
22740,71.777145
22741,65.23133
22742,37.90082
22743,27.974548
22744,38.50126
22745,43.359604
22746,68.105064
22747,43.676792
22748,79.8865
22749,64.51444
22750,37.369263
22751,30.604853
22752,39.91761
22753,47.397488
22754,61.590736
22755,48.475277
22756,74.979034
22757,62.783405
22758,37.696453
22759,28.96505
22760,36.990868
22761,43.33982
22762,62.73561
22763,42.631325
22764,74.02099
22765,63.38117
22766,37.196053
22767,30.894615
22768,37.79523
22769,47.09884
22770,64.19737
22771,47.59877
22772,74.45896
22773,64.36455
22774,36.723866
22775,30.306072
22776,40.766174
22777,44.66675
22778,68.72939
22779,49.570553
22780,81.248436
22781,64.9041
22782,34.96024
22783,28.808758
22784,40.3676
22785,48.581818
22786,62.800724
22787,49.892807
22788,76.17163
22789,62.644905
22790,37.662582
22791,30.155615
22792,41.26301
22793,49.52528
22794,62.195927
22795,51.10318
22796,78.965096
22797,65.91153
22798,36.934605
22799,30.363895
22800,37.05048
22801,49.49384
22802,69.952484
22803,49.695915
22804,85.48209
22805,65.29218
22806,37.281185
22807,27.565346
22808,39.64288
22809,44.32689
22810,67.644775
22811,48.45682
22812,85.809586
22813,67.11886
22814,42.186333
22815,29.041206
22816,39.124504
22817,47.13309
22818,65.96033
22819,46.406467
22820,79.1723
22821,66.094795
22822,37.778492
22823,31.482517
22824,38.19764
22825,48.87717
22826,63.64151
22827,49.075363
22828,73.96491
22829,64.76917
22830,39.379284
22831,31.75644
22832,36.96749
22833,54.551155
22834,67.0237
22835,52.28191
22836,80.072426
22837,60.547897
22838,37.82119
22839,27.071676
22840,38.87744
22841,43.805664
22842,67.45508
22843,44.725517
22844,76.019325
22845,65.91153
22846,36.934605
22847,30.363895
22848,37.05048
22849,49.49384
22850,69.952484
22851,49.695915
22852,85.48209
22853,66.13372
22854,38.19847
22855,28.183933
22856,35.843616
22857,41.5089
22858,58.230305
22859,41.3653
22860,73.6457
22861,64.44175
22862,38.04825
22863,29.60636
22864,38.891575
22865,48.466362
22866,68.6105
22867,48.77492
22868,76.89502
22869,64.62903
22870,38.18054
22871,31.88675
22872,38.76601
22873,49.787136
22874,65.88293
22875,49.35396
22876,78.54377
22877,65.23592
22878,38.482296
22879,33.23933
22880,35.17076
22881,50.429367
22882,64.02965
22883,48.834175
22884,75.16738
22885,61.333084
22886,37.746624
22887,29.719156
22888,37.954346
22889,46.614296
22890,62.75896
22891,46.012814
22892,74.55301
22893,66.94474
22894,34.919624
22895,32.150127
22896,36.683907
22897,56.009914
22898,62.723907
22899,53.035164
22900,76.78391
22901,66.56664
22902,39.8489
22903,30.427088
22904,39.176987
22905,52.298298
22906,65.35292
22907,51.52892
22908,77.42195
22909,67.72048
22910,37.171528
22911,29.240889
22912,37.81437
22913,48.72274
22914,65.3743
22915,49.14851
22916,77.2889
22917,66.59764
22918,39.805805
22919,27.83137
22920,35.657894
22921,50.344933
22922,69.31315
22923,48.330193
22924,83.286446
22925,62.495693
22926,36.11666
22927,34.456562
22928,40.01886
22929,60.531513
22930,54.400623
22931,61.825523
22932,71.763374
22933,66.84277
22934,36.748844
22935,30.137806
22936,37.130547
22937,46.71124
22938,62.65366
22939,47.746407
22940,75.77831
22941,67.22154
22942,37.52004
22943,28.843397
22944,41.898727
22945,49.674416
22946,64.55131
22947,51.00915
22948,76.90169
22949,66.57897
22950,35.315933
22951,26.577774
22952,39.820972
22953,48.135082
22954,69.487366
22955,50.192394
22956,79.01096
22957,65.12362
22958,39.326324
22959,31.184406
22960,38.966324
22961,47.32401
22962,63.207684
22963,46.649696
22964,72.336
22965,66.959435
22966,39.255054
22967,33.145657
22968,34.666016
22969,46.301067
22970,59.389183
22971,45.394566
22972,70.28361
22973,65.62999
22974,40.062943
22975,31.61855
22976,35.31549
22977,39.59105
22978,67.11475
22979,40.414574
22980,81.50814
22981,68.60712
22982,34.81658
22983,31.649714
22984,32.267567
22985,50.16625
22986,60.36654
22987,46.87114
22988,73.04105
22989,66.39038
22990,42.568977
22991,30.892773
22992,39.573788
22993,45.545223
22994,69.97569
22995,45.34577
22996,82.4046
22997,64.2727
22998,36.20332
22999,31.660223
23000,37.300327
23001,49.199364
23002,67.317444
23003,49.795544
23004,78.93872
23005,67.14706
23006,37.122406
23007,29.606552
23008,35.8792
23009,50.87193
23010,65.34855
23011,48.99267
23012,78.392166
23013,66.253944
23014,37.304535
23015,29.646162
23016,40.55451
23017,49.661816
23018,65.53173
23019,50.306297
23020,75.17941
23021,66.83041
23022,35.320393
23023,26.172958
23024,37.33544
23025,47.547886
23026,63.363792
23027,48.2861
23028,72.83585
23029,67.34131
23030,38.366787
23031,27.705093
23032,36.021255
23033,45.669586
23034,67.944016
23035,44.256813
23036,80.40752
23037,65.19248
23038,35.615704
23039,28.351107
23040,38.262573
23041,45.96186
23042,63.457733
23043,47.151855
23044,76.126045
23045,65.59503
23046,32.510788
23047,27.022882
23048,36.450512
23049,47.7501
23050,60.467117
23051,49.967278
23052,73.44161
23053,64.22479
23054,34.35872
23055,30.61961
23056,38.385666
23057,48.743343
23058,60.173954
23059,50.227444
23060,72.882065
23061,67.856064
23062,34.763306
23063,25.118816
23064,35.067196
23065,47.281185
23066,61.92751
23067,47.82315
23068,78.655685
23069,64.91618
23070,39.79679
23071,30.937637
23072,38.08786
23073,44.696697
23074,62.16538
23075,44.731033
23076,76.43736
23077,65.64936
23078,40.26265
23079,29.645504
23080,40.21133
23081,46.348957
23082,70.49554
23083,46.202293
23084,79.88621
23085,67.59574
23086,39.97554
23087,29.011332
23088,36.694065
23089,48.670986
23090,68.61158
23091,46.57481
23092,83.720665
23093,65.85998
23094,34.713776
23095,28.615105
23096,38.147514
23097,49.061802
23098,65.67965
23099,52.121605
23100,81.665924
23101,65.366066
23102,37.0981
23103,29.225302
23104,35.26014
23105,47.629272
23106,66.67215
23107,46.501934
23108,78.93993
23109,68.42005
23110,32.49329
23111,28.514858
23112,45.656662
23113,56.6676
23114,68.696815
23115,59.946495
23116,81.540306
23117,62.945
23118,34.161106
23119,31.114439
23120,37.666424
23121,50.11078
23122,60.384705
23123,50.48737
23124,71.8552
23125,64.13862
23126,36.295242
23127,31.384502
23128,39.32714
23129,49.703266
23130,59.370754
23131,50.650757
23132,73.94187
23133,65.353424
23134,38.469948
23135,29.499458
23136,38.552845
23137,47.365513
23138,69.37349
23139,47.463135
23140,78.65688
23141,67.48105
23142,35.84548
23143,26.78016
23144,39.04701
23145,50.693077
23146,71.64441
23147,51.359947
23148,84.09969
23149,68.751816
23150,42.057743
23151,29.822886
23152,37.866024
23153,45.036545
23154,66.23687
23155,45.226288
23156,78.59721
23157,68.51945
23158,36.392887
23159,28.53905
23160,33.571297
23161,45.218407
23162,67.18738
23163,44.687225
23164,78.98413
23165,61.70967
23166,33.944626
23167,30.752028
23168,38.57138
23169,46.75831
23170,63.475723
23171,48.36797
23172,73.28962
23173,66.772026
23174,36.951214
23175,29.228212
23176,37.744175
23177,46.740143
23178,62.594913
23179,47.408768
23180,74.89044
23181,65.785355
23182,37.0124
23183,28.981882
23184,37.281948
23185,49.33592
23186,66.96327
23187,48.14152
23188,78.8266
23189,66.870865
23190,36.62209
23191,27.598791
23192,37.793938
23193,53.012344
23194,69.52477
23195,51.645103
23196,80.87159
23197,64.275826
23198,36.38748
23199,25.945463
23200,42.183727
23201,50.432472
23202,70.03446
23203,51.80778
23204,81.80548
23205,64.862
23206,35.460335
23207,30.36623
23208,39.505226
23209,50.75928
23210,64.43239
23211,52.430378
23212,74.44206
23213,57.861897
23214,32.349743
23215,27.458712
23216,41.912266
23217,48.664207
23218,63.39519
23219,52.682175
23220,73.78417
23221,66.448166
23222,37.628605
23223,28.488882
23224,37.721733
23225,47.84314
23226,68.832115
23227,47.702847
23228,79.400375
23229,65.601105
23230,36.60763
23231,28.629965
23232,42.816902
23233,50.392555
23234,64.80241
23235,51.690544
23236,74.2523
23237,65.99217
23238,36.67742
23239,31.14283
23240,36.42431
23241,49.39562
23242,64.04093
23243,49.504898
23244,77.16025
23245,67.85036
23246,38.15374
23247,29.839617
23248,35.408497
23249,43.755634
23250,66.31307
23251,45.185417
23252,80.67749
23253,64.12853
23254,39.86381
23255,29.873133
23256,37.056557
23257,49.24452
23258,68.96883
23259,45.95319
23260,78.7976
23261,61.230762
23262,37.850178
23263,32.661953
23264,43.886597
23265,46.20292
23266,61.69917
23267,51.3161
23268,76.23541
23269,66.74262
23270,35.20967
23271,32.612137
23272,32.980988
23273,43.760784
23274,65.643326
23275,44.320766
23276,75.09033
23277,63.260094
23278,34.269203
23279,28.214996
23280,36.60749
23281,45.33326
23282,60.45818
23283,46.30932
23284,69.90245
23285,59.964878
23286,34.893353
23287,33.260033
23288,43.386448
23289,47.51215
23290,60.12687
23291,53.457527
23292,69.518295
23293,61.83468
23294,38.319244
23295,31.352821
23296,43.597702
23297,47.72741
23298,64.031715
23299,50.015774
23300,74.05211
23301,65.6227
23302,37.67102
23303,32.485317
23304,39.11144
23305,49.1126
23306,65.511696
23307,49.841152
23308,76.25724
23309,68.68793
23310,37.866425
23311,28.841106
23312,34.339176
23313,45.93606
23314,65.99034
23315,44.385216
23316,77.72587
23317,67.29954
23318,34.86834
23319,28.548697
23320,36.12402
23321,50.756374
23322,58.49752
23323,50.630016
23324,69.61056
23325,65.409386
23326,41.335094
23327,30.918447
23328,34.596893
23329,53.218742
23330,62.116955
23331,46.043453
23332,80.138214
23333,66.603355
23334,34.20992
23335,31.181484
23336,38.264915
23337,52.651012
23338,57.870773
23339,53.774
23340,69.60926
23341,68.646904
23342,35.777115
23343,28.302761
23344,40.631954
23345,49.57462
23346,68.84694
23347,51.73673
23348,80.52874
23349,65.14939
23350,37.798172
23351,32.36851
23352,38.226032
23353,50.518063
23354,65.232765
23355,49.593945
23356,76.43577
23357,61.655537
23358,38.20114
23359,31.249247
23360,39.42488
23361,45.773853
23362,64.40399
23363,46.0856
23364,74.1544
23365,71.3985
23366,40.362724
23367,34.425
23368,32.514874
23369,40.677635
23370,68.425575
23371,42.45038
23372,85.288055
23373,67.04133
23374,31.657898
23375,26.267824
23376,39.608356
23377,52.759663
23378,62.986614
23379,54.41678
23380,77.13556
23381,70.38421
23382,40.299973
23383,32.850277
23384,35.842575
23385,48.937202
23386,68.74216
23387,48.10503
23388,83.04799
23389,66.23288
23390,36.39723
23391,25.529366
23392,40.69631
23393,45.253963
23394,69.7907
23395,46.5458
23396,79.31107
23397,67.048485
23398,33.777916
23399,32.930164
23400,30.626701
23401,45.943478
23402,60.6004
23403,45.042522
23404,70.869736
23405,63.77144
23406,35.55907
23407,28.58774
23408,41.14181
23409,49.986668
23410,68.19408
23411,51.05052
23412,78.47635
23413,66.07113
23414,36.371048
23415,27.028278
23416,41.239857
23417,51.870087
23418,66.28328
23419,52.94593
23420,76.88181
23421,67.47352
23422,45.73223
23423,32.527622
23424,35.72867
23425,45.083645
23426,60.21228
23427,37.91206
23428,81.29428
23429,65.96519
23430,39.28564
23431,30.104574
23432,41.016476
23433,47.4035
23434,67.42288
23435,49.896614
23436,80.3738
23437,63.402473
23438,35.35705
23439,32.56187
23440,35.33158
23441,48.209763
23442,56.304886
23443,48.808743
23444,70.51163
23445,39.285976
23446,40.48979
23447,20.261343
23448,45.23867
23449,27.7007
23450,58.800205
23451,31.960695
23452,68.88298
23453,65.12967
23454,36.856544
23455,28.206375
23456,41.224186
23457,49.592422
23458,69.37599
23459,50.721443
23460,83.0788
23461,65.48321
23462,37.18315
23463,30.551615
23464,38.926598
23465,46.965286
23466,61.02404
23467,47.545017
23468,70.87456
23469,65.96651
23470,37.89723
23471,31.82182
23472,34.063404
23473,49.77534
23474,59.57978
23475,46.336987
23476,75.315285
23477,61.78268
23478,41.70492
23479,28.671232
23480,42.989956
23481,46.17775
23482,61.054142
23483,46.446236
23484,72.72284
23485,65.09052
23486,35.1344
23487,31.392506
23488,35.9585
23489,44.935787
23490,55.06016
23491,45.426033
23492,71.731476
23493,69.73781
23494,41.291702
23495,35.611168
23496,37.108685
23497,45.539566
23498,65.33596
23499,45.064953
23500,76.57782
23501,64.75896
23502,38.659634
23503,31.660175
23504,39.978394
23505,47.044697
23506,64.433815
23507,47.79275
23508,73.53486
23509,67.15866
23510,42.220066
23511,32.115746
23512,33.990578
23513,45.871674
23514,62.2611
23515,43.45119
23516,72.103386
23517,66.47301
23518,33.839813
23519,28.317308
23520,34.51583
23521,48.553364
23522,60.97049
23523,48.507767
23524,74.26029
23525,60.77975
23526,39.189293
23527,34.45845
23528,36.333305
23529,46.04123
23530,60.095657
23531,44.6048
23532,67.91556
23533,64.432465
23534,39.16286
23535,29.826935
23536,35.239704
23537,44.137474
23538,63.664726
23539,43.61989
23540,73.239265
23541,67.5221
23542,38.1671
23543,29.366562
23544,36.264366
23545,46.21043
23546,63.979504
23547,46.860447
23548,77.61126
23549,60.239315
23550,44.93171
23551,32.71878
23552,45.156868
23553,47.900322
23554,62.209347
23555,47.768448
23556,70.51307
23557,66.067375
23558,34.519405
23559,29.102566
23560,34.71644
23561,47.493294
23562,65.198425
23563,49.35103
23564,80.36918
23565,68.45389
23566,33.76544
23567,28.095861
23568,40.753597
23569,56.489594
23570,61.147552
23571,57.11835
23572,74.9602
23573,68.024475
23574,31.18167
23575,30.105713
23576,43.268845
23577,58.70805
23578,63.222034
23579,61.57141
23580,75.54383
23581,62.968822
23582,41.899315
23583,32.731327
23584,39.403263
23585,47.6593
23586,63.12187
23587,47.13034
23588,72.86685
23589,59.515636
23590,37.418297
23591,27.67572
23592,41.82463
23593,44.89538
23594,65.398
23595,48.255768
23596,81.52728
23597,60.473816
23598,40.870155
23599,30.502092
23600,40.587852
23601,41.36486
23602,66.81663
23603,42.489613
23604,80.62845
23605,68.633255
23606,39.266453
23607,30.453247
23608,36.21278
23609,48.758465
23610,66.003914
23611,47.960136
23612,77.23034
23613,65.640114
23614,38.145622
23615,29.406082
23616,38.33938
23617,49.414543
23618,68.92422
23619,47.952282
23620,85.921486
23621,64.02412
23622,38.38308
23623,36.60021
23624,40.608326
23625,53.5054
23626,63.46271
23627,53.68783
23628,72.61885
23629,63.338535
23630,37.81351
23631,27.261871
23632,42.185467
23633,44.37224
23634,62.615604
23635,46.831085
23636,73.04489
23637,64.12664
23638,39.18644
23639,29.128513
23640,38.699955
23641,46.056385
23642,69.187775
23643,46.178955
23644,82.899155
23645,65.418724
23646,46.908047
23647,29.52421
23648,37.32692
23649,34.98123
23650,71.1038
23651,32.8202
23652,83.94671
23653,66.23763
23654,36.958878
23655,29.642012
23656,35.43587
23657,45.490913
23658,66.105804
23659,45.807167
23660,74.150795
23661,66.381584
23662,37.94541
23663,28.79024
23664,36.35042
23665,46.787796
23666,66.27011
23667,46.380775
23668,74.5936
23669,64.6544
23670,36.934383
23671,27.534958
23672,39.792934
23673,47.941444
23674,65.88937
23675,49.330547
23676,81.77599
23677,65.63868
23678,38.274254
23679,28.63451
23680,40.743404
23681,46.23021
23682,65.91044
23683,47.356926
23684,81.536964
23685,64.22725
23686,35.942093
23687,31.796143
23688,43.02483
23689,53.503292
23690,70.261475
23691,57.226887
23692,81.4082
23693,68.221985
23694,39.24983
23695,34.043552
23696,41.42084
23697,49.9463
23698,63.915077
23699,51.24338
23700,73.080315
23701,70.94423
23702,36.554295
23703,29.592865
23704,36.913315
23705,49.469975
23706,68.0136
23707,51.048424
23708,79.99204
23709,75.12217
23710,35.366344
23711,42.660206
23712,36.909008
23713,58.73701
23714,66.777695
23715,56.876217
23716,75.40964
23717,67.82391
23718,35.67367
23719,30.444292
23720,36.609283
23721,53.54243
23722,62.539513
23723,53.540363
23724,75.44306
23725,67.11621
23726,37.45547
23727,31.435465
23728,38.361546
23729,52.985245
23730,68.90632
23731,52.636314
23732,78.51535
23733,62.18084
23734,34.45801
23735,29.491661
23736,42.31848
23737,47.676605
23738,61.91447
23739,51.168854
23740,73.10147
23741,61.870342
23742,40.567593
23743,33.447605
23744,35.725266
23745,41.957214
23746,57.784504
23747,41.678513
23748,68.14869
23749,65.59867
23750,37.917786
23751,31.339918
23752,38.965824
23753,52.62702
23754,67.00557
23755,51.95235
23756,75.192604
23757,65.48577
23758,41.93268
23759,31.304321
23760,37.036865
23761,48.014954
23762,67.31998
23763,46.532703
23764,75.79632
23765,66.20967
23766,40.628872
23767,31.75089
23768,36.78793
23769,45.285927
23770,72.217316
23771,43.41255
23772,81.082436
23773,69.677895
23774,30.86614
23775,27.05124
23776,41.795464
23777,56.593502
23778,70.4664
23779,60.767944
23780,81.7495
23781,67.8626
23782,35.189686
23783,30.232487
23784,37.84374
23785,46.74357
23786,63.76134
23787,48.52455
23788,75.15737
23789,61.987747
23790,34.352497
23791,34.736084
23792,34.3414
23793,50.09865
23794,55.394188
23795,49.558926
23796,63.85286
23797,65.822655
23798,41.859547
23799,27.354807
23800,38.82195
23801,46.52294
23802,68.73121
23803,43.925835
23804,85.37175
23805,66.84791
23806,37.459583
23807,26.971334
23808,40.61767
23809,45.638954
23810,67.624306
23811,49.22912
23812,79.36892
23813,64.142876
23814,41.777332
23815,33.985184
23816,35.871887
23817,48.25096
23818,58.61131
23819,45.472565
23820,72.31644
23821,62.920307
23822,39.30001
23823,27.575308
23824,44.186295
23825,48.300213
23826,64.90094
23827,49.614952
23828,75.33863
23829,68.79087
23830,36.096844
23831,32.85754
23832,38.73202
23833,54.684147
23834,61.360077
23835,52.18229
23836,75.91545
23837,68.48988
23838,35.394073
23839,27.86055
23840,37.34175
23841,51.424572
23842,58.241867
23843,49.774372
23844,86.97833
23845,65.68832
23846,38.133003
23847,29.514341
23848,37.497982
23849,45.77007
23850,68.02218
23851,46.650696
23852,79.49193
23853,64.278885
23854,41.230556
23855,31.759743
23856,35.614597
23857,49.909134
23858,58.45242
23859,44.98284
23860,78.139885
23861,68.16701
23862,34.18685
23863,29.472204
23864,37.851627
23865,51.770294
23866,67.15959
23867,52.429222
23868,75.93588
23869,65.59867
23870,37.917786
23871,31.339918
23872,38.965824
23873,52.62702
23874,67.00557
23875,51.95235
23876,75.192604
23877,64.08401
23878,32.664707
23879,26.567287
23880,37.741657
23881,48.5087
23882,65.16183
23883,49.576733
23884,75.89585
23885,67.91453
23886,40.624184
23887,31.475767
23888,37.989723
23889,48.59668
23890,69.112526
23891,47.136112
23892,79.19349
23893,64.82134
23894,41.743477
23895,29.647268
23896,37.677666
23897,45.08714
23898,63.12752
23899,43.46892
23900,77.48192
23901,61.383034
23902,40.475742
23903,29.575287
23904,41.003372
23905,44.494667
23906,61.39285
23907,45.956303
23908,71.65465
23909,67.67384
23910,37.618305
23911,27.812119
23912,39.01188
23913,51.475773
23914,66.592155
23915,50.542778
23916,78.344284
23917,67.18703
23918,39.154114
23919,29.921143
23920,39.51587
23921,47.83695
23922,62.412582
23923,48.561512
23924,72.70775
23925,64.24596
23926,38.534626
23927,29.938524
23928,38.172665
23929,49.946068
23930,66.28588
23931,48.907593
23932,78.81857
23933,63.910007
23934,35.041298
23935,28.247334
23936,39.63763
23937,47.989983
23938,64.82201
23939,49.698128
23940,76.97944
23941,63.784534
23942,38.69887
23943,32.167118
23944,37.338707
23945,47.825176
23946,63.947575
23947,47.168316
23948,77.61972
23949,66.69304
23950,38.48535
23951,33.287434
23952,36.894836
23953,50.513878
23954,61.842472
23955,50.10607
23956,71.95948
23957,67.86787
23958,27.235794
23959,27.17945
23960,36.406998
23961,55.85102
23962,67.79236
23963,54.123856
23964,80.55427
23965,65.073906
23966,33.837406
23967,25.9524
23968,37.781895
23969,48.485252
23970,62.373966
23971,48.921818
23972,77.35839
23973,62.07817
23974,37.992874
23975,26.014534
23976,42.45176
23977,48.510307
23978,67.99061
23979,50.574963
23980,77.87197
23981,66.535866
23982,35.705185
23983,29.255266
23984,37.350395
23985,48.373093
23986,66.96403
23987,48.900734
23988,77.331924
23989,62.812603
23990,37.608326
23991,34.38628
23992,38.604008
23993,52.41807
23994,59.54372
23995,52.500767
23996,68.32637
23997,65.35979
23998,39.88697
23999,34.685844
24000,36.16153
24001,51.57832
24002,59.339264
24003,48.978264
24004,76.011665
24005,66.35244
24006,37.42756
24007,29.523943
24008,39.932972
24009,44.690334
24010,65.00354
24011,46.125504
24012,77.09952
24013,66.1946
24014,39.61935
24015,29.175638
24016,38.76913
24017,50.37023
24018,63.231194
24019,49.906998
24020,77.46684
24021,63.77837
24022,34.246197
24023,29.500687
24024,34.57167
24025,46.85714
24026,62.04195
24027,47.250187
24028,73.62765
24029,65.81326
24030,38.08325
24031,29.615187
24032,35.235134
24033,48.280655
24034,64.111404
24035,47.113888
24036,77.37883
24037,67.398895
24038,38.13298
24039,28.676046
24040,34.257256
24041,45.556313
24042,64.32563
24043,45.50108
24044,75.52759
24045,66.33324
24046,39.60593
24047,29.79383
24048,34.44137
24049,49.48665
24050,61.415924
24051,47.16564
24052,74.99217
24053,63.896446
24054,38.08785
24055,28.771114
24056,37.82219
24057,45.513153
24058,63.775085
24059,45.59032
24060,75.44252
24061,66.382195
24062,33.573765
24063,29.578045
24064,35.7383
24065,46.42486
24066,58.615334
24067,47.756138
24068,75.682335
24069,67.398895
24070,38.13298
24071,28.676046
24072,34.257256
24073,45.556313
24074,64.32563
24075,45.50108
24076,75.52759
24077,68.37159
24078,41.74312
24079,32.853977
24080,35.297173
24081,51.35733
24082,65.7255
24083,43.15252
24084,79.13418
24085,65.61139
24086,34.703148
24087,25.435995
24088,40.057476
24089,46.227505
24090,62.050373
24091,48.61627
24092,74.49431
24093,65.81845
24094,37.119953
24095,30.399254
24096,39.725338
24097,50.952583
24098,64.14687
24099,51.20626
24100,75.31003
24101,65.961105
24102,38.243046
24103,29.41251
24104,38.772755
24105,48.792027
24106,65.07809
24107,49.134243
24108,75.85379
24109,66.382195
24110,33.573765
24111,29.578045
24112,35.7383
24113,46.42486
24114,58.615334
24115,47.756138
24116,75.682335
24117,61.546314
24118,43.259228
24119,36.20771
24120,38.31981
24121,50.224743
24122,62.06644
24123,48.71116
24124,69.92245
24125,67.58799
24126,37.909683
24127,28.127533
24128,40.276108
24129,51.42428
24130,67.5684
24131,51.237812
24132,79.93574
24133,64.16103
24134,39.08756
24135,31.073946
24136,37.123337
24137,46.61309
24138,63.323483
24139,46.485573
24140,72.43035
24141,64.64341
24142,39.036076
24143,29.422728
24144,37.68754
24145,43.702244
24146,70.50059
24147,45.055813
24148,81.829285
24149,67.79997
24150,39.790386
24151,30.252478
24152,40.643223
24153,48.81825
24154,68.411766
24155,49.235905
24156,77.889366
24157,63.194683
24158,37.906387
24159,29.749912
24160,38.947742
24161,46.72261
24162,62.75937
24163,47.477684
24164,78.05773
24165,65.05717
24166,37.743095
24167,31.009617
24168,41.4459
24169,51.09007
24170,62.32043
24171,51.972534
24172,71.50062
24173,66.51592
24174,42.20427
24175,31.41578
24176,37.525337
24177,48.04007
24178,63.71825
24179,46.643013
24180,75.26133
24181,67.43626
24182,41.654327
24183,32.276997
24184,36.529224
24185,49.422043
24186,63.455853
24187,46.714443
24188,73.52204
24189,67.32129
24190,41.37904
24191,30.264162
24192,37.75103
24193,42.63494
24194,64.765854
24195,42.384026
24196,75.81298
24197,63.970364
24198,38.36797
24199,27.787754
24200,38.751743
24201,47.221703
24202,64.16912
24203,47.505634
24204,73.36161
24205,66.88325
24206,38.442734
24207,30.93263
24208,36.077442
24209,48.678852
24210,62.751293
24211,47.987194
24212,77.20498
24213,63.97578
24214,39.272697
24215,30.628164
24216,39.188404
24217,44.1261
24218,65.85665
24219,43.925827
24220,76.19399
24221,67.4355
24222,35.78087
24223,28.96984
24224,38.504917
24225,49.036922
24226,65.4594
24227,49.781776
24228,75.969055
24229,63.04967
24230,35.653763
24231,26.45089
24232,39.77802
24233,48.5906
24234,62.132175
24235,49.105843
24236,73.06684
24237,67.54481
24238,42.32224
24239,29.697441
24240,37.198353
24241,45.94771
24242,68.7324
24243,44.16288
24244,81.23807
24245,62.595203
24246,34.676067
24247,29.921112
24248,36.376423
24249,46.057137
24250,62.866676
24251,47.702904
24252,79.54025
24253,68.147705
24254,36.19377
24255,30.596395
24256,35.055874
24257,48.639137
24258,58.45152
24259,48.88151
24260,73.60331
24261,64.310585
24262,37.60354
24263,29.01949
24264,37.629143
24265,46.249493
24266,62.012238
24267,46.175148
24268,77.50485
24269,67.21697
24270,34.37584
24271,30.044144
24272,37.419403
24273,52.33759
24274,58.885143
24275,52.780228
24276,72.52856
24277,45.584343
24278,42.419434
24279,24.29381
24280,40.846466
24281,29.487658
24282,58.62176
24283,30.006432
24284,67.46067
24285,60.47426
24286,40.02632
24287,34.69841
24288,39.97016
24289,46.809334
24290,55.57612
24291,46.643166
24292,66.22405
24293,65.1973
24294,35.771946
24295,26.836283
24296,37.846542
24297,46.838562
24298,64.33006
24299,47.422314
24300,80.387474
24301,69.89575
24302,38.626266
24303,29.446497
24304,37.070896
24305,48.445583
24306,68.68922
24307,49.647404
24308,80.237144
24309,49.545567
24310,43.339012
24311,21.006231
24312,36.93397
24313,28.822035
24314,56.831944
24315,28.082302
24316,66.7307
24317,71.46176
24318,35.04106
24319,29.826532
24320,35.549965
24321,41.7299
24322,64.23793
24323,45.007504
24324,80.26546
24325,64.46385
24326,37.66733
24327,25.462029
24328,43.14525
24329,48.032017
24330,65.5918
24331,49.699287
24332,79.45991
24333,67.32283
24334,36.48239
24335,28.464888
24336,40.50904
24337,52.436707
24338,66.85906
24339,52.062286
24340,79.638435
24341,64.75979
24342,40.08861
24343,29.79059
24344,38.238297
24345,45.301746
24346,65.25623
24347,45.16314
24348,81.89107
24349,68.50995
24350,37.624504
24351,28.019583
24352,35.75882
24353,46.354572
24354,62.27422
24355,46.701466
24356,76.6736
24357,70.21123
24358,37.921234
24359,27.401472
24360,37.767727
24361,49.530716
24362,60.134186
24363,49.118587
24364,75.73318
24365,65.75496
24366,35.63977
24367,31.633175
24368,36.142616
24369,49.625477
24370,65.221855
24371,48.181595
24372,76.74806
24373,66.88667
24374,35.089176
24375,31.36291
24376,34.89918
24377,55.835575
24378,56.853745
24379,53.49103
24380,75.31615
24381,69.49137
24382,38.57433
24383,30.272215
24384,39.70747
24385,53.550045
24386,67.14756
24387,51.99275
24388,84.142845
24389,66.23148
24390,40.41143
24391,29.968067
24392,36.640835
24393,45.705067
24394,65.40685
24395,43.99353
24396,77.33063
24397,65.494835
24398,35.22833
24399,31.063347
24400,36.43427
24401,43.22992
24402,58.45239
24403,45.0982
24404,74.021706
24405,66.73385
24406,38.965393
24407,31.117764
24408,38.28424
24409,45.738266
24410,70.23961
24411,47.141987
24412,82.67238
24413,65.99479
24414,39.67369
24415,29.547974
24416,36.213173
24417,47.245094
24418,70.07085
24419,44.996773
24420,85.69273
24421,66.565475
24422,38.398727
24423,31.031141
24424,33.569016
24425,49.196564
24426,58.783916
24427,47.23711
24428,72.56382
24429,68.923065
24430,37.975826
24431,26.078981
24432,38.752033
24433,46.929882
24434,65.32676
24435,48.381382
24436,73.66581
24437,65.91494
24438,36.765297
24439,29.354261
24440,32.167923
24441,45.023968
24442,60.944397
24443,44.17288
24444,73.6092
24445,63.932373
24446,38.26315
24447,26.381197
24448,31.456364
24449,42.506126
24450,58.9568
24451,39.753468
24452,71.55468
24453,65.378845
24454,36.08776
24455,27.22175
24456,34.74619
24457,46.273064
24458,67.19695
24459,45.577503
24460,79.790276
24461,63.991154
24462,37.61497
24463,29.014153
24464,38.147995
24465,48.31574
24466,61.488285
24467,48.211445
24468,74.53204
24469,66.88803
24470,42.400608
24471,32.251247
24472,31.685518
24473,41.531944
24474,66.355354
24475,38.610535
24476,76.12201
24477,67.005775
24478,40.209778
24479,30.431883
24480,35.437172
24481,44.95597
24482,62.186443
24483,44.33977
24484,76.73093
24485,65.82518
24486,35.587215
24487,32.264675
24488,37.288315
24489,49.408993
24490,59.732967
24491,50.009407
24492,71.024956
24493,69.84337
24494,35.245533
24495,29.87601
24496,37.155296
24497,52.669838
24498,63.360226
24499,52.737995
24500,75.81615
24501,70.85902
24502,32.490242
24503,36.082924
24504,41.21867
24505,61.793243
24506,61.00409
24507,64.06918
24508,71.42898
24509,67.33346
24510,39.530453
24511,31.477062
24512,39.091915
24513,48.71013
24514,63.129986
24515,49.29634
24516,74.624054
24517,66.06668
24518,33.69776
24519,25.208225
24520,35.69319
24521,52.323105
24522,66.66521
24523,51.440514
24524,81.07586
24525,65.86352
24526,39.028053
24527,29.758682
24528,40.196106
24529,43.47118
24530,68.81523
24531,45.289783
24532,82.17194
24533,67.052635
24534,38.482975
24535,28.344429
24536,35.564693
24537,47.302967
24538,65.759964
24539,45.308178
24540,81.28907
24541,65.6806
24542,40.747154
24543,33.095604
24544,31.787811
24545,45.665535
24546,58.96355
24547,41.14534
24548,73.95505
24549,58.912632
24550,38.35906
24551,31.993214
24552,35.952824
24553,38.578186
24554,60.547314
24555,40.92492
24556,73.0165
24557,64.10143
24558,34.92491
24559,29.746033
24560,45.431248
24561,51.41351
24562,63.223404
24563,55.99894
24564,76.83116
24565,62.303013
24566,32.787346
24567,28.470236
24568,42.322697
24569,51.081867
24570,63.768337
24571,57.699192
24572,76.18136
24573,65.36941
24574,36.13313
24575,28.844486
24576,38.09683
24577,47.383564
24578,61.966587
24579,48.129932
24580,73.63647
24581,65.86019
24582,37.149487
24583,31.763477
24584,39.599163
24585,51.37045
24586,65.07969
24587,51.627075
24588,73.80284
24589,65.86305
24590,39.245316
24591,25.139988
24592,38.650345
24593,44.348328
24594,70.152885
24595,45.19044
24596,82.8551
24597,66.80516
24598,38.87562
24599,28.927563
24600,37.81409
24601,50.5992
24602,69.6114
24603,49.91422
24604,84.67154
24605,68.85843
24606,38.188118
24607,30.789738
24608,36.17726
24609,47.78846
24610,62.236084
24611,48.579662
24612,79.00898
24613,68.56333
24614,35.930996
24615,31.820993
24616,39.597504
24617,56.706345
24618,64.57932
24619,55.786236
24620,81.264824
24621,64.60402
24622,39.92186
24623,29.652317
24624,38.83688
24625,49.287415
24626,64.761314
24627,48.685997
24628,72.45563
24629,66.103645
24630,39.018726
24631,28.182777
24632,40.766273
24633,50.1509
24634,60.485035
24635,50.328518
24636,75.2157
24637,69.87747
24638,41.71967
24639,26.424458
24640,31.723873
24641,42.43457
24642,66.2589
24643,39.06357
24644,82.36854
24645,67.68449
24646,42.282448
24647,30.405334
24648,37.260338
24649,43.58519
24650,73.891945
24651,44.031513
24652,84.22072
24653,73.05962
24654,38.17614
24655,29.287374
24656,32.130146
24657,37.45711
24658,69.75223
24659,40.098286
24660,88.60373
24661,65.91762
24662,37.849525
24663,28.76817
24664,34.56045
24665,44.228413
24666,61.923515
24667,43.34299
24668,72.19683
24669,65.46978
24670,41.961998
24671,29.237206
24672,40.560757
24673,46.924385
24674,64.448204
24675,46.37099
24676,76.24401
24677,68.79617
24678,40.184383
24679,31.005583
24680,33.6841
24681,44.62564
24682,63.36258
24683,43.088768
24684,77.69211
24685,67.25076
24686,40.674892
24687,30.954008
24688,34.969177
24689,43.71995
24690,65.81079
24691,43.92547
24692,78.42129
24693,68.7391
24694,33.670185
24695,29.51118
24696,36.018047
24697,55.564194
24698,66.27073
24699,53.85566
24700,82.87006
24701,65.75136
24702,39.86602
24703,28.328041
24704,38.067753
24705,45.347267
24706,67.27326
24707,44.995583
24708,78.19314
24709,66.12462
24710,38.429173
24711,29.148739
24712,38.573643
24713,46.960625
24714,67.57009
24715,46.952965
24716,80.281784
24717,67.33653
24718,40.205048
24719,30.482115
24720,39.81708
24721,47.982975
24722,66.95079
24723,48.24998
24724,78.800514
24725,61.887234
24726,39.08228
24727,34.029495
24728,36.21398
24729,43.989574
24730,57.60649
24731,43.73304
24732,66.50455
24733,68.680695
24734,33.33799
24735,33.49186
24736,38.788654
24737,60.457558
24738,66.33411
24739,56.550514
24740,76.02144
24741,63.282192
24742,34.680016
24743,27.875584
24744,36.4588
24745,50.668053
24746,62.94293
24747,48.323307
24748,79.31855
24749,63.669296
24750,39.8647
24751,30.141493
24752,35.303135
24753,49.11075
24754,65.71787
24755,46.744045
24756,77.66371
24757,65.84441
24758,35.80257
24759,30.647055
24760,38.35498
24761,50.302822
24762,63.801823
24763,50.83199
24764,72.70858
24765,70.76199
24766,44.46524
24767,31.005661
24768,34.727757
24769,42.681572
24770,70.94665
24771,40.337902
24772,79.54113
24773,66.62911
24774,44.34862
24775,32.39845
24776,37.627502
24777,45.05535
24778,66.64219
24779,43.208668
24780,77.74659
24781,68.18401
24782,38.475212
24783,30.45043
24784,35.464714
24785,49.31769
24786,61.720253
24787,47.49943
24788,76.75188
24789,67.24786
24790,37.127747
24791,27.403112
24792,35.588512
24793,44.04952
24794,60.766006
24795,44.60308
24796,77.39063
24797,66.866165
24798,34.830105
24799,29.237253
24800,34.022488
24801,48.66063
24802,63.394188
24803,47.584175
24804,73.01015
24805,66.544136
24806,36.770477
24807,30.990221
24808,38.340855
24809,51.39375
24810,61.921387
24811,50.746227
24812,74.23058
24813,65.88527
24814,36.113785
24815,30.355959
24816,38.93008
24817,49.47083
24818,62.257347
24819,50.761696
24820,75.66815
24821,67.5565
24822,36.154358
24823,29.312117
24824,35.87575
24825,50.745876
24826,61.61393
24827,49.74338
24828,76.739914
24829,60.54974
24830,33.587036
24831,23.51376
24832,40.2424
24833,44.43126
24834,51.957764
24835,46.72033
24836,68.77704
24837,66.257065
24838,36.651253
24839,29.272524
24840,37.66146
24841,48.04335
24842,67.19599
24843,49.25235
24844,76.50987
24845,66.53598
24846,36.75857
24847,28.693676
24848,36.198338
24849,48.81242
24850,63.525017
24851,48.186108
24852,74.491066
24853,68.704254
24854,38.0466
24855,29.01679
24856,35.32938
24857,45.192253
24858,66.60944
24859,45.304768
24860,81.756485
24861,66.32019
24862,39.61499
24863,28.60819
24864,37.12259
24865,50.072655
24866,67.73395
24867,48.20359
24868,78.338684
24869,65.685326
24870,32.599396
24871,27.624851
24872,40.81443
24873,49.723183
24874,65.0375
24875,54.746864
24876,79.42513
24877,63.80785
24878,40.41941
24879,31.046865
24880,38.07003
24881,45.664047
24882,65.35745
24883,44.96402
24884,76.796036
24885,64.864365
24886,38.230934
24887,29.805088
24888,38.685646
24889,45.0761
24890,63.992065
24891,46.1487
24892,78.77644
24893,63.625023
24894,37.68665
24895,30.151455
24896,34.96543
24897,43.08592
24898,62.045193
24899,42.86598
24900,71.576805
24901,67.49944
24902,39.13774
24903,30.830828
24904,36.46392
24905,52.349747
24906,65.49434
24907,49.703087
24908,76.31721
24909,65.57527
24910,40.224327
24911,32.13322
24912,40.008324
24913,48.315247
24914,65.36702
24915,49.23969
24916,73.32383
24917,70.13951
24918,39.397762
24919,30.74629
24920,36.992397
24921,44.842422
24922,69.02412
24923,45.89585
24924,78.539345
24925,66.524734
24926,36.454906
24927,31.468721
24928,35.592728
24929,49.875813
24930,62.8341
24931,48.99686
24932,72.32353
24933,66.28223
24934,39.400208
24935,30.28417
24936,36.849163
24937,44.884007
24938,60.23223
24939,44.639217
24940,76.60163
24941,69.88339
24942,39.23423
24943,30.630278
24944,38.28485
24945,47.08074
24946,65.3437
24947,47.017994
24948,81.90273
24949,66.560234
24950,38.902653
24951,30.38965
24952,38.68751
24953,43.253246
24954,67.53106
24955,43.67769
24956,80.44916
24957,67.48264
24958,31.668627
24959,28.006824
24960,39.60723
24961,51.725254
24962,69.21518
24963,55.26687
24964,78.45353
24965,64.36071
24966,37.834984
24967,29.719118
24968,41.044025
24969,47.313667
24970,64.888245
24971,48.247757
24972,74.40571
24973,66.21267
24974,35.08583
24975,29.78693
24976,40.019985
24977,50.43112
24978,69.44163
24979,51.802006
24980,77.94721
24981,67.56367
24982,40.51893
24983,28.597692
24984,39.29998
24985,47.880466
24986,63.82997
24987,47.77329
24988,75.671486
24989,66.12896
24990,40.80234
24991,31.748667
24992,38.243874
24993,47.92221
24994,67.59104
24995,47.2152
24996,77.321976
24997,66.31826
24998,36.72994
24999,27.862745
25000,39.34144
25001,51.637352
25002,61.34565
25003,50.93884
25004,76.473625
25005,64.61147
25006,38.825073
25007,29.846216
25008,40.091877
25009,48.137627
25010,68.45201
25011,47.930923
25012,78.34392
25013,70.56135
25014,35.998333
25015,29.261509
25016,39.67315
25017,55.787308
25018,68.371704
25019,55.4893
25020,80.25687
25021,66.843124
25022,36.381626
25023,29.202154
25024,36.48782
25025,49.718666
25026,64.61286
25027,49.64995
25028,74.82883
25029,63.1232
25030,34.864033
25031,29.805883
25032,41.111454
25033,47.33036
25034,63.448498
25035,51.961143
25036,76.45895
25037,68.30513
25038,36.431362
25039,31.314981
25040,35.617752
25041,48.604164
25042,66.856735
25043,48.775375
25044,82.040695
25045,66.02878
25046,39.29618
25047,33.234383
25048,39.50112
25049,48.632565
25050,66.69787
25051,48.65203
25052,75.61228
25053,66.4379
25054,43.481937
25055,31.003817
25056,37.311333
25057,42.870758
25058,64.98988
25059,41.884373
25060,75.99911
25061,65.94236
25062,34.39159
25063,27.089897
25064,37.888557
25065,49.883324
25066,61.11046
25067,50.79837
25068,70.039055
25069,62.548042
25070,39.46158
25071,29.054033
25072,39.982834
25073,47.12045
25074,56.60554
25075,47.355206
25076,75.13553
25077,66.25479
25078,37.78681
25079,29.621815
25080,37.267563
25081,48.411263
25082,60.960743
25083,47.748676
25084,77.094635
25085,63.867428
25086,37.539185
25087,32.709152
25088,39.143845
25089,50.251286
25090,58.77512
25091,50.66486
25092,68.15413
25093,64.217575
25094,37.08843
25095,30.211426
25096,39.558304
25097,48.290848
25098,64.547455
25099,49.298176
25100,74.55226
25101,64.72461
25102,37.6017
25103,28.983097
25104,38.06601
25105,47.887165
25106,59.907875
25107,48.370346
25108,80.36082
25109,69.94001
25110,37.227055
25111,38.326622
25112,36.82827
25113,54.942406
25114,62.745735
25115,54.063747
25116,70.607506
25117,64.771454
25118,38.648407
25119,31.680193
25120,39.449276
25121,50.606373
25122,65.62005
25123,50.851982
25124,76.196396
25125,62.860245
25126,33.647797
25127,28.234911
25128,38.392815
25129,46.561584
25130,61.344067
25131,48.35546
25132,74.34236
25133,63.867428
25134,37.539185
25135,32.709152
25136,39.143845
25137,50.251286
25138,58.77512
25139,50.66486
25140,68.15413
25141,68.79131
25142,38.47095
25143,31.184496
25144,40.688282
25145,48.474464
25146,70.648766
25147,51.2553
25148,82.13298
25149,68.09656
25150,40.65517
25151,28.64177
25152,42.185143
25153,48.065678
25154,70.78986
25155,49.24383
25156,84.82328
25157,65.97661
25158,39.945026
25159,28.073402
25160,35.332283
25161,44.89712
25162,65.76634
25163,42.222248
25164,77.72408
25165,65.73154
25166,38.660652
25167,32.66773
25168,39.403816
25169,50.221474
25170,61.412766
25171,50.38668
25172,72.22756
25173,67.2906
25174,32.452168
25175,29.468683
25176,36.703148
25177,46.3689
25178,63.45567
25179,51.965775
25180,82.4247
25181,64.63516
25182,38.389484
25183,29.666277
25184,39.8944
25185,48.169857
25186,64.881195
25187,47.614346
25188,73.73288
25189,61.18904
25190,39.395973
25191,29.823904
25192,38.704025
25193,42.58251
25194,63.846737
25195,44.776302
25196,76.696045
25197,64.754875
25198,41.508476
25199,32.517742
25200,34.909576
25201,44.232918
25202,65.191696
25203,42.84311
25204,75.570755
25205,69.072525
25206,38.35728
25207,28.476603
25208,39.960663
25209,50.77784
25210,63.568466
25211,50.877552
25212,73.11336
25213,63.666763
25214,37.674114
25215,32.17849
25216,37.87001
25217,45.68361
25218,65.5098
25219,46.917946
25220,75.88394
25221,67.00302
25222,34.13774
25223,30.751781
25224,39.494095
25225,48.74465
25226,66.81872
25227,53.792408
25228,78.38541
25229,62.71941
25230,38.798237
25231,30.871931
25232,37.747078
25233,48.395626
25234,64.73892
25235,47.494392
25236,74.86534
25237,64.811134
25238,37.075207
25239,29.333094
25240,39.394722
25241,48.270615
25242,66.24602
25243,48.620186
25244,78.38673
25245,62.81548
25246,42.88594
25247,34.13046
25248,32.92124
25249,38.452312
25250,57.375034
25251,36.659363
25252,70.3857
25253,68.66518
25254,43.221138
25255,28.854626
25256,35.165462
25257,44.859276
25258,65.85014
25259,41.949253
25260,80.065445
25261,66.785706
25262,36.813366
25263,31.803055
25264,37.456173
25265,47.353115
25266,64.87573
25267,48.189293
25268,78.22282
25269,65.837036
25270,39.08907
25271,29.369427
25272,37.05368
25273,46.2555
25274,62.456825
25275,46.036495
25276,73.14939
25277,64.285645
25278,37.822056
25279,25.77076
25280,44.20062
25281,52.08082
25282,62.588726
25283,53.516273
25284,73.27233
25285,68.27446
25286,36.594433
25287,30.696695
25288,36.653862
25289,47.06713
25290,61.488407
25291,47.967884
25292,74.11918
25293,65.97273
25294,42.136196
25295,29.341375
25296,42.246677
25297,50.74293
25298,62.299263
25299,50.83729
25300,74.4935
25301,64.29576
25302,34.671215
25303,31.240482
25304,35.058784
25305,47.531578
25306,65.49188
25307,48.563683
25308,77.72996
25309,65.31196
25310,36.17596
25311,34.210213
25312,37.350307
25313,56.446556
25314,57.046497
25315,54.23315
25316,73.548546
25317,64.79036
25318,36.894314
25319,28.556583
25320,40.20607
25321,45.40559
25322,61.94658
25323,46.47883
25324,72.07829
25325,63.971256
25326,37.637325
25327,29.814144
25328,36.692173
25329,46.742226
25330,62.309628
25331,46.358566
25332,74.875946
25333,70.54174
25334,35.379955
25335,29.10118
25336,34.516346
25337,49.93811
25338,67.50414
25339,50.159542
25340,78.002495
25341,47.2892
25342,37.325996
25343,21.464966
25344,48.626232
25345,36.58334
25346,63.28191
25347,41.476776
25348,72.352394
25349,66.11863
25350,40.70248
25351,31.30691
25352,32.72902
25353,43.145157
25354,64.89128
25355,40.52409
25356,78.57415
25357,63.42983
25358,40.760067
25359,30.09063
25360,38.083046
25361,45.339066
25362,54.933525
25363,44.030113
25364,76.763695
25365,57.944084
25366,35.2769
25367,27.587679
25368,38.03455
25369,44.33869
25370,58.30779
25371,45.637497
25372,70.91629
25373,58.89435
25374,37.324257
25375,33.9588
25376,38.946507
25377,46.283707
25378,58.10293
25379,47.347782
25380,66.26079
25381,63.555523
25382,35.659523
25383,29.878014
25384,36.43543
25385,49.015785
25386,58.358097
25387,48.134815
25388,69.467316
25389,72.75365
25390,29.887087
25391,24.898472
25392,39.823402
25393,52.05318
25394,78.54794
25395,56.950466
25396,85.51699
25397,65.50656
25398,40.066273
25399,35.4854
25400,36.165688
25401,49.533096
25402,65.786064
25403,49.380283
25404,75.16444
25405,67.434715
25406,38.339607
25407,28.202139
25408,36.86699
25409,47.098705
25410,63.097477
25411,47.290222
25412,76.073586
25413,69.50557
25414,31.925905
25415,27.072012
25416,40.798077
25417,48.410675
25418,64.9655
25419,50.758827
25420,77.6569
25421,61.255783
25422,36.40185
25423,32.4043
25424,38.269257
25425,46.39151
25426,52.7474
25427,47.39261
25428,62.799465
25429,64.89485
25430,36.92533
25431,30.575563
25432,36.03521
25433,50.142857
25434,58.891895
25435,49.31202
25436,70.25197
25437,69.50557
25438,31.925905
25439,27.072012
25440,40.798077
25441,48.410675
25442,64.9655
25443,50.758827
25444,77.6569
25445,67.030106
25446,37.463524
25447,28.292645
25448,38.236546
25449,48.00876
25450,66.64707
25451,48.60299
25452,77.582214
25453,63.416573
25454,38.928383
25455,30.447739
25456,38.212006
25457,46.30621
25458,58.35015
25459,45.439114
25460,68.97103
25461,65.580414
25462,37.910522
25463,34.113747
25464,37.92958
25465,52.13493
25466,59.834938
25467,52.26771
25468,68.296555
25469,63.110046
25470,31.92305
25471,25.608751
25472,34.74551
25473,43.451458
25474,62.135826
25475,45.288395
25476,78.38552
25477,49.0707
25478,40.817333
25479,22.092438
25480,36.11676
25481,28.690619
25482,57.830395
25483,28.058037
25484,67.46691
25485,61.3783
25486,33.684174
25487,30.247713
25488,36.506145
25489,50.183876
25490,60.354572
25491,50.075554
25492,70.83695
25493,64.70168
25494,40.079357
25495,28.422089
25496,39.643547
25497,45.226154
25498,68.81732
25499,45.197914
25500,87.235466
25501,65.52572
25502,39.572803
25503,32.8792
25504,37.68282
25505,46.513824
25506,63.20651
25507,45.568115
25508,71.746346
25509,65.78999
25510,35.60096
25511,30.05039
25512,39.642834
25513,47.78474
25514,67.98059
25515,50.245262
25516,76.844215
25517,64.98118
25518,35.57881
25519,29.747692
25520,35.959362
25521,45.221985
25522,62.04152
25523,46.129772
25524,72.03927
25525,64.09909
25526,37.09466
25527,30.665632
25528,36.34935
25529,47.161156
25530,66.15698
25531,46.790382
25532,78.91157
25533,66.3168
25534,38.675896
25535,32.003757
25536,36.779118
25537,45.4617
25538,66.00405
25539,45.93437
25540,76.298836
25541,66.38097
25542,36.669384
25543,28.097757
25544,36.83242
25545,47.164528
25546,65.972786
25547,47.307137
25548,77.74868
25549,60.914726
25550,35.833103
25551,32.207558
25552,42.46925
25553,48.27798
25554,63.2486
25555,50.937874
25556,77.459785
25557,65.31837
25558,36.997517
25559,29.505054
25560,37.492416
25561,48.962116
25562,66.82982
25563,48.551914
25564,78.50693
25565,60.65748
25566,38.28129
25567,28.919682
25568,46.480305
25569,47.254047
25570,67.493195
25571,50.808846
25572,78.59087
25573,59.46001
25574,37.677414
25575,28.700205
25576,35.570778
25577,42.931538
25578,62.826935
25579,42.73475
25580,71.483345
25581,64.575485
25582,40.936813
25583,30.952095
25584,36.36675
25585,45.137554
25586,66.58627
25587,43.52225
25588,77.65199
25589,63.79995
25590,39.65967
25591,28.580084
25592,39.51695
25593,48.45268
25594,68.65494
25595,47.49237
25596,78.539276
25597,60.14884
25598,36.08251
25599,33.05498
25600,40.539547
25601,45.60792
25602,58.854084
25603,49.3991
25604,70.913925
25605,64.77295
25606,35.638363
25607,27.866798
25608,34.712563
25609,40.761993
25610,69.93018
25611,45.21282
25612,81.32061
25613,64.18846
25614,33.566975
25615,31.763172
25616,39.989494
25617,56.050793
25618,61.33183
25619,57.45578
25620,72.81049
25621,65.95835
25622,41.00157
25623,27.497044
25624,38.74842
25625,45.309795
25626,65.63594
25627,44.285202
25628,75.60727
25629,65.61366
25630,38.61748
25631,29.641907
25632,37.97694
25633,48.69407
25634,65.96495
25635,48.025925
25636,77.55772
25637,64.90162
25638,40.0553
25639,29.176653
25640,37.87242
25641,46.659393
25642,64.306175
25643,45.238537
25644,75.03263
25645,68.08211
25646,36.825775
25647,25.83645
25648,40.945484
25649,48.805115
25650,65.270706
25651,49.266872
25652,80.757256
25653,64.93753
25654,40.301792
25655,31.40274
25656,40.589474
25657,47.956142
25658,66.074776
25659,48.09156
25660,76.64267
25661,60.064034
25662,35.79715
25663,30.657656
25664,42.902943
25665,48.235493
25666,65.074615
25667,52.581753
25668,76.959015
25669,65.8381
25670,38.94735
25671,31.203428
25672,37.672386
25673,46.798443
25674,64.44983
25675,46.24524
25676,78.75154
25677,68.34893
25678,42.18435
25679,30.77564
25680,39.02282
25681,45.01993
25682,69.880516
25683,44.12005
25684,82.46382
25685,50.27015
25686,42.82664
25687,24.025698
25688,41.12451
25689,31.82188
25690,63.040604
25691,31.90085
25692,73.30227
25693,63.046318
25694,38.000782
25695,26.310871
25696,33.76445
25697,45.7645
25698,55.6833
25699,43.334953
25700,76.82233
25701,66.08189
25702,36.42319
25703,32.396435
25704,36.47182
25705,50.313087
25706,64.46103
25707,50.47134
25708,73.618835
25709,67.602554
25710,39.37058
25711,31.909246
25712,34.56002
25713,49.47398
25714,62.275967
25715,47.484936
25716,74.79183
25717,64.311386
25718,34.155605
25719,32.38872
25720,37.59184
25721,49.891922
25722,54.750484
25723,52.764675
25724,68.95033
25725,65.85164
25726,37.09699
25727,30.787926
25728,35.991932
25729,47.488056
25730,57.52955
25731,46.88485
25732,72.05332
25733,69.149956
25734,34.73877
25735,26.398956
25736,41.08939
25737,51.1692
25738,65.1668
25739,52.45495
25740,76.17464
25741,66.08528
25742,35.090286
25743,30.536383
25744,38.38632
25745,50.082592
25746,60.107014
25747,51.14192
25748,75.66635
25749,63.392426
25750,38.44641
25751,31.493122
25752,39.727165
25753,47.908825
25754,60.197884
25755,47.774307
25756,71.412735
25757,59.36297
25758,37.957325
25759,26.841063
25760,40.246918
25761,42.356213
25762,64.60365
25763,44.194084
25764,73.08634
25765,45.247627
25766,42.818806
25767,11.642984
25768,38.6352
25769,25.220242
25770,67.99319
25771,24.695118
25772,77.49243
25773,64.70608
25774,38.75061
25775,35.396755
25776,40.734787
25777,52.640614
25778,63.386242
25779,52.732517
25780,75.92701
25781,60.005077
25782,43.72314
25783,30.953196
25784,42.599346
25785,46.091576
25786,60.98368
25787,44.77512
25788,70.59303
25789,70.46138
25790,42.726852
25791,36.742294
25792,39.879826
25793,53.726273
25794,63.96154
25795,51.98715
25796,77.09381
25797,66.717964
25798,36.559216
25799,27.931023
25800,40.47308
25801,47.714
25802,63.375904
25803,49.79493
25804,75.35319
25805,67.82886
25806,34.716408
25807,28.3495
25808,35.13749
25809,49.581097
25810,69.78252
25811,49.68943
25812,81.754395
25813,65.70581
25814,35.61492
25815,24.43732
25816,34.279827
25817,40.11039
25818,71.4331
25819,40.457073
25820,83.050575
25821,62.783535
25822,38.505768
25823,30.213741
25824,41.498577
25825,42.759476
25826,65.09973
25827,43.625763
25828,77.634514
25829,69.73426
25830,38.102814
25831,28.540379
25832,40.25178
25833,47.960228
25834,72.63696
25835,52.00604
25836,86.10544
25837,65.765945
25838,34.7846
25839,29.404257
25840,39.18772
25841,49.22978
25842,65.28612
25843,51.17461
25844,75.084015
25845,69.341805
25846,35.577057
25847,29.396315
25848,36.749756
25849,43.69252
25850,66.589745
25851,47.87723
25852,81.17302
25853,65.92247
25854,39.93585
25855,30.649603
25856,36.406384
25857,48.722973
25858,64.912315
25859,47.08416
25860,73.818924
25861,65.75843
25862,35.94674
25863,29.684393
25864,38.33293
25865,52.05499
25866,63.624428
25867,51.66022
25868,76.91244
25869,66.694435
25870,41.69112
25871,32.24299
25872,37.615173
25873,50.69589
25874,68.78989
25875,49.358532
25876,79.84651
25877,65.639915
25878,39.587925
25879,27.332283
25880,39.706253
25881,46.702133
25882,63.49433
25883,47.136703
25884,70.664024
25885,65.380394
25886,38.554455
25887,30.149822
25888,39.508293
25889,50.56931
25890,62.981716
25891,50.538246
25892,77.79377
25893,65.55197
25894,36.961166
25895,30.518763
25896,41.29531
25897,51.11469
25898,66.37105
25899,53.072956
25900,79.82404
25901,61.550175
25902,36.57493
25903,27.130856
25904,38.62444
25905,47.935528
25906,62.36592
25907,48.376297
25908,74.8962
25909,67.978905
25910,38.885246
25911,26.800482
25912,37.522743
25913,48.1693
25914,69.02426
25915,46.961514
25916,80.63788
25917,69.43641
25918,35.342133
25919,30.808046
25920,37.35217
25921,51.549965
25922,68.90559
25923,52.433823
25924,79.18113
25925,67.90223
25926,44.079964
25927,32.439354
25928,42.712395
25929,45.117077
25930,63.482803
25931,44.658802
25932,79.55214
25933,65.149796
25934,35.5526
25935,29.854603
25936,35.761986
25937,48.779575
25938,62.01397
25939,48.58726
25940,74.45036
25941,65.668144
25942,35.41233
25943,30.033504
25944,33.84983
25945,45.782112
25946,60.336525
25947,45.51244
25948,74.209564
25949,65.23095
25950,38.219097
25951,31.839226
25952,36.627457
25953,49.45224
25954,64.88683
25955,48.959183
25956,76.05423
25957,68.144615
25958,36.90087
25959,32.198574
25960,40.779358
25961,55.657883
25962,67.00492
25963,55.759747
25964,76.90076
25965,64.187004
25966,36.738667
25967,26.401543
25968,42.371643
25969,44.3585
25970,64.813446
25971,47.304363
25972,78.609795
25973,63.59253
25974,36.634026
25975,25.28164
25976,39.462772
25977,42.872105
25978,68.176636
25979,43.43558
25980,79.995346
25981,64.66378
25982,35.799538
25983,27.301748
25984,38.14345
25985,49.7875
25986,63.740532
25987,50.007603
25988,77.76236
25989,65.47369
25990,39.40186
25991,28.576332
25992,40.09586
25993,48.67081
25994,69.98731
25995,48.037704
25996,81.39503
25997,63.033443
25998,37.961063
25999,25.241919
26000,37.623997
26001,48.717728
26002,65.1032
26003,42.098015
26004,87.02584
26005,66.78366
26006,40.81236
26007,31.304018
26008,35.20651
26009,44.179073
26010,61.18808
26011,42.850967
26012,75.12009
26013,65.61204
26014,39.921135
26015,29.505257
26016,41.56097
26017,45.71419
26018,66.51332
26019,46.432285
26020,76.61585
26021,66.5708
26022,39.33051
26023,29.612467
26024,40.11318
26025,47.398476
26026,67.58269
26027,47.980026
26028,77.68988
26029,66.256615
26030,37.349243
26031,29.101994
26032,38.955227
26033,48.477886
26034,65.86012
26035,48.323746
26036,78.25871
26037,68.40639
26038,35.45748
26039,27.146454
26040,35.529415
26041,45.991116
26042,64.50015
26043,46.274734
26044,75.8275
26045,64.16686
26046,38.50289
26047,27.267437
26048,40.122307
26049,41.42099
26050,67.55778
26051,42.37368
26052,79.61881
26053,66.52469
26054,38.627094
26055,30.39241
26056,38.036095
26057,47.98292
26058,65.68385
26059,47.64726
26060,78.1071
26061,64.87312
26062,38.50272
26063,32.025093
26064,41.226562
26065,49.292652
26066,67.70316
26067,50.36855
26068,81.05886
26069,64.53007
26070,40.413494
26071,30.00055
26072,39.29892
26073,48.101494
26074,68.137505
26075,46.75505
26076,82.0296
26077,67.72774
26078,39.806866
26079,29.86411
26080,39.206722
26081,45.868034
26082,67.1113
26083,46.659
26084,77.46821
26085,63.834778
26086,38.726395
26087,27.958792
26088,36.90034
26089,46.357822
26090,65.62977
26091,45.49269
26092,72.35629
26093,64.880775
26094,39.84907
26095,28.051289
26096,40.60862
26097,48.345997
26098,69.84226
26099,47.556637
26100,81.48493
26101,48.068314
26102,42.39383
26103,24.307428
26104,46.77755
26105,33.297115
26106,66.08934
26107,37.243412
26108,78.553444
26109,69.13359
26110,37.832047
26111,34.3924
26112,35.00892
26113,55.98449
26114,63.76838
26115,54.229977
26116,76.59328
26117,66.52169
26118,39.7763
26119,31.026184
26120,37.875256
26121,46.48686
26122,67.993195
26123,46.671173
26124,75.36746
26125,67.1294
26126,41.739063
26127,33.984894
26128,37.39375
26129,50.655865
26130,62.87532
26131,48.80114
26132,72.720146
26133,66.137634
26134,39.32027
26135,31.826235
26136,36.33761
26137,49.652542
26138,63.944633
26139,47.17946
26140,76.90659
26141,64.71697
26142,39.782204
26143,29.04007
26144,41.988453
26145,46.27557
26146,69.37822
26147,46.997425
26148,79.45808
26149,65.376915
26150,38.63677
26151,28.969364
26152,40.446644
26153,47.580486
26154,67.833626
26155,48.21588
26156,81.89957
26157,65.58726
26158,38.309116
26159,32.30512
26160,35.216488
26161,42.77804
26162,63.82477
26163,43.045406
26164,78.34849
26165,64.47645
26166,37.084656
26167,26.855616
26168,40.79128
26169,47.84354
26170,65.11584
26171,49.33279
26172,77.432526
26173,66.45841
26174,36.657677
26175,31.841728
26176,38.08736
26177,45.007538
26178,62.280624
26179,48.03824
26180,77.05067
26181,63.025578
26182,37.041134
26183,29.731478
26184,36.62643
26185,45.349922
26186,58.270935
26187,45.314205
26188,70.16219
26189,65.82849
26190,37.171986
26191,31.258715
26192,39.160526
26193,48.132988
26194,66.41371
26195,48.797546
26196,83.84751
26197,68.59622
26198,39.452274
26199,29.89729
26200,36.472233
26201,49.057194
26202,65.66639
26203,47.827755
26204,76.43322
26205,68.86212
26206,38.925724
26207,27.139484
26208,38.946518
26209,48.599373
26210,65.50894
26211,47.987846
26212,82.14263
26213,66.87638
26214,41.49274
26215,31.592836
26216,37.034363
26217,48.47253
26218,63.82185
26219,45.86236
26220,81.60715
26221,64.7292
26222,38.375175
26223,32.3751
26224,39.58275
26225,50.1841
26226,63.84348
26227,50.318268
26228,73.788086
26229,66.40552
26230,37.7436
26231,31.720001
26232,36.92901
26233,55.147797
26234,68.28009
26235,53.51267
26236,79.9494
26237,68.7296
26238,37.907578
26239,33.375862
26240,38.156876
26241,52.05004
26242,66.61759
26243,52.671284
26244,79.655785
26245,65.108475
26246,36.72333
26247,30.336193
26248,38.479767
26249,47.96314
26250,63.803074
26251,48.930008
26252,75.92744
26253,66.39593
26254,34.671978
26255,31.236254
26256,39.037857
26257,52.932472
26258,67.82544
26259,53.419533
26260,78.69176
26261,64.41163
26262,37.01152
26263,28.378298
26264,40.247086
26265,47.732716
26266,65.2854
26267,48.682568
26268,77.7102
26269,64.127014
26270,34.77013
26271,24.7657
26272,36.379704
26273,40.979385
26274,63.888138
26275,44.12899
26276,76.15086
26277,65.174995
26278,40.147617
26279,32.789833
26280,38.073803
26281,52.53472
26282,67.5706
26283,45.460705
26284,87.64127
26285,65.74772
26286,36.962738
26287,26.837439
26288,34.40252
26289,42.50633
26290,63.221798
26291,42.171062
26292,75.49051
26293,69.25807
26294,43.468624
26295,34.192635
26296,36.63179
26297,46.80815
26298,63.896156
26299,44.063927
26300,77.09436
26301,63.442924
26302,35.54437
26303,29.577211
26304,35.653996
26305,47.01836
26306,57.667374
26307,47.390133
26308,79.09964
26309,64.613174
26310,40.23262
26311,32.72779
26312,36.90467
26313,45.70227
26314,65.30764
26315,44.900135
26316,76.05408
26317,71.625496
26318,31.924368
26319,27.394098
26320,41.200268
26321,57.072353
26322,62.792885
26323,58.7978
26324,79.419464
26325,63.58917
26326,38.437008
26327,29.300936
26328,37.72779
26329,45.154755
26330,66.380066
26331,45.26168
26332,78.79015
26333,66.01704
26334,36.752804
26335,31.630327
26336,40.38802
26337,48.778046
26338,62.451553
26339,50.891903
26340,72.55385
26341,64.560936
26342,41.32412
26343,33.567207
26344,37.7077
26345,49.597374
26346,60.41448
26347,47.539196
26348,72.991776
26349,66.87521
26350,40.051956
26351,28.036396
26352,39.83043
26353,44.698112
26354,60.991566
26355,45.44448
26356,83.07174
26357,70.091866
26358,35.61937
26359,31.158527
26360,36.43223
26361,53.553898
26362,64.601585
26363,52.88779
26364,85.873505
26365,64.492485
26366,37.662575
26367,28.808743
26368,39.693092
26369,45.040012
26370,71.26757
26371,47.04991
26372,81.15055
26373,65.55932
26374,42.557964
26375,31.776888
26376,35.96134
26377,40.943687
26378,64.449234
26379,39.90479
26380,76.31795
26381,65.2817
26382,38.533054
26383,30.592934
26384,37.319614
26385,47.909565
26386,63.840733
26387,47.194016
26388,74.31156
26389,66.37868
26390,34.721962
26391,28.110723
26392,38.4609
26393,51.29568
26394,61.183243
26395,52.400875
26396,77.01273
26397,64.55259
26398,36.37976
26399,26.290358
26400,38.06686
26401,51.677998
26402,64.06839
26403,50.26574
26404,80.71286
26405,63.80634
26406,40.529648
26407,31.047777
26408,38.156555
26409,47.673553
26410,61.66273
26411,46.549202
26412,77.32855
26413,65.22127
26414,42.495964
26415,30.555897
26416,37.99662
26417,44.606323
26418,66.559
26419,43.573673
26420,78.22763
26421,67.847626
26422,34.743473
26423,30.581738
26424,36.443714
26425,50.099236
26426,63.507393
26427,50.37842
26428,74.47751
26429,61.847397
26430,36.480106
26431,27.866001
26432,42.22477
26433,47.927567
26434,65.284096
26435,51.546978
26436,79.36666
26437,68.16348
26438,38.12625
26439,31.172771
26440,35.527794
26441,46.413902
26442,66.80662
26443,47.080986
26444,78.28947
26445,66.97974
26446,37.709454
26447,27.366701
26448,39.269886
26449,49.322628
26450,65.566925
26451,48.94299
26452,77.34374
26453,69.61788
26454,39.750805
26455,28.327574
26456,39.792767
26457,51.653175
26458,76.14727
26459,49.230587
26460,89.72954
26461,63.636482
26462,37.25476
26463,28.204334
26464,40.0683
26465,47.19586
26466,64.88695
26467,48.132545
26468,76.986725
26469,66.45369
26470,38.416565
26471,27.703709
26472,38.5355
26473,48.775642
26474,68.13143
26475,48.64041
26476,79.06012
26477,67.33076
26478,34.62712
26479,30.565939
26480,36.96477
26481,54.306885
26482,65.29029
26483,53.496944
26484,77.14743
26485,67.13441
26486,37.859985
26487,34.58799
26488,39.396233
26489,47.966557
26490,63.431023
26491,49.48494
26492,75.6225
26493,69.37644
26494,39.794533
26495,30.457998
26496,35.973415
26497,49.247196
26498,62.28175
26499,47.87682
26500,76.40184
26501,65.101006
26502,36.95227
26503,29.414576
26504,41.11575
26505,49.556522
26506,67.93025
26507,52.352287
26508,81.830536
26509,66.48677
26510,37.38834
26511,30.079554
26512,37.530037
26513,48.917408
26514,62.976547
26515,49.25672
26516,75.29748
26517,66.08996
26518,39.604458
26519,28.339058
26520,36.470608
26521,43.546467
26522,62.166866
26523,42.980133
26524,73.22519
26525,40.90488
26526,39.91285
26527,18.916077
26528,41.986557
26529,27.87513
26530,59.18223
26531,29.52552
26532,69.36531
26533,65.54545
26534,38.80606
26535,27.310183
26536,38.23808
26537,45.43159
26538,64.44527
26539,46.227634
26540,78.84314
26541,66.0975
26542,34.011517
26543,31.006086
26544,38.990738
26545,51.953026
26546,62.53266
26547,54.481552
26548,79.48564
26549,65.556435
26550,39.300896
26551,28.469482
26552,37.179825
26553,48.53469
26554,62.605606
26555,47.641575
26556,74.97258
26557,62.345016
26558,40.408035
26559,31.693947
26560,37.250374
26561,45.18345
26562,65.23424
26563,44.358795
26564,74.22804
26565,65.193146
26566,43.059372
26567,29.38309
26568,39.60497
26569,43.56332
26570,64.30949
26571,42.96114
26572,76.92856
26573,64.47711
26574,37.354973
26575,28.477957
26576,35.948277
26577,49.374767
26578,64.43996
26579,48.207737
26580,77.138016
26581,66.48804
26582,45.401814
26583,32.181435
26584,36.04657
26585,41.70607
26586,62.070076
26587,38.916096
26588,74.84093
26589,64.69845
26590,40.398617
26591,29.692364
26592,38.553356
26593,44.465008
26594,66.621704
26595,44.692387
26596,82.21655
26597,64.172775
26598,46.15075
26599,34.03488
26600,33.742794
26601,42.850533
26602,64.036674
26603,37.940815
26604,74.09842
26605,67.468094
26606,39.050148
26607,32.846928
26608,33.16403
26609,49.53119
26610,63.33505
26611,46.808556
26612,79.48202
26613,67.87754
26614,38.51608
26615,30.648655
26616,36.35692
26617,47.74426
26618,62.13568
26619,47.77146
26620,71.11951
26621,67.076294
26622,36.74511
26623,29.806738
26624,37.568275
26625,47.840885
26626,64.79591
26627,49.021248
26628,78.97674
26629,67.42048
26630,41.557106
26631,30.299292
26632,35.33398
26633,45.715878
26634,57.86148
26635,43.15046
26636,74.78616
26637,64.431274
26638,39.092194
26639,29.591303
26640,36.794537
26641,46.322956
26642,60.500763
26643,43.87236
26644,84.62234
26645,66.2114
26646,36.54971
26647,28.131489
26648,37.131496
26649,48.98475
26650,62.920155
26651,49.916824
26652,74.407104
26653,67.07563
26654,33.720387
26655,30.430597
26656,35.862263
26657,50.122917
26658,62.40078
26659,50.296886
26660,75.51966
26661,67.8706
26662,37.206318
26663,32.226913
26664,33.869526
26665,49.766075
26666,60.709103
26667,46.91443
26668,76.92675
26669,64.77119
26670,34.928165
26671,31.58406
26672,40.59053
26673,52.1784
26674,67.32037
26675,54.223305
26676,74.97597
26677,66.30755
26678,35.694973
26679,30.071032
26680,37.50101
26681,48.23357
26682,65.17291
26683,49.04718
26684,75.9267
26685,64.20241
26686,38.988506
26687,31.492264
26688,36.840256
26689,47.735435
26690,63.267265
26691,47.067856
26692,75.73931
26693,61.087746
26694,35.49788
26695,31.231546
26696,41.17105
26697,48.67801
26698,62.690773
26699,50.861458
26700,72.245094
26701,64.748245
26702,36.830185
26703,29.591627
26704,37.35317
26705,49.803665
26706,67.013405
26707,48.868416
26708,77.02619
26709,63.558914
26710,40.208763
26711,29.560995
26712,37.107613
26713,41.686142
26714,58.65798
26715,40.873722
26716,76.37442
26717,67.10088
26718,35.052303
26719,27.965185
26720,41.56771
26721,56.160347
26722,67.33559
26723,55.486053
26724,81.08015
26725,68.12371
26726,41.692593
26727,31.695557
26728,37.597378
26729,47.558186
26730,65.187325
26731,46.95025
26732,76.33493
26733,64.8065
26734,36.690327
26735,30.003592
26736,34.796024
26737,48.073593
26738,61.328495
26739,47.13083
26740,71.75271
26741,65.06135
26742,38.1694
26743,30.876432
26744,38.168865
26745,44.513138
26746,68.90522
26747,47.11732
26748,83.01123
26749,64.902916
26750,37.16846
26751,30.525703
26752,39.05543
26753,45.608517
26754,67.07458
26755,46.65133
26756,77.62765
26757,63.983963
26758,37.828815
26759,28.794203
26760,41.51235
26761,58.420723
26762,63.4737
26763,57.565742
26764,82.569496
26765,62.894886
26766,40.027004
26767,30.255257
26768,39.70558
26769,48.436745
26770,62.292164
26771,48.311302
26772,75.92464
26773,65.47954
26774,38.242035
26775,31.039265
26776,38.493687
26777,48.633904
26778,62.2433
26779,48.878944
26780,73.914986
26781,61.269234
26782,38.558918
26783,31.247961
26784,39.279007
26785,46.1159
26786,62.924774
26787,46.288326
26788,70.94727
26789,67.56003
26790,36.84584
26791,31.06528
26792,32.19944
26793,55.50595
26794,57.65129
26795,51.7462
26796,74.08803
26797,65.934746
26798,42.335884
26799,29.253536
26800,37.1531
26801,41.390724
26802,67.58697
26803,40.67866
26804,77.21173
26805,67.174255
26806,31.584837
26807,28.79204
26808,34.33107
26809,49.75403
26810,59.418312
26811,50.114964
26812,73.65679
26813,63.70598
26814,38.242725
26815,30.628485
26816,36.822372
26817,47.2563
26818,64.982
26819,47.11546
26820,75.806595
26821,58.04238
26822,38.17576
26823,30.745605
26824,39.33442
26825,41.889877
26826,60.191784
26827,42.085655
26828,70.780716
26829,66.205154
26830,35.09873
26831,28.073345
26832,38.63035
26833,46.64278
26834,68.35923
26835,49.047768
26836,78.70169
26837,65.42447
26838,42.82468
26839,27.426628
26840,35.55273
26841,40.849857
26842,67.40462
26843,37.651134
26844,82.38829
26845,60.023087
26846,37.952682
26847,30.327972
26848,39.63122
26849,44.97426
26850,63.10623
26851,45.470226
26852,70.23212
26853,66.5974
26854,39.51945
26855,30.554165
26856,36.8962
26857,48.468575
26858,67.28339
26859,46.569687
26860,78.38227
26861,63.093426
26862,34.621796
26863,30.99896
26864,39.611343
26865,46.98582
26866,66.664
26867,50.526512
26868,78.49685
26869,64.559044
26870,40.735447
26871,31.313786
26872,37.22966
26873,49.518356
26874,66.948044
26875,45.91749
26876,83.333374
26877,68.67557
26878,32.5765
26879,28.506989
26880,36.066162
26881,51.275215
26882,67.61148
26883,52.078533
26884,74.63479
26885,65.9319
26886,38.136593
26887,28.786066
26888,37.80318
26889,48.84552
26890,62.36215
26891,48.91084
26892,78.1326
26893,64.26834
26894,38.634823
26895,30.576393
26896,38.131638
26897,46.414593
26898,63.390984
26899,45.90265
26900,74.2836
26901,68.819756
26902,37.773422
26903,33.511707
26904,35.895397
26905,42.976734
26906,63.8373
26907,45.707363
26908,77.69277
26909,65.08365
26910,37.61989
26911,30.72958
26912,38.611332
26913,48.99286
26914,66.31296
26915,49.379635
26916,77.86241
26917,64.164894
26918,38.44643
26919,29.256897
26920,42.436493
26921,47.923653
26922,66.42421
26923,49.159107
26924,75.57778
26925,65.57677
26926,36.136566
26927,29.31384
26928,38.885048
26929,48.595303
26930,63.144264
26931,49.36928
26932,75.248634
26933,64.0196
26934,42.23981
26935,30.750614
26936,38.682785
26937,42.379307
26938,72.16869
26939,42.760715
26940,82.2792
26941,66.482864
26942,39.154316
26943,29.109747
26944,39.29307
26945,48.72961
26946,69.33068
26947,47.7197
26948,81.80369
26949,71.93452
26950,37.754787
26951,33.28775
26952,36.416847
26953,54.79834
26954,63.623356
26955,52.212795
26956,78.40039
26957,65.84966
26958,38.031593
26959,29.07827
26960,39.932472
26961,46.897957
26962,66.039566
26963,48.465908
26964,77.23357
26965,66.809555
26966,38.42904
26967,31.113401
26968,38.495155
26969,53.327126
26970,64.54494
26971,51.80924
26972,77.57417
26973,64.52671
26974,38.771282
26975,31.665005
26976,37.601055
26977,48.694256
26978,63.54949
26979,48.089535
26980,74.72692
26981,68.145226
26982,39.79899
26983,29.37979
26984,39.375957
26985,48.922802
26986,63.227383
26987,48.6513
26988,75.23713
26989,68.07314
26990,43.154087
26991,28.40745
26992,38.834003
26993,43.17325
26994,59.941135
26995,42.212563
26996,70.220695
26997,61.688446
26998,35.623623
26999,31.24316
27000,37.91629
27001,43.58206
27002,54.91543
27003,45.570503
27004,76.8585
27005,64.25976
27006,38.410847
27007,31.457142
27008,36.660007
27009,44.439568
27010,63.70133
27011,43.987278
27012,74.519585
27013,62.578304
27014,38.8233
27015,33.329548
27016,38.896297
27017,51.988506
27018,61.305573
27019,50.167545
27020,73.6906
27021,65.32129
27022,37.332283
27023,28.940102
27024,33.86993
27025,47.26945
27026,63.67345
27027,45.80929
27028,77.13927
27029,63.83166
27030,36.895782
27031,26.27235
27032,32.147366
27033,41.521854
27034,70.58716
27035,39.641937
27036,78.38268
27037,62.558434
27038,37.792336
27039,32.265648
27040,36.199
27041,47.031162
27042,60.08461
27043,45.456406
27044,72.47581
27045,67.36689
27046,36.06901
27047,26.067019
27048,36.494633
27049,42.61781
27050,66.39784
27051,44.583397
27052,78.95233
27053,65.17482
27054,35.59126
27055,30.001383
27056,40.546997
27057,51.36113
27058,66.75421
27059,53.203342
27060,77.908325
27061,64.764175
27062,34.706284
27063,22.167597
27064,39.06221
27065,43.122887
27066,62.90341
27067,45.155876
27068,77.45349
27069,69.44694
27070,40.87454
27071,27.643526
27072,36.79785
27073,47.755917
27074,70.323296
27075,46.624905
27076,78.501465
27077,64.99983
27078,39.093292
27079,28.968262
27080,39.79947
27081,43.99293
27082,68.17854
27083,44.2976
27084,80.23886
27085,64.89777
27086,38.76717
27087,31.157413
27088,36.546364
27089,46.799686
27090,65.21879
27091,46.43288
27092,76.027275
27093,65.382545
27094,36.00144
27095,29.930237
27096,42.590015
27097,51.322277
27098,63.785187
27099,53.08015
27100,75.479706
27101,66.28413
27102,44.318413
27103,32.01125
27104,39.67695
27105,47.34494
27106,66.72589
27107,45.483353
27108,76.75416
27109,63.4375
27110,36.742203
27111,30.576561
27112,38.428665
27113,43.204803
27114,65.14871
27115,45.78001
27116,73.1551
27117,67.877884
27118,37.626064
27119,30.983828
27120,37.57406
27121,46.277866
27122,62.0958
27123,47.96706
27124,82.99637
