nohup: ignoring input
/data2/student1_ly/miniconda3/envs/Defusion-plusplus/lib/python3.9/site-packages/timm/models/layers/__init__.py:49: FutureWarning: Importing from timm.models.layers is deprecated, please import via timm.layers
  warnings.warn(f"Importing from {__name__} is deprecated, please import via timm.layers", FutureWarning)
[MAE-FLIR] images: 14452, steps/epoch: 225
[MAE-FLIR] initialized 150/150 keys from pretrained/mae_pretrain_vit_base.pth
[MAE-FLIR] missing (random init): 104 keys
[MAE-FLIR] epoch 0 step 19 loss 1.8744 lr 1.67e-07
[MAE-FLIR] epoch 0 step 39 loss 1.9317 lr 3.33e-07
[MAE-FLIR] epoch 0 step 59 loss 1.8175 lr 5.00e-07
[MAE-FLIR] epoch 0 step 79 loss 1.6381 lr 6.67e-07
[MAE-FLIR] epoch 0 step 99 loss 1.4982 lr 8.33e-07
[MAE-FLIR] epoch 0 step 119 loss 1.4797 lr 1.00e-06
[MAE-FLIR] epoch 0 step 139 loss 1.3499 lr 1.17e-06
[MAE-FLIR] epoch 0 step 159 loss 1.1760 lr 1.33e-06
[MAE-FLIR] epoch 0 step 179 loss 1.2120 lr 1.50e-06
[MAE-FLIR] epoch 0 step 199 loss 1.0402 lr 1.67e-06
[MAE-FLIR] epoch 0 step 219 loss 1.0662 lr 1.83e-06
[MAE-FLIR] === epoch 0 done, avg loss 1.4906 ===
[MAE-FLIR] epoch 1 step 14 loss 1.1029 lr 2.00e-06
[MAE-FLIR] epoch 1 step 34 loss 0.9796 lr 2.17e-06
[MAE-FLIR] epoch 1 step 54 loss 0.8993 lr 2.33e-06
[MAE-FLIR] epoch 1 step 74 loss 0.9150 lr 2.50e-06
[MAE-FLIR] epoch 1 step 94 loss 0.7733 lr 2.67e-06
[MAE-FLIR] epoch 1 step 114 loss 0.7586 lr 2.83e-06
[MAE-FLIR] epoch 1 step 134 loss 0.7626 lr 3.00e-06
[MAE-FLIR] epoch 1 step 154 loss 0.7331 lr 3.17e-06
[MAE-FLIR] epoch 1 step 174 loss 0.6824 lr 3.33e-06
[MAE-FLIR] epoch 1 step 194 loss 0.6667 lr 3.50e-06
[MAE-FLIR] epoch 1 step 214 loss 0.5674 lr 3.67e-06
[MAE-FLIR] === epoch 1 done, avg loss 0.8066 ===
[MAE-FLIR] epoch 2 step 9 loss 0.5690 lr 3.83e-06
[MAE-FLIR] epoch 2 step 29 loss 0.5516 lr 4.00e-06
[MAE-FLIR] epoch 2 step 49 loss 0.5050 lr 4.17e-06
[MAE-FLIR] epoch 2 step 69 loss 0.5107 lr 4.33e-06
[MAE-FLIR] epoch 2 step 89 loss 0.5260 lr 4.50e-06
[MAE-FLIR] epoch 2 step 109 loss 0.5063 lr 4.67e-06
[MAE-FLIR] epoch 2 step 129 loss 0.4304 lr 4.83e-06
[MAE-FLIR] epoch 2 step 149 loss 0.4455 lr 5.00e-06
[MAE-FLIR] epoch 2 step 169 loss 0.3983 lr 5.17e-06
[MAE-FLIR] epoch 2 step 189 loss 0.4027 lr 5.33e-06
[MAE-FLIR] epoch 2 step 209 loss 0.4159 lr 5.50e-06
[MAE-FLIR] === epoch 2 done, avg loss 0.4771 ===
[MAE-FLIR] epoch 3 step 4 loss 0.3936 lr 5.67e-06
[MAE-FLIR] epoch 3 step 24 loss 0.3795 lr 5.83e-06
[MAE-FLIR] epoch 3 step 44 loss 0.4257 lr 6.00e-06
[MAE-FLIR] epoch 3 step 64 loss 0.3733 lr 6.17e-06
[MAE-FLIR] epoch 3 step 84 loss 0.3635 lr 6.33e-06
[MAE-FLIR] epoch 3 step 104 loss 0.3335 lr 6.50e-06
[MAE-FLIR] epoch 3 step 124 loss 0.3307 lr 6.67e-06
[MAE-FLIR] epoch 3 step 144 loss 0.3196 lr 6.83e-06
[MAE-FLIR] epoch 3 step 164 loss 0.2948 lr 7.00e-06
[MAE-FLIR] epoch 3 step 184 loss 0.2931 lr 7.17e-06
[MAE-FLIR] epoch 3 step 204 loss 0.2832 lr 7.33e-06
[MAE-FLIR] epoch 3 step 224 loss 0.3085 lr 7.50e-06
[MAE-FLIR] === epoch 3 done, avg loss 0.3348 ===
[MAE-FLIR] epoch 4 step 19 loss 0.2819 lr 7.67e-06
[MAE-FLIR] epoch 4 step 39 loss 0.2602 lr 7.83e-06
[MAE-FLIR] epoch 4 step 59 loss 0.2991 lr 8.00e-06
[MAE-FLIR] epoch 4 step 79 loss 0.2747 lr 8.17e-06
[MAE-FLIR] epoch 4 step 99 loss 0.2782 lr 8.33e-06
[MAE-FLIR] epoch 4 step 119 loss 0.2714 lr 8.50e-06
[MAE-FLIR] epoch 4 step 139 loss 0.2498 lr 8.67e-06
[MAE-FLIR] epoch 4 step 159 loss 0.2359 lr 8.83e-06
[MAE-FLIR] epoch 4 step 179 loss 0.2236 lr 9.00e-06
[MAE-FLIR] epoch 4 step 199 loss 0.2690 lr 9.17e-06
[MAE-FLIR] epoch 4 step 219 loss 0.2174 lr 9.33e-06
[MAE-FLIR] === epoch 4 done, avg loss 0.2625 ===
[MAE-FLIR] epoch 5 step 14 loss 0.2702 lr 9.50e-06
[MAE-FLIR] epoch 5 step 34 loss 0.2654 lr 9.67e-06
[MAE-FLIR] epoch 5 step 54 loss 0.2535 lr 9.83e-06
[MAE-FLIR] epoch 5 step 74 loss 0.2560 lr 1.00e-05
[MAE-FLIR] epoch 5 step 94 loss 0.2706 lr 1.02e-05
[MAE-FLIR] epoch 5 step 114 loss 0.2050 lr 1.03e-05
[MAE-FLIR] epoch 5 step 134 loss 0.2565 lr 1.05e-05
[MAE-FLIR] epoch 5 step 154 loss 0.2355 lr 1.07e-05
[MAE-FLIR] epoch 5 step 174 loss 0.2406 lr 1.08e-05
[MAE-FLIR] epoch 5 step 194 loss 0.2367 lr 1.10e-05
[MAE-FLIR] epoch 5 step 214 loss 0.2499 lr 1.12e-05
[MAE-FLIR] === epoch 5 done, avg loss 0.2420 ===
[MAE-FLIR] epoch 6 step 9 loss 0.2186 lr 1.13e-05
[MAE-FLIR] epoch 6 step 29 loss 0.2358 lr 1.15e-05
[MAE-FLIR] epoch 6 step 49 loss 0.2371 lr 1.17e-05
[MAE-FLIR] epoch 6 step 69 loss 0.2232 lr 1.18e-05
[MAE-FLIR] epoch 6 step 89 loss 0.2132 lr 1.20e-05
[MAE-FLIR] epoch 6 step 109 loss 0.2437 lr 1.22e-05
[MAE-FLIR] epoch 6 step 129 loss 0.2156 lr 1.23e-05
[MAE-FLIR] epoch 6 step 149 loss 0.2181 lr 1.25e-05
[MAE-FLIR] epoch 6 step 169 loss 0.2235 lr 1.27e-05
[MAE-FLIR] epoch 6 step 189 loss 0.2315 lr 1.28e-05
[MAE-FLIR] epoch 6 step 209 loss 0.1992 lr 1.30e-05
[MAE-FLIR] === epoch 6 done, avg loss 0.2280 ===
[MAE-FLIR] epoch 7 step 4 loss 0.2051 lr 1.32e-05
[MAE-FLIR] epoch 7 step 24 loss 0.2004 lr 1.33e-05
[MAE-FLIR] epoch 7 step 44 loss 0.2492 lr 1.35e-05
[MAE-FLIR] epoch 7 step 64 loss 0.2077 lr 1.37e-05
[MAE-FLIR] epoch 7 step 84 loss 0.2281 lr 1.38e-05
[MAE-FLIR] epoch 7 step 104 loss 0.1836 lr 1.40e-05
[MAE-FLIR] epoch 7 step 124 loss 0.2342 lr 1.42e-05
[MAE-FLIR] epoch 7 step 144 loss 0.2171 lr 1.43e-05
[MAE-FLIR] epoch 7 step 164 loss 0.2273 lr 1.45e-05
[MAE-FLIR] epoch 7 step 184 loss 0.2025 lr 1.47e-05
[MAE-FLIR] epoch 7 step 204 loss 0.1999 lr 1.48e-05
[MAE-FLIR] epoch 7 step 224 loss 0.2014 lr 1.50e-05
[MAE-FLIR] === epoch 7 done, avg loss 0.2165 ===
[MAE-FLIR] epoch 8 step 19 loss 0.1994 lr 1.52e-05
[MAE-FLIR] epoch 8 step 39 loss 0.1870 lr 1.53e-05
[MAE-FLIR] epoch 8 step 59 loss 0.2203 lr 1.55e-05
[MAE-FLIR] epoch 8 step 79 loss 0.2271 lr 1.57e-05
[MAE-FLIR] epoch 8 step 99 loss 0.2127 lr 1.58e-05
[MAE-FLIR] epoch 8 step 119 loss 0.2130 lr 1.60e-05
[MAE-FLIR] epoch 8 step 139 loss 0.2103 lr 1.62e-05
[MAE-FLIR] epoch 8 step 159 loss 0.2231 lr 1.63e-05
[MAE-FLIR] epoch 8 step 179 loss 0.1977 lr 1.65e-05
[MAE-FLIR] epoch 8 step 199 loss 0.2026 lr 1.67e-05
[MAE-FLIR] epoch 8 step 219 loss 0.1954 lr 1.68e-05
[MAE-FLIR] === epoch 8 done, avg loss 0.2046 ===
[MAE-FLIR] epoch 9 step 14 loss 0.2179 lr 1.70e-05
[MAE-FLIR] epoch 9 step 34 loss 0.1937 lr 1.72e-05
[MAE-FLIR] epoch 9 step 54 loss 0.1765 lr 1.73e-05
[MAE-FLIR] epoch 9 step 74 loss 0.1925 lr 1.75e-05
[MAE-FLIR] epoch 9 step 94 loss 0.1618 lr 1.77e-05
[MAE-FLIR] epoch 9 step 114 loss 0.1786 lr 1.78e-05
[MAE-FLIR] epoch 9 step 134 loss 0.1803 lr 1.80e-05
[MAE-FLIR] epoch 9 step 154 loss 0.1755 lr 1.82e-05
[MAE-FLIR] epoch 9 step 174 loss 0.1826 lr 1.83e-05
[MAE-FLIR] epoch 9 step 194 loss 0.1818 lr 1.85e-05
[MAE-FLIR] epoch 9 step 214 loss 0.1859 lr 1.87e-05
[MAE-FLIR] === epoch 9 done, avg loss 0.1932 ===
[MAE-FLIR] epoch 10 step 9 loss 0.1790 lr 1.88e-05
[MAE-FLIR] epoch 10 step 29 loss 0.1740 lr 1.90e-05
[MAE-FLIR] epoch 10 step 49 loss 0.1972 lr 1.92e-05
[MAE-FLIR] epoch 10 step 69 loss 0.1603 lr 1.93e-05
[MAE-FLIR] epoch 10 step 89 loss 0.1760 lr 1.95e-05
[MAE-FLIR] epoch 10 step 109 loss 0.1924 lr 1.97e-05
[MAE-FLIR] epoch 10 step 129 loss 0.1813 lr 1.98e-05
[MAE-FLIR] epoch 10 step 149 loss 0.1851 lr 2.00e-05
[MAE-FLIR] epoch 10 step 169 loss 0.1764 lr 2.02e-05
[MAE-FLIR] epoch 10 step 189 loss 0.1740 lr 2.03e-05
[MAE-FLIR] epoch 10 step 209 loss 0.1711 lr 2.05e-05
[MAE-FLIR] === epoch 10 done, avg loss 0.1834 ===
[MAE-FLIR] epoch 11 step 4 loss 0.1737 lr 2.07e-05
[MAE-FLIR] epoch 11 step 24 loss 0.1833 lr 2.08e-05
[MAE-FLIR] epoch 11 step 44 loss 0.1669 lr 2.10e-05
[MAE-FLIR] epoch 11 step 64 loss 0.1964 lr 2.12e-05
[MAE-FLIR] epoch 11 step 84 loss 0.1831 lr 2.13e-05
[MAE-FLIR] epoch 11 step 104 loss 0.1676 lr 2.15e-05
[MAE-FLIR] epoch 11 step 124 loss 0.1725 lr 2.17e-05
[MAE-FLIR] epoch 11 step 144 loss 0.1757 lr 2.18e-05
[MAE-FLIR] epoch 11 step 164 loss 0.1555 lr 2.20e-05
[MAE-FLIR] epoch 11 step 184 loss 0.1748 lr 2.22e-05
[MAE-FLIR] epoch 11 step 204 loss 0.1748 lr 2.23e-05
[MAE-FLIR] epoch 11 step 224 loss 0.1662 lr 2.25e-05
[MAE-FLIR] === epoch 11 done, avg loss 0.1773 ===
[MAE-FLIR] epoch 12 step 19 loss 0.1706 lr 2.27e-05
[MAE-FLIR] epoch 12 step 39 loss 0.1721 lr 2.28e-05
[MAE-FLIR] epoch 12 step 59 loss 0.1608 lr 2.30e-05
[MAE-FLIR] epoch 12 step 79 loss 0.1855 lr 2.32e-05
[MAE-FLIR] epoch 12 step 99 loss 0.1759 lr 2.33e-05
[MAE-FLIR] epoch 12 step 119 loss 0.1655 lr 2.35e-05
[MAE-FLIR] epoch 12 step 139 loss 0.1816 lr 2.37e-05
[MAE-FLIR] epoch 12 step 159 loss 0.1537 lr 2.38e-05
[MAE-FLIR] epoch 12 step 179 loss 0.1755 lr 2.40e-05
[MAE-FLIR] epoch 12 step 199 loss 0.1682 lr 2.42e-05
[MAE-FLIR] epoch 12 step 219 loss 0.1684 lr 2.43e-05
[MAE-FLIR] === epoch 12 done, avg loss 0.1717 ===
[MAE-FLIR] epoch 13 step 14 loss 0.1568 lr 2.45e-05
[MAE-FLIR] epoch 13 step 34 loss 0.1726 lr 2.47e-05
[MAE-FLIR] epoch 13 step 54 loss 0.1864 lr 2.48e-05
[MAE-FLIR] epoch 13 step 74 loss 0.1740 lr 2.50e-05
[MAE-FLIR] epoch 13 step 94 loss 0.1446 lr 2.52e-05
[MAE-FLIR] epoch 13 step 114 loss 0.1953 lr 2.53e-05
[MAE-FLIR] epoch 13 step 134 loss 0.1584 lr 2.55e-05
[MAE-FLIR] epoch 13 step 154 loss 0.1742 lr 2.57e-05
[MAE-FLIR] epoch 13 step 174 loss 0.1773 lr 2.58e-05
[MAE-FLIR] epoch 13 step 194 loss 0.1646 lr 2.60e-05
[MAE-FLIR] epoch 13 step 214 loss 0.1672 lr 2.62e-05
[MAE-FLIR] === epoch 13 done, avg loss 0.1667 ===
[MAE-FLIR] epoch 14 step 9 loss 0.1677 lr 2.63e-05
[MAE-FLIR] epoch 14 step 29 loss 0.1597 lr 2.65e-05
[MAE-FLIR] epoch 14 step 49 loss 0.1516 lr 2.67e-05
[MAE-FLIR] epoch 14 step 69 loss 0.1651 lr 2.68e-05
[MAE-FLIR] epoch 14 step 89 loss 0.1388 lr 2.70e-05
[MAE-FLIR] epoch 14 step 109 loss 0.1816 lr 2.72e-05
[MAE-FLIR] epoch 14 step 129 loss 0.1601 lr 2.73e-05
[MAE-FLIR] epoch 14 step 149 loss 0.1640 lr 2.75e-05
[MAE-FLIR] epoch 14 step 169 loss 0.1591 lr 2.77e-05
[MAE-FLIR] epoch 14 step 189 loss 0.1771 lr 2.78e-05
[MAE-FLIR] epoch 14 step 209 loss 0.1685 lr 2.80e-05
[MAE-FLIR] === epoch 14 done, avg loss 0.1618 ===
[MAE-FLIR] epoch 15 step 4 loss 0.1685 lr 2.82e-05
[MAE-FLIR] epoch 15 step 24 loss 0.1629 lr 2.83e-05
[MAE-FLIR] epoch 15 step 44 loss 0.1752 lr 2.85e-05
[MAE-FLIR] epoch 15 step 64 loss 0.1602 lr 2.87e-05
[MAE-FLIR] epoch 15 step 84 loss 0.1704 lr 2.88e-05
[MAE-FLIR] epoch 15 step 104 loss 0.1580 lr 2.90e-05
[MAE-FLIR] epoch 15 step 124 loss 0.1484 lr 2.92e-05
[MAE-FLIR] epoch 15 step 144 loss 0.1545 lr 2.93e-05
[MAE-FLIR] epoch 15 step 164 loss 0.1531 lr 2.95e-05
[MAE-FLIR] epoch 15 step 184 loss 0.1617 lr 2.97e-05
[MAE-FLIR] epoch 15 step 204 loss 0.1566 lr 2.98e-05
[MAE-FLIR] epoch 15 step 224 loss 0.1710 lr 3.00e-05
[MAE-FLIR] === epoch 15 done, avg loss 0.1591 ===
[MAE-FLIR] epoch 16 step 19 loss 0.1647 lr 3.02e-05
[MAE-FLIR] epoch 16 step 39 loss 0.1594 lr 3.03e-05
[MAE-FLIR] epoch 16 step 59 loss 0.1464 lr 3.05e-05
[MAE-FLIR] epoch 16 step 79 loss 0.1555 lr 3.07e-05
[MAE-FLIR] epoch 16 step 99 loss 0.1540 lr 3.08e-05
[MAE-FLIR] epoch 16 step 119 loss 0.1653 lr 3.10e-05
[MAE-FLIR] epoch 16 step 139 loss 0.1516 lr 3.12e-05
[MAE-FLIR] epoch 16 step 159 loss 0.1403 lr 3.13e-05
[MAE-FLIR] epoch 16 step 179 loss 0.1621 lr 3.15e-05
[MAE-FLIR] epoch 16 step 199 loss 0.1636 lr 3.17e-05
[MAE-FLIR] epoch 16 step 219 loss 0.1632 lr 3.18e-05
[MAE-FLIR] === epoch 16 done, avg loss 0.1572 ===
[MAE-FLIR] epoch 17 step 14 loss 0.1610 lr 3.20e-05
[MAE-FLIR] epoch 17 step 34 loss 0.1375 lr 3.22e-05
[MAE-FLIR] epoch 17 step 54 loss 0.1707 lr 3.23e-05
[MAE-FLIR] epoch 17 step 74 loss 0.1519 lr 3.25e-05
[MAE-FLIR] epoch 17 step 94 loss 0.1322 lr 3.27e-05
[MAE-FLIR] epoch 17 step 114 loss 0.1399 lr 3.28e-05
[MAE-FLIR] epoch 17 step 134 loss 0.1464 lr 3.30e-05
[MAE-FLIR] epoch 17 step 154 loss 0.1499 lr 3.32e-05
[MAE-FLIR] epoch 17 step 174 loss 0.1693 lr 3.33e-05
[MAE-FLIR] epoch 17 step 194 loss 0.1460 lr 3.35e-05
[MAE-FLIR] epoch 17 step 214 loss 0.1555 lr 3.37e-05
[MAE-FLIR] === epoch 17 done, avg loss 0.1564 ===
[MAE-FLIR] epoch 18 step 9 loss 0.1351 lr 3.38e-05
[MAE-FLIR] epoch 18 step 29 loss 0.1478 lr 3.40e-05
[MAE-FLIR] epoch 18 step 49 loss 0.1502 lr 3.42e-05
[MAE-FLIR] epoch 18 step 69 loss 0.1418 lr 3.43e-05
[MAE-FLIR] epoch 18 step 89 loss 0.1570 lr 3.45e-05
[MAE-FLIR] epoch 18 step 109 loss 0.1546 lr 3.47e-05
[MAE-FLIR] epoch 18 step 129 loss 0.1594 lr 3.48e-05
[MAE-FLIR] epoch 18 step 149 loss 0.1569 lr 3.50e-05
[MAE-FLIR] epoch 18 step 169 loss 0.1399 lr 3.52e-05
[MAE-FLIR] epoch 18 step 189 loss 0.1487 lr 3.53e-05
[MAE-FLIR] epoch 18 step 209 loss 0.1451 lr 3.55e-05
[MAE-FLIR] === epoch 18 done, avg loss 0.1556 ===
[MAE-FLIR] epoch 19 step 4 loss 0.1517 lr 3.57e-05
[MAE-FLIR] epoch 19 step 24 loss 0.1492 lr 3.58e-05
[MAE-FLIR] epoch 19 step 44 loss 0.1509 lr 3.60e-05
[MAE-FLIR] epoch 19 step 64 loss 0.1581 lr 3.62e-05
[MAE-FLIR] epoch 19 step 84 loss 0.1534 lr 3.63e-05
[MAE-FLIR] epoch 19 step 104 loss 0.1545 lr 3.65e-05
[MAE-FLIR] epoch 19 step 124 loss 0.1514 lr 3.67e-05
[MAE-FLIR] epoch 19 step 144 loss 0.1520 lr 3.68e-05
[MAE-FLIR] epoch 19 step 164 loss 0.1504 lr 3.70e-05
[MAE-FLIR] epoch 19 step 184 loss 0.1845 lr 3.72e-05
[MAE-FLIR] epoch 19 step 204 loss 0.1487 lr 3.73e-05
[MAE-FLIR] epoch 19 step 224 loss 0.1604 lr 3.75e-05
[MAE-FLIR] === epoch 19 done, avg loss 0.1537 ===
[MAE-FLIR] epoch 20 step 19 loss 0.1634 lr 3.77e-05
[MAE-FLIR] epoch 20 step 39 loss 0.1690 lr 3.78e-05
[MAE-FLIR] epoch 20 step 59 loss 0.1477 lr 3.80e-05
[MAE-FLIR] epoch 20 step 79 loss 0.1478 lr 3.82e-05
[MAE-FLIR] epoch 20 step 99 loss 0.1585 lr 3.83e-05
[MAE-FLIR] epoch 20 step 119 loss 0.1515 lr 3.85e-05
[MAE-FLIR] epoch 20 step 139 loss 0.1276 lr 3.87e-05
[MAE-FLIR] epoch 20 step 159 loss 0.1477 lr 3.88e-05
[MAE-FLIR] epoch 20 step 179 loss 0.1454 lr 3.90e-05
[MAE-FLIR] epoch 20 step 199 loss 0.1402 lr 3.92e-05
[MAE-FLIR] epoch 20 step 219 loss 0.1556 lr 3.93e-05
[MAE-FLIR] === epoch 20 done, avg loss 0.1521 ===
[MAE-FLIR] epoch 21 step 14 loss 0.1362 lr 3.95e-05
[MAE-FLIR] epoch 21 step 34 loss 0.1420 lr 3.97e-05
[MAE-FLIR] epoch 21 step 54 loss 0.1615 lr 3.98e-05
[MAE-FLIR] epoch 21 step 74 loss 0.1597 lr 4.00e-05
[MAE-FLIR] epoch 21 step 94 loss 0.1540 lr 4.02e-05
[MAE-FLIR] epoch 21 step 114 loss 0.1595 lr 4.03e-05
[MAE-FLIR] epoch 21 step 134 loss 0.1425 lr 4.05e-05
[MAE-FLIR] epoch 21 step 154 loss 0.1481 lr 4.07e-05
[MAE-FLIR] epoch 21 step 174 loss 0.1604 lr 4.08e-05
[MAE-FLIR] epoch 21 step 194 loss 0.1632 lr 4.10e-05
[MAE-FLIR] epoch 21 step 214 loss 0.1612 lr 4.12e-05
[MAE-FLIR] === epoch 21 done, avg loss 0.1512 ===
[MAE-FLIR] epoch 22 step 9 loss 0.1311 lr 4.13e-05
[MAE-FLIR] epoch 22 step 29 loss 0.1554 lr 4.15e-05
[MAE-FLIR] epoch 22 step 49 loss 0.1592 lr 4.17e-05
[MAE-FLIR] epoch 22 step 69 loss 0.1337 lr 4.18e-05
[MAE-FLIR] epoch 22 step 89 loss 0.1490 lr 4.20e-05
[MAE-FLIR] epoch 22 step 109 loss 0.1505 lr 4.22e-05
[MAE-FLIR] epoch 22 step 129 loss 0.1429 lr 4.23e-05
[MAE-FLIR] epoch 22 step 149 loss 0.1554 lr 4.25e-05
[MAE-FLIR] epoch 22 step 169 loss 0.1566 lr 4.27e-05
[MAE-FLIR] epoch 22 step 189 loss 0.1474 lr 4.28e-05
[MAE-FLIR] epoch 22 step 209 loss 0.1361 lr 4.30e-05
[MAE-FLIR] === epoch 22 done, avg loss 0.1497 ===
[MAE-FLIR] epoch 23 step 4 loss 0.1446 lr 4.32e-05
[MAE-FLIR] epoch 23 step 24 loss 0.1557 lr 4.33e-05
[MAE-FLIR] epoch 23 step 44 loss 0.1425 lr 4.35e-05
[MAE-FLIR] epoch 23 step 64 loss 0.1391 lr 4.37e-05
[MAE-FLIR] epoch 23 step 84 loss 0.1494 lr 4.38e-05
[MAE-FLIR] epoch 23 step 104 loss 0.1324 lr 4.40e-05
[MAE-FLIR] epoch 23 step 124 loss 0.1454 lr 4.42e-05
[MAE-FLIR] epoch 23 step 144 loss 0.1379 lr 4.43e-05
[MAE-FLIR] epoch 23 step 164 loss 0.1353 lr 4.45e-05
[MAE-FLIR] epoch 23 step 184 loss 0.1592 lr 4.47e-05
[MAE-FLIR] epoch 23 step 204 loss 0.1472 lr 4.48e-05
[MAE-FLIR] epoch 23 step 224 loss 0.1689 lr 4.50e-05
[MAE-FLIR] === epoch 23 done, avg loss 0.1483 ===
[MAE-FLIR] epoch 24 step 19 loss 0.1579 lr 4.52e-05
[MAE-FLIR] epoch 24 step 39 loss 0.1515 lr 4.53e-05
[MAE-FLIR] epoch 24 step 59 loss 0.1546 lr 4.55e-05
[MAE-FLIR] epoch 24 step 79 loss 0.1360 lr 4.57e-05
[MAE-FLIR] epoch 24 step 99 loss 0.1312 lr 4.58e-05
[MAE-FLIR] epoch 24 step 119 loss 0.1423 lr 4.60e-05
[MAE-FLIR] epoch 24 step 139 loss 0.1458 lr 4.62e-05
[MAE-FLIR] epoch 24 step 159 loss 0.1473 lr 4.63e-05
[MAE-FLIR] epoch 24 step 179 loss 0.1494 lr 4.65e-05
[MAE-FLIR] epoch 24 step 199 loss 0.1388 lr 4.67e-05
[MAE-FLIR] epoch 24 step 219 loss 0.1427 lr 4.68e-05
[MAE-FLIR] === epoch 24 done, avg loss 0.1476 ===
[MAE-FLIR] epoch 25 step 14 loss 0.1524 lr 4.70e-05
[MAE-FLIR] epoch 25 step 34 loss 0.1503 lr 4.72e-05
[MAE-FLIR] epoch 25 step 54 loss 0.1763 lr 4.73e-05
[MAE-FLIR] epoch 25 step 74 loss 0.1489 lr 4.75e-05
[MAE-FLIR] epoch 25 step 94 loss 0.1608 lr 4.77e-05
[MAE-FLIR] epoch 25 step 114 loss 0.1332 lr 4.78e-05
[MAE-FLIR] epoch 25 step 134 loss 0.1578 lr 4.80e-05
[MAE-FLIR] epoch 25 step 154 loss 0.1308 lr 4.82e-05
[MAE-FLIR] epoch 25 step 174 loss 0.1310 lr 4.83e-05
[MAE-FLIR] epoch 25 step 194 loss 0.1381 lr 4.85e-05
[MAE-FLIR] epoch 25 step 214 loss 0.1444 lr 4.87e-05
[MAE-FLIR] === epoch 25 done, avg loss 0.1460 ===
[MAE-FLIR] epoch 26 step 9 loss 0.1513 lr 4.88e-05
[MAE-FLIR] epoch 26 step 29 loss 0.1413 lr 4.90e-05
[MAE-FLIR] epoch 26 step 49 loss 0.1356 lr 4.92e-05
[MAE-FLIR] epoch 26 step 69 loss 0.1331 lr 4.93e-05
[MAE-FLIR] epoch 26 step 89 loss 0.1586 lr 4.95e-05
[MAE-FLIR] epoch 26 step 109 loss 0.1246 lr 4.97e-05
[MAE-FLIR] epoch 26 step 129 loss 0.1549 lr 4.98e-05
[MAE-FLIR] epoch 26 step 149 loss 0.1570 lr 5.00e-05
[MAE-FLIR] epoch 26 step 169 loss 0.1336 lr 5.02e-05
[MAE-FLIR] epoch 26 step 189 loss 0.1507 lr 5.03e-05
[MAE-FLIR] epoch 26 step 209 loss 0.1417 lr 5.05e-05
[MAE-FLIR] === epoch 26 done, avg loss 0.1455 ===
[MAE-FLIR] epoch 27 step 4 loss 0.1562 lr 5.07e-05
[MAE-FLIR] epoch 27 step 24 loss 0.1278 lr 5.08e-05
[MAE-FLIR] epoch 27 step 44 loss 0.1479 lr 5.10e-05
[MAE-FLIR] epoch 27 step 64 loss 0.1480 lr 5.12e-05
[MAE-FLIR] epoch 27 step 84 loss 0.1317 lr 5.13e-05
[MAE-FLIR] epoch 27 step 104 loss 0.1447 lr 5.15e-05
[MAE-FLIR] epoch 27 step 124 loss 0.1363 lr 5.17e-05
[MAE-FLIR] epoch 27 step 144 loss 0.1436 lr 5.18e-05
[MAE-FLIR] epoch 27 step 164 loss 0.1389 lr 5.20e-05
[MAE-FLIR] epoch 27 step 184 loss 0.1356 lr 5.22e-05
[MAE-FLIR] epoch 27 step 204 loss 0.1547 lr 5.23e-05
[MAE-FLIR] epoch 27 step 224 loss 0.1231 lr 5.25e-05
[MAE-FLIR] === epoch 27 done, avg loss 0.1440 ===
[MAE-FLIR] epoch 28 step 19 loss 0.1423 lr 5.27e-05
[MAE-FLIR] epoch 28 step 39 loss 0.1445 lr 5.28e-05
[MAE-FLIR] epoch 28 step 59 loss 0.1566 lr 5.30e-05
[MAE-FLIR] epoch 28 step 79 loss 0.1523 lr 5.32e-05
[MAE-FLIR] epoch 28 step 99 loss 0.1462 lr 5.33e-05
[MAE-FLIR] epoch 28 step 119 loss 0.1507 lr 5.35e-05
[MAE-FLIR] epoch 28 step 139 loss 0.1505 lr 5.37e-05
[MAE-FLIR] epoch 28 step 159 loss 0.1461 lr 5.38e-05
[MAE-FLIR] epoch 28 step 179 loss 0.1301 lr 5.40e-05
[MAE-FLIR] epoch 28 step 199 loss 0.1371 lr 5.42e-05
[MAE-FLIR] epoch 28 step 219 loss 0.1289 lr 5.43e-05
[MAE-FLIR] === epoch 28 done, avg loss 0.1440 ===
[MAE-FLIR] epoch 29 step 14 loss 0.1366 lr 5.45e-05
[MAE-FLIR] epoch 29 step 34 loss 0.1346 lr 5.47e-05
[MAE-FLIR] epoch 29 step 54 loss 0.1338 lr 5.48e-05
[MAE-FLIR] epoch 29 step 74 loss 0.1504 lr 5.50e-05
[MAE-FLIR] epoch 29 step 94 loss 0.1291 lr 5.52e-05
[MAE-FLIR] epoch 29 step 114 loss 0.1565 lr 5.53e-05
[MAE-FLIR] epoch 29 step 134 loss 0.1358 lr 5.55e-05
[MAE-FLIR] epoch 29 step 154 loss 0.1253 lr 5.57e-05
[MAE-FLIR] epoch 29 step 174 loss 0.1692 lr 5.58e-05
[MAE-FLIR] epoch 29 step 194 loss 0.1553 lr 5.60e-05
[MAE-FLIR] epoch 29 step 214 loss 0.1724 lr 5.62e-05
[MAE-FLIR] === epoch 29 done, avg loss 0.1434 ===
[MAE-FLIR] epoch 30 step 9 loss 0.1290 lr 5.63e-05
[MAE-FLIR] epoch 30 step 29 loss 0.1505 lr 5.65e-05
[MAE-FLIR] epoch 30 step 49 loss 0.1462 lr 5.67e-05
[MAE-FLIR] epoch 30 step 69 loss 0.1371 lr 5.68e-05
[MAE-FLIR] epoch 30 step 89 loss 0.1505 lr 5.70e-05
[MAE-FLIR] epoch 30 step 109 loss 0.1441 lr 5.72e-05
[MAE-FLIR] epoch 30 step 129 loss 0.1341 lr 5.73e-05
[MAE-FLIR] epoch 30 step 149 loss 0.1362 lr 5.75e-05
[MAE-FLIR] epoch 30 step 169 loss 0.1321 lr 5.77e-05
[MAE-FLIR] epoch 30 step 189 loss 0.1462 lr 5.78e-05
[MAE-FLIR] epoch 30 step 209 loss 0.1467 lr 5.80e-05
[MAE-FLIR] === epoch 30 done, avg loss 0.1424 ===
[MAE-FLIR] epoch 31 step 4 loss 0.1622 lr 5.82e-05
[MAE-FLIR] epoch 31 step 24 loss 0.1417 lr 5.83e-05
[MAE-FLIR] epoch 31 step 44 loss 0.1340 lr 5.85e-05
[MAE-FLIR] epoch 31 step 64 loss 0.1506 lr 5.87e-05
[MAE-FLIR] epoch 31 step 84 loss 0.1430 lr 5.88e-05
[MAE-FLIR] epoch 31 step 104 loss 0.1353 lr 5.90e-05
[MAE-FLIR] epoch 31 step 124 loss 0.1444 lr 5.92e-05
[MAE-FLIR] epoch 31 step 144 loss 0.1484 lr 5.93e-05
[MAE-FLIR] epoch 31 step 164 loss 0.1465 lr 5.95e-05
[MAE-FLIR] epoch 31 step 184 loss 0.1480 lr 5.97e-05
[MAE-FLIR] epoch 31 step 204 loss 0.1470 lr 5.98e-05
[MAE-FLIR] epoch 31 step 224 loss 0.1543 lr 6.00e-05
[MAE-FLIR] === epoch 31 done, avg loss 0.1416 ===
[MAE-FLIR] epoch 32 step 19 loss 0.1420 lr 6.02e-05
[MAE-FLIR] epoch 32 step 39 loss 0.1344 lr 6.03e-05
[MAE-FLIR] epoch 32 step 59 loss 0.1466 lr 6.05e-05
[MAE-FLIR] epoch 32 step 79 loss 0.1423 lr 6.07e-05
[MAE-FLIR] epoch 32 step 99 loss 0.1397 lr 6.08e-05
[MAE-FLIR] epoch 32 step 119 loss 0.1325 lr 6.10e-05
[MAE-FLIR] epoch 32 step 139 loss 0.1418 lr 6.12e-05
[MAE-FLIR] epoch 32 step 159 loss 0.1388 lr 6.13e-05
[MAE-FLIR] epoch 32 step 179 loss 0.1481 lr 6.15e-05
[MAE-FLIR] epoch 32 step 199 loss 0.1608 lr 6.17e-05
[MAE-FLIR] epoch 32 step 219 loss 0.1421 lr 6.18e-05
[MAE-FLIR] === epoch 32 done, avg loss 0.1407 ===
[MAE-FLIR] epoch 33 step 14 loss 0.1383 lr 6.20e-05
[MAE-FLIR] epoch 33 step 34 loss 0.1287 lr 6.22e-05
[MAE-FLIR] epoch 33 step 54 loss 0.1280 lr 6.23e-05
[MAE-FLIR] epoch 33 step 74 loss 0.1617 lr 6.25e-05
[MAE-FLIR] epoch 33 step 94 loss 0.1414 lr 6.27e-05
[MAE-FLIR] epoch 33 step 114 loss 0.1431 lr 6.28e-05
[MAE-FLIR] epoch 33 step 134 loss 0.1257 lr 6.30e-05
[MAE-FLIR] epoch 33 step 154 loss 0.1416 lr 6.32e-05
[MAE-FLIR] epoch 33 step 174 loss 0.1424 lr 6.33e-05
[MAE-FLIR] epoch 33 step 194 loss 0.1307 lr 6.35e-05
[MAE-FLIR] epoch 33 step 214 loss 0.1456 lr 6.37e-05
[MAE-FLIR] === epoch 33 done, avg loss 0.1394 ===
[MAE-FLIR] epoch 34 step 9 loss 0.1386 lr 6.38e-05
[MAE-FLIR] epoch 34 step 29 loss 0.1327 lr 6.40e-05
[MAE-FLIR] epoch 34 step 49 loss 0.1430 lr 6.42e-05
[MAE-FLIR] epoch 34 step 69 loss 0.1382 lr 6.43e-05
[MAE-FLIR] epoch 34 step 89 loss 0.1282 lr 6.45e-05
[MAE-FLIR] epoch 34 step 109 loss 0.1368 lr 6.47e-05
[MAE-FLIR] epoch 34 step 129 loss 0.1500 lr 6.48e-05
[MAE-FLIR] epoch 34 step 149 loss 0.1295 lr 6.50e-05
[MAE-FLIR] epoch 34 step 169 loss 0.1322 lr 6.52e-05
[MAE-FLIR] epoch 34 step 189 loss 0.1354 lr 6.53e-05
[MAE-FLIR] epoch 34 step 209 loss 0.1349 lr 6.55e-05
[MAE-FLIR] === epoch 34 done, avg loss 0.1390 ===
[MAE-FLIR] epoch 35 step 4 loss 0.1547 lr 6.57e-05
[MAE-FLIR] epoch 35 step 24 loss 0.1521 lr 6.58e-05
[MAE-FLIR] epoch 35 step 44 loss 0.1351 lr 6.60e-05
[MAE-FLIR] epoch 35 step 64 loss 0.1434 lr 6.62e-05
[MAE-FLIR] epoch 35 step 84 loss 0.1262 lr 6.63e-05
[MAE-FLIR] epoch 35 step 104 loss 0.1492 lr 6.65e-05
[MAE-FLIR] epoch 35 step 124 loss 0.1469 lr 6.67e-05
[MAE-FLIR] epoch 35 step 144 loss 0.1339 lr 6.68e-05
[MAE-FLIR] epoch 35 step 164 loss 0.1284 lr 6.70e-05
[MAE-FLIR] epoch 35 step 184 loss 0.1277 lr 6.72e-05
[MAE-FLIR] epoch 35 step 204 loss 0.1431 lr 6.73e-05
[MAE-FLIR] epoch 35 step 224 loss 0.1478 lr 6.75e-05
[MAE-FLIR] === epoch 35 done, avg loss 0.1378 ===
[MAE-FLIR] epoch 36 step 19 loss 0.1355 lr 6.77e-05
[MAE-FLIR] epoch 36 step 39 loss 0.1448 lr 6.78e-05
[MAE-FLIR] epoch 36 step 59 loss 0.1459 lr 6.80e-05
[MAE-FLIR] epoch 36 step 79 loss 0.1402 lr 6.82e-05
[MAE-FLIR] epoch 36 step 99 loss 0.1407 lr 6.83e-05
[MAE-FLIR] epoch 36 step 119 loss 0.1396 lr 6.85e-05
[MAE-FLIR] epoch 36 step 139 loss 0.1330 lr 6.87e-05
[MAE-FLIR] epoch 36 step 159 loss 0.1267 lr 6.88e-05
[MAE-FLIR] epoch 36 step 179 loss 0.1361 lr 6.90e-05
[MAE-FLIR] epoch 36 step 199 loss 0.1267 lr 6.92e-05
[MAE-FLIR] epoch 36 step 219 loss 0.1257 lr 6.93e-05
[MAE-FLIR] === epoch 36 done, avg loss 0.1371 ===
[MAE-FLIR] epoch 37 step 14 loss 0.1321 lr 6.95e-05
[MAE-FLIR] epoch 37 step 34 loss 0.1591 lr 6.97e-05
[MAE-FLIR] epoch 37 step 54 loss 0.1378 lr 6.98e-05
[MAE-FLIR] epoch 37 step 74 loss 0.1188 lr 7.00e-05
[MAE-FLIR] epoch 37 step 94 loss 0.1361 lr 7.02e-05
[MAE-FLIR] epoch 37 step 114 loss 0.1221 lr 7.03e-05
[MAE-FLIR] epoch 37 step 134 loss 0.1565 lr 7.05e-05
[MAE-FLIR] epoch 37 step 154 loss 0.1438 lr 7.07e-05
[MAE-FLIR] epoch 37 step 174 loss 0.1334 lr 7.08e-05
[MAE-FLIR] epoch 37 step 194 loss 0.1297 lr 7.10e-05
[MAE-FLIR] epoch 37 step 214 loss 0.1433 lr 7.12e-05
[MAE-FLIR] === epoch 37 done, avg loss 0.1365 ===
[MAE-FLIR] epoch 38 step 9 loss 0.1291 lr 7.13e-05
[MAE-FLIR] epoch 38 step 29 loss 0.1302 lr 7.15e-05
[MAE-FLIR] epoch 38 step 49 loss 0.1457 lr 7.17e-05
[MAE-FLIR] epoch 38 step 69 loss 0.1380 lr 7.18e-05
[MAE-FLIR] epoch 38 step 89 loss 0.1235 lr 7.20e-05
[MAE-FLIR] epoch 38 step 109 loss 0.1236 lr 7.22e-05
[MAE-FLIR] epoch 38 step 129 loss 0.1459 lr 7.23e-05
[MAE-FLIR] epoch 38 step 149 loss 0.1379 lr 7.25e-05
[MAE-FLIR] epoch 38 step 169 loss 0.1387 lr 7.27e-05
[MAE-FLIR] epoch 38 step 189 loss 0.1354 lr 7.28e-05
[MAE-FLIR] epoch 38 step 209 loss 0.1285 lr 7.30e-05
[MAE-FLIR] === epoch 38 done, avg loss 0.1354 ===
[MAE-FLIR] epoch 39 step 4 loss 0.1238 lr 7.32e-05
[MAE-FLIR] epoch 39 step 24 loss 0.1395 lr 7.33e-05
[MAE-FLIR] epoch 39 step 44 loss 0.1225 lr 7.35e-05
[MAE-FLIR] epoch 39 step 64 loss 0.1349 lr 7.37e-05
[MAE-FLIR] epoch 39 step 84 loss 0.1205 lr 7.38e-05
[MAE-FLIR] epoch 39 step 104 loss 0.1258 lr 7.40e-05
[MAE-FLIR] epoch 39 step 124 loss 0.1311 lr 7.42e-05
[MAE-FLIR] epoch 39 step 144 loss 0.1261 lr 7.43e-05
[MAE-FLIR] epoch 39 step 164 loss 0.1343 lr 7.45e-05
[MAE-FLIR] epoch 39 step 184 loss 0.1406 lr 7.47e-05
[MAE-FLIR] epoch 39 step 204 loss 0.1195 lr 7.48e-05
[MAE-FLIR] epoch 39 step 224 loss 0.1336 lr 7.50e-05
[MAE-FLIR] === epoch 39 done, avg loss 0.1352 ===
[MAE-FLIR] epoch 40 step 19 loss 0.1358 lr 7.50e-05
[MAE-FLIR] epoch 40 step 39 loss 0.1360 lr 7.50e-05
[MAE-FLIR] epoch 40 step 59 loss 0.1426 lr 7.50e-05
[MAE-FLIR] epoch 40 step 79 loss 0.1277 lr 7.50e-05
[MAE-FLIR] epoch 40 step 99 loss 0.1368 lr 7.50e-05
[MAE-FLIR] epoch 40 step 119 loss 0.1324 lr 7.50e-05
[MAE-FLIR] epoch 40 step 139 loss 0.1277 lr 7.50e-05
[MAE-FLIR] epoch 40 step 159 loss 0.1308 lr 7.50e-05
[MAE-FLIR] epoch 40 step 179 loss 0.1373 lr 7.50e-05
[MAE-FLIR] epoch 40 step 199 loss 0.1304 lr 7.50e-05
[MAE-FLIR] epoch 40 step 219 loss 0.1399 lr 7.50e-05
[MAE-FLIR] === epoch 40 done, avg loss 0.1347 ===
[MAE-FLIR] epoch 41 step 14 loss 0.1318 lr 7.50e-05
[MAE-FLIR] epoch 41 step 34 loss 0.1352 lr 7.50e-05j
[MAE-FLIR] epoch 41 step 54 loss 0.1289 lr 7.50e-05
[MAE-FLIR] epoch 41 step 74 loss 0.1318 lr 7.50e-05
[MAE-FLIR] epoch 41 step 94 loss 0.1287 lr 7.50e-05
[MAE-FLIR] epoch 41 step 114 loss 0.1251 lr 7.50e-05
[MAE-FLIR] epoch 41 step 134 loss 0.1430 lr 7.50e-05
[MAE-FLIR] epoch 41 step 154 loss 0.1166 lr 7.50e-05
[MAE-FLIR] epoch 41 step 174 loss 0.1478 lr 7.50e-05
[MAE-FLIR] epoch 41 step 194 loss 0.1379 lr 7.50e-05
[MAE-FLIR] epoch 41 step 214 loss 0.1260 lr 7.50e-05
[MAE-FLIR] === epoch 41 done, avg loss 0.1333 ===
[MAE-FLIR] epoch 42 step 9 loss 0.1350 lr 7.50e-05
[MAE-FLIR] epoch 42 step 29 loss 0.1345 lr 7.50e-05
[MAE-FLIR] epoch 42 step 49 loss 0.1388 lr 7.50e-05
[MAE-FLIR] epoch 42 step 69 loss 0.1269 lr 7.50e-05
[MAE-FLIR] epoch 42 step 89 loss 0.1338 lr 7.50e-05
[MAE-FLIR] epoch 42 step 109 loss 0.1315 lr 7.50e-05
[MAE-FLIR] epoch 42 step 129 loss 0.1379 lr 7.50e-05
[MAE-FLIR] epoch 42 step 149 loss 0.1321 lr 7.49e-05
[MAE-FLIR] epoch 42 step 169 loss 0.1265 lr 7.49e-05
[MAE-FLIR] epoch 42 step 189 loss 0.1433 lr 7.49e-05
[MAE-FLIR] epoch 42 step 209 loss 0.1230 lr 7.49e-05
[MAE-FLIR] === epoch 42 done, avg loss 0.1327 ===
[MAE-FLIR] epoch 43 step 4 loss 0.1488 lr 7.49e-05
[MAE-FLIR] epoch 43 step 24 loss 0.1295 lr 7.49e-05
[MAE-FLIR] epoch 43 step 44 loss 0.1239 lr 7.49e-05
[MAE-FLIR] epoch 43 step 64 loss 0.1286 lr 7.49e-05
[MAE-FLIR] epoch 43 step 84 loss 0.1581 lr 7.49e-05
[MAE-FLIR] epoch 43 step 104 loss 0.1347 lr 7.49e-05
[MAE-FLIR] epoch 43 step 124 loss 0.1412 lr 7.49e-05
[MAE-FLIR] epoch 43 step 144 loss 0.1395 lr 7.49e-05
[MAE-FLIR] epoch 43 step 164 loss 0.1327 lr 7.49e-05
[MAE-FLIR] epoch 43 step 184 loss 0.1184 lr 7.49e-05
[MAE-FLIR] epoch 43 step 204 loss 0.1294 lr 7.49e-05
[MAE-FLIR] epoch 43 step 224 loss 0.1394 lr 7.49e-05
[MAE-FLIR] === epoch 43 done, avg loss 0.1315 ===
[MAE-FLIR] epoch 44 step 19 loss 0.1173 lr 7.49e-05
[MAE-FLIR] epoch 44 step 39 loss 0.1384 lr 7.49e-05
[MAE-FLIR] epoch 44 step 59 loss 0.1524 lr 7.49e-05
[MAE-FLIR] epoch 44 step 79 loss 0.1415 lr 7.49e-05
[MAE-FLIR] epoch 44 step 99 loss 0.1214 lr 7.49e-05
[MAE-FLIR] epoch 44 step 119 loss 0.1394 lr 7.49e-05
[MAE-FLIR] epoch 44 step 139 loss 0.1254 lr 7.48e-05
[MAE-FLIR] epoch 44 step 159 loss 0.1116 lr 7.48e-05
[MAE-FLIR] epoch 44 step 179 loss 0.1401 lr 7.48e-05
[MAE-FLIR] epoch 44 step 199 loss 0.1312 lr 7.48e-05
[MAE-FLIR] epoch 44 step 219 loss 0.1223 lr 7.48e-05
[MAE-FLIR] === epoch 44 done, avg loss 0.1309 ===
[MAE-FLIR] epoch 45 step 14 loss 0.1506 lr 7.48e-05
[MAE-FLIR] epoch 45 step 34 loss 0.1125 lr 7.48e-05
[MAE-FLIR] epoch 45 step 54 loss 0.1186 lr 7.48e-05
[MAE-FLIR] epoch 45 step 74 loss 0.1266 lr 7.48e-05
[MAE-FLIR] epoch 45 step 94 loss 0.1294 lr 7.48e-05
[MAE-FLIR] epoch 45 step 114 loss 0.1376 lr 7.48e-05
[MAE-FLIR] epoch 45 step 134 loss 0.1295 lr 7.48e-05
[MAE-FLIR] epoch 45 step 154 loss 0.1362 lr 7.48e-05
[MAE-FLIR] epoch 45 step 174 loss 0.1202 lr 7.48e-05
[MAE-FLIR] epoch 45 step 194 loss 0.1357 lr 7.48e-05
[MAE-FLIR] epoch 45 step 214 loss 0.1290 lr 7.47e-05
[MAE-FLIR] === epoch 45 done, avg loss 0.1302 ===
[MAE-FLIR] epoch 46 step 9 loss 0.1358 lr 7.47e-05
[MAE-FLIR] epoch 46 step 29 loss 0.1391 lr 7.47e-05
[MAE-FLIR] epoch 46 step 49 loss 0.1263 lr 7.47e-05
[MAE-FLIR] epoch 46 step 69 loss 0.1305 lr 7.47e-05
[MAE-FLIR] epoch 46 step 89 loss 0.1340 lr 7.47e-05
[MAE-FLIR] epoch 46 step 109 loss 0.1227 lr 7.47e-05
[MAE-FLIR] epoch 46 step 129 loss 0.1193 lr 7.47e-05
[MAE-FLIR] epoch 46 step 149 loss 0.1246 lr 7.47e-05
[MAE-FLIR] epoch 46 step 169 loss 0.1259 lr 7.47e-05
[MAE-FLIR] epoch 46 step 189 loss 0.1207 lr 7.47e-05
[MAE-FLIR] epoch 46 step 209 loss 0.1304 lr 7.47e-05
[MAE-FLIR] === epoch 46 done, avg loss 0.1292 ===
[MAE-FLIR] epoch 47 step 4 loss 0.1213 lr 7.46e-05
[MAE-FLIR] epoch 47 step 24 loss 0.1395 lr 7.46e-05
[MAE-FLIR] epoch 47 step 44 loss 0.1389 lr 7.46e-05
[MAE-FLIR] epoch 47 step 64 loss 0.1365 lr 7.46e-05
[MAE-FLIR] epoch 47 step 84 loss 0.1118 lr 7.46e-05
[MAE-FLIR] epoch 47 step 104 loss 0.1084 lr 7.46e-05
[MAE-FLIR] epoch 47 step 124 loss 0.1212 lr 7.46e-05
[MAE-FLIR] epoch 47 step 144 loss 0.1255 lr 7.46e-05
[MAE-FLIR] epoch 47 step 164 loss 0.1254 lr 7.46e-05
[MAE-FLIR] epoch 47 step 184 loss 0.1286 lr 7.46e-05
[MAE-FLIR] epoch 47 step 204 loss 0.1418 lr 7.45e-05
[MAE-FLIR] epoch 47 step 224 loss 0.1146 lr 7.45e-05
[MAE-FLIR] === epoch 47 done, avg loss 0.1281 ===
[MAE-FLIR] epoch 48 step 19 loss 0.1334 lr 7.45e-05
[MAE-FLIR] epoch 48 step 39 loss 0.1131 lr 7.45e-05
[MAE-FLIR] epoch 48 step 59 loss 0.1332 lr 7.45e-05
[MAE-FLIR] epoch 48 step 79 loss 0.1270 lr 7.45e-05
[MAE-FLIR] epoch 48 step 99 loss 0.1349 lr 7.45e-05
[MAE-FLIR] epoch 48 step 119 loss 0.1334 lr 7.45e-05
[MAE-FLIR] epoch 48 step 139 loss 0.1122 lr 7.45e-05
[MAE-FLIR] epoch 48 step 159 loss 0.1203 lr 7.45e-05
[MAE-FLIR] epoch 48 step 179 loss 0.1264 lr 7.44e-05
[MAE-FLIR] epoch 48 step 199 loss 0.1224 lr 7.44e-05
[MAE-FLIR] epoch 48 step 219 loss 0.1406 lr 7.44e-05
[MAE-FLIR] === epoch 48 done, avg loss 0.1277 ===
[MAE-FLIR] epoch 49 step 14 loss 0.1270 lr 7.44e-05
[MAE-FLIR] epoch 49 step 34 loss 0.1212 lr 7.44e-05
[MAE-FLIR] epoch 49 step 54 loss 0.1253 lr 7.44e-05
[MAE-FLIR] epoch 49 step 74 loss 0.1440 lr 7.44e-05
[MAE-FLIR] epoch 49 step 94 loss 0.1194 lr 7.44e-05
[MAE-FLIR] epoch 49 step 114 loss 0.1263 lr 7.43e-05
[MAE-FLIR] epoch 49 step 134 loss 0.1341 lr 7.43e-05
[MAE-FLIR] epoch 49 step 154 loss 0.1263 lr 7.43e-05
[MAE-FLIR] epoch 49 step 174 loss 0.1339 lr 7.43e-05
[MAE-FLIR] epoch 49 step 194 loss 0.1169 lr 7.43e-05
[MAE-FLIR] epoch 49 step 214 loss 0.1209 lr 7.43e-05
[MAE-FLIR] === epoch 49 done, avg loss 0.1264 ===
[MAE-FLIR] saved checkpoint to pretrained/mae_flir_vit_base.pth
[MAE-FLIR] epoch 50 step 9 loss 0.1244 lr 7.43e-05
[MAE-FLIR] epoch 50 step 29 loss 0.1334 lr 7.43e-05
[MAE-FLIR] epoch 50 step 49 loss 0.1224 lr 7.42e-05
[MAE-FLIR] epoch 50 step 69 loss 0.1298 lr 7.42e-05
[MAE-FLIR] epoch 50 step 89 loss 0.1302 lr 7.42e-05
[MAE-FLIR] epoch 50 step 109 loss 0.1310 lr 7.42e-05
[MAE-FLIR] epoch 50 step 129 loss 0.1258 lr 7.42e-05
[MAE-FLIR] epoch 50 step 149 loss 0.1133 lr 7.42e-05
[MAE-FLIR] epoch 50 step 169 loss 0.1200 lr 7.42e-05
[MAE-FLIR] epoch 50 step 189 loss 0.1259 lr 7.42e-05
[MAE-FLIR] epoch 50 step 209 loss 0.1387 lr 7.41e-05
[MAE-FLIR] === epoch 50 done, avg loss 0.1251 ===
[MAE-FLIR] epoch 51 step 4 loss 0.1149 lr 7.41e-05
[MAE-FLIR] epoch 51 step 24 loss 0.1304 lr 7.41e-05
[MAE-FLIR] epoch 51 step 44 loss 0.1166 lr 7.41e-05
[MAE-FLIR] epoch 51 step 64 loss 0.1237 lr 7.41e-05
[MAE-FLIR] epoch 51 step 84 loss 0.1046 lr 7.41e-05
[MAE-FLIR] epoch 51 step 104 loss 0.1239 lr 7.41e-05
[MAE-FLIR] epoch 51 step 124 loss 0.1365 lr 7.40e-05
[MAE-FLIR] epoch 51 step 144 loss 0.1259 lr 7.40e-05
[MAE-FLIR] epoch 51 step 164 loss 0.1273 lr 7.40e-05
[MAE-FLIR] epoch 51 step 184 loss 0.1203 lr 7.40e-05
[MAE-FLIR] epoch 51 step 204 loss 0.1116 lr 7.40e-05
[MAE-FLIR] epoch 51 step 224 loss 0.1239 lr 7.40e-05
[MAE-FLIR] === epoch 51 done, avg loss 0.1245 ===
[MAE-FLIR] epoch 52 step 19 loss 0.1309 lr 7.39e-05
[MAE-FLIR] epoch 52 step 39 loss 0.1247 lr 7.39e-05
[MAE-FLIR] epoch 52 step 59 loss 0.1178 lr 7.39e-05
[MAE-FLIR] epoch 52 step 79 loss 0.1227 lr 7.39e-05
[MAE-FLIR] epoch 52 step 99 loss 0.1237 lr 7.39e-05
[MAE-FLIR] epoch 52 step 119 loss 0.1321 lr 7.39e-05
[MAE-FLIR] epoch 52 step 139 loss 0.1290 lr 7.39e-05
[MAE-FLIR] epoch 52 step 159 loss 0.0983 lr 7.38e-05
[MAE-FLIR] epoch 52 step 179 loss 0.1177 lr 7.38e-05
[MAE-FLIR] epoch 52 step 199 loss 0.1304 lr 7.38e-05
[MAE-FLIR] epoch 52 step 219 loss 0.1243 lr 7.38e-05
[MAE-FLIR] === epoch 52 done, avg loss 0.1236 ===
[MAE-FLIR] epoch 53 step 14 loss 0.1182 lr 7.38e-05
[MAE-FLIR] epoch 53 step 34 loss 0.1139 lr 7.38e-05
[MAE-FLIR] epoch 53 step 54 loss 0.1225 lr 7.37e-05
[MAE-FLIR] epoch 53 step 74 loss 0.1551 lr 7.37e-05
[MAE-FLIR] epoch 53 step 94 loss 0.1273 lr 7.37e-05
[MAE-FLIR] epoch 53 step 114 loss 0.1235 lr 7.37e-05
[MAE-FLIR] epoch 53 step 134 loss 0.1416 lr 7.37e-05
[MAE-FLIR] epoch 53 step 154 loss 0.1181 lr 7.37e-05
[MAE-FLIR] epoch 53 step 174 loss 0.1288 lr 7.36e-05
[MAE-FLIR] epoch 53 step 194 loss 0.1154 lr 7.36e-05
[MAE-FLIR] epoch 53 step 214 loss 0.1341 lr 7.36e-05
[MAE-FLIR] === epoch 53 done, avg loss 0.1235 ===
[MAE-FLIR] epoch 54 step 9 loss 0.1292 lr 7.36e-05
[MAE-FLIR] epoch 54 step 29 loss 0.1355 lr 7.36e-05
[MAE-FLIR] epoch 54 step 49 loss 0.1261 lr 7.35e-05
[MAE-FLIR] epoch 54 step 69 loss 0.1151 lr 7.35e-05
[MAE-FLIR] epoch 54 step 89 loss 0.1219 lr 7.35e-05
[MAE-FLIR] epoch 54 step 109 loss 0.1193 lr 7.35e-05
[MAE-FLIR] epoch 54 step 129 loss 0.1060 lr 7.35e-05
[MAE-FLIR] epoch 54 step 149 loss 0.1249 lr 7.35e-05
[MAE-FLIR] epoch 54 step 169 loss 0.1228 lr 7.34e-05
[MAE-FLIR] epoch 54 step 189 loss 0.1268 lr 7.34e-05
[MAE-FLIR] epoch 54 step 209 loss 0.1040 lr 7.34e-05
[MAE-FLIR] === epoch 54 done, avg loss 0.1231 ===
[MAE-FLIR] epoch 55 step 4 loss 0.1188 lr 7.34e-05
[MAE-FLIR] epoch 55 step 24 loss 0.1168 lr 7.34e-05
[MAE-FLIR] epoch 55 step 44 loss 0.1255 lr 7.33e-05
[MAE-FLIR] epoch 55 step 64 loss 0.1203 lr 7.33e-05
[MAE-FLIR] epoch 55 step 84 loss 0.1185 lr 7.33e-05
[MAE-FLIR] epoch 55 step 104 loss 0.1038 lr 7.33e-05
[MAE-FLIR] epoch 55 step 124 loss 0.1089 lr 7.33e-05
[MAE-FLIR] epoch 55 step 144 loss 0.1222 lr 7.32e-05
[MAE-FLIR] epoch 55 step 164 loss 0.1111 lr 7.32e-05
[MAE-FLIR] epoch 55 step 184 loss 0.1197 lr 7.32e-05
[MAE-FLIR] epoch 55 step 204 loss 0.1265 lr 7.32e-05
[MAE-FLIR] epoch 55 step 224 loss 0.1405 lr 7.32e-05
[MAE-FLIR] === epoch 55 done, avg loss 0.1217 ===
[MAE-FLIR] epoch 56 step 19 loss 0.1303 lr 7.31e-05
[MAE-FLIR] epoch 56 step 39 loss 0.1227 lr 7.31e-05
[MAE-FLIR] epoch 56 step 59 loss 0.1103 lr 7.31e-05
[MAE-FLIR] epoch 56 step 79 loss 0.1227 lr 7.31e-05
[MAE-FLIR] epoch 56 step 99 loss 0.1178 lr 7.31e-05
[MAE-FLIR] epoch 56 step 119 loss 0.1195 lr 7.30e-05
[MAE-FLIR] epoch 56 step 139 loss 0.1128 lr 7.30e-05
[MAE-FLIR] epoch 56 step 159 loss 0.1370 lr 7.30e-05
[MAE-FLIR] epoch 56 step 179 loss 0.1210 lr 7.30e-05
[MAE-FLIR] epoch 56 step 199 loss 0.1088 lr 7.30e-05
[MAE-FLIR] epoch 56 step 219 loss 0.1432 lr 7.29e-05
[MAE-FLIR] === epoch 56 done, avg loss 0.1212 ===
[MAE-FLIR] epoch 57 step 14 loss 0.1227 lr 7.29e-05
[MAE-FLIR] epoch 57 step 34 loss 0.1186 lr 7.29e-05
[MAE-FLIR] epoch 57 step 54 loss 0.1191 lr 7.29e-05
[MAE-FLIR] epoch 57 step 74 loss 0.1190 lr 7.28e-05
[MAE-FLIR] epoch 57 step 94 loss 0.1264 lr 7.28e-05
[MAE-FLIR] epoch 57 step 114 loss 0.1258 lr 7.28e-05
[MAE-FLIR] epoch 57 step 134 loss 0.1262 lr 7.28e-05
[MAE-FLIR] epoch 57 step 154 loss 0.1213 lr 7.28e-05
[MAE-FLIR] epoch 57 step 174 loss 0.1321 lr 7.27e-05
[MAE-FLIR] epoch 57 step 194 loss 0.1275 lr 7.27e-05
[MAE-FLIR] epoch 57 step 214 loss 0.1073 lr 7.27e-05
[MAE-FLIR] === epoch 57 done, avg loss 0.1210 ===
[MAE-FLIR] epoch 58 step 9 loss 0.1168 lr 7.27e-05
[MAE-FLIR] epoch 58 step 29 loss 0.1236 lr 7.26e-05
[MAE-FLIR] epoch 58 step 49 loss 0.1179 lr 7.26e-05
[MAE-FLIR] epoch 58 step 69 loss 0.1271 lr 7.26e-05
[MAE-FLIR] epoch 58 step 89 loss 0.1129 lr 7.26e-05
[MAE-FLIR] epoch 58 step 109 loss 0.1234 lr 7.26e-05
[MAE-FLIR] epoch 58 step 129 loss 0.1277 lr 7.25e-05
[MAE-FLIR] epoch 58 step 149 loss 0.1104 lr 7.25e-05
[MAE-FLIR] epoch 58 step 169 loss 0.1166 lr 7.25e-05
[MAE-FLIR] epoch 58 step 189 loss 0.1265 lr 7.25e-05
[MAE-FLIR] epoch 58 step 209 loss 0.1154 lr 7.24e-05
[MAE-FLIR] === epoch 58 done, avg loss 0.1202 ===
[MAE-FLIR] epoch 59 step 4 loss 0.1020 lr 7.24e-05
[MAE-FLIR] epoch 59 step 24 loss 0.1052 lr 7.24e-05
[MAE-FLIR] epoch 59 step 44 loss 0.1264 lr 7.24e-05
[MAE-FLIR] epoch 59 step 64 loss 0.1180 lr 7.23e-05
[MAE-FLIR] epoch 59 step 84 loss 0.1184 lr 7.23e-05
[MAE-FLIR] epoch 59 step 104 loss 0.1301 lr 7.23e-05
[MAE-FLIR] epoch 59 step 124 loss 0.1118 lr 7.23e-05
[MAE-FLIR] epoch 59 step 144 loss 0.1262 lr 7.22e-05
[MAE-FLIR] epoch 59 step 164 loss 0.1186 lr 7.22e-05
[MAE-FLIR] epoch 59 step 184 loss 0.1190 lr 7.22e-05
[MAE-FLIR] epoch 59 step 204 loss 0.1189 lr 7.22e-05
[MAE-FLIR] epoch 59 step 224 loss 0.1208 lr 7.21e-05
[MAE-FLIR] === epoch 59 done, avg loss 0.1195 ===
[MAE-FLIR] epoch 60 step 19 loss 0.1243 lr 7.21e-05
[MAE-FLIR] epoch 60 step 39 loss 0.1257 lr 7.21e-05
[MAE-FLIR] epoch 60 step 59 loss 0.1268 lr 7.21e-05
[MAE-FLIR] epoch 60 step 79 loss 0.1229 lr 7.20e-05
[MAE-FLIR] epoch 60 step 99 loss 0.1097 lr 7.20e-05
[MAE-FLIR] epoch 60 step 119 loss 0.1303 lr 7.20e-05
[MAE-FLIR] epoch 60 step 139 loss 0.0961 lr 7.20e-05
[MAE-FLIR] epoch 60 step 159 loss 0.1125 lr 7.19e-05
[MAE-FLIR] epoch 60 step 179 loss 0.1173 lr 7.19e-05
[MAE-FLIR] epoch 60 step 199 loss 0.1127 lr 7.19e-05
[MAE-FLIR] epoch 60 step 219 loss 0.1253 lr 7.19e-05
[MAE-FLIR] === epoch 60 done, avg loss 0.1189 ===
[MAE-FLIR] epoch 61 step 14 loss 0.1162 lr 7.18e-05
[MAE-FLIR] epoch 61 step 34 loss 0.1146 lr 7.18e-05
[MAE-FLIR] epoch 61 step 54 loss 0.1161 lr 7.18e-05
[MAE-FLIR] epoch 61 step 74 loss 0.1268 lr 7.18e-05
[MAE-FLIR] epoch 61 step 94 loss 0.1070 lr 7.17e-05
[MAE-FLIR] epoch 61 step 114 loss 0.1103 lr 7.17e-05
[MAE-FLIR] epoch 61 step 134 loss 0.1234 lr 7.17e-05
[MAE-FLIR] epoch 61 step 154 loss 0.1070 lr 7.17e-05
[MAE-FLIR] epoch 61 step 174 loss 0.1146 lr 7.16e-05
[MAE-FLIR] epoch 61 step 194 loss 0.1297 lr 7.16e-05
[MAE-FLIR] epoch 61 step 214 loss 0.1082 lr 7.16e-05
[MAE-FLIR] === epoch 61 done, avg loss 0.1187 ===
[MAE-FLIR] epoch 62 step 9 loss 0.1337 lr 7.15e-05
[MAE-FLIR] epoch 62 step 29 loss 0.1218 lr 7.15e-05
[MAE-FLIR] epoch 62 step 49 loss 0.1175 lr 7.15e-05
[MAE-FLIR] epoch 62 step 69 loss 0.1172 lr 7.15e-05
[MAE-FLIR] epoch 62 step 89 loss 0.1276 lr 7.14e-05
[MAE-FLIR] epoch 62 step 109 loss 0.1030 lr 7.14e-05
[MAE-FLIR] epoch 62 step 129 loss 0.1218 lr 7.14e-05
[MAE-FLIR] epoch 62 step 149 loss 0.1330 lr 7.13e-05
[MAE-FLIR] epoch 62 step 169 loss 0.1293 lr 7.13e-05
[MAE-FLIR] epoch 62 step 189 loss 0.1179 lr 7.13e-05
[MAE-FLIR] epoch 62 step 209 loss 0.1276 lr 7.13e-05
[MAE-FLIR] === epoch 62 done, avg loss 0.1188 ===
[MAE-FLIR] epoch 63 step 4 loss 0.1142 lr 7.12e-05
[MAE-FLIR] epoch 63 step 24 loss 0.1190 lr 7.12e-05
[MAE-FLIR] epoch 63 step 44 loss 0.1183 lr 7.12e-05
[MAE-FLIR] epoch 63 step 64 loss 0.1059 lr 7.11e-05
[MAE-FLIR] epoch 63 step 84 loss 0.1187 lr 7.11e-05
[MAE-FLIR] epoch 63 step 104 loss 0.1103 lr 7.11e-05
[MAE-FLIR] epoch 63 step 124 loss 0.1173 lr 7.11e-05
[MAE-FLIR] epoch 63 step 144 loss 0.1169 lr 7.10e-05
[MAE-FLIR] epoch 63 step 164 loss 0.1110 lr 7.10e-05
[MAE-FLIR] epoch 63 step 184 loss 0.1226 lr 7.10e-05
[MAE-FLIR] epoch 63 step 204 loss 0.1091 lr 7.09e-05
[MAE-FLIR] epoch 63 step 224 loss 0.1196 lr 7.09e-05
[MAE-FLIR] === epoch 63 done, avg loss 0.1179 ===
[MAE-FLIR] epoch 64 step 19 loss 0.1088 lr 7.09e-05
[MAE-FLIR] epoch 64 step 39 loss 0.1217 lr 7.09e-05
[MAE-FLIR] epoch 64 step 59 loss 0.1214 lr 7.08e-05
[MAE-FLIR] epoch 64 step 79 loss 0.1258 lr 7.08e-05
[MAE-FLIR] epoch 64 step 99 loss 0.1085 lr 7.08e-05
[MAE-FLIR] epoch 64 step 119 loss 0.1128 lr 7.07e-05
[MAE-FLIR] epoch 64 step 139 loss 0.1089 lr 7.07e-05
[MAE-FLIR] epoch 64 step 159 loss 0.1103 lr 7.07e-05
[MAE-FLIR] epoch 64 step 179 loss 0.1132 lr 7.06e-05
[MAE-FLIR] epoch 64 step 199 loss 0.1184 lr 7.06e-05
[MAE-FLIR] epoch 64 step 219 loss 0.1135 lr 7.06e-05
[MAE-FLIR] === epoch 64 done, avg loss 0.1174 ===
[MAE-FLIR] epoch 65 step 14 loss 0.1017 lr 7.05e-05
[MAE-FLIR] epoch 65 step 34 loss 0.1168 lr 7.05e-05
[MAE-FLIR] epoch 65 step 54 loss 0.1188 lr 7.05e-05
[MAE-FLIR] epoch 65 step 74 loss 0.1169 lr 7.05e-05
[MAE-FLIR] epoch 65 step 94 loss 0.1119 lr 7.04e-05
[MAE-FLIR] epoch 65 step 114 loss 0.1244 lr 7.04e-05
[MAE-FLIR] epoch 65 step 134 loss 0.1228 lr 7.04e-05
[MAE-FLIR] epoch 65 step 154 loss 0.1216 lr 7.03e-05
[MAE-FLIR] epoch 65 step 174 loss 0.1102 lr 7.03e-05
[MAE-FLIR] epoch 65 step 194 loss 0.1068 lr 7.03e-05
[MAE-FLIR] epoch 65 step 214 loss 0.1130 lr 7.02e-05
[MAE-FLIR] === epoch 65 done, avg loss 0.1170 ===
[MAE-FLIR] epoch 66 step 9 loss 0.1370 lr 7.02e-05
[MAE-FLIR] epoch 66 step 29 loss 0.1091 lr 7.02e-05
[MAE-FLIR] epoch 66 step 49 loss 0.1103 lr 7.01e-05
[MAE-FLIR] epoch 66 step 69 loss 0.1145 lr 7.01e-05
[MAE-FLIR] epoch 66 step 89 loss 0.1135 lr 7.01e-05
[MAE-FLIR] epoch 66 step 109 loss 0.1199 lr 7.00e-05
[MAE-FLIR] epoch 66 step 129 loss 0.1167 lr 7.00e-05
[MAE-FLIR] epoch 66 step 149 loss 0.1241 lr 7.00e-05
[MAE-FLIR] epoch 66 step 169 loss 0.1192 lr 6.99e-05
[MAE-FLIR] epoch 66 step 189 loss 0.1150 lr 6.99e-05
[MAE-FLIR] epoch 66 step 209 loss 0.1029 lr 6.99e-05
[MAE-FLIR] === epoch 66 done, avg loss 0.1167 ===
[MAE-FLIR] epoch 67 step 4 loss 0.1150 lr 6.98e-05
[MAE-FLIR] epoch 67 step 24 loss 0.1115 lr 6.98e-05
[MAE-FLIR] epoch 67 step 44 loss 0.1289 lr 6.98e-05
[MAE-FLIR] epoch 67 step 64 loss 0.1194 lr 6.97e-05
[MAE-FLIR] epoch 67 step 84 loss 0.1194 lr 6.97e-05
[MAE-FLIR] epoch 67 step 104 loss 0.1029 lr 6.97e-05
[MAE-FLIR] epoch 67 step 124 loss 0.1325 lr 6.96e-05
[MAE-FLIR] epoch 67 step 144 loss 0.1206 lr 6.96e-05
[MAE-FLIR] epoch 67 step 164 loss 0.1154 lr 6.96e-05
[MAE-FLIR] epoch 67 step 184 loss 0.1133 lr 6.95e-05
[MAE-FLIR] epoch 67 step 204 loss 0.1190 lr 6.95e-05
[MAE-FLIR] epoch 67 step 224 loss 0.1032 lr 6.95e-05
[MAE-FLIR] === epoch 67 done, avg loss 0.1161 ===
[MAE-FLIR] epoch 68 step 19 loss 0.1211 lr 6.94e-05
[MAE-FLIR] epoch 68 step 39 loss 0.1164 lr 6.94e-05
[MAE-FLIR] epoch 68 step 59 loss 0.1208 lr 6.94e-05
[MAE-FLIR] epoch 68 step 79 loss 0.1079 lr 6.93e-05
[MAE-FLIR] epoch 68 step 99 loss 0.1088 lr 6.93e-05
[MAE-FLIR] epoch 68 step 119 loss 0.1227 lr 6.93e-05
[MAE-FLIR] epoch 68 step 139 loss 0.1217 lr 6.92e-05
[MAE-FLIR] epoch 68 step 159 loss 0.1144 lr 6.92e-05
[MAE-FLIR] epoch 68 step 179 loss 0.1232 lr 6.92e-05
[MAE-FLIR] epoch 68 step 199 loss 0.1022 lr 6.91e-05
[MAE-FLIR] epoch 68 step 219 loss 0.1106 lr 6.91e-05
[MAE-FLIR] === epoch 68 done, avg loss 0.1158 ===
[MAE-FLIR] epoch 69 step 14 loss 0.1193 lr 6.91e-05
[MAE-FLIR] epoch 69 step 34 loss 0.1083 lr 6.90e-05
[MAE-FLIR] epoch 69 step 54 loss 0.1119 lr 6.90e-05
[MAE-FLIR] epoch 69 step 74 loss 0.1124 lr 6.90e-05
[MAE-FLIR] epoch 69 step 94 loss 0.1005 lr 6.89e-05
[MAE-FLIR] epoch 69 step 114 loss 0.1022 lr 6.89e-05
[MAE-FLIR] epoch 69 step 134 loss 0.1038 lr 6.88e-05
[MAE-FLIR] epoch 69 step 154 loss 0.1110 lr 6.88e-05
[MAE-FLIR] epoch 69 step 174 loss 0.1209 lr 6.88e-05
[MAE-FLIR] epoch 69 step 194 loss 0.1098 lr 6.87e-05
[MAE-FLIR] epoch 69 step 214 loss 0.1078 lr 6.87e-05
[MAE-FLIR] === epoch 69 done, avg loss 0.1155 ===
[MAE-FLIR] epoch 70 step 9 loss 0.1036 lr 6.87e-05
[MAE-FLIR] epoch 70 step 29 loss 0.1012 lr 6.86e-05
[MAE-FLIR] epoch 70 step 49 loss 0.1255 lr 6.86e-05
[MAE-FLIR] epoch 70 step 69 loss 0.1122 lr 6.86e-05
[MAE-FLIR] epoch 70 step 89 loss 0.1179 lr 6.85e-05
[MAE-FLIR] epoch 70 step 109 loss 0.1208 lr 6.85e-05
[MAE-FLIR] epoch 70 step 129 loss 0.1190 lr 6.84e-05
[MAE-FLIR] epoch 70 step 149 loss 0.1201 lr 6.84e-05
[MAE-FLIR] epoch 70 step 169 loss 0.1202 lr 6.84e-05
[MAE-FLIR] epoch 70 step 189 loss 0.1080 lr 6.83e-05
[MAE-FLIR] epoch 70 step 209 loss 0.1230 lr 6.83e-05
[MAE-FLIR] === epoch 70 done, avg loss 0.1151 ===
[MAE-FLIR] epoch 71 step 4 loss 0.1119 lr 6.83e-05
[MAE-FLIR] epoch 71 step 24 loss 0.1224 lr 6.82e-05
[MAE-FLIR] epoch 71 step 44 loss 0.1130 lr 6.82e-05
[MAE-FLIR] epoch 71 step 64 loss 0.1059 lr 6.81e-05
[MAE-FLIR] epoch 71 step 84 loss 0.1249 lr 6.81e-05
[MAE-FLIR] epoch 71 step 104 loss 0.1260 lr 6.81e-05
[MAE-FLIR] epoch 71 step 124 loss 0.1115 lr 6.80e-05
[MAE-FLIR] epoch 71 step 144 loss 0.1128 lr 6.80e-05
[MAE-FLIR] epoch 71 step 164 loss 0.1143 lr 6.80e-05
[MAE-FLIR] epoch 71 step 184 loss 0.1136 lr 6.79e-05
[MAE-FLIR] epoch 71 step 204 loss 0.0976 lr 6.79e-05
[MAE-FLIR] epoch 71 step 224 loss 0.1103 lr 6.78e-05
[MAE-FLIR] === epoch 71 done, avg loss 0.1143 ===
[MAE-FLIR] epoch 72 step 19 loss 0.1054 lr 6.78e-05
[MAE-FLIR] epoch 72 step 39 loss 0.1217 lr 6.78e-05
[MAE-FLIR] epoch 72 step 59 loss 0.1087 lr 6.77e-05
[MAE-FLIR] epoch 72 step 79 loss 0.1088 lr 6.77e-05
[MAE-FLIR] epoch 72 step 99 loss 0.1080 lr 6.76e-05
[MAE-FLIR] epoch 72 step 119 loss 0.1125 lr 6.76e-05
[MAE-FLIR] epoch 72 step 139 loss 0.1145 lr 6.76e-05
[MAE-FLIR] epoch 72 step 159 loss 0.1098 lr 6.75e-05
[MAE-FLIR] epoch 72 step 179 loss 0.1310 lr 6.75e-05
[MAE-FLIR] epoch 72 step 199 loss 0.1061 lr 6.74e-05
[MAE-FLIR] epoch 72 step 219 loss 0.1144 lr 6.74e-05
[MAE-FLIR] === epoch 72 done, avg loss 0.1144 ===
[MAE-FLIR] epoch 73 step 14 loss 0.1079 lr 6.74e-05
[MAE-FLIR] epoch 73 step 34 loss 0.1144 lr 6.73e-05
[MAE-FLIR] epoch 73 step 54 loss 0.1230 lr 6.73e-05
[MAE-FLIR] epoch 73 step 74 loss 0.1039 lr 6.73e-05
[MAE-FLIR] epoch 73 step 94 loss 0.1218 lr 6.72e-05
[MAE-FLIR] epoch 73 step 114 loss 0.1211 lr 6.72e-05
[MAE-FLIR] epoch 73 step 134 loss 0.1176 lr 6.71e-05
[MAE-FLIR] epoch 73 step 154 loss 0.1132 lr 6.71e-05
[MAE-FLIR] epoch 73 step 174 loss 0.1050 lr 6.71e-05
[MAE-FLIR] epoch 73 step 194 loss 0.1189 lr 6.70e-05
[MAE-FLIR] epoch 73 step 214 loss 0.1189 lr 6.70e-05
[MAE-FLIR] === epoch 73 done, avg loss 0.1140 ===
[MAE-FLIR] epoch 74 step 9 loss 0.0981 lr 6.69e-05
[MAE-FLIR] epoch 74 step 29 loss 0.1113 lr 6.69e-05
[MAE-FLIR] epoch 74 step 49 loss 0.1224 lr 6.68e-05
[MAE-FLIR] epoch 74 step 69 loss 0.1069 lr 6.68e-05
[MAE-FLIR] epoch 74 step 89 loss 0.1141 lr 6.68e-05
[MAE-FLIR] epoch 74 step 109 loss 0.1118 lr 6.67e-05
[MAE-FLIR] epoch 74 step 129 loss 0.1071 lr 6.67e-05
[MAE-FLIR] epoch 74 step 149 loss 0.1177 lr 6.66e-05
[MAE-FLIR] epoch 74 step 169 loss 0.1215 lr 6.66e-05
[MAE-FLIR] epoch 74 step 189 loss 0.1132 lr 6.66e-05
[MAE-FLIR] epoch 74 step 209 loss 0.1243 lr 6.65e-05
[MAE-FLIR] === epoch 74 done, avg loss 0.1137 ===
[MAE-FLIR] epoch 75 step 4 loss 0.1036 lr 6.65e-05
[MAE-FLIR] epoch 75 step 24 loss 0.1030 lr 6.64e-05
[MAE-FLIR] epoch 75 step 44 loss 0.1102 lr 6.64e-05
[MAE-FLIR] epoch 75 step 64 loss 0.1139 lr 6.64e-05
[MAE-FLIR] epoch 75 step 84 loss 0.1333 lr 6.63e-05
[MAE-FLIR] epoch 75 step 104 loss 0.1082 lr 6.63e-05
[MAE-FLIR] epoch 75 step 124 loss 0.1248 lr 6.62e-05
[MAE-FLIR] epoch 75 step 144 loss 0.1223 lr 6.62e-05
[MAE-FLIR] epoch 75 step 164 loss 0.1124 lr 6.61e-05
[MAE-FLIR] epoch 75 step 184 loss 0.1124 lr 6.61e-05
[MAE-FLIR] epoch 75 step 204 loss 0.1098 lr 6.61e-05
[MAE-FLIR] epoch 75 step 224 loss 0.1081 lr 6.60e-05
[MAE-FLIR] === epoch 75 done, avg loss 0.1132 ===
[MAE-FLIR] epoch 76 step 19 loss 0.1180 lr 6.60e-05
[MAE-FLIR] epoch 76 step 39 loss 0.1031 lr 6.59e-05
[MAE-FLIR] epoch 76 step 59 loss 0.1052 lr 6.59e-05
[MAE-FLIR] epoch 76 step 79 loss 0.1166 lr 6.58e-05
[MAE-FLIR] epoch 76 step 99 loss 0.1104 lr 6.58e-05
[MAE-FLIR] epoch 76 step 119 loss 0.1308 lr 6.58e-05
[MAE-FLIR] epoch 76 step 139 loss 0.1084 lr 6.57e-05
[MAE-FLIR] epoch 76 step 159 loss 0.1217 lr 6.57e-05
[MAE-FLIR] epoch 76 step 179 loss 0.1080 lr 6.56e-05
[MAE-FLIR] epoch 76 step 199 loss 0.1024 lr 6.56e-05
[MAE-FLIR] epoch 76 step 219 loss 0.1134 lr 6.55e-05
[MAE-FLIR] === epoch 76 done, avg loss 0.1127 ===
[MAE-FLIR] epoch 77 step 14 loss 0.1140 lr 6.55e-05
[MAE-FLIR] epoch 77 step 34 loss 0.1045 lr 6.55e-05
[MAE-FLIR] epoch 77 step 54 loss 0.1031 lr 6.54e-05
[MAE-FLIR] epoch 77 step 74 loss 0.1132 lr 6.54e-05
[MAE-FLIR] epoch 77 step 94 loss 0.1172 lr 6.53e-05
[MAE-FLIR] epoch 77 step 114 loss 0.1335 lr 6.53e-05
[MAE-FLIR] epoch 77 step 134 loss 0.1113 lr 6.52e-05
[MAE-FLIR] epoch 77 step 154 loss 0.1230 lr 6.52e-05
[MAE-FLIR] epoch 77 step 174 loss 0.1220 lr 6.51e-05
[MAE-FLIR] epoch 77 step 194 loss 0.1154 lr 6.51e-05
[MAE-FLIR] epoch 77 step 214 loss 0.1058 lr 6.51e-05
[MAE-FLIR] === epoch 77 done, avg loss 0.1125 ===
[MAE-FLIR] epoch 78 step 9 loss 0.1192 lr 6.50e-05
[MAE-FLIR] epoch 78 step 29 loss 0.1109 lr 6.50e-05
[MAE-FLIR] epoch 78 step 49 loss 0.1001 lr 6.49e-05
[MAE-FLIR] epoch 78 step 69 loss 0.1258 lr 6.49e-05
[MAE-FLIR] epoch 78 step 89 loss 0.1140 lr 6.48e-05
[MAE-FLIR] epoch 78 step 109 loss 0.1130 lr 6.48e-05
[MAE-FLIR] epoch 78 step 129 loss 0.1231 lr 6.47e-05
[MAE-FLIR] epoch 78 step 149 loss 0.1156 lr 6.47e-05
[MAE-FLIR] epoch 78 step 169 loss 0.1166 lr 6.47e-05
[MAE-FLIR] epoch 78 step 189 loss 0.1063 lr 6.46e-05
[MAE-FLIR] epoch 78 step 209 loss 0.1110 lr 6.46e-05
[MAE-FLIR] === epoch 78 done, avg loss 0.1126 ===
[MAE-FLIR] epoch 79 step 4 loss 0.1187 lr 6.45e-05
[MAE-FLIR] epoch 79 step 24 loss 0.1088 lr 6.45e-05
[MAE-FLIR] epoch 79 step 44 loss 0.1091 lr 6.44e-05
[MAE-FLIR] epoch 79 step 64 loss 0.1106 lr 6.44e-05
[MAE-FLIR] epoch 79 step 84 loss 0.1172 lr 6.43e-05
[MAE-FLIR] epoch 79 step 104 loss 0.1231 lr 6.43e-05
[MAE-FLIR] epoch 79 step 124 loss 0.1056 lr 6.42e-05
[MAE-FLIR] epoch 79 step 144 loss 0.1071 lr 6.42e-05
[MAE-FLIR] epoch 79 step 164 loss 0.1063 lr 6.42e-05
[MAE-FLIR] epoch 79 step 184 loss 0.1207 lr 6.41e-05
[MAE-FLIR] epoch 79 step 204 loss 0.1208 lr 6.41e-05
[MAE-FLIR] epoch 79 step 224 loss 0.1085 lr 6.40e-05
[MAE-FLIR] === epoch 79 done, avg loss 0.1119 ===
[MAE-FLIR] epoch 80 step 19 loss 0.1031 lr 6.40e-05
[MAE-FLIR] epoch 80 step 39 loss 0.1230 lr 6.39e-05
[MAE-FLIR] epoch 80 step 59 loss 0.1125 lr 6.39e-05
[MAE-FLIR] epoch 80 step 79 loss 0.1070 lr 6.38e-05
[MAE-FLIR] epoch 80 step 99 loss 0.1089 lr 6.38e-05
[MAE-FLIR] epoch 80 step 119 loss 0.1074 lr 6.37e-05
[MAE-FLIR] epoch 80 step 139 loss 0.1028 lr 6.37e-05
[MAE-FLIR] epoch 80 step 159 loss 0.1077 lr 6.36e-05
[MAE-FLIR] epoch 80 step 179 loss 0.1162 lr 6.36e-05
[MAE-FLIR] epoch 80 step 199 loss 0.1060 lr 6.35e-05
[MAE-FLIR] epoch 80 step 219 loss 0.1130 lr 6.35e-05
[MAE-FLIR] === epoch 80 done, avg loss 0.1118 ===
[MAE-FLIR] epoch 81 step 14 loss 0.1251 lr 6.35e-05
[MAE-FLIR] epoch 81 step 34 loss 0.0989 lr 6.34e-05
[MAE-FLIR] epoch 81 step 54 loss 0.1183 lr 6.34e-05
[MAE-FLIR] epoch 81 step 74 loss 0.1165 lr 6.33e-05
[MAE-FLIR] epoch 81 step 94 loss 0.1244 lr 6.33e-05
[MAE-FLIR] epoch 81 step 114 loss 0.1162 lr 6.32e-05
[MAE-FLIR] epoch 81 step 134 loss 0.1040 lr 6.32e-05
[MAE-FLIR] epoch 81 step 154 loss 0.1196 lr 6.31e-05
[MAE-FLIR] epoch 81 step 174 loss 0.1159 lr 6.31e-05
[MAE-FLIR] epoch 81 step 194 loss 0.0988 lr 6.30e-05
[MAE-FLIR] epoch 81 step 214 loss 0.1058 lr 6.30e-05
[MAE-FLIR] === epoch 81 done, avg loss 0.1114 ===
[MAE-FLIR] epoch 82 step 9 loss 0.1054 lr 6.29e-05
[MAE-FLIR] epoch 82 step 29 loss 0.1198 lr 6.29e-05
[MAE-FLIR] epoch 82 step 49 loss 0.1189 lr 6.28e-05
[MAE-FLIR] epoch 82 step 69 loss 0.1122 lr 6.28e-05
[MAE-FLIR] epoch 82 step 89 loss 0.1174 lr 6.27e-05
[MAE-FLIR] epoch 82 step 109 loss 0.1134 lr 6.27e-05
[MAE-FLIR] epoch 82 step 129 loss 0.1010 lr 6.26e-05
[MAE-FLIR] epoch 82 step 149 loss 0.1123 lr 6.26e-05
[MAE-FLIR] epoch 82 step 169 loss 0.1002 lr 6.25e-05
[MAE-FLIR] epoch 82 step 189 loss 0.1134 lr 6.25e-05
[MAE-FLIR] epoch 82 step 209 loss 0.1157 lr 6.24e-05
[MAE-FLIR] === epoch 82 done, avg loss 0.1110 ===
[MAE-FLIR] epoch 83 step 4 loss 0.1313 lr 6.24e-05
[MAE-FLIR] epoch 83 step 24 loss 0.0982 lr 6.23e-05
[MAE-FLIR] epoch 83 step 44 loss 0.1014 lr 6.23e-05
[MAE-FLIR] epoch 83 step 64 loss 0.1180 lr 6.23e-05
[MAE-FLIR] epoch 83 step 84 loss 0.1040 lr 6.22e-05
[MAE-FLIR] epoch 83 step 104 loss 0.1072 lr 6.22e-05
[MAE-FLIR] epoch 83 step 124 loss 0.1285 lr 6.21e-05
[MAE-FLIR] epoch 83 step 144 loss 0.0994 lr 6.21e-05
[MAE-FLIR] epoch 83 step 164 loss 0.1084 lr 6.20e-05
[MAE-FLIR] epoch 83 step 184 loss 0.1126 lr 6.20e-05
[MAE-FLIR] epoch 83 step 204 loss 0.1105 lr 6.19e-05
[MAE-FLIR] epoch 83 step 224 loss 0.1217 lr 6.19e-05
[MAE-FLIR] === epoch 83 done, avg loss 0.1104 ===
[MAE-FLIR] epoch 84 step 19 loss 0.1053 lr 6.18e-05
[MAE-FLIR] epoch 84 step 39 loss 0.1001 lr 6.18e-05
[MAE-FLIR] epoch 84 step 59 loss 0.1076 lr 6.17e-05
[MAE-FLIR] epoch 84 step 79 loss 0.1117 lr 6.17e-05
[MAE-FLIR] epoch 84 step 99 loss 0.1207 lr 6.16e-05
[MAE-FLIR] epoch 84 step 119 loss 0.1014 lr 6.16e-05
[MAE-FLIR] epoch 84 step 139 loss 0.0922 lr 6.15e-05
[MAE-FLIR] epoch 84 step 159 loss 0.1166 lr 6.15e-05
[MAE-FLIR] epoch 84 step 179 loss 0.1033 lr 6.14e-05
[MAE-FLIR] epoch 84 step 199 loss 0.1151 lr 6.14e-05
[MAE-FLIR] epoch 84 step 219 loss 0.1040 lr 6.13e-05
[MAE-FLIR] === epoch 84 done, avg loss 0.1106 ===
[MAE-FLIR] epoch 85 step 14 loss 0.1008 lr 6.13e-05
[MAE-FLIR] epoch 85 step 34 loss 0.1079 lr 6.12e-05
[MAE-FLIR] epoch 85 step 54 loss 0.1117 lr 6.12e-05
[MAE-FLIR] epoch 85 step 74 loss 0.1028 lr 6.11e-05
[MAE-FLIR] epoch 85 step 94 loss 0.1162 lr 6.10e-05
[MAE-FLIR] epoch 85 step 114 loss 0.1123 lr 6.10e-05
[MAE-FLIR] epoch 85 step 134 loss 0.1121 lr 6.09e-05
[MAE-FLIR] epoch 85 step 154 loss 0.0940 lr 6.09e-05
[MAE-FLIR] epoch 85 step 174 loss 0.1140 lr 6.08e-05
[MAE-FLIR] epoch 85 step 194 loss 0.1080 lr 6.08e-05
[MAE-FLIR] epoch 85 step 214 loss 0.1032 lr 6.07e-05
[MAE-FLIR] === epoch 85 done, avg loss 0.1102 ===
[MAE-FLIR] epoch 86 step 9 loss 0.0992 lr 6.07e-05
[MAE-FLIR] epoch 86 step 29 loss 0.1154 lr 6.06e-05
[MAE-FLIR] epoch 86 step 49 loss 0.0997 lr 6.06e-05
[MAE-FLIR] epoch 86 step 69 loss 0.1118 lr 6.05e-05
[MAE-FLIR] epoch 86 step 89 loss 0.1058 lr 6.05e-05
[MAE-FLIR] epoch 86 step 109 loss 0.1110 lr 6.04e-05
[MAE-FLIR] epoch 86 step 129 loss 0.1077 lr 6.04e-05
[MAE-FLIR] epoch 86 step 149 loss 0.0995 lr 6.03e-05
[MAE-FLIR] epoch 86 step 169 loss 0.1203 lr 6.03e-05
[MAE-FLIR] epoch 86 step 189 loss 0.0989 lr 6.02e-05
[MAE-FLIR] epoch 86 step 209 loss 0.1108 lr 6.02e-05
[MAE-FLIR] === epoch 86 done, avg loss 0.1098 ===
[MAE-FLIR] epoch 87 step 4 loss 0.1202 lr 6.01e-05
[MAE-FLIR] epoch 87 step 24 loss 0.1110 lr 6.01e-05
[MAE-FLIR] epoch 87 step 44 loss 0.1119 lr 6.00e-05
[MAE-FLIR] epoch 87 step 64 loss 0.1130 lr 6.00e-05
[MAE-FLIR] epoch 87 step 84 loss 0.1000 lr 5.99e-05
[MAE-FLIR] epoch 87 step 104 loss 0.1245 lr 5.99e-05
[MAE-FLIR] epoch 87 step 124 loss 0.1006 lr 5.98e-05
[MAE-FLIR] epoch 87 step 144 loss 0.1091 lr 5.98e-05
[MAE-FLIR] epoch 87 step 164 loss 0.1037 lr 5.97e-05
[MAE-FLIR] epoch 87 step 184 loss 0.1118 lr 5.96e-05
[MAE-FLIR] epoch 87 step 204 loss 0.1000 lr 5.96e-05
[MAE-FLIR] epoch 87 step 224 loss 0.1059 lr 5.95e-05
[MAE-FLIR] === epoch 87 done, avg loss 0.1095 ===
[MAE-FLIR] epoch 88 step 19 loss 0.0991 lr 5.95e-05
[MAE-FLIR] epoch 88 step 39 loss 0.1209 lr 5.94e-05
[MAE-FLIR] epoch 88 step 59 loss 0.1089 lr 5.94e-05
[MAE-FLIR] epoch 88 step 79 loss 0.1075 lr 5.93e-05
[MAE-FLIR] epoch 88 step 99 loss 0.1086 lr 5.93e-05
[MAE-FLIR] epoch 88 step 119 loss 0.1035 lr 5.92e-05
[MAE-FLIR] epoch 88 step 139 loss 0.1007 lr 5.92e-05
[MAE-FLIR] epoch 88 step 159 loss 0.1135 lr 5.91e-05
[MAE-FLIR] epoch 88 step 179 loss 0.1190 lr 5.91e-05
[MAE-FLIR] epoch 88 step 199 loss 0.1007 lr 5.90e-05
[MAE-FLIR] epoch 88 step 219 loss 0.1092 lr 5.90e-05
[MAE-FLIR] === epoch 88 done, avg loss 0.1097 ===
[MAE-FLIR] epoch 89 step 14 loss 0.1074 lr 5.89e-05
[MAE-FLIR] epoch 89 step 34 loss 0.1178 lr 5.88e-05
[MAE-FLIR] epoch 89 step 54 loss 0.1135 lr 5.88e-05
[MAE-FLIR] epoch 89 step 74 loss 0.0921 lr 5.87e-05
[MAE-FLIR] epoch 89 step 94 loss 0.1104 lr 5.87e-05
[MAE-FLIR] epoch 89 step 114 loss 0.1119 lr 5.86e-05
[MAE-FLIR] epoch 89 step 134 loss 0.1143 lr 5.86e-05
[MAE-FLIR] epoch 89 step 154 loss 0.1174 lr 5.85e-05
[MAE-FLIR] epoch 89 step 174 loss 0.1010 lr 5.85e-05
[MAE-FLIR] epoch 89 step 194 loss 0.1052 lr 5.84e-05
[MAE-FLIR] epoch 89 step 214 loss 0.1082 lr 5.84e-05
[MAE-FLIR] === epoch 89 done, avg loss 0.1089 ===
[MAE-FLIR] epoch 90 step 9 loss 0.1069 lr 5.83e-05
[MAE-FLIR] epoch 90 step 29 loss 0.1124 lr 5.83e-05
[MAE-FLIR] epoch 90 step 49 loss 0.1121 lr 5.82e-05
[MAE-FLIR] epoch 90 step 69 loss 0.1014 lr 5.81e-05
[MAE-FLIR] epoch 90 step 89 loss 0.1081 lr 5.81e-05
[MAE-FLIR] epoch 90 step 109 loss 0.1110 lr 5.80e-05
[MAE-FLIR] epoch 90 step 129 loss 0.1131 lr 5.80e-05
[MAE-FLIR] epoch 90 step 149 loss 0.1164 lr 5.79e-05
[MAE-FLIR] epoch 90 step 169 loss 0.0982 lr 5.79e-05
[MAE-FLIR] epoch 90 step 189 loss 0.1093 lr 5.78e-05
[MAE-FLIR] epoch 90 step 209 loss 0.0938 lr 5.78e-05
[MAE-FLIR] === epoch 90 done, avg loss 0.1086 ===
[MAE-FLIR] epoch 91 step 4 loss 0.1080 lr 5.77e-05
[MAE-FLIR] epoch 91 step 24 loss 0.1089 lr 5.76e-05
[MAE-FLIR] epoch 91 step 44 loss 0.1131 lr 5.76e-05
[MAE-FLIR] epoch 91 step 64 loss 0.1021 lr 5.75e-05
[MAE-FLIR] epoch 91 step 84 loss 0.1117 lr 5.75e-05
[MAE-FLIR] epoch 91 step 104 loss 0.1095 lr 5.74e-05
[MAE-FLIR] epoch 91 step 124 loss 0.1119 lr 5.74e-05
[MAE-FLIR] epoch 91 step 144 loss 0.1077 lr 5.73e-05
[MAE-FLIR] epoch 91 step 164 loss 0.1117 lr 5.73e-05
[MAE-FLIR] epoch 91 step 184 loss 0.1105 lr 5.72e-05
[MAE-FLIR] epoch 91 step 204 loss 0.1004 lr 5.71e-05
[MAE-FLIR] epoch 91 step 224 loss 0.1027 lr 5.71e-05
[MAE-FLIR] === epoch 91 done, avg loss 0.1087 ===
[MAE-FLIR] epoch 92 step 19 loss 0.1219 lr 5.70e-05
[MAE-FLIR] epoch 92 step 39 loss 0.1081 lr 5.70e-05
[MAE-FLIR] epoch 92 step 59 loss 0.1082 lr 5.69e-05
[MAE-FLIR] epoch 92 step 79 loss 0.1110 lr 5.69e-05
[MAE-FLIR] epoch 92 step 99 loss 0.1126 lr 5.68e-05
[MAE-FLIR] epoch 92 step 119 loss 0.1169 lr 5.68e-05
[MAE-FLIR] epoch 92 step 139 loss 0.1112 lr 5.67e-05
[MAE-FLIR] epoch 92 step 159 loss 0.1035 lr 5.66e-05
[MAE-FLIR] epoch 92 step 179 loss 0.1201 lr 5.66e-05
[MAE-FLIR] epoch 92 step 199 loss 0.1088 lr 5.65e-05
[MAE-FLIR] epoch 92 step 219 loss 0.1084 lr 5.65e-05
[MAE-FLIR] === epoch 92 done, avg loss 0.1078 ===
[MAE-FLIR] epoch 93 step 14 loss 0.1124 lr 5.64e-05
[MAE-FLIR] epoch 93 step 34 loss 0.0959 lr 5.64e-05
[MAE-FLIR] epoch 93 step 54 loss 0.1076 lr 5.63e-05
[MAE-FLIR] epoch 93 step 74 loss 0.1067 lr 5.62e-05
[MAE-FLIR] epoch 93 step 94 loss 0.1036 lr 5.62e-05
[MAE-FLIR] epoch 93 step 114 loss 0.1126 lr 5.61e-05
[MAE-FLIR] epoch 93 step 134 loss 0.1062 lr 5.61e-05
[MAE-FLIR] epoch 93 step 154 loss 0.0963 lr 5.60e-05
[MAE-FLIR] epoch 93 step 174 loss 0.1097 lr 5.60e-05
[MAE-FLIR] epoch 93 step 194 loss 0.1036 lr 5.59e-05
[MAE-FLIR] epoch 93 step 214 loss 0.1176 lr 5.59e-05
[MAE-FLIR] === epoch 93 done, avg loss 0.1080 ===
[MAE-FLIR] epoch 94 step 9 loss 0.1188 lr 5.58e-05
[MAE-FLIR] epoch 94 step 29 loss 0.1153 lr 5.57e-05
[MAE-FLIR] epoch 94 step 49 loss 0.1105 lr 5.57e-05
[MAE-FLIR] epoch 94 step 69 loss 0.1076 lr 5.56e-05
[MAE-FLIR] epoch 94 step 89 loss 0.1070 lr 5.56e-05
[MAE-FLIR] epoch 94 step 109 loss 0.1108 lr 5.55e-05
[MAE-FLIR] epoch 94 step 129 loss 0.1230 lr 5.55e-05
[MAE-FLIR] epoch 94 step 149 loss 0.1114 lr 5.54e-05
[MAE-FLIR] epoch 94 step 169 loss 0.1171 lr 5.53e-05
[MAE-FLIR] epoch 94 step 189 loss 0.0954 lr 5.53e-05
[MAE-FLIR] epoch 94 step 209 loss 0.1091 lr 5.52e-05
[MAE-FLIR] === epoch 94 done, avg loss 0.1083 ===
[MAE-FLIR] epoch 95 step 4 loss 0.1155 lr 5.52e-05
[MAE-FLIR] epoch 95 step 24 loss 0.1154 lr 5.51e-05
[MAE-FLIR] epoch 95 step 44 loss 0.1005 lr 5.50e-05
[MAE-FLIR] epoch 95 step 64 loss 0.1170 lr 5.50e-05
[MAE-FLIR] epoch 95 step 84 loss 0.0968 lr 5.49e-05
[MAE-FLIR] epoch 95 step 104 loss 0.1110 lr 5.49e-05
[MAE-FLIR] epoch 95 step 124 loss 0.1151 lr 5.48e-05
[MAE-FLIR] epoch 95 step 144 loss 0.1039 lr 5.48e-05
[MAE-FLIR] epoch 95 step 164 loss 0.1193 lr 5.47e-05
[MAE-FLIR] epoch 95 step 184 loss 0.0993 lr 5.46e-05
[MAE-FLIR] epoch 95 step 204 loss 0.0954 lr 5.46e-05
[MAE-FLIR] epoch 95 step 224 loss 0.1100 lr 5.45e-05
[MAE-FLIR] === epoch 95 done, avg loss 0.1077 ===
[MAE-FLIR] epoch 96 step 19 loss 0.0962 lr 5.45e-05
[MAE-FLIR] epoch 96 step 39 loss 0.1057 lr 5.44e-05
[MAE-FLIR] epoch 96 step 59 loss 0.1041 lr 5.43e-05
[MAE-FLIR] epoch 96 step 79 loss 0.1234 lr 5.43e-05
[MAE-FLIR] epoch 96 step 99 loss 0.1026 lr 5.42e-05
[MAE-FLIR] epoch 96 step 119 loss 0.1024 lr 5.42e-05
[MAE-FLIR] epoch 96 step 139 loss 0.1040 lr 5.41e-05
[MAE-FLIR] epoch 96 step 159 loss 0.1037 lr 5.41e-05
[MAE-FLIR] epoch 96 step 179 loss 0.1173 lr 5.40e-05
[MAE-FLIR] epoch 96 step 199 loss 0.1094 lr 5.39e-05
[MAE-FLIR] epoch 96 step 219 loss 0.1159 lr 5.39e-05
[MAE-FLIR] === epoch 96 done, avg loss 0.1075 ===
[MAE-FLIR] epoch 97 step 14 loss 0.0980 lr 5.38e-05
[MAE-FLIR] epoch 97 step 34 loss 0.1104 lr 5.38e-05
[MAE-FLIR] epoch 97 step 54 loss 0.1017 lr 5.37e-05
[MAE-FLIR] epoch 97 step 74 loss 0.0863 lr 5.36e-05
[MAE-FLIR] epoch 97 step 94 loss 0.0938 lr 5.36e-05
[MAE-FLIR] epoch 97 step 114 loss 0.1033 lr 5.35e-05
[MAE-FLIR] epoch 97 step 134 loss 0.1046 lr 5.35e-05
[MAE-FLIR] epoch 97 step 154 loss 0.1072 lr 5.34e-05
[MAE-FLIR] epoch 97 step 174 loss 0.1036 lr 5.33e-05
[MAE-FLIR] epoch 97 step 194 loss 0.1031 lr 5.33e-05
[MAE-FLIR] epoch 97 step 214 loss 0.1159 lr 5.32e-05
[MAE-FLIR] === epoch 97 done, avg loss 0.1069 ===
[MAE-FLIR] epoch 98 step 9 loss 0.1062 lr 5.32e-05
[MAE-FLIR] epoch 98 step 29 loss 0.1080 lr 5.31e-05
[MAE-FLIR] epoch 98 step 49 loss 0.1095 lr 5.31e-05
[MAE-FLIR] epoch 98 step 69 loss 0.1126 lr 5.30e-05
[MAE-FLIR] epoch 98 step 89 loss 0.0986 lr 5.29e-05
[MAE-FLIR] epoch 98 step 109 loss 0.0925 lr 5.29e-05
[MAE-FLIR] epoch 98 step 129 loss 0.1017 lr 5.28e-05
[MAE-FLIR] epoch 98 step 149 loss 0.0915 lr 5.28e-05
[MAE-FLIR] epoch 98 step 169 loss 0.1078 lr 5.27e-05
[MAE-FLIR] epoch 98 step 189 loss 0.1109 lr 5.26e-05
[MAE-FLIR] epoch 98 step 209 loss 0.1115 lr 5.26e-05
[MAE-FLIR] === epoch 98 done, avg loss 0.1072 ===
[MAE-FLIR] epoch 99 step 4 loss 0.1220 lr 5.25e-05
[MAE-FLIR] epoch 99 step 24 loss 0.1104 lr 5.25e-05
[MAE-FLIR] epoch 99 step 44 loss 0.1113 lr 5.24e-05
[MAE-FLIR] epoch 99 step 64 loss 0.1080 lr 5.23e-05
[MAE-FLIR] epoch 99 step 84 loss 0.1108 lr 5.23e-05
[MAE-FLIR] epoch 99 step 104 loss 0.1213 lr 5.22e-05
[MAE-FLIR] epoch 99 step 124 loss 0.1088 lr 5.22e-05
[MAE-FLIR] epoch 99 step 144 loss 0.1075 lr 5.21e-05
[MAE-FLIR] epoch 99 step 164 loss 0.1087 lr 5.20e-05
[MAE-FLIR] epoch 99 step 184 loss 0.0997 lr 5.20e-05
[MAE-FLIR] epoch 99 step 204 loss 0.1050 lr 5.19e-05
[MAE-FLIR] epoch 99 step 224 loss 0.1159 lr 5.19e-05
[MAE-FLIR] === epoch 99 done, avg loss 0.1069 ===
[MAE-FLIR] saved checkpoint to pretrained/mae_flir_vit_base.pth
[MAE-FLIR] epoch 100 step 19 loss 0.1024 lr 5.18e-05
[MAE-FLIR] epoch 100 step 39 loss 0.1221 lr 5.17e-05
[MAE-FLIR] epoch 100 step 59 loss 0.1201 lr 5.17e-05
[MAE-FLIR] epoch 100 step 79 loss 0.1047 lr 5.16e-05
[MAE-FLIR] epoch 100 step 99 loss 0.1127 lr 5.15e-05
[MAE-FLIR] epoch 100 step 119 loss 0.1201 lr 5.15e-05
[MAE-FLIR] epoch 100 step 139 loss 0.1069 lr 5.14e-05
[MAE-FLIR] epoch 100 step 159 loss 0.1060 lr 5.14e-05
[MAE-FLIR] epoch 100 step 179 loss 0.1061 lr 5.13e-05
[MAE-FLIR] epoch 100 step 199 loss 0.1006 lr 5.12e-05
[MAE-FLIR] epoch 100 step 219 loss 0.1043 lr 5.12e-05
[MAE-FLIR] === epoch 100 done, avg loss 0.1067 ===
[MAE-FLIR] epoch 101 step 14 loss 0.1220 lr 5.11e-05
[MAE-FLIR] epoch 101 step 34 loss 0.1234 lr 5.11e-05
[MAE-FLIR] epoch 101 step 54 loss 0.1148 lr 5.10e-05
[MAE-FLIR] epoch 101 step 74 loss 0.1068 lr 5.09e-05
[MAE-FLIR] epoch 101 step 94 loss 0.0946 lr 5.09e-05
[MAE-FLIR] epoch 101 step 114 loss 0.0990 lr 5.08e-05
[MAE-FLIR] epoch 101 step 134 loss 0.1140 lr 5.08e-05
[MAE-FLIR] epoch 101 step 154 loss 0.1201 lr 5.07e-05
[MAE-FLIR] epoch 101 step 174 loss 0.1059 lr 5.06e-05
[MAE-FLIR] epoch 101 step 194 loss 0.1144 lr 5.06e-05
[MAE-FLIR] epoch 101 step 214 loss 0.1059 lr 5.05e-05
[MAE-FLIR] === epoch 101 done, avg loss 0.1070 ===
[MAE-FLIR] epoch 102 step 9 loss 0.1083 lr 5.04e-05
[MAE-FLIR] epoch 102 step 29 loss 0.1007 lr 5.04e-05
[MAE-FLIR] epoch 102 step 49 loss 0.1103 lr 5.03e-05
[MAE-FLIR] epoch 102 step 69 loss 0.1027 lr 5.03e-05
[MAE-FLIR] epoch 102 step 89 loss 0.0993 lr 5.02e-05
[MAE-FLIR] epoch 102 step 109 loss 0.1069 lr 5.01e-05
[MAE-FLIR] epoch 102 step 129 loss 0.1019 lr 5.01e-05
[MAE-FLIR] epoch 102 step 149 loss 0.1133 lr 5.00e-05
[MAE-FLIR] epoch 102 step 169 loss 0.1138 lr 5.00e-05
[MAE-FLIR] epoch 102 step 189 loss 0.1157 lr 4.99e-05
[MAE-FLIR] epoch 102 step 209 loss 0.1066 lr 4.98e-05
[MAE-FLIR] === epoch 102 done, avg loss 0.1065 ===
[MAE-FLIR] epoch 103 step 4 loss 0.1067 lr 4.98e-05
[MAE-FLIR] epoch 103 step 24 loss 0.1059 lr 4.97e-05
[MAE-FLIR] epoch 103 step 44 loss 0.1198 lr 4.96e-05
[MAE-FLIR] epoch 103 step 64 loss 0.0948 lr 4.96e-05
[MAE-FLIR] epoch 103 step 84 loss 0.1058 lr 4.95e-05
[MAE-FLIR] epoch 103 step 104 loss 0.1075 lr 4.95e-05
[MAE-FLIR] epoch 103 step 124 loss 0.1156 lr 4.94e-05
[MAE-FLIR] epoch 103 step 144 loss 0.1026 lr 4.93e-05
[MAE-FLIR] epoch 103 step 164 loss 0.1164 lr 4.93e-05
[MAE-FLIR] epoch 103 step 184 loss 0.1070 lr 4.92e-05
[MAE-FLIR] epoch 103 step 204 loss 0.1065 lr 4.92e-05
[MAE-FLIR] epoch 103 step 224 loss 0.0999 lr 4.91e-05
[MAE-FLIR] === epoch 103 done, avg loss 0.1060 ===
[MAE-FLIR] epoch 104 step 19 loss 0.0933 lr 4.90e-05
[MAE-FLIR] epoch 104 step 39 loss 0.1118 lr 4.90e-05
[MAE-FLIR] epoch 104 step 59 loss 0.1078 lr 4.89e-05
[MAE-FLIR] epoch 104 step 79 loss 0.1102 lr 4.88e-05
[MAE-FLIR] epoch 104 step 99 loss 0.0987 lr 4.88e-05
[MAE-FLIR] epoch 104 step 119 loss 0.1136 lr 4.87e-05
[MAE-FLIR] epoch 104 step 139 loss 0.1081 lr 4.87e-05
[MAE-FLIR] epoch 104 step 159 loss 0.1030 lr 4.86e-05
[MAE-FLIR] epoch 104 step 179 loss 0.1088 lr 4.85e-05
[MAE-FLIR] epoch 104 step 199 loss 0.0972 lr 4.85e-05
[MAE-FLIR] epoch 104 step 219 loss 0.0970 lr 4.84e-05
[MAE-FLIR] === epoch 104 done, avg loss 0.1060 ===
[MAE-FLIR] epoch 105 step 14 loss 0.0913 lr 4.83e-05
[MAE-FLIR] epoch 105 step 34 loss 0.1074 lr 4.83e-05
[MAE-FLIR] epoch 105 step 54 loss 0.0953 lr 4.82e-05
[MAE-FLIR] epoch 105 step 74 loss 0.1050 lr 4.82e-05
[MAE-FLIR] epoch 105 step 94 loss 0.0998 lr 4.81e-05
[MAE-FLIR] epoch 105 step 114 loss 0.0971 lr 4.80e-05
[MAE-FLIR] epoch 105 step 134 loss 0.1212 lr 4.80e-05
[MAE-FLIR] epoch 105 step 154 loss 0.1111 lr 4.79e-05
[MAE-FLIR] epoch 105 step 174 loss 0.0906 lr 4.78e-05
[MAE-FLIR] epoch 105 step 194 loss 0.0983 lr 4.78e-05
[MAE-FLIR] epoch 105 step 214 loss 0.1003 lr 4.77e-05
[MAE-FLIR] === epoch 105 done, avg loss 0.1058 ===
[MAE-FLIR] epoch 106 step 9 loss 0.1038 lr 4.76e-05
[MAE-FLIR] epoch 106 step 29 loss 0.1033 lr 4.76e-05
[MAE-FLIR] epoch 106 step 49 loss 0.1201 lr 4.75e-05
[MAE-FLIR] epoch 106 step 69 loss 0.1061 lr 4.75e-05
[MAE-FLIR] epoch 106 step 89 loss 0.0934 lr 4.74e-05
[MAE-FLIR] epoch 106 step 109 loss 0.1066 lr 4.73e-05
[MAE-FLIR] epoch 106 step 129 loss 0.1174 lr 4.73e-05
[MAE-FLIR] epoch 106 step 149 loss 0.1012 lr 4.72e-05
[MAE-FLIR] epoch 106 step 169 loss 0.1028 lr 4.71e-05
[MAE-FLIR] epoch 106 step 189 loss 0.0970 lr 4.71e-05
[MAE-FLIR] epoch 106 step 209 loss 0.1091 lr 4.70e-05
[MAE-FLIR] === epoch 106 done, avg loss 0.1054 ===
[MAE-FLIR] epoch 107 step 4 loss 0.1068 lr 4.70e-05
[MAE-FLIR] epoch 107 step 24 loss 0.1132 lr 4.69e-05
[MAE-FLIR] epoch 107 step 44 loss 0.1128 lr 4.68e-05
[MAE-FLIR] epoch 107 step 64 loss 0.1136 lr 4.68e-05
[MAE-FLIR] epoch 107 step 84 loss 0.0998 lr 4.67e-05
[MAE-FLIR] epoch 107 step 104 loss 0.0968 lr 4.66e-05
[MAE-FLIR] epoch 107 step 124 loss 0.0943 lr 4.66e-05
[MAE-FLIR] epoch 107 step 144 loss 0.1245 lr 4.65e-05
[MAE-FLIR] epoch 107 step 164 loss 0.1083 lr 4.64e-05
[MAE-FLIR] epoch 107 step 184 loss 0.1134 lr 4.64e-05
[MAE-FLIR] epoch 107 step 204 loss 0.1124 lr 4.63e-05
[MAE-FLIR] epoch 107 step 224 loss 0.1009 lr 4.63e-05
[MAE-FLIR] === epoch 107 done, avg loss 0.1053 ===
[MAE-FLIR] epoch 108 step 19 loss 0.1013 lr 4.62e-05
[MAE-FLIR] epoch 108 step 39 loss 0.1086 lr 4.61e-05
[MAE-FLIR] epoch 108 step 59 loss 0.1009 lr 4.61e-05
[MAE-FLIR] epoch 108 step 79 loss 0.1062 lr 4.60e-05
[MAE-FLIR] epoch 108 step 99 loss 0.1036 lr 4.59e-05
[MAE-FLIR] epoch 108 step 119 loss 0.1079 lr 4.59e-05
[MAE-FLIR] epoch 108 step 139 loss 0.1114 lr 4.58e-05
[MAE-FLIR] epoch 108 step 159 loss 0.1061 lr 4.57e-05
[MAE-FLIR] epoch 108 step 179 loss 0.1081 lr 4.57e-05
[MAE-FLIR] epoch 108 step 199 loss 0.0978 lr 4.56e-05
[MAE-FLIR] epoch 108 step 219 loss 0.1048 lr 4.56e-05
[MAE-FLIR] === epoch 108 done, avg loss 0.1051 ===
[MAE-FLIR] epoch 109 step 14 loss 0.1058 lr 4.55e-05
[MAE-FLIR] epoch 109 step 34 loss 0.1062 lr 4.54e-05
[MAE-FLIR] epoch 109 step 54 loss 0.0976 lr 4.54e-05
[MAE-FLIR] epoch 109 step 74 loss 0.1028 lr 4.53e-05
[MAE-FLIR] epoch 109 step 94 loss 0.1104 lr 4.52e-05
[MAE-FLIR] epoch 109 step 114 loss 0.0961 lr 4.52e-05
[MAE-FLIR] epoch 109 step 134 loss 0.0977 lr 4.51e-05
[MAE-FLIR] epoch 109 step 154 loss 0.1054 lr 4.50e-05
[MAE-FLIR] epoch 109 step 174 loss 0.1065 lr 4.50e-05
[MAE-FLIR] epoch 109 step 194 loss 0.1183 lr 4.49e-05
[MAE-FLIR] epoch 109 step 214 loss 0.1119 lr 4.48e-05
[MAE-FLIR] === epoch 109 done, avg loss 0.1050 ===
[MAE-FLIR] epoch 110 step 9 loss 0.1020 lr 4.48e-05
[MAE-FLIR] epoch 110 step 29 loss 0.0974 lr 4.47e-05
[MAE-FLIR] epoch 110 step 49 loss 0.0999 lr 4.47e-05
[MAE-FLIR] epoch 110 step 69 loss 0.1013 lr 4.46e-05
[MAE-FLIR] epoch 110 step 89 loss 0.1107 lr 4.45e-05
[MAE-FLIR] epoch 110 step 109 loss 0.1056 lr 4.45e-05
[MAE-FLIR] epoch 110 step 129 loss 0.0897 lr 4.44e-05
[MAE-FLIR] epoch 110 step 149 loss 0.1035 lr 4.43e-05
[MAE-FLIR] epoch 110 step 169 loss 0.0989 lr 4.43e-05
[MAE-FLIR] epoch 110 step 189 loss 0.1005 lr 4.42e-05
[MAE-FLIR] epoch 110 step 209 loss 0.1136 lr 4.41e-05
[MAE-FLIR] === epoch 110 done, avg loss 0.1049 ===[MAE-FLIR] epoch 111 step 4 loss 0.1107 lr 4.41e-05
[MAE-FLIR] epoch 111 step 24 loss 0.1197 lr 4.40e-05
[MAE-FLIR] epoch 111 step 44 loss 0.1225 lr 4.39e-05
[MAE-FLIR] epoch 111 step 64 loss 0.1100 lr 4.39e-05
[MAE-FLIR] epoch 111 step 84 loss 0.0949 lr 4.38e-05
[MAE-FLIR] epoch 111 step 104 loss 0.0962 lr 4.38e-05
[MAE-FLIR] epoch 111 step 124 loss 0.1025 lr 4.37e-05
[MAE-FLIR] epoch 111 step 144 loss 0.1222 lr 4.36e-05
[MAE-FLIR] epoch 111 step 164 loss 0.1076 lr 4.36e-05
[MAE-FLIR] epoch 111 step 184 loss 0.1102 lr 4.35e-05
[MAE-FLIR] epoch 111 step 204 loss 0.1103 lr 4.34e-05
[MAE-FLIR] epoch 111 step 224 loss 0.1012 lr 4.34e-05
[MAE-FLIR] === epoch 111 done, avg loss 0.1045 ===
[MAE-FLIR] epoch 112 step 19 loss 0.1081 lr 4.33e-05
[MAE-FLIR] epoch 112 step 39 loss 0.0994 lr 4.32e-05
[MAE-FLIR] epoch 112 step 59 loss 0.1026 lr 4.32e-05
[MAE-FLIR] epoch 112 step 79 loss 0.1160 lr 4.31e-05
[MAE-FLIR] epoch 112 step 99 loss 0.1065 lr 4.30e-05
[MAE-FLIR] epoch 112 step 119 loss 0.0992 lr 4.30e-05
[MAE-FLIR] epoch 112 step 139 loss 0.1169 lr 4.29e-05
[MAE-FLIR] epoch 112 step 159 loss 0.0948 lr 4.28e-05
[MAE-FLIR] epoch 112 step 179 loss 0.1089 lr 4.28e-05
[MAE-FLIR] epoch 112 step 199 loss 0.1077 lr 4.27e-05
[MAE-FLIR] epoch 112 step 219 loss 0.1173 lr 4.27e-05
[MAE-FLIR] === epoch 112 done, avg loss 0.1046 ===
[MAE-FLIR] epoch 113 step 14 loss 0.1077 lr 4.26e-05
[MAE-FLIR] epoch 113 step 34 loss 0.0970 lr 4.25e-05
[MAE-FLIR] epoch 113 step 54 loss 0.1142 lr 4.25e-05
[MAE-FLIR] epoch 113 step 74 loss 0.0992 lr 4.24e-05
[MAE-FLIR] epoch 113 step 94 loss 0.1072 lr 4.23e-05
[MAE-FLIR] epoch 113 step 114 loss 0.1157 lr 4.23e-05
[MAE-FLIR] epoch 113 step 134 loss 0.0993 lr 4.22e-05
[MAE-FLIR] epoch 113 step 154 loss 0.0931 lr 4.21e-05
[MAE-FLIR] epoch 113 step 174 loss 0.1062 lr 4.21e-05
[MAE-FLIR] epoch 113 step 194 loss 0.1093 lr 4.20e-05
[MAE-FLIR] epoch 113 step 214 loss 0.0980 lr 4.19e-05
[MAE-FLIR] === epoch 113 done, avg loss 0.1046 ===
[MAE-FLIR] epoch 114 step 9 loss 0.0942 lr 4.19e-05
[MAE-FLIR] epoch 114 step 29 loss 0.1132 lr 4.18e-05
[MAE-FLIR] epoch 114 step 49 loss 0.1136 lr 4.17e-05
[MAE-FLIR] epoch 114 step 69 loss 0.1001 lr 4.17e-05
[MAE-FLIR] epoch 114 step 89 loss 0.1056 lr 4.16e-05
[MAE-FLIR] epoch 114 step 109 loss 0.1064 lr 4.15e-05
[MAE-FLIR] epoch 114 step 129 loss 0.0948 lr 4.15e-05
[MAE-FLIR] epoch 114 step 149 loss 0.1200 lr 4.14e-05
[MAE-FLIR] epoch 114 step 169 loss 0.1048 lr 4.14e-05
[MAE-FLIR] epoch 114 step 189 loss 0.1081 lr 4.13e-05
[MAE-FLIR] epoch 114 step 209 loss 0.1137 lr 4.12e-05
[MAE-FLIR] === epoch 114 done, avg loss 0.1043 ===
[MAE-FLIR] epoch 115 step 4 loss 0.1173 lr 4.12e-05
[MAE-FLIR] epoch 115 step 24 loss 0.0951 lr 4.11e-05
[MAE-FLIR] epoch 115 step 44 loss 0.1017 lr 4.10e-05
[MAE-FLIR] epoch 115 step 64 loss 0.1131 lr 4.10e-05
[MAE-FLIR] epoch 115 step 84 loss 0.0985 lr 4.09e-05
[MAE-FLIR] epoch 115 step 104 loss 0.1093 lr 4.08e-05
[MAE-FLIR] epoch 115 step 124 loss 0.0948 lr 4.08e-05
[MAE-FLIR] epoch 115 step 144 loss 0.1092 lr 4.07e-05
[MAE-FLIR] epoch 115 step 164 loss 0.0926 lr 4.06e-05
[MAE-FLIR] epoch 115 step 184 loss 0.0927 lr 4.06e-05
[MAE-FLIR] epoch 115 step 204 loss 0.1065 lr 4.05e-05
[MAE-FLIR] epoch 115 step 224 loss 0.1170 lr 4.04e-05
[MAE-FLIR] === epoch 115 done, avg loss 0.1040 ===
[MAE-FLIR] epoch 116 step 19 loss 0.1030 lr 4.04e-05
[MAE-FLIR] epoch 116 step 39 loss 0.1073 lr 4.03e-05
[MAE-FLIR] epoch 116 step 59 loss 0.1006 lr 4.02e-05
[MAE-FLIR] epoch 116 step 79 loss 0.1071 lr 4.02e-05
[MAE-FLIR] epoch 116 step 99 loss 0.1088 lr 4.01e-05
[MAE-FLIR] epoch 116 step 119 loss 0.1028 lr 4.01e-05
[MAE-FLIR] epoch 116 step 139 loss 0.1002 lr 4.00e-05
[MAE-FLIR] epoch 116 step 159 loss 0.0952 lr 3.99e-05
[MAE-FLIR] epoch 116 step 179 loss 0.1122 lr 3.99e-05
[MAE-FLIR] epoch 116 step 199 loss 0.1066 lr 3.98e-05
[MAE-FLIR] epoch 116 step 219 loss 0.1177 lr 3.97e-05
[MAE-FLIR] === epoch 116 done, avg loss 0.1039 ===
[MAE-FLIR] epoch 117 step 14 loss 0.1035 lr 3.97e-05
[MAE-FLIR] epoch 117 step 34 loss 0.1089 lr 3.96e-05
[MAE-FLIR] epoch 117 step 54 loss 0.1087 lr 3.95e-05
[MAE-FLIR] epoch 117 step 74 loss 0.0950 lr 3.95e-05
[MAE-FLIR] epoch 117 step 94 loss 0.1022 lr 3.94e-05
[MAE-FLIR] epoch 117 step 114 loss 0.0951 lr 3.93e-05
[MAE-FLIR] epoch 117 step 134 loss 0.0999 lr 3.93e-05
[MAE-FLIR] epoch 117 step 154 loss 0.0951 lr 3.92e-05
[MAE-FLIR] epoch 117 step 174 loss 0.1014 lr 3.91e-05
[MAE-FLIR] epoch 117 step 194 loss 0.0976 lr 3.91e-05
[MAE-FLIR] epoch 117 step 214 loss 0.0963 lr 3.90e-05
[MAE-FLIR] === epoch 117 done, avg loss 0.1033 ===
[MAE-FLIR] epoch 118 step 9 loss 0.1121 lr 3.89e-05
[MAE-FLIR] epoch 118 step 29 loss 0.0949 lr 3.89e-05
[MAE-FLIR] epoch 118 step 49 loss 0.0958 lr 3.88e-05
[MAE-FLIR] epoch 118 step 69 loss 0.1065 lr 3.87e-05
[MAE-FLIR] epoch 118 step 89 loss 0.1060 lr 3.87e-05
[MAE-FLIR] epoch 118 step 109 loss 0.0959 lr 3.86e-05
[MAE-FLIR] epoch 118 step 129 loss 0.0964 lr 3.85e-05
[MAE-FLIR] epoch 118 step 149 loss 0.1058 lr 3.85e-05
[MAE-FLIR] epoch 118 step 169 loss 0.1056 lr 3.84e-05
[MAE-FLIR] epoch 118 step 189 loss 0.1028 lr 3.84e-05
[MAE-FLIR] epoch 118 step 209 loss 0.1090 lr 3.83e-05
[MAE-FLIR] === epoch 118 done, avg loss 0.1035 ===
[MAE-FLIR] epoch 119 step 4 loss 0.1112 lr 3.82e-05
[MAE-FLIR] epoch 119 step 24 loss 0.1041 lr 3.82e-05
[MAE-FLIR] epoch 119 step 44 loss 0.1094 lr 3.81e-05
[MAE-FLIR] epoch 119 step 64 loss 0.1038 lr 3.80e-05
[MAE-FLIR] epoch 119 step 84 loss 0.0976 lr 3.80e-05
[MAE-FLIR] epoch 119 step 104 loss 0.1023 lr 3.79e-05
[MAE-FLIR] epoch 119 step 124 loss 0.1035 lr 3.78e-05
[MAE-FLIR] epoch 119 step 144 loss 0.1093 lr 3.78e-05
[MAE-FLIR] epoch 119 step 164 loss 0.1040 lr 3.77e-05
[MAE-FLIR] epoch 119 step 184 loss 0.1045 lr 3.76e-05
[MAE-FLIR] epoch 119 step 204 loss 0.1037 lr 3.76e-05
[MAE-FLIR] epoch 119 step 224 loss 0.0985 lr 3.75e-05
[MAE-FLIR] === epoch 119 done, avg loss 0.1031 ===
[MAE-FLIR] epoch 120 step 19 loss 0.1162 lr 3.74e-05
[MAE-FLIR] epoch 120 step 39 loss 0.1028 lr 3.74e-05
[MAE-FLIR] epoch 120 step 59 loss 0.1022 lr 3.73e-05
[MAE-FLIR] epoch 120 step 79 loss 0.1049 lr 3.72e-05
[MAE-FLIR] epoch 120 step 99 loss 0.1053 lr 3.72e-05
[MAE-FLIR] epoch 120 step 119 loss 0.1047 lr 3.71e-05
[MAE-FLIR] epoch 120 step 139 loss 0.0988 lr 3.70e-05
[MAE-FLIR] epoch 120 step 159 loss 0.0942 lr 3.70e-05
[MAE-FLIR] epoch 120 step 179 loss 0.1026 lr 3.69e-05
[MAE-FLIR] epoch 120 step 199 loss 0.0998 lr 3.68e-05
[MAE-FLIR] epoch 120 step 219 loss 0.1013 lr 3.68e-05
[MAE-FLIR] === epoch 120 done, avg loss 0.1030 ===
[MAE-FLIR] epoch 121 step 14 loss 0.1039 lr 3.67e-05
[MAE-FLIR] epoch 121 step 34 loss 0.0981 lr 3.66e-05
[MAE-FLIR] epoch 121 step 54 loss 0.0988 lr 3.66e-05
[MAE-FLIR] epoch 121 step 74 loss 0.1096 lr 3.65e-05
[MAE-FLIR] epoch 121 step 94 loss 0.0913 lr 3.65e-05
[MAE-FLIR] epoch 121 step 114 loss 0.0924 lr 3.64e-05
[MAE-FLIR] epoch 121 step 134 loss 0.0993 lr 3.63e-05
[MAE-FLIR] epoch 121 step 154 loss 0.1067 lr 3.63e-05
[MAE-FLIR] epoch 121 step 174 loss 0.0916 lr 3.62e-05
[MAE-FLIR] epoch 121 step 194 loss 0.1075 lr 3.61e-05
[MAE-FLIR] epoch 121 step 214 loss 0.1102 lr 3.61e-05
[MAE-FLIR] === epoch 121 done, avg loss 0.1026 ===
[MAE-FLIR] epoch 122 step 9 loss 0.0938 lr 3.60e-05
[MAE-FLIR] epoch 122 step 29 loss 0.0916 lr 3.59e-05
[MAE-FLIR] epoch 122 step 49 loss 0.0974 lr 3.59e-05
[MAE-FLIR] epoch 122 step 69 loss 0.0959 lr 3.58e-05
[MAE-FLIR] epoch 122 step 89 loss 0.0954 lr 3.57e-05
[MAE-FLIR] epoch 122 step 109 loss 0.1071 lr 3.57e-05
[MAE-FLIR] epoch 122 step 129 loss 0.1055 lr 3.56e-05
[MAE-FLIR] epoch 122 step 149 loss 0.0998 lr 3.55e-05
[MAE-FLIR] epoch 122 step 169 loss 0.0962 lr 3.55e-05
[MAE-FLIR] epoch 122 step 189 loss 0.1005 lr 3.54e-05
[MAE-FLIR] epoch 122 step 209 loss 0.1081 lr 3.53e-05
[MAE-FLIR] === epoch 122 done, avg loss 0.1029 ===
[MAE-FLIR] epoch 123 step 4 loss 0.0957 lr 3.53e-05
[MAE-FLIR] epoch 123 step 24 loss 0.1010 lr 3.52e-05
[MAE-FLIR] epoch 123 step 44 loss 0.1188 lr 3.51e-05
[MAE-FLIR] epoch 123 step 64 loss 0.0958 lr 3.51e-05
[MAE-FLIR] epoch 123 step 84 loss 0.1045 lr 3.50e-05
[MAE-FLIR] epoch 123 step 104 loss 0.1214 lr 3.49e-05
[MAE-FLIR] epoch 123 step 124 loss 0.0811 lr 3.49e-05
[MAE-FLIR] epoch 123 step 144 loss 0.0988 lr 3.48e-05
[MAE-FLIR] epoch 123 step 164 loss 0.0983 lr 3.48e-05
[MAE-FLIR] epoch 123 step 184 loss 0.1030 lr 3.47e-05
[MAE-FLIR] epoch 123 step 204 loss 0.1142 lr 3.46e-05
[MAE-FLIR] epoch 123 step 224 loss 0.0986 lr 3.46e-05
[MAE-FLIR] === epoch 123 done, avg loss 0.1026 ===
[MAE-FLIR] epoch 124 step 19 loss 0.1197 lr 3.45e-05
[MAE-FLIR] epoch 124 step 39 loss 0.1047 lr 3.44e-05
[MAE-FLIR] epoch 124 step 59 loss 0.0999 lr 3.44e-05
[MAE-FLIR] epoch 124 step 79 loss 0.1061 lr 3.43e-05
[MAE-FLIR] epoch 124 step 99 loss 0.0992 lr 3.42e-05
[MAE-FLIR] epoch 124 step 119 loss 0.1012 lr 3.42e-05
[MAE-FLIR] epoch 124 step 139 loss 0.0929 lr 3.41e-05
[MAE-FLIR] epoch 124 step 159 loss 0.1037 lr 3.40e-05
[MAE-FLIR] epoch 124 step 179 loss 0.1014 lr 3.40e-05
[MAE-FLIR] epoch 124 step 199 loss 0.0942 lr 3.39e-05
[MAE-FLIR] epoch 124 step 219 loss 0.0926 lr 3.38e-05
[MAE-FLIR] === epoch 124 done, avg loss 0.1029 ===
[MAE-FLIR] epoch 125 step 14 loss 0.0923 lr 3.38e-05
[MAE-FLIR] epoch 125 step 34 loss 0.1003 lr 3.37e-05
[MAE-FLIR] epoch 125 step 54 loss 0.0910 lr 3.36e-05
[MAE-FLIR] epoch 125 step 74 loss 0.1001 lr 3.36e-05
[MAE-FLIR] epoch 125 step 94 loss 0.0976 lr 3.35e-05
[MAE-FLIR] epoch 125 step 114 loss 0.1048 lr 3.35e-05
[MAE-FLIR] epoch 125 step 134 loss 0.1095 lr 3.34e-05
[MAE-FLIR] epoch 125 step 154 loss 0.1014 lr 3.33e-05
[MAE-FLIR] epoch 125 step 174 loss 0.0950 lr 3.33e-05
[MAE-FLIR] epoch 125 step 194 loss 0.0987 lr 3.32e-05
[MAE-FLIR] epoch 125 step 214 loss 0.0963 lr 3.31e-05
[MAE-FLIR] === epoch 125 done, avg loss 0.1021 ===
[MAE-FLIR] epoch 126 step 9 loss 0.1083 lr 3.31e-05
[MAE-FLIR] epoch 126 step 29 loss 0.0947 lr 3.30e-05
[MAE-FLIR] epoch 126 step 49 loss 0.1009 lr 3.29e-05
[MAE-FLIR] epoch 126 step 69 loss 0.1139 lr 3.29e-05
[MAE-FLIR] epoch 126 step 89 loss 0.1038 lr 3.28e-05
[MAE-FLIR] epoch 126 step 109 loss 0.1117 lr 3.27e-05
[MAE-FLIR] epoch 126 step 129 loss 0.0997 lr 3.27e-05
[MAE-FLIR] epoch 126 step 149 loss 0.1079 lr 3.26e-05
[MAE-FLIR] epoch 126 step 169 loss 0.1049 lr 3.25e-05
[MAE-FLIR] epoch 126 step 189 loss 0.1056 lr 3.25e-05
[MAE-FLIR] epoch 126 step 209 loss 0.1094 lr 3.24e-05
[MAE-FLIR] === epoch 126 done, avg loss 0.1021 ===
[MAE-FLIR] epoch 127 step 4 loss 0.1093 lr 3.23e-05
[MAE-FLIR] epoch 127 step 24 loss 0.1135 lr 3.23e-05
[MAE-FLIR] epoch 127 step 44 loss 0.0951 lr 3.22e-05
[MAE-FLIR] epoch 127 step 64 loss 0.0988 lr 3.22e-05
[MAE-FLIR] epoch 127 step 84 loss 0.1075 lr 3.21e-05
[MAE-FLIR] epoch 127 step 104 loss 0.0991 lr 3.20e-05
[MAE-FLIR] epoch 127 step 124 loss 0.1057 lr 3.20e-05
[MAE-FLIR] epoch 127 step 144 loss 0.0966 lr 3.19e-05
[MAE-FLIR] epoch 127 step 164 loss 0.1032 lr 3.18e-05
[MAE-FLIR] epoch 127 step 184 loss 0.0954 lr 3.18e-05
[MAE-FLIR] epoch 127 step 204 loss 0.1045 lr 3.17e-05
[MAE-FLIR] epoch 127 step 224 loss 0.1126 lr 3.16e-05
[MAE-FLIR] === epoch 127 done, avg loss 0.1024 ===
[MAE-FLIR] epoch 128 step 19 loss 0.0985 lr 3.16e-05
[MAE-FLIR] epoch 128 step 39 loss 0.1048 lr 3.15e-05
[MAE-FLIR] epoch 128 step 59 loss 0.0988 lr 3.14e-05
[MAE-FLIR] epoch 128 step 79 loss 0.1192 lr 3.14e-05
[MAE-FLIR] epoch 128 step 99 loss 0.1062 lr 3.13e-05
[MAE-FLIR] epoch 128 step 119 loss 0.1045 lr 3.12e-05
[MAE-FLIR] epoch 128 step 139 loss 0.1207 lr 3.12e-05
[MAE-FLIR] epoch 128 step 159 loss 0.1041 lr 3.11e-05
[MAE-FLIR] epoch 128 step 179 loss 0.1127 lr 3.11e-05
[MAE-FLIR] epoch 128 step 199 loss 0.1105 lr 3.10e-05
[MAE-FLIR] epoch 128 step 219 loss 0.1035 lr 3.09e-05
[MAE-FLIR] === epoch 128 done, avg loss 0.1016 ===
[MAE-FLIR] epoch 129 step 14 loss 0.0966 lr 3.09e-05
[MAE-FLIR] epoch 129 step 34 loss 0.0940 lr 3.08e-05
[MAE-FLIR] epoch 129 step 54 loss 0.1096 lr 3.07e-05
[MAE-FLIR] epoch 129 step 74 loss 0.1152 lr 3.07e-05
[MAE-FLIR] epoch 129 step 94 loss 0.1028 lr 3.06e-05
[MAE-FLIR] epoch 129 step 114 loss 0.0996 lr 3.05e-05
[MAE-FLIR] epoch 129 step 134 loss 0.0940 lr 3.05e-05
[MAE-FLIR] epoch 129 step 154 loss 0.0932 lr 3.04e-05
[MAE-FLIR] epoch 129 step 174 loss 0.0964 lr 3.03e-05
[MAE-FLIR] epoch 129 step 194 loss 0.0989 lr 3.03e-05
[MAE-FLIR] epoch 129 step 214 loss 0.1068 lr 3.02e-05
[MAE-FLIR] === epoch 129 done, avg loss 0.1018 ===
[MAE-FLIR] epoch 130 step 9 loss 0.1021 lr 3.02e-05
[MAE-FLIR] epoch 130 step 29 loss 0.1014 lr 3.01e-05
[MAE-FLIR] epoch 130 step 49 loss 0.0841 lr 3.00e-05
[MAE-FLIR] epoch 130 step 69 loss 0.1060 lr 3.00e-05
[MAE-FLIR] epoch 130 step 89 loss 0.0954 lr 2.99e-05
[MAE-FLIR] epoch 130 step 109 loss 0.0970 lr 2.98e-05
[MAE-FLIR] epoch 130 step 129 loss 0.1040 lr 2.98e-05
[MAE-FLIR] epoch 130 step 149 loss 0.0967 lr 2.97e-05
[MAE-FLIR] epoch 130 step 169 loss 0.1096 lr 2.96e-05
[MAE-FLIR] epoch 130 step 189 loss 0.1078 lr 2.96e-05
[MAE-FLIR] epoch 130 step 209 loss 0.1040 lr 2.95e-05
[MAE-FLIR] === epoch 130 done, avg loss 0.1018 ===
[MAE-FLIR] epoch 131 step 4 loss 0.1036 lr 2.94e-05
[MAE-FLIR] epoch 131 step 24 loss 0.0926 lr 2.94e-05
[MAE-FLIR] epoch 131 step 44 loss 0.1121 lr 2.93e-05
[MAE-FLIR] epoch 131 step 64 loss 0.0839 lr 2.93e-05
[MAE-FLIR] epoch 131 step 84 loss 0.0956 lr 2.92e-05
[MAE-FLIR] epoch 131 step 104 loss 0.1100 lr 2.91e-05
[MAE-FLIR] epoch 131 step 124 loss 0.1020 lr 2.91e-05
[MAE-FLIR] epoch 131 step 144 loss 0.1122 lr 2.90e-05
[MAE-FLIR] epoch 131 step 164 loss 0.1011 lr 2.89e-05
[MAE-FLIR] epoch 131 step 184 loss 0.1096 lr 2.89e-05
[MAE-FLIR] epoch 131 step 204 loss 0.1130 lr 2.88e-05
[MAE-FLIR] epoch 131 step 224 loss 0.0996 lr 2.87e-05
[MAE-FLIR] === epoch 131 done, avg loss 0.1016 ===
[MAE-FLIR] epoch 132 step 19 loss 0.0980 lr 2.87e-05
[MAE-FLIR] epoch 132 step 39 loss 0.1124 lr 2.86e-05
[MAE-FLIR] epoch 132 step 59 loss 0.0868 lr 2.86e-05
[MAE-FLIR] epoch 132 step 79 loss 0.1025 lr 2.85e-05
[MAE-FLIR] epoch 132 step 99 loss 0.1087 lr 2.84e-05
[MAE-FLIR] epoch 132 step 119 loss 0.1028 lr 2.84e-05
[MAE-FLIR] epoch 132 step 139 loss 0.1035 lr 2.83e-05
[MAE-FLIR] epoch 132 step 159 loss 0.1034 lr 2.82e-05
[MAE-FLIR] epoch 132 step 179 loss 0.1115 lr 2.82e-05
[MAE-FLIR] epoch 132 step 199 loss 0.1125 lr 2.81e-05
[MAE-FLIR] epoch 132 step 219 loss 0.0962 lr 2.80e-05
[MAE-FLIR] === epoch 132 done, avg loss 0.1012 ===
[MAE-FLIR] epoch 133 step 14 loss 0.0925 lr 2.80e-05
[MAE-FLIR] epoch 133 step 34 loss 0.1127 lr 2.79e-05
[MAE-FLIR] epoch 133 step 54 loss 0.0981 lr 2.79e-05
[MAE-FLIR] epoch 133 step 74 loss 0.0986 lr 2.78e-05
[MAE-FLIR] epoch 133 step 94 loss 0.1014 lr 2.77e-05
[MAE-FLIR] epoch 133 step 114 loss 0.0906 lr 2.77e-05
[MAE-FLIR] epoch 133 step 134 loss 0.1004 lr 2.76e-05
[MAE-FLIR] epoch 133 step 154 loss 0.0866 lr 2.75e-05
[MAE-FLIR] epoch 133 step 174 loss 0.1061 lr 2.75e-05
[MAE-FLIR] epoch 133 step 194 loss 0.0931 lr 2.74e-05
[MAE-FLIR] epoch 133 step 214 loss 0.0894 lr 2.74e-05
[MAE-FLIR] === epoch 133 done, avg loss 0.1009 ===
[MAE-FLIR] epoch 134 step 9 loss 0.0929 lr 2.73e-05
[MAE-FLIR] epoch 134 step 29 loss 0.1003 lr 2.72e-05
[MAE-FLIR] epoch 134 step 49 loss 0.1111 lr 2.72e-05
[MAE-FLIR] epoch 134 step 69 loss 0.0945 lr 2.71e-05
[MAE-FLIR] epoch 134 step 89 loss 0.1139 lr 2.70e-05
[MAE-FLIR] epoch 134 step 109 loss 0.0963 lr 2.70e-05
[MAE-FLIR] epoch 134 step 129 loss 0.0999 lr 2.69e-05
[MAE-FLIR] epoch 134 step 149 loss 0.1053 lr 2.68e-05
[MAE-FLIR] epoch 134 step 169 loss 0.0977 lr 2.68e-05
[MAE-FLIR] epoch 134 step 189 loss 0.1008 lr 2.67e-05
[MAE-FLIR] epoch 134 step 209 loss 0.1035 lr 2.67e-05
[MAE-FLIR] === epoch 134 done, avg loss 0.1013 ===
[MAE-FLIR] epoch 135 step 4 loss 0.1058 lr 2.66e-05
[MAE-FLIR] epoch 135 step 24 loss 0.1040 lr 2.65e-05
[MAE-FLIR] epoch 135 step 44 loss 0.0923 lr 2.65e-05
[MAE-FLIR] epoch 135 step 64 loss 0.0963 lr 2.64e-05
[MAE-FLIR] epoch 135 step 84 loss 0.1019 lr 2.63e-05
[MAE-FLIR] epoch 135 step 104 loss 0.0938 lr 2.63e-05
[MAE-FLIR] epoch 135 step 124 loss 0.1115 lr 2.62e-05
[MAE-FLIR] epoch 135 step 144 loss 0.1036 lr 2.62e-05
[MAE-FLIR] epoch 135 step 164 loss 0.1051 lr 2.61e-05
[MAE-FLIR] epoch 135 step 184 loss 0.0994 lr 2.60e-05
[MAE-FLIR] epoch 135 step 204 loss 0.1056 lr 2.60e-05
[MAE-FLIR] epoch 135 step 224 loss 0.1173 lr 2.59e-05
[MAE-FLIR] === epoch 135 done, avg loss 0.1009 ===
[MAE-FLIR] epoch 136 step 19 loss 0.0946 lr 2.58e-05
[MAE-FLIR] epoch 136 step 39 loss 0.0939 lr 2.58e-05
[MAE-FLIR] epoch 136 step 59 loss 0.1128 lr 2.57e-05
[MAE-FLIR] epoch 136 step 79 loss 0.0992 lr 2.57e-05
[MAE-FLIR] epoch 136 step 99 loss 0.1086 lr 2.56e-05
[MAE-FLIR] epoch 136 step 119 loss 0.0866 lr 2.55e-05
[MAE-FLIR] epoch 136 step 139 loss 0.1073 lr 2.55e-05
[MAE-FLIR] epoch 136 step 159 loss 0.0919 lr 2.54e-05
[MAE-FLIR] epoch 136 step 179 loss 0.0978 lr 2.54e-05
[MAE-FLIR] epoch 136 step 199 loss 0.1012 lr 2.53e-05
[MAE-FLIR] epoch 136 step 219 loss 0.0996 lr 2.52e-05
[MAE-FLIR] === epoch 136 done, avg loss 0.1012 ===
[MAE-FLIR] epoch 137 step 14 loss 0.0978 lr 2.52e-05
[MAE-FLIR] epoch 137 step 34 loss 0.1014 lr 2.51e-05
[MAE-FLIR] epoch 137 step 54 loss 0.0959 lr 2.50e-05
[MAE-FLIR] epoch 137 step 74 loss 0.1033 lr 2.50e-05
[MAE-FLIR] epoch 137 step 94 loss 0.1070 lr 2.49e-05
[MAE-FLIR] epoch 137 step 114 loss 0.0938 lr 2.49e-05
[MAE-FLIR] epoch 137 step 134 loss 0.0991 lr 2.48e-05
[MAE-FLIR] epoch 137 step 154 loss 0.0994 lr 2.47e-05
[MAE-FLIR] epoch 137 step 174 loss 0.0956 lr 2.47e-05
[MAE-FLIR] epoch 137 step 194 loss 0.0947 lr 2.46e-05
[MAE-FLIR] epoch 137 step 214 loss 0.0905 lr 2.46e-05
[MAE-FLIR] === epoch 137 done, avg loss 0.1011 ===
[MAE-FLIR] epoch 138 step 9 loss 0.0979 lr 2.45e-05
[MAE-FLIR] epoch 138 step 29 loss 0.0982 lr 2.44e-05
[MAE-FLIR] epoch 138 step 49 loss 0.1029 lr 2.44e-05
[MAE-FLIR] epoch 138 step 69 loss 0.1063 lr 2.43e-05
[MAE-FLIR] epoch 138 step 89 loss 0.1066 lr 2.42e-05
[MAE-FLIR] epoch 138 step 109 loss 0.0991 lr 2.42e-05
[MAE-FLIR] epoch 138 step 129 loss 0.0933 lr 2.41e-05
[MAE-FLIR] epoch 138 step 149 loss 0.1114 lr 2.41e-05
[MAE-FLIR] epoch 138 step 169 loss 0.0962 lr 2.40e-05
[MAE-FLIR] epoch 138 step 189 loss 0.1003 lr 2.39e-05
[MAE-FLIR] epoch 138 step 209 loss 0.1025 lr 2.39e-05
[MAE-FLIR] === epoch 138 done, avg loss 0.1007 ===
[MAE-FLIR] epoch 139 step 4 loss 0.0994 lr 2.38e-05
[MAE-FLIR] epoch 139 step 24 loss 0.0968 lr 2.38e-05
[MAE-FLIR] epoch 139 step 44 loss 0.0886 lr 2.37e-05
[MAE-FLIR] epoch 139 step 64 loss 0.1130 lr 2.36e-05
[MAE-FLIR] epoch 139 step 84 loss 0.0955 lr 2.36e-05
[MAE-FLIR] epoch 139 step 104 loss 0.1040 lr 2.35e-05
[MAE-FLIR] epoch 139 step 124 loss 0.0962 lr 2.35e-05
[MAE-FLIR] epoch 139 step 144 loss 0.1102 lr 2.34e-05
[MAE-FLIR] epoch 139 step 164 loss 0.1055 lr 2.33e-05
[MAE-FLIR] epoch 139 step 184 loss 0.1075 lr 2.33e-05
[MAE-FLIR] epoch 139 step 204 loss 0.1079 lr 2.32e-05
[MAE-FLIR] epoch 139 step 224 loss 0.1076 lr 2.31e-05
[MAE-FLIR] === epoch 139 done, avg loss 0.1004 ===
[MAE-FLIR] epoch 140 step 19 loss 0.1064 lr 2.31e-05
[MAE-FLIR] epoch 140 step 39 loss 0.0922 lr 2.30e-05
[MAE-FLIR] epoch 140 step 59 loss 0.0988 lr 2.30e-05
[MAE-FLIR] epoch 140 step 79 loss 0.1077 lr 2.29e-05
[MAE-FLIR] epoch 140 step 99 loss 0.0948 lr 2.28e-05
[MAE-FLIR] epoch 140 step 119 loss 0.1105 lr 2.28e-05
[MAE-FLIR] epoch 140 step 139 loss 0.1032 lr 2.27e-05
[MAE-FLIR] epoch 140 step 159 loss 0.1002 lr 2.27e-05
[MAE-FLIR] epoch 140 step 179 loss 0.1015 lr 2.26e-05
[MAE-FLIR] epoch 140 step 199 loss 0.0995 lr 2.25e-05
[MAE-FLIR] epoch 140 step 219 loss 0.0958 lr 2.25e-05
[MAE-FLIR] === epoch 140 done, avg loss 0.1004 ===
[MAE-FLIR] epoch 141 step 14 loss 0.1079 lr 2.24e-05
[MAE-FLIR] epoch 141 step 34 loss 0.0938 lr 2.24e-05
[MAE-FLIR] epoch 141 step 54 loss 0.0950 lr 2.23e-05
[MAE-FLIR] epoch 141 step 74 loss 0.0929 lr 2.22e-05
[MAE-FLIR] epoch 141 step 94 loss 0.1126 lr 2.22e-05
[MAE-FLIR] epoch 141 step 114 loss 0.1031 lr 2.21e-05
[MAE-FLIR] epoch 141 step 134 loss 0.0912 lr 2.21e-05
[MAE-FLIR] epoch 141 step 154 loss 0.1172 lr 2.20e-05
[MAE-FLIR] epoch 141 step 174 loss 0.1002 lr 2.19e-05
[MAE-FLIR] epoch 141 step 194 loss 0.1044 lr 2.19e-05
[MAE-FLIR] epoch 141 step 214 loss 0.1066 lr 2.18e-05
[MAE-FLIR] === epoch 141 done, avg loss 0.1004 ===
[MAE-FLIR] epoch 142 step 9 loss 0.0989 lr 2.18e-05
[MAE-FLIR] epoch 142 step 29 loss 0.0955 lr 2.17e-05
[MAE-FLIR] epoch 142 step 49 loss 0.1036 lr 2.17e-05
[MAE-FLIR] epoch 142 step 69 loss 0.1064 lr 2.16e-05
[MAE-FLIR] epoch 142 step 89 loss 0.0957 lr 2.15e-05
[MAE-FLIR] epoch 142 step 109 loss 0.0947 lr 2.15e-05
[MAE-FLIR] epoch 142 step 129 loss 0.0986 lr 2.14e-05
[MAE-FLIR] epoch 142 step 149 loss 0.0990 lr 2.14e-05
[MAE-FLIR] epoch 142 step 169 loss 0.1027 lr 2.13e-05
[MAE-FLIR] epoch 142 step 189 loss 0.1017 lr 2.12e-05
[MAE-FLIR] epoch 142 step 209 loss 0.0947 lr 2.12e-05
[MAE-FLIR] === epoch 142 done, avg loss 0.0998 ===
[MAE-FLIR] epoch 143 step 4 loss 0.0941 lr 2.11e-05
[MAE-FLIR] epoch 143 step 24 loss 0.0896 lr 2.11e-05
[MAE-FLIR] epoch 143 step 44 loss 0.0960 lr 2.10e-05
[MAE-FLIR] epoch 143 step 64 loss 0.1035 lr 2.09e-05
[MAE-FLIR] epoch 143 step 84 loss 0.1072 lr 2.09e-05
[MAE-FLIR] epoch 143 step 104 loss 0.0954 lr 2.08e-05
[MAE-FLIR] epoch 143 step 124 loss 0.1185 lr 2.08e-05
[MAE-FLIR] epoch 143 step 144 loss 0.1025 lr 2.07e-05
[MAE-FLIR] epoch 143 step 164 loss 0.0952 lr 2.07e-05
[MAE-FLIR] epoch 143 step 184 loss 0.1001 lr 2.06e-05
[MAE-FLIR] epoch 143 step 204 loss 0.0994 lr 2.05e-05
[MAE-FLIR] epoch 143 step 224 loss 0.1109 lr 2.05e-05
[MAE-FLIR] === epoch 143 done, avg loss 0.1000 ===
[MAE-FLIR] epoch 144 step 19 loss 0.1030 lr 2.04e-05
[MAE-FLIR] epoch 144 step 39 loss 0.1084 lr 2.04e-05
[MAE-FLIR] epoch 144 step 59 loss 0.0966 lr 2.03e-05
[MAE-FLIR] epoch 144 step 79 loss 0.1113 lr 2.02e-05
[MAE-FLIR] epoch 144 step 99 loss 0.0901 lr 2.02e-05
[MAE-FLIR] epoch 144 step 119 loss 0.1013 lr 2.01e-05
[MAE-FLIR] epoch 144 step 139 loss 0.1010 lr 2.01e-05
[MAE-FLIR] epoch 144 step 159 loss 0.1011 lr 2.00e-05
[MAE-FLIR] epoch 144 step 179 loss 0.0930 lr 2.00e-05
[MAE-FLIR] epoch 144 step 199 loss 0.0956 lr 1.99e-05
[MAE-FLIR] epoch 144 step 219 loss 0.1093 lr 1.98e-05
[MAE-FLIR] === epoch 144 done, avg loss 0.0997 ===
[MAE-FLIR] epoch 145 step 14 loss 0.0978 lr 1.98e-05
[MAE-FLIR] epoch 145 step 34 loss 0.1069 lr 1.97e-05
[MAE-FLIR] epoch 145 step 54 loss 0.0996 lr 1.97e-05
[MAE-FLIR] epoch 145 step 74 loss 0.0922 lr 1.96e-05
[MAE-FLIR] epoch 145 step 94 loss 0.0981 lr 1.95e-05
[MAE-FLIR] epoch 145 step 114 loss 0.1037 lr 1.95e-05
[MAE-FLIR] epoch 145 step 134 loss 0.1021 lr 1.94e-05
[MAE-FLIR] epoch 145 step 154 loss 0.0889 lr 1.94e-05
[MAE-FLIR] epoch 145 step 174 loss 0.0848 lr 1.93e-05
[MAE-FLIR] epoch 145 step 194 loss 0.1076 lr 1.93e-05
[MAE-FLIR] epoch 145 step 214 loss 0.0969 lr 1.92e-05
[MAE-FLIR] === epoch 145 done, avg loss 0.1002 ===
[MAE-FLIR] epoch 146 step 9 loss 0.1022 lr 1.91e-05
[MAE-FLIR] epoch 146 step 29 loss 0.0974 lr 1.91e-05
[MAE-FLIR] epoch 146 step 49 loss 0.0959 lr 1.90e-05
[MAE-FLIR] epoch 146 step 69 loss 0.1048 lr 1.90e-05
[MAE-FLIR] epoch 146 step 89 loss 0.1081 lr 1.89e-05
[MAE-FLIR] epoch 146 step 109 loss 0.1136 lr 1.89e-05
[MAE-FLIR] epoch 146 step 129 loss 0.0883 lr 1.88e-05
[MAE-FLIR] epoch 146 step 149 loss 0.0971 lr 1.88e-05
[MAE-FLIR] epoch 146 step 169 loss 0.0861 lr 1.87e-05
[MAE-FLIR] epoch 146 step 189 loss 0.0970 lr 1.86e-05
[MAE-FLIR] epoch 146 step 209 loss 0.1013 lr 1.86e-05
[MAE-FLIR] === epoch 146 done, avg loss 0.0996 ===
[MAE-FLIR] epoch 147 step 4 loss 0.0916 lr 1.85e-05
[MAE-FLIR] epoch 147 step 24 loss 0.1061 lr 1.85e-05
[MAE-FLIR] epoch 147 step 44 loss 0.1076 lr 1.84e-05
[MAE-FLIR] epoch 147 step 64 loss 0.0923 lr 1.84e-05
[MAE-FLIR] epoch 147 step 84 loss 0.0975 lr 1.83e-05
[MAE-FLIR] epoch 147 step 104 loss 0.0922 lr 1.82e-05
[MAE-FLIR] epoch 147 step 124 loss 0.1002 lr 1.82e-05
[MAE-FLIR] epoch 147 step 144 loss 0.1002 lr 1.81e-05
[MAE-FLIR] epoch 147 step 164 loss 0.1085 lr 1.81e-05
[MAE-FLIR] epoch 147 step 184 loss 0.1057 lr 1.80e-05
[MAE-FLIR] epoch 147 step 204 loss 0.1060 lr 1.80e-05
[MAE-FLIR] epoch 147 step 224 loss 0.0883 lr 1.79e-05
[MAE-FLIR] === epoch 147 done, avg loss 0.0998 ===
[MAE-FLIR] epoch 148 step 19 loss 0.1004 lr 1.79e-05
[MAE-FLIR] epoch 148 step 39 loss 0.0973 lr 1.78e-05
[MAE-FLIR] epoch 148 step 59 loss 0.1027 lr 1.77e-05
[MAE-FLIR] epoch 148 step 79 loss 0.1076 lr 1.77e-05
[MAE-FLIR] epoch 148 step 99 loss 0.0962 lr 1.76e-05
[MAE-FLIR] epoch 148 step 119 loss 0.1080 lr 1.76e-05
[MAE-FLIR] epoch 148 step 139 loss 0.1051 lr 1.75e-05
[MAE-FLIR] epoch 148 step 159 loss 0.1008 lr 1.75e-05
[MAE-FLIR] epoch 148 step 179 loss 0.1002 lr 1.74e-05
[MAE-FLIR] epoch 148 step 199 loss 0.1006 lr 1.74e-05
[MAE-FLIR] epoch 148 step 219 loss 0.1079 lr 1.73e-05
[MAE-FLIR] === epoch 148 done, avg loss 0.0999 ===
[MAE-FLIR] epoch 149 step 14 loss 0.0963 lr 1.72e-05
[MAE-FLIR] epoch 149 step 34 loss 0.1095 lr 1.72e-05
[MAE-FLIR] epoch 149 step 54 loss 0.0894 lr 1.71e-05
[MAE-FLIR] epoch 149 step 74 loss 0.0884 lr 1.71e-05
[MAE-FLIR] epoch 149 step 94 loss 0.1045 lr 1.70e-05
[MAE-FLIR] epoch 149 step 114 loss 0.0929 lr 1.70e-05
[MAE-FLIR] epoch 149 step 134 loss 0.1018 lr 1.69e-05
[MAE-FLIR] epoch 149 step 154 loss 0.0978 lr 1.69e-05
[MAE-FLIR] epoch 149 step 174 loss 0.0915 lr 1.68e-05
[MAE-FLIR] epoch 149 step 194 loss 0.1091 lr 1.67e-05
[MAE-FLIR] epoch 149 step 214 loss 0.1058 lr 1.67e-05
[MAE-FLIR] === epoch 149 done, avg loss 0.0993 ===
[MAE-FLIR] saved checkpoint to pretrained/mae_flir_vit_base.pth
[MAE-FLIR] epoch 150 step 9 loss 0.0983 lr 1.66e-05
[MAE-FLIR] epoch 150 step 29 loss 0.1023 lr 1.66e-05
[MAE-FLIR] epoch 150 step 49 loss 0.1077 lr 1.65e-05
[MAE-FLIR] epoch 150 step 69 loss 0.0883 lr 1.65e-05
[MAE-FLIR] epoch 150 step 89 loss 0.1061 lr 1.64e-05
[MAE-FLIR] epoch 150 step 109 loss 0.0943 lr 1.64e-05
[MAE-FLIR] epoch 150 step 129 loss 0.1006 lr 1.63e-05
[MAE-FLIR] epoch 150 step 149 loss 0.0917 lr 1.63e-05
[MAE-FLIR] epoch 150 step 169 loss 0.1052 lr 1.62e-05
[MAE-FLIR] epoch 150 step 189 loss 0.0913 lr 1.62e-05
[MAE-FLIR] epoch 150 step 209 loss 0.0917 lr 1.61e-05
[MAE-FLIR] === epoch 150 done, avg loss 0.0990 ===
[MAE-FLIR] epoch 151 step 4 loss 0.0938 lr 1.60e-05
[MAE-FLIR] epoch 151 step 24 loss 0.0985 lr 1.60e-05
[MAE-FLIR] epoch 151 step 44 loss 0.0994 lr 1.59e-05
[MAE-FLIR] epoch 151 step 64 loss 0.0945 lr 1.59e-05
[MAE-FLIR] epoch 151 step 84 loss 0.1010 lr 1.58e-05
[MAE-FLIR] epoch 151 step 104 loss 0.0993 lr 1.58e-05
[MAE-FLIR] epoch 151 step 124 loss 0.1020 lr 1.57e-05
[MAE-FLIR] epoch 151 step 144 loss 0.1086 lr 1.57e-05
[MAE-FLIR] epoch 151 step 164 loss 0.0943 lr 1.56e-05
[MAE-FLIR] epoch 151 step 184 loss 0.0985 lr 1.56e-05
[MAE-FLIR] epoch 151 step 204 loss 0.0931 lr 1.55e-05
[MAE-FLIR] epoch 151 step 224 loss 0.0922 lr 1.55e-05
[MAE-FLIR] === epoch 151 done, avg loss 0.0991 ===
[MAE-FLIR] epoch 152 step 19 loss 0.0835 lr 1.54e-05
[MAE-FLIR] epoch 152 step 39 loss 0.0989 lr 1.54e-05
[MAE-FLIR] epoch 152 step 59 loss 0.1099 lr 1.53e-05
[MAE-FLIR] epoch 152 step 79 loss 0.1027 lr 1.52e-05
[MAE-FLIR] epoch 152 step 99 loss 0.0949 lr 1.52e-05
[MAE-FLIR] epoch 152 step 119 loss 0.1066 lr 1.51e-05
[MAE-FLIR] epoch 152 step 139 loss 0.0935 lr 1.51e-05
[MAE-FLIR] epoch 152 step 159 loss 0.0941 lr 1.50e-05
[MAE-FLIR] epoch 152 step 179 loss 0.1045 lr 1.50e-05
[MAE-FLIR] epoch 152 step 199 loss 0.1005 lr 1.49e-05
[MAE-FLIR] epoch 152 step 219 loss 0.1034 lr 1.49e-05
[MAE-FLIR] === epoch 152 done, avg loss 0.0986 ===
[MAE-FLIR] epoch 153 step 14 loss 0.0852 lr 1.48e-05
[MAE-FLIR] epoch 153 step 34 loss 0.0912 lr 1.48e-05
[MAE-FLIR] epoch 153 step 54 loss 0.0968 lr 1.47e-05
[MAE-FLIR] epoch 153 step 74 loss 0.1025 lr 1.47e-05
[MAE-FLIR] epoch 153 step 94 loss 0.0996 lr 1.46e-05
[MAE-FLIR] epoch 153 step 114 loss 0.0983 lr 1.46e-05
[MAE-FLIR] epoch 153 step 134 loss 0.0879 lr 1.45e-05
[MAE-FLIR] epoch 153 step 154 loss 0.0821 lr 1.45e-05
[MAE-FLIR] epoch 153 step 174 loss 0.0973 lr 1.44e-05
[MAE-FLIR] epoch 153 step 194 loss 0.0912 lr 1.44e-05
[MAE-FLIR] epoch 153 step 214 loss 0.1018 lr 1.43e-05
[MAE-FLIR] === epoch 153 done, avg loss 0.0989 ===
[MAE-FLIR] epoch 154 step 9 loss 0.0972 lr 1.43e-05
[MAE-FLIR] epoch 154 step 29 loss 0.0935 lr 1.42e-05
[MAE-FLIR] epoch 154 step 49 loss 0.1042 lr 1.42e-05
[MAE-FLIR] epoch 154 step 69 loss 0.0872 lr 1.41e-05
[MAE-FLIR] epoch 154 step 89 loss 0.0939 lr 1.41e-05
[MAE-FLIR] epoch 154 step 109 loss 0.0961 lr 1.40e-05
[MAE-FLIR] epoch 154 step 129 loss 0.1003 lr 1.40e-05
[MAE-FLIR] epoch 154 step 149 loss 0.0959 lr 1.39e-05
[MAE-FLIR] epoch 154 step 169 loss 0.0899 lr 1.38e-05
[MAE-FLIR] epoch 154 step 189 loss 0.0993 lr 1.38e-05
[MAE-FLIR] epoch 154 step 209 loss 0.1036 lr 1.37e-05
[MAE-FLIR] === epoch 154 done, avg loss 0.0990 ===
[MAE-FLIR] epoch 155 step 4 loss 0.0925 lr 1.37e-05
[MAE-FLIR] epoch 155 step 24 loss 0.0905 lr 1.36e-05
[MAE-FLIR] epoch 155 step 44 loss 0.0986 lr 1.36e-05
[MAE-FLIR] epoch 155 step 64 loss 0.1008 lr 1.35e-05
[MAE-FLIR] epoch 155 step 84 loss 0.1026 lr 1.35e-05
[MAE-FLIR] epoch 155 step 104 loss 0.0950 lr 1.34e-05
[MAE-FLIR] epoch 155 step 124 loss 0.0987 lr 1.34e-05
[MAE-FLIR] epoch 155 step 144 loss 0.0975 lr 1.33e-05
[MAE-FLIR] epoch 155 step 164 loss 0.0956 lr 1.33e-05
[MAE-FLIR] epoch 155 step 184 loss 0.1012 lr 1.32e-05
[MAE-FLIR] epoch 155 step 204 loss 0.0946 lr 1.32e-05
[MAE-FLIR] epoch 155 step 224 loss 0.1029 lr 1.31e-05
[MAE-FLIR] === epoch 155 done, avg loss 0.0989 ===
[MAE-FLIR] epoch 156 step 19 loss 0.0897 lr 1.31e-05
[MAE-FLIR] epoch 156 step 39 loss 0.0915 lr 1.30e-05
[MAE-FLIR] epoch 156 step 59 loss 0.0969 lr 1.30e-05
[MAE-FLIR] epoch 156 step 79 loss 0.0930 lr 1.29e-05
[MAE-FLIR] epoch 156 step 99 loss 0.1034 lr 1.29e-05
[MAE-FLIR] epoch 156 step 119 loss 0.1042 lr 1.28e-05
[MAE-FLIR] epoch 156 step 139 loss 0.0947 lr 1.28e-05
[MAE-FLIR] epoch 156 step 159 loss 0.0975 lr 1.27e-05
[MAE-FLIR] epoch 156 step 179 loss 0.1007 lr 1.27e-05
[MAE-FLIR] epoch 156 step 199 loss 0.1029 lr 1.27e-05
[MAE-FLIR] epoch 156 step 219 loss 0.1000 lr 1.26e-05
[MAE-FLIR] === epoch 156 done, avg loss 0.0989 ===
[MAE-FLIR] epoch 157 step 14 loss 0.0940 lr 1.26e-05
[MAE-FLIR] epoch 157 step 34 loss 0.0897 lr 1.25e-05
[MAE-FLIR] epoch 157 step 54 loss 0.1010 lr 1.25e-05
[MAE-FLIR] epoch 157 step 74 loss 0.0898 lr 1.24e-05
[MAE-FLIR] epoch 157 step 94 loss 0.0917 lr 1.24e-05
[MAE-FLIR] epoch 157 step 114 loss 0.0917 lr 1.23e-05
[MAE-FLIR] epoch 157 step 134 loss 0.1038 lr 1.23e-05
[MAE-FLIR] epoch 157 step 154 loss 0.1064 lr 1.22e-05
[MAE-FLIR] epoch 157 step 174 loss 0.0980 lr 1.22e-05
[MAE-FLIR] epoch 157 step 194 loss 0.1155 lr 1.21e-05
[MAE-FLIR] epoch 157 step 214 loss 0.0994 lr 1.21e-05
[MAE-FLIR] === epoch 157 done, avg loss 0.0988 ===
[MAE-FLIR] epoch 158 step 9 loss 0.1033 lr 1.20e-05
[MAE-FLIR] epoch 158 step 29 loss 0.1074 lr 1.20e-05
[MAE-FLIR] epoch 158 step 49 loss 0.0983 lr 1.19e-05
[MAE-FLIR] epoch 158 step 69 loss 0.0950 lr 1.19e-05
[MAE-FLIR] epoch 158 step 89 loss 0.0821 lr 1.18e-05
[MAE-FLIR] epoch 158 step 109 loss 0.1071 lr 1.18e-05
[MAE-FLIR] epoch 158 step 129 loss 0.1028 lr 1.17e-05
[MAE-FLIR] epoch 158 step 149 loss 0.1019 lr 1.17e-05
[MAE-FLIR] epoch 158 step 169 loss 0.1026 lr 1.16e-05
[MAE-FLIR] epoch 158 step 189 loss 0.0971 lr 1.16e-05
[MAE-FLIR] epoch 158 step 209 loss 0.1065 lr 1.15e-05
[MAE-FLIR] === epoch 158 done, avg loss 0.0988 ===
[MAE-FLIR] epoch 159 step 4 loss 0.1012 lr 1.15e-05
[MAE-FLIR] epoch 159 step 24 loss 0.0995 lr 1.15e-05
[MAE-FLIR] epoch 159 step 44 loss 0.1169 lr 1.14e-05
[MAE-FLIR] epoch 159 step 64 loss 0.0939 lr 1.14e-05
[MAE-FLIR] epoch 159 step 84 loss 0.0999 lr 1.13e-05
[MAE-FLIR] epoch 159 step 104 loss 0.0928 lr 1.13e-05
[MAE-FLIR] epoch 159 step 124 loss 0.1097 lr 1.12e-05
[MAE-FLIR] epoch 159 step 144 loss 0.0937 lr 1.12e-05
[MAE-FLIR] epoch 159 step 164 loss 0.1131 lr 1.11e-05
[MAE-FLIR] epoch 159 step 184 loss 0.0992 lr 1.11e-05
[MAE-FLIR] epoch 159 step 204 loss 0.1059 lr 1.10e-05
[MAE-FLIR] epoch 159 step 224 loss 0.0950 lr 1.10e-05
[MAE-FLIR] === epoch 159 done, avg loss 0.0987 ===
[MAE-FLIR] epoch 160 step 19 loss 0.0962 lr 1.09e-05
[MAE-FLIR] epoch 160 step 39 loss 0.0983 lr 1.09e-05
[MAE-FLIR] epoch 160 step 59 loss 0.0997 lr 1.08e-05
[MAE-FLIR] epoch 160 step 79 loss 0.0914 lr 1.08e-05
[MAE-FLIR] epoch 160 step 99 loss 0.1012 lr 1.08e-05
[MAE-FLIR] epoch 160 step 119 loss 0.0968 lr 1.07e-05
[MAE-FLIR] epoch 160 step 139 loss 0.0947 lr 1.07e-05
[MAE-FLIR] epoch 160 step 159 loss 0.0943 lr 1.06e-05
[MAE-FLIR] epoch 160 step 179 loss 0.1070 lr 1.06e-05
[MAE-FLIR] epoch 160 step 199 loss 0.0984 lr 1.05e-05
[MAE-FLIR] epoch 160 step 219 loss 0.0914 lr 1.05e-05
[MAE-FLIR] === epoch 160 done, avg loss 0.0983 ===
[MAE-FLIR] epoch 161 step 14 loss 0.0965 lr 1.04e-05
[MAE-FLIR] epoch 161 step 34 loss 0.1035 lr 1.04e-05
[MAE-FLIR] epoch 161 step 54 loss 0.1017 lr 1.03e-05
[MAE-FLIR] epoch 161 step 74 loss 0.0999 lr 1.03e-05
[MAE-FLIR] epoch 161 step 94 loss 0.0943 lr 1.03e-05
[MAE-FLIR] epoch 161 step 114 loss 0.1012 lr 1.02e-05
[MAE-FLIR] epoch 161 step 134 loss 0.1037 lr 1.02e-05
[MAE-FLIR] epoch 161 step 154 loss 0.0958 lr 1.01e-05
[MAE-FLIR] epoch 161 step 174 loss 0.0965 lr 1.01e-05
[MAE-FLIR] epoch 161 step 194 loss 0.0999 lr 1.00e-05
[MAE-FLIR] epoch 161 step 214 loss 0.1040 lr 9.99e-06
[MAE-FLIR] === epoch 161 done, avg loss 0.0985 ===
[MAE-FLIR] epoch 162 step 9 loss 0.1041 lr 9.94e-06
[MAE-FLIR] epoch 162 step 29 loss 0.0910 lr 9.90e-06
[MAE-FLIR] epoch 162 step 49 loss 0.0997 lr 9.85e-06
[MAE-FLIR] epoch 162 step 69 loss 0.0933 lr 9.81e-06
[MAE-FLIR] epoch 162 step 89 loss 0.0947 lr 9.76e-06
[MAE-FLIR] epoch 162 step 109 loss 0.0960 lr 9.72e-06
[MAE-FLIR] epoch 162 step 129 loss 0.1036 lr 9.68e-06
[MAE-FLIR] epoch 162 step 149 loss 0.1123 lr 9.63e-06
[MAE-FLIR] epoch 162 step 169 loss 0.0907 lr 9.59e-06
[MAE-FLIR] epoch 162 step 189 loss 0.1031 lr 9.54e-06
[MAE-FLIR] epoch 162 step 209 loss 0.0957 lr 9.50e-06
[MAE-FLIR] === epoch 162 done, avg loss 0.0985 ===
[MAE-FLIR] epoch 163 step 4 loss 0.0918 lr 9.46e-06
[MAE-FLIR] epoch 163 step 24 loss 0.1007 lr 9.41e-06
[MAE-FLIR] epoch 163 step 44 loss 0.1005 lr 9.37e-06
[MAE-FLIR] epoch 163 step 64 loss 0.0915 lr 9.33e-06
[MAE-FLIR] epoch 163 step 84 loss 0.0960 lr 9.28e-06
[MAE-FLIR] epoch 163 step 104 loss 0.0916 lr 9.24e-06
[MAE-FLIR] epoch 163 step 124 loss 0.0990 lr 9.20e-06
[MAE-FLIR] epoch 163 step 144 loss 0.0930 lr 9.16e-06
[MAE-FLIR] epoch 163 step 164 loss 0.0951 lr 9.11e-06
[MAE-FLIR] epoch 163 step 184 loss 0.1190 lr 9.07e-06
[MAE-FLIR] epoch 163 step 204 loss 0.0863 lr 9.03e-06
[MAE-FLIR] epoch 163 step 224 loss 0.0909 lr 8.98e-06
[MAE-FLIR] === epoch 163 done, avg loss 0.0984 ===
[MAE-FLIR] epoch 164 step 19 loss 0.1010 lr 8.94e-06
[MAE-FLIR] epoch 164 step 39 loss 0.1036 lr 8.90e-06
[MAE-FLIR] epoch 164 step 59 loss 0.1037 lr 8.86e-06
[MAE-FLIR] epoch 164 step 79 loss 0.0941 lr 8.82e-06
[MAE-FLIR] epoch 164 step 99 loss 0.1007 lr 8.77e-06
[MAE-FLIR] epoch 164 step 119 loss 0.1030 lr 8.73e-06
[MAE-FLIR] epoch 164 step 139 loss 0.1128 lr 8.69e-06
[MAE-FLIR] epoch 164 step 159 loss 0.0879 lr 8.65e-06
[MAE-FLIR] epoch 164 step 179 loss 0.1140 lr 8.61e-06
[MAE-FLIR] epoch 164 step 199 loss 0.0912 lr 8.56e-06
[MAE-FLIR] epoch 164 step 219 loss 0.1057 lr 8.52e-06
[MAE-FLIR] === epoch 164 done, avg loss 0.0983 ===
[MAE-FLIR] epoch 165 step 14 loss 0.0937 lr 8.48e-06
[MAE-FLIR] epoch 165 step 34 loss 0.1015 lr 8.44e-06
[MAE-FLIR] epoch 165 step 54 loss 0.0910 lr 8.40e-06
[MAE-FLIR] epoch 165 step 74 loss 0.0873 lr 8.36e-06
[MAE-FLIR] epoch 165 step 94 loss 0.0934 lr 8.32e-06
[MAE-FLIR] epoch 165 step 114 loss 0.0947 lr 8.27e-06
[MAE-FLIR] epoch 165 step 134 loss 0.1009 lr 8.23e-06
[MAE-FLIR] epoch 165 step 154 loss 0.0949 lr 8.19e-06
[MAE-FLIR] epoch 165 step 174 loss 0.0977 lr 8.15e-06
[MAE-FLIR] epoch 165 step 194 loss 0.0917 lr 8.11e-06
[MAE-FLIR] epoch 165 step 214 loss 0.0964 lr 8.07e-06
[MAE-FLIR] === epoch 165 done, avg loss 0.0980 ===
[MAE-FLIR] epoch 166 step 9 loss 0.1000 lr 8.03e-06
[MAE-FLIR] epoch 166 step 29 loss 0.0981 lr 7.99e-06
[MAE-FLIR] epoch 166 step 49 loss 0.0958 lr 7.95e-06
[MAE-FLIR] epoch 166 step 69 loss 0.0861 lr 7.91e-06
[MAE-FLIR] epoch 166 step 89 loss 0.0987 lr 7.87e-06
[MAE-FLIR] epoch 166 step 109 loss 0.1068 lr 7.83e-06
[MAE-FLIR] epoch 166 step 129 loss 0.0934 lr 7.79e-06
[MAE-FLIR] epoch 166 step 149 loss 0.1104 lr 7.75e-06
[MAE-FLIR] epoch 166 step 169 loss 0.1048 lr 7.71e-06
[MAE-FLIR] epoch 166 step 189 loss 0.0966 lr 7.67e-06
[MAE-FLIR] epoch 166 step 209 loss 0.0931 lr 7.63e-06
[MAE-FLIR] === epoch 166 done, avg loss 0.0980 ===
[MAE-FLIR] epoch 167 step 4 loss 0.0862 lr 7.59e-06
[MAE-FLIR] epoch 167 step 24 loss 0.1102 lr 7.55e-06
[MAE-FLIR] epoch 167 step 44 loss 0.0863 lr 7.51e-06
[MAE-FLIR] epoch 167 step 64 loss 0.0964 lr 7.47e-06
[MAE-FLIR] epoch 167 step 84 loss 0.1058 lr 7.43e-06
[MAE-FLIR] epoch 167 step 104 loss 0.0988 lr 7.39e-06
[MAE-FLIR] epoch 167 step 124 loss 0.1020 lr 7.36e-06
[MAE-FLIR] epoch 167 step 144 loss 0.0940 lr 7.32e-06
[MAE-FLIR] epoch 167 step 164 loss 0.0856 lr 7.28e-06
[MAE-FLIR] epoch 167 step 184 loss 0.0963 lr 7.24e-06
[MAE-FLIR] epoch 167 step 204 loss 0.1082 lr 7.20e-06
[MAE-FLIR] epoch 167 step 224 loss 0.0973 lr 7.16e-06
[MAE-FLIR] === epoch 167 done, avg loss 0.0983 ===
[MAE-FLIR] epoch 168 step 19 loss 0.1064 lr 7.12e-06
[MAE-FLIR] epoch 168 step 39 loss 0.0940 lr 7.09e-06
[MAE-FLIR] epoch 168 step 59 loss 0.1044 lr 7.05e-06
[MAE-FLIR] epoch 168 step 79 loss 0.0860 lr 7.01e-06
[MAE-FLIR] epoch 168 step 99 loss 0.1084 lr 6.97e-06
[MAE-FLIR] epoch 168 step 119 loss 0.0942 lr 6.93e-06
[MAE-FLIR] epoch 168 step 139 loss 0.0970 lr 6.89e-06
[MAE-FLIR] epoch 168 step 159 loss 0.0960 lr 6.86e-06
[MAE-FLIR] epoch 168 step 179 loss 0.0967 lr 6.82e-06
[MAE-FLIR] epoch 168 step 199 loss 0.0975 lr 6.78e-06
[MAE-FLIR] epoch 168 step 219 loss 0.0920 lr 6.74e-06
[MAE-FLIR] === epoch 168 done, avg loss 0.0982 ===
[MAE-FLIR] epoch 169 step 14 loss 0.1075 lr 6.71e-06
[MAE-FLIR] epoch 169 step 34 loss 0.1022 lr 6.67e-06
[MAE-FLIR] epoch 169 step 54 loss 0.0988 lr 6.63e-06
[MAE-FLIR] epoch 169 step 74 loss 0.1080 lr 6.60e-06
[MAE-FLIR] epoch 169 step 94 loss 0.0923 lr 6.56e-06
[MAE-FLIR] epoch 169 step 114 loss 0.0988 lr 6.52e-06
[MAE-FLIR] epoch 169 step 134 loss 0.0871 lr 6.48e-06
[MAE-FLIR] epoch 169 step 154 loss 0.0808 lr 6.45e-06
[MAE-FLIR] epoch 169 step 174 loss 0.1029 lr 6.41e-06
[MAE-FLIR] epoch 169 step 194 loss 0.1008 lr 6.37e-06
[MAE-FLIR] epoch 169 step 214 loss 0.0986 lr 6.34e-06
[MAE-FLIR] === epoch 169 done, avg loss 0.0978 ===
[MAE-FLIR] epoch 170 step 9 loss 0.1050 lr 6.30e-06
[MAE-FLIR] epoch 170 step 29 loss 0.1015 lr 6.27e-06
[MAE-FLIR] epoch 170 step 49 loss 0.0893 lr 6.23e-06
[MAE-FLIR] epoch 170 step 69 loss 0.0953 lr 6.19e-06
[MAE-FLIR] epoch 170 step 89 loss 0.1014 lr 6.16e-06
[MAE-FLIR] epoch 170 step 109 loss 0.0956 lr 6.12e-06
[MAE-FLIR] epoch 170 step 129 loss 0.0941 lr 6.09e-06
[MAE-FLIR] epoch 170 step 149 loss 0.0913 lr 6.05e-06
[MAE-FLIR] epoch 170 step 169 loss 0.0949 lr 6.01e-06
[MAE-FLIR] epoch 170 step 189 loss 0.0874 lr 5.98e-06
[MAE-FLIR] epoch 170 step 209 loss 0.1105 lr 5.94e-06
[MAE-FLIR] === epoch 170 done, avg loss 0.0976 ===
[MAE-FLIR] epoch 171 step 4 loss 0.0918 lr 5.91e-06
[MAE-FLIR] epoch 171 step 24 loss 0.0964 lr 5.87e-06
[MAE-FLIR] epoch 171 step 44 loss 0.1077 lr 5.84e-06
[MAE-FLIR] epoch 171 step 64 loss 0.0904 lr 5.80e-06
[MAE-FLIR] epoch 171 step 84 loss 0.0935 lr 5.77e-06
[MAE-FLIR] epoch 171 step 104 loss 0.0951 lr 5.73e-06
[MAE-FLIR] epoch 171 step 124 loss 0.1049 lr 5.70e-06
[MAE-FLIR] epoch 171 step 144 loss 0.0990 lr 5.66e-06
[MAE-FLIR] epoch 171 step 164 loss 0.0946 lr 5.63e-06
[MAE-FLIR] epoch 171 step 184 loss 0.1024 lr 5.59e-06
[MAE-FLIR] epoch 171 step 204 loss 0.0924 lr 5.56e-06
[MAE-FLIR] epoch 171 step 224 loss 0.0909 lr 5.53e-06
[MAE-FLIR] === epoch 171 done, avg loss 0.0979 ===
[MAE-FLIR] epoch 172 step 19 loss 0.0840 lr 5.49e-06
[MAE-FLIR] epoch 172 step 39 loss 0.0871 lr 5.46e-06
[MAE-FLIR] epoch 172 step 59 loss 0.1019 lr 5.42e-06
[MAE-FLIR] epoch 172 step 79 loss 0.0964 lr 5.39e-06
[MAE-FLIR] epoch 172 step 99 loss 0.0978 lr 5.36e-06
[MAE-FLIR] epoch 172 step 119 loss 0.1022 lr 5.32e-06
[MAE-FLIR] epoch 172 step 139 loss 0.1000 lr 5.29e-06
[MAE-FLIR] epoch 172 step 159 loss 0.0968 lr 5.26e-06
[MAE-FLIR] epoch 172 step 179 loss 0.1022 lr 5.22e-06
[MAE-FLIR] epoch 172 step 199 loss 0.1031 lr 5.19e-06
[MAE-FLIR] epoch 172 step 219 loss 0.1044 lr 5.16e-06
[MAE-FLIR] === epoch 172 done, avg loss 0.0977 ===
[MAE-FLIR] epoch 173 step 14 loss 0.0912 lr 5.12e-06
[MAE-FLIR] epoch 173 step 34 loss 0.0935 lr 5.09e-06
[MAE-FLIR] epoch 173 step 54 loss 0.0979 lr 5.06e-06
[MAE-FLIR] epoch 173 step 74 loss 0.1096 lr 5.02e-06
[MAE-FLIR] epoch 173 step 94 loss 0.0962 lr 4.99e-06
[MAE-FLIR] epoch 173 step 114 loss 0.0958 lr 4.96e-06
[MAE-FLIR] epoch 173 step 134 loss 0.1045 lr 4.93e-06
[MAE-FLIR] epoch 173 step 154 loss 0.0995 lr 4.89e-06
[MAE-FLIR] epoch 173 step 174 loss 0.0872 lr 4.86e-06
[MAE-FLIR] epoch 173 step 194 loss 0.0942 lr 4.83e-06
[MAE-FLIR] epoch 173 step 214 loss 0.0973 lr 4.80e-06
[MAE-FLIR] === epoch 173 done, avg loss 0.0978 ===
[MAE-FLIR] epoch 174 step 9 loss 0.0842 lr 4.77e-06
[MAE-FLIR] epoch 174 step 29 loss 0.0958 lr 4.73e-06
[MAE-FLIR] epoch 174 step 49 loss 0.1008 lr 4.70e-06
[MAE-FLIR] epoch 174 step 69 loss 0.1001 lr 4.67e-06
[MAE-FLIR] epoch 174 step 89 loss 0.0974 lr 4.64e-06
[MAE-FLIR] epoch 174 step 109 loss 0.0961 lr 4.61e-06
[MAE-FLIR] epoch 174 step 129 loss 0.0955 lr 4.58e-06
[MAE-FLIR] epoch 174 step 149 loss 0.1043 lr 4.54e-06
[MAE-FLIR] epoch 174 step 169 loss 0.1143 lr 4.51e-06
[MAE-FLIR] epoch 174 step 189 loss 0.1004 lr 4.48e-06
[MAE-FLIR] epoch 174 step 209 loss 0.0815 lr 4.45e-06
[MAE-FLIR] === epoch 174 done, avg loss 0.0977 ===
[MAE-FLIR] epoch 175 step 4 loss 0.0957 lr 4.42e-06
[MAE-FLIR] epoch 175 step 24 loss 0.0999 lr 4.39e-06
[MAE-FLIR] epoch 175 step 44 loss 0.0883 lr 4.36e-06
[MAE-FLIR] epoch 175 step 64 loss 0.1045 lr 4.33e-06
[MAE-FLIR] epoch 175 step 84 loss 0.0907 lr 4.30e-06
[MAE-FLIR] epoch 175 step 104 loss 0.0987 lr 4.27e-06
[MAE-FLIR] epoch 175 step 124 loss 0.1093 lr 4.24e-06
[MAE-FLIR] epoch 175 step 144 loss 0.0986 lr 4.21e-06
[MAE-FLIR] epoch 175 step 164 loss 0.1045 lr 4.18e-06
[MAE-FLIR] epoch 175 step 184 loss 0.0979 lr 4.15e-06
[MAE-FLIR] epoch 175 step 204 loss 0.0919 lr 4.12e-06
[MAE-FLIR] epoch 175 step 224 loss 0.0958 lr 4.09e-06
[MAE-FLIR] === epoch 175 done, avg loss 0.0975 ===
[MAE-FLIR] epoch 176 step 19 loss 0.1127 lr 4.06e-06
[MAE-FLIR] epoch 176 step 39 loss 0.0930 lr 4.03e-06
[MAE-FLIR] epoch 176 step 59 loss 0.0928 lr 4.00e-06
[MAE-FLIR] epoch 176 step 79 loss 0.1054 lr 3.97e-06
[MAE-FLIR] epoch 176 step 99 loss 0.0992 lr 3.94e-06
[MAE-FLIR] epoch 176 step 119 loss 0.0948 lr 3.91e-06
[MAE-FLIR] epoch 176 step 139 loss 0.0898 lr 3.88e-06
[MAE-FLIR] epoch 176 step 159 loss 0.1065 lr 3.85e-06
[MAE-FLIR] epoch 176 step 179 loss 0.0903 lr 3.82e-06
[MAE-FLIR] epoch 176 step 199 loss 0.0923 lr 3.80e-06
[MAE-FLIR] epoch 176 step 219 loss 0.0940 lr 3.77e-06
[MAE-FLIR] === epoch 176 done, avg loss 0.0974 ===
[MAE-FLIR] epoch 177 step 14 loss 0.0976 lr 3.74e-06
[MAE-FLIR] epoch 177 step 34 loss 0.0952 lr 3.71e-06
[MAE-FLIR] epoch 177 step 54 loss 0.0951 lr 3.68e-06
[MAE-FLIR] epoch 177 step 74 loss 0.0961 lr 3.65e-06
[MAE-FLIR] epoch 177 step 94 loss 0.0977 lr 3.62e-06
[MAE-FLIR] epoch 177 step 114 loss 0.0911 lr 3.60e-06
[MAE-FLIR] epoch 177 step 134 loss 0.0849 lr 3.57e-06
[MAE-FLIR] epoch 177 step 154 loss 0.0961 lr 3.54e-06
[MAE-FLIR] epoch 177 step 174 loss 0.1046 lr 3.51e-06
[MAE-FLIR] epoch 177 step 194 loss 0.0964 lr 3.49e-06
[MAE-FLIR] epoch 177 step 214 loss 0.0969 lr 3.46e-06
[MAE-FLIR] === epoch 177 done, avg loss 0.0977 ===
[MAE-FLIR] epoch 178 step 9 loss 0.1068 lr 3.43e-06
[MAE-FLIR] epoch 178 step 29 loss 0.0973 lr 3.40e-06
[MAE-FLIR] epoch 178 step 49 loss 0.1020 lr 3.38e-06
[MAE-FLIR] epoch 178 step 69 loss 0.0902 lr 3.35e-06
[MAE-FLIR] epoch 178 step 89 loss 0.0917 lr 3.32e-06
[MAE-FLIR] epoch 178 step 109 loss 0.0950 lr 3.30e-06
[MAE-FLIR] epoch 178 step 129 loss 0.0983 lr 3.27e-06
[MAE-FLIR] epoch 178 step 149 loss 0.0990 lr 3.24e-06
[MAE-FLIR] epoch 178 step 169 loss 0.1085 lr 3.22e-06
[MAE-FLIR] epoch 178 step 189 loss 0.0882 lr 3.19e-06
[MAE-FLIR] epoch 178 step 209 loss 0.0901 lr 3.16e-06
[MAE-FLIR] === epoch 178 done, avg loss 0.0972 ===
[MAE-FLIR] epoch 179 step 4 loss 0.0890 lr 3.14e-06
[MAE-FLIR] epoch 179 step 24 loss 0.0902 lr 3.11e-06
[MAE-FLIR] epoch 179 step 44 loss 0.1017 lr 3.08e-06
[MAE-FLIR] epoch 179 step 64 loss 0.1002 lr 3.06e-06
[MAE-FLIR] epoch 179 step 84 loss 0.1021 lr 3.03e-06
[MAE-FLIR] epoch 179 step 104 loss 0.0985 lr 3.01e-06
[MAE-FLIR] epoch 179 step 124 loss 0.0973 lr 2.98e-06
[MAE-FLIR] epoch 179 step 144 loss 0.0876 lr 2.96e-06
[MAE-FLIR] epoch 179 step 164 loss 0.1034 lr 2.93e-06
[MAE-FLIR] epoch 179 step 184 loss 0.0960 lr 2.90e-06
[MAE-FLIR] epoch 179 step 204 loss 0.0916 lr 2.88e-06
[MAE-FLIR] epoch 179 step 224 loss 0.1031 lr 2.85e-06
[MAE-FLIR] === epoch 179 done, avg loss 0.0975 ===
[MAE-FLIR] epoch 180 step 19 loss 0.0890 lr 2.83e-06
[MAE-FLIR] epoch 180 step 39 loss 0.0911 lr 2.80e-06
[MAE-FLIR] epoch 180 step 59 loss 0.0950 lr 2.78e-06
[MAE-FLIR] epoch 180 step 79 loss 0.1058 lr 2.76e-06
[MAE-FLIR] epoch 180 step 99 loss 0.0870 lr 2.73e-06
[MAE-FLIR] epoch 180 step 119 loss 0.0940 lr 2.71e-06
[MAE-FLIR] epoch 180 step 139 loss 0.0970 lr 2.68e-06
[MAE-FLIR] epoch 180 step 159 loss 0.0952 lr 2.66e-06
[MAE-FLIR] epoch 180 step 179 loss 0.0988 lr 2.63e-06
[MAE-FLIR] epoch 180 step 199 loss 0.0991 lr 2.61e-06
[MAE-FLIR] epoch 180 step 219 loss 0.0986 lr 2.59e-06
[MAE-FLIR] === epoch 180 done, avg loss 0.0977 ===
[MAE-FLIR] epoch 181 step 14 loss 0.1085 lr 2.56e-06
[MAE-FLIR] epoch 181 step 34 loss 0.0995 lr 2.54e-06
[MAE-FLIR] epoch 181 step 54 loss 0.0999 lr 2.51e-06
[MAE-FLIR] epoch 181 step 74 loss 0.0964 lr 2.49e-06
[MAE-FLIR] epoch 181 step 94 loss 0.0890 lr 2.47e-06
[MAE-FLIR] epoch 181 step 114 loss 0.1014 lr 2.44e-06
[MAE-FLIR] epoch 181 step 134 loss 0.1006 lr 2.42e-06
[MAE-FLIR] epoch 181 step 154 loss 0.0889 lr 2.40e-06
[MAE-FLIR] epoch 181 step 174 loss 0.0970 lr 2.37e-06
[MAE-FLIR] epoch 181 step 194 loss 0.0958 lr 2.35e-06
[MAE-FLIR] epoch 181 step 214 loss 0.0978 lr 2.33e-06
[MAE-FLIR] === epoch 181 done, avg loss 0.0975 ===
[MAE-FLIR] epoch 182 step 9 loss 0.0855 lr 2.31e-06
[MAE-FLIR] epoch 182 step 29 loss 0.1023 lr 2.28e-06
[MAE-FLIR] epoch 182 step 49 loss 0.0977 lr 2.26e-06
[MAE-FLIR] epoch 182 step 69 loss 0.1031 lr 2.24e-06
[MAE-FLIR] epoch 182 step 89 loss 0.0902 lr 2.22e-06
[MAE-FLIR] epoch 182 step 109 loss 0.0989 lr 2.19e-06
[MAE-FLIR] epoch 182 step 129 loss 0.1051 lr 2.17e-06
[MAE-FLIR] epoch 182 step 149 loss 0.1067 lr 2.15e-06
[MAE-FLIR] epoch 182 step 169 loss 0.1012 lr 2.13e-06
[MAE-FLIR] epoch 182 step 189 loss 0.1036 lr 2.11e-06
[MAE-FLIR] epoch 182 step 209 loss 0.1013 lr 2.09e-06
[MAE-FLIR] === epoch 182 done, avg loss 0.0975 ===
[MAE-FLIR] epoch 183 step 4 loss 0.1036 lr 2.06e-06
[MAE-FLIR] epoch 183 step 24 loss 0.0879 lr 2.04e-06
[MAE-FLIR] epoch 183 step 44 loss 0.0949 lr 2.02e-06
[MAE-FLIR] epoch 183 step 64 loss 0.0884 lr 2.00e-06
[MAE-FLIR] epoch 183 step 84 loss 0.0986 lr 1.98e-06
[MAE-FLIR] epoch 183 step 104 loss 0.0948 lr 1.96e-06
[MAE-FLIR] epoch 183 step 124 loss 0.1050 lr 1.94e-06
[MAE-FLIR] epoch 183 step 144 loss 0.0906 lr 1.92e-06
[MAE-FLIR] epoch 183 step 164 loss 0.0933 lr 1.90e-06
[MAE-FLIR] epoch 183 step 184 loss 0.1055 lr 1.88e-06
[MAE-FLIR] epoch 183 step 204 loss 0.0921 lr 1.86e-06
[MAE-FLIR] epoch 183 step 224 loss 0.1014 lr 1.84e-06
[MAE-FLIR] === epoch 183 done, avg loss 0.0970 ===
[MAE-FLIR] epoch 184 step 19 loss 0.0984 lr 1.82e-06
[MAE-FLIR] epoch 184 step 39 loss 0.1004 lr 1.80e-06
[MAE-FLIR] epoch 184 step 59 loss 0.1064 lr 1.78e-06
[MAE-FLIR] epoch 184 step 79 loss 0.0914 lr 1.76e-06
[MAE-FLIR] epoch 184 step 99 loss 0.0920 lr 1.74e-06
[MAE-FLIR] epoch 184 step 119 loss 0.0914 lr 1.72e-06
[MAE-FLIR] epoch 184 step 139 loss 0.0982 lr 1.70e-06
[MAE-FLIR] epoch 184 step 159 loss 0.1007 lr 1.68e-06
[MAE-FLIR] epoch 184 step 179 loss 0.0926 lr 1.66e-06
[MAE-FLIR] epoch 184 step 199 loss 0.1090 lr 1.64e-06
[MAE-FLIR] epoch 184 step 219 loss 0.0971 lr 1.62e-06
[MAE-FLIR] === epoch 184 done, avg loss 0.0976 ===
[MAE-FLIR] epoch 185 step 14 loss 0.0885 lr 1.60e-06
[MAE-FLIR] epoch 185 step 34 loss 0.1056 lr 1.58e-06
[MAE-FLIR] epoch 185 step 54 loss 0.1047 lr 1.56e-06
[MAE-FLIR] epoch 185 step 74 loss 0.0893 lr 1.54e-06
[MAE-FLIR] epoch 185 step 94 loss 0.1069 lr 1.53e-06
[MAE-FLIR] epoch 185 step 114 loss 0.0936 lr 1.51e-06
[MAE-FLIR] epoch 185 step 134 loss 0.1043 lr 1.49e-06
[MAE-FLIR] epoch 185 step 154 loss 0.1047 lr 1.47e-06
[MAE-FLIR] epoch 185 step 174 loss 0.1014 lr 1.45e-06
[MAE-FLIR] epoch 185 step 194 loss 0.0931 lr 1.43e-06
[MAE-FLIR] epoch 185 step 214 loss 0.0987 lr 1.42e-06
[MAE-FLIR] === epoch 185 done, avg loss 0.0973 ===
[MAE-FLIR] epoch 186 step 9 loss 0.1103 lr 1.40e-06
[MAE-FLIR] epoch 186 step 29 loss 0.0914 lr 1.38e-06
[MAE-FLIR] epoch 186 step 49 loss 0.1005 lr 1.36e-06
[MAE-FLIR] epoch 186 step 69 loss 0.0999 lr 1.35e-06
[MAE-FLIR] epoch 186 step 89 loss 0.1032 lr 1.33e-06
[MAE-FLIR] epoch 186 step 109 loss 0.0956 lr 1.31e-06
[MAE-FLIR] epoch 186 step 129 loss 0.0975 lr 1.29e-06
[MAE-FLIR] epoch 186 step 149 loss 0.0990 lr 1.28e-06
[MAE-FLIR] epoch 186 step 169 loss 0.0916 lr 1.26e-06
[MAE-FLIR] epoch 186 step 189 loss 0.0904 lr 1.24e-06
[MAE-FLIR] epoch 186 step 209 loss 0.1064 lr 1.23e-06
[MAE-FLIR] === epoch 186 done, avg loss 0.0975 ===
[MAE-FLIR] epoch 187 step 4 loss 0.0914 lr 1.21e-06
[MAE-FLIR] epoch 187 step 24 loss 0.0996 lr 1.19e-06
[MAE-FLIR] epoch 187 step 44 loss 0.0940 lr 1.18e-06
[MAE-FLIR] epoch 187 step 64 loss 0.1083 lr 1.16e-06
[MAE-FLIR] epoch 187 step 84 loss 0.0935 lr 1.15e-06
[MAE-FLIR] epoch 187 step 104 loss 0.0994 lr 1.13e-06
[MAE-FLIR] epoch 187 step 124 loss 0.0943 lr 1.11e-06
[MAE-FLIR] epoch 187 step 144 loss 0.1006 lr 1.10e-06
[MAE-FLIR] epoch 187 step 164 loss 0.1049 lr 1.08e-06
[MAE-FLIR] epoch 187 step 184 loss 0.1084 lr 1.07e-06
[MAE-FLIR] epoch 187 step 204 loss 0.0968 lr 1.05e-06
[MAE-FLIR] epoch 187 step 224 loss 0.0955 lr 1.04e-06
[MAE-FLIR] === epoch 187 done, avg loss 0.0972 ===
[MAE-FLIR] epoch 188 step 19 loss 0.0955 lr 1.02e-06
[MAE-FLIR] epoch 188 step 39 loss 0.1021 lr 1.01e-06
[MAE-FLIR] epoch 188 step 59 loss 0.0876 lr 9.91e-07
[MAE-FLIR] epoch 188 step 79 loss 0.0871 lr 9.76e-07
[MAE-FLIR] epoch 188 step 99 loss 0.1031 lr 9.61e-07
[MAE-FLIR] epoch 188 step 119 loss 0.0925 lr 9.46e-07
[MAE-FLIR] epoch 188 step 139 loss 0.1024 lr 9.32e-07
[MAE-FLIR] epoch 188 step 159 loss 0.0962 lr 9.17e-07
[MAE-FLIR] epoch 188 step 179 loss 0.0879 lr 9.03e-07
[MAE-FLIR] epoch 188 step 199 loss 0.0912 lr 8.89e-07
[MAE-FLIR] epoch 188 step 219 loss 0.1002 lr 8.75e-07
[MAE-FLIR] === epoch 188 done, avg loss 0.0970 ===
[MAE-FLIR] epoch 189 step 14 loss 0.0988 lr 8.61e-07
[MAE-FLIR] epoch 189 step 34 loss 0.0818 lr 8.47e-07
[MAE-FLIR] epoch 189 step 54 loss 0.0933 lr 8.33e-07
[MAE-FLIR] epoch 189 step 74 loss 0.0953 lr 8.19e-07
[MAE-FLIR] epoch 189 step 94 loss 0.0934 lr 8.06e-07
[MAE-FLIR] epoch 189 step 114 loss 0.1183 lr 7.92e-07
[MAE-FLIR] epoch 189 step 134 loss 0.0817 lr 7.79e-07
[MAE-FLIR] epoch 189 step 154 loss 0.0970 lr 7.66e-07
[MAE-FLIR] epoch 189 step 174 loss 0.0986 lr 7.53e-07
[MAE-FLIR] epoch 189 step 194 loss 0.1066 lr 7.40e-07
[MAE-FLIR] epoch 189 step 214 loss 0.0964 lr 7.27e-07
[MAE-FLIR] === epoch 189 done, avg loss 0.0973 ===
[MAE-FLIR] epoch 190 step 9 loss 0.1048 lr 7.14e-07
[MAE-FLIR] epoch 190 step 29 loss 0.0920 lr 7.02e-07
[MAE-FLIR] epoch 190 step 49 loss 0.1006 lr 6.89e-07
[MAE-FLIR] epoch 190 step 69 loss 0.0950 lr 6.77e-07
[MAE-FLIR] epoch 190 step 89 loss 0.0855 lr 6.64e-07
[MAE-FLIR] epoch 190 step 109 loss 0.0920 lr 6.52e-07
[MAE-FLIR] epoch 190 step 129 loss 0.0918 lr 6.40e-07
[MAE-FLIR] epoch 190 step 149 loss 0.0946 lr 6.28e-07
[MAE-FLIR] epoch 190 step 169 loss 0.1061 lr 6.16e-07
[MAE-FLIR] epoch 190 step 189 loss 0.1034 lr 6.04e-07
[MAE-FLIR] epoch 190 step 209 loss 0.1055 lr 5.93e-07
[MAE-FLIR] === epoch 190 done, avg loss 0.0971 ===
[MAE-FLIR] epoch 191 step 4 loss 0.0953 lr 5.81e-07
[MAE-FLIR] epoch 191 step 24 loss 0.1001 lr 5.70e-07
[MAE-FLIR] epoch 191 step 44 loss 0.0953 lr 5.58e-07
[MAE-FLIR] epoch 191 step 64 loss 0.1042 lr 5.47e-07
[MAE-FLIR] epoch 191 step 84 loss 0.0854 lr 5.36e-07
[MAE-FLIR] epoch 191 step 104 loss 0.0936 lr 5.25e-07
[MAE-FLIR] epoch 191 step 124 loss 0.0913 lr 5.14e-07
[MAE-FLIR] epoch 191 step 144 loss 0.0989 lr 5.04e-07
[MAE-FLIR] epoch 191 step 164 loss 0.1064 lr 4.93e-07
[MAE-FLIR] epoch 191 step 184 loss 0.0984 lr 4.82e-07
[MAE-FLIR] epoch 191 step 204 loss 0.0998 lr 4.72e-07
[MAE-FLIR] epoch 191 step 224 loss 0.0931 lr 4.62e-07
[MAE-FLIR] === epoch 191 done, avg loss 0.0972 ===
[MAE-FLIR] epoch 192 step 19 loss 0.0976 lr 4.52e-07
[MAE-FLIR] epoch 192 step 39 loss 0.0990 lr 4.41e-07
[MAE-FLIR] epoch 192 step 59 loss 0.1019 lr 4.31e-07
[MAE-FLIR] epoch 192 step 79 loss 0.1006 lr 4.22e-07
[MAE-FLIR] epoch 192 step 99 loss 0.0880 lr 4.12e-07
[MAE-FLIR] epoch 192 step 119 loss 0.1026 lr 4.02e-07
[MAE-FLIR] epoch 192 step 139 loss 0.0906 lr 3.93e-07
[MAE-FLIR] epoch 192 step 159 loss 0.0924 lr 3.83e-07
[MAE-FLIR] epoch 192 step 179 loss 0.0965 lr 3.74e-07
[MAE-FLIR] epoch 192 step 199 loss 0.0891 lr 3.65e-07
[MAE-FLIR] epoch 192 step 219 loss 0.0897 lr 3.56e-07
[MAE-FLIR] === epoch 192 done, avg loss 0.0973 ===
[MAE-FLIR] epoch 193 step 14 loss 0.0976 lr 3.47e-07
[MAE-FLIR] epoch 193 step 34 loss 0.0995 lr 3.38e-07
[MAE-FLIR] epoch 193 step 54 loss 0.0892 lr 3.29e-07
[MAE-FLIR] epoch 193 step 74 loss 0.0902 lr 3.21e-07
[MAE-FLIR] epoch 193 step 94 loss 0.0977 lr 3.12e-07
[MAE-FLIR] epoch 193 step 114 loss 0.0996 lr 3.04e-07
[MAE-FLIR] epoch 193 step 134 loss 0.0884 lr 2.96e-07
[MAE-FLIR] epoch 193 step 154 loss 0.0980 lr 2.88e-07
[MAE-FLIR] epoch 193 step 174 loss 0.1007 lr 2.80e-07
[MAE-FLIR] epoch 193 step 194 loss 0.1079 lr 2.72e-07
[MAE-FLIR] epoch 193 step 214 loss 0.0845 lr 2.64e-07
[MAE-FLIR] === epoch 193 done, avg loss 0.0971 ===
[MAE-FLIR] epoch 194 step 9 loss 0.0944 lr 2.56e-07
[MAE-FLIR] epoch 194 step 29 loss 0.0893 lr 2.49e-07
[MAE-FLIR] epoch 194 step 49 loss 0.1106 lr 2.41e-07
[MAE-FLIR] epoch 194 step 69 loss 0.1046 lr 2.34e-07
[MAE-FLIR] epoch 194 step 89 loss 0.0946 lr 2.26e-07
[MAE-FLIR] epoch 194 step 109 loss 0.0898 lr 2.19e-07
[MAE-FLIR] epoch 194 step 129 loss 0.0885 lr 2.12e-07
[MAE-FLIR] epoch 194 step 149 loss 0.0951 lr 2.05e-07
[MAE-FLIR] epoch 194 step 169 loss 0.1031 lr 1.99e-07
[MAE-FLIR] epoch 194 step 189 loss 0.0996 lr 1.92e-07
[MAE-FLIR] epoch 194 step 209 loss 0.0929 lr 1.85e-07
[MAE-FLIR] === epoch 194 done, avg loss 0.0972 ===
[MAE-FLIR] epoch 195 step 4 loss 0.1030 lr 1.79e-07
[MAE-FLIR] epoch 195 step 24 loss 0.0869 lr 1.73e-07
[MAE-FLIR] epoch 195 step 44 loss 0.0986 lr 1.66e-07
[MAE-FLIR] epoch 195 step 64 loss 0.0934 lr 1.60e-07
[MAE-FLIR] epoch 195 step 84 loss 0.0914 lr 1.54e-07
[MAE-FLIR] epoch 195 step 104 loss 0.0921 lr 1.48e-07
[MAE-FLIR] epoch 195 step 124 loss 0.0925 lr 1.43e-07
[MAE-FLIR] epoch 195 step 144 loss 0.1024 lr 1.37e-07
[MAE-FLIR] epoch 195 step 164 loss 0.0943 lr 1.32e-07
[MAE-FLIR] epoch 195 step 184 loss 0.0928 lr 1.26e-07
[MAE-FLIR] epoch 195 step 204 loss 0.1035 lr 1.21e-07
[MAE-FLIR] epoch 195 step 224 loss 0.0903 lr 1.16e-07
[MAE-FLIR] === epoch 195 done, avg loss 0.0972 ===
[MAE-FLIR] epoch 196 step 19 loss 0.0960 lr 1.11e-07
[MAE-FLIR] epoch 196 step 39 loss 0.0896 lr 1.06e-07
[MAE-FLIR] epoch 196 step 59 loss 0.1042 lr 1.01e-07
[MAE-FLIR] epoch 196 step 79 loss 0.0947 lr 9.60e-08
[MAE-FLIR] epoch 196 step 99 loss 0.0956 lr 9.13e-08
[MAE-FLIR] epoch 196 step 119 loss 0.0977 lr 8.68e-08
[MAE-FLIR] epoch 196 step 139 loss 0.0914 lr 8.24e-08
[MAE-FLIR] epoch 196 step 159 loss 0.0907 lr 7.82e-08
[MAE-FLIR] epoch 196 step 179 loss 0.1011 lr 7.40e-08
[MAE-FLIR] epoch 196 step 199 loss 0.0907 lr 6.99e-08
[MAE-FLIR] epoch 196 step 219 loss 0.0927 lr 6.60e-08
[MAE-FLIR] === epoch 196 done, avg loss 0.0970 ===
[MAE-FLIR] epoch 197 step 14 loss 0.0964 lr 6.22e-08
[MAE-FLIR] epoch 197 step 34 loss 0.0919 lr 5.85e-08
[MAE-FLIR] epoch 197 step 54 loss 0.0998 lr 5.49e-08
[MAE-FLIR] epoch 197 step 74 loss 0.0929 lr 5.14e-08
[MAE-FLIR] epoch 197 step 94 loss 0.0942 lr 4.80e-08
[MAE-FLIR] epoch 197 step 114 loss 0.0873 lr 4.48e-08
[MAE-FLIR] epoch 197 step 134 loss 0.0851 lr 4.16e-08
[MAE-FLIR] epoch 197 step 154 loss 0.0985 lr 3.86e-08
[MAE-FLIR] epoch 197 step 174 loss 0.1011 lr 3.57e-08
[MAE-FLIR] epoch 197 step 194 loss 0.0944 lr 3.29e-08
[MAE-FLIR] epoch 197 step 214 loss 0.0945 lr 3.02e-08
[MAE-FLIR] === epoch 197 done, avg loss 0.0972 ===
[MAE-FLIR] epoch 198 step 9 loss 0.0974 lr 2.76e-08
[MAE-FLIR] epoch 198 step 29 loss 0.0870 lr 2.52e-08
[MAE-FLIR] epoch 198 step 49 loss 0.0852 lr 2.28e-08
[MAE-FLIR] epoch 198 step 69 loss 0.1024 lr 2.06e-08
[MAE-FLIR] epoch 198 step 89 loss 0.0935 lr 1.85e-08
[MAE-FLIR] epoch 198 step 109 loss 0.0936 lr 1.65e-08
[MAE-FLIR] epoch 198 step 129 loss 0.0945 lr 1.46e-08
[MAE-FLIR] epoch 198 step 149 loss 0.1003 lr 1.29e-08
[MAE-FLIR] epoch 198 step 169 loss 0.0984 lr 1.12e-08
[MAE-FLIR] epoch 198 step 189 loss 0.1022 lr 9.65e-09
[MAE-FLIR] epoch 198 step 209 loss 0.0997 lr 8.22e-09
[MAE-FLIR] === epoch 198 done, avg loss 0.0968 ===
[MAE-FLIR] epoch 199 step 4 loss 0.0970 lr 6.91e-09
[MAE-FLIR] epoch 199 step 24 loss 0.0881 lr 5.71e-09
[MAE-FLIR] epoch 199 step 44 loss 0.0943 lr 4.63e-09
[MAE-FLIR] epoch 199 step 64 loss 0.0892 lr 3.66e-09
[MAE-FLIR] epoch 199 step 84 loss 0.0924 lr 2.80e-09
[MAE-FLIR] epoch 199 step 104 loss 0.1005 lr 2.06e-09
[MAE-FLIR] epoch 199 step 124 loss 0.0967 lr 1.43e-09
[MAE-FLIR] epoch 199 step 144 loss 0.0936 lr 9.14e-10
[MAE-FLIR] epoch 199 step 164 loss 0.0988 lr 5.14e-10
[MAE-FLIR] epoch 199 step 184 loss 0.0974 lr 2.28e-10
[MAE-FLIR] epoch 199 step 204 loss 0.0938 lr 5.71e-11
[MAE-FLIR] epoch 199 step 224 loss 0.0958 lr 0.00e+00
[MAE-FLIR] === epoch 199 done, avg loss 0.0971 ===
[MAE-FLIR] saved checkpoint to pretrained/mae_flir_vit_base.pth
